class_id,tournament_id,tournament_name,event_date,class_name,grade,num_players,pcnt,mcnt,rounds_distinct,round_max,round_min,round_null,opp_unresolved_normal,opp_unresolved_all,opp_name_empty,result_null_normal,opp_name_digit,opp_name_mark,nonnormal_cnt,score_out,score_null_normal,same_round_dup,mirror_missing,result_conflict,bad_progression,participants_no_match,p_name_digit,p_name_mark,p_name_short,p_name_afflike,p_final_rank_cnt,p_bracket_champ_cnt
1,1,奈良県かるた協会設立25周年記念第20回全国競技かるた奈良大会(A),2010-11-27,A,A,62,62,124,6,6,1,0,0,2,2,0,0,0,4,0,0,0,0,0,0,0,0,0,0,0,0,1
2,2,第7回全国かるた競技香川大会,2010-11-28,D2,D,21,21,51,5,5,1,0,0,11,11,0,0,0,11,0,0,0,0,0,0,0,0,0,0,0,0,1
3,2,第7回全国かるた競技香川大会,2010-11-28,D3,D,17,17,47,5,5,1,0,0,15,15,0,0,0,15,0,0,0,0,0,0,0,0,0,0,0,0,1
4,2,第7回全国かるた競技香川大会,2010-11-28,A,A,39,39,101,6,6,1,0,0,25,25,0,0,0,25,0,0,0,0,0,0,0,0,0,0,0,0,1
5,2,第7回全国かるた競技香川大会,2010-11-28,B,B,43,43,105,6,6,1,0,0,21,21,0,0,0,21,0,0,0,0,0,0,0,0,0,0,0,0,1
6,2,第7回全国かるた競技香川大会,2010-11-28,C,C,19,19,49,5,5,1,0,0,13,13,0,0,0,13,0,0,0,0,0,0,0,0,0,0,0,0,1
7,2,第7回全国かるた競技香川大会,2010-11-28,D1,D,22,22,52,5,5,1,0,0,10,10,0,0,0,10,0,0,0,0,0,0,0,0,0,0,0,0,1
8,2,第7回全国かるた競技香川大会,2010-11-28,E,E,19,19,49,5,5,1,0,0,13,13,0,0,0,13,0,0,0,0,0,0,0,0,0,0,0,0,1
9,3,第52回全国かるた競技和歌山大会,2010-12-05,A,A,26,26,56,5,5,1,0,0,6,6,0,0,0,6,0,0,0,0,0,0,0,0,0,0,0,0,1
10,3,第52回全国かるた競技和歌山大会,2010-12-05,B,B,32,32,62,5,5,1,0,0,0,0,0,0,0,0,0,0,0,0,0,0,0,0,0,0,0,0,1
11,3,第52回全国かるた競技和歌山大会,2010-12-05,C,C,22,22,52,5,5,1,0,0,10,10,0,0,0,10,0,0,0,0,0,0,0,0,0,0,0,0,1
12,3,第52回全国かるた競技和歌山大会,2010-12-05,D,D,38,38,100,6,6,1,0,0,26,26,0,0,0,26,0,0,0,0,0,0,0,0,0,0,0,0,1
13,4,第42回全国競技かるた女流選手権大会,2010-12-23,A,A,32,32,62,5,5,1,0,0,0,0,0,0,0,0,0,0,0,0,0,0,0,0,0,0,0,0,1
14,4,第42回全国競技かるた女流選手権大会,2010-12-23,B,B,32,32,62,5,5,1,0,0,0,0,0,0,0,0,0,0,0,0,0,0,0,0,0,0,0,0,1
15,4,第42回全国競技かるた女流選手権大会,2010-12-23,C,C,28,28,58,5,5,1,0,0,4,4,0,0,0,4,0,0,0,0,0,0,0,0,0,0,0,0,1
16,4,第42回全国競技かるた女流選手権大会,2010-12-23,シニア,,16,16,30,4,4,1,0,0,0,0,0,0,0,0,0,0,0,0,0,0,0,0,0,0,0,0,1
17,5,第45回椿雄太郎杯争奪全国かるた競技大会,2010-12-05,A,A,46,46,108,6,6,1,0,4,22,18,0,0,0,18,0,4,0,0,0,0,0,0,0,0,0,0,1
18,5,第45回椿雄太郎杯争奪全国かるた競技大会,2010-12-05,B,B,30,30,60,5,5,1,0,0,2,2,0,0,0,2,0,0,0,0,0,0,0,0,0,0,0,0,1
19,5,第45回椿雄太郎杯争奪全国かるた競技大会,2010-12-05,C,C,46,46,108,6,6,1,0,0,18,18,0,0,0,18,0,0,0,0,0,0,0,0,0,0,0,0,1
20,5,第45回椿雄太郎杯争奪全国かるた競技大会,2010-12-05,D1,D,44,44,106,6,6,1,0,0,20,20,0,0,0,24,0,0,0,0,0,0,0,0,0,0,0,0,1
21,5,第45回椿雄太郎杯争奪全国かるた競技大会,2010-12-05,E,E,37,37,86,6,6,1,0,0,14,14,0,0,0,18,0,2,0,0,0,0,0,0,0,0,0,0,1
22,5,第45回椿雄太郎杯争奪全国かるた競技大会,2010-12-05,D2,D,41,41,103,6,6,1,0,0,23,23,0,0,0,25,0,0,0,0,0,0,0,0,0,0,0,0,1
23,6,第29回北日本かるた競技新人戦,2010-12-05,F,,37,37,86,6,6,1,0,0,14,14,0,0,0,14,0,0,0,0,0,0,0,0,0,0,0,0,1
24,7,第28回小倉百人一首かるた競技宮崎大会,2010-11-14,A,A,32,32,62,5,5,1,0,0,0,0,0,0,0,0,0,0,0,0,0,0,0,0,0,0,0,0,1
25,7,第28回小倉百人一首かるた競技宮崎大会,2010-11-14,B,B,33,33,95,6,6,1,0,0,31,31,0,0,0,31,0,0,0,0,0,0,0,0,0,0,0,0,1
26,7,第28回小倉百人一首かるた競技宮崎大会,2010-11-14,C,C,26,26,56,5,5,1,0,0,6,6,0,0,0,6,0,0,0,0,0,0,0,0,0,0,0,0,1
27,7,第28回小倉百人一首かるた競技宮崎大会,2010-11-14,D1,D,27,27,57,5,5,1,0,0,5,5,0,0,0,5,0,0,0,0,0,0,0,0,0,0,0,0,1
28,7,第28回小倉百人一首かるた競技宮崎大会,2010-11-14,D2,D,27,27,57,5,5,1,0,0,5,5,0,0,0,5,0,0,0,0,0,0,0,0,0,0,0,0,1
29,8,第13回全国かるた競技富山大会,2011-09-17,A,A,37,37,99,6,6,1,0,8,35,27,0,0,0,27,0,8,0,0,0,0,0,0,0,0,0,0,1
30,8,第13回全国かるた競技富山大会,2011-09-17,B,B,46,46,108,6,6,1,0,0,18,18,0,0,0,18,0,0,0,0,0,0,0,0,0,0,0,0,1
31,8,第13回全国かるた競技富山大会,2011-09-17,C,C,30,30,60,5,5,1,0,0,2,2,0,0,0,2,0,0,0,0,0,0,0,0,0,0,0,0,1
32,8,第13回全国かるた競技富山大会,2011-09-17,D1,D,44,44,106,6,6,1,0,0,20,20,0,0,0,20,0,0,0,0,0,0,0,0,0,0,0,0,1
33,8,第13回全国かるた競技富山大会,2011-09-17,D2,D,42,42,104,6,6,1,0,0,22,22,0,0,0,22,0,0,0,0,0,0,0,0,0,0,0,0,1
34,9,第81回全国かるた競技学生選手権大会,2011-08-27,A,A,66,66,192,7,7,1,0,0,62,62,0,0,0,66,0,0,0,0,0,0,0,0,0,0,0,0,1
35,9,第81回全国かるた競技学生選手権大会,2011-08-27,B1,B,69,69,195,7,7,1,0,0,59,59,0,0,0,61,0,0,0,0,0,0,0,0,0,0,0,0,1
36,9,第81回全国かるた競技学生選手権大会,2011-08-27,C1,C,41,41,103,6,6,1,0,0,23,23,0,0,0,25,0,0,0,0,0,0,0,0,0,0,0,0,1
37,9,第81回全国かるた競技学生選手権大会,2011-08-27,D1,D,46,46,108,6,6,1,0,0,18,18,0,0,0,18,0,2,0,0,0,0,0,0,0,0,0,0,1
38,9,第81回全国かるた競技学生選手権大会,2011-08-27,E1,E,29,29,59,5,5,1,0,0,3,3,0,0,0,3,0,0,0,0,0,0,0,0,0,0,0,0,1
39,9,第81回全国かるた競技学生選手権大会,2011-08-27,B2,B,69,69,195,7,7,1,0,0,59,59,0,0,0,59,0,0,0,0,0,0,0,0,0,0,0,0,1
40,9,第81回全国かるた競技学生選手権大会,2011-08-27,C2,C,41,41,103,6,6,1,0,0,23,23,0,0,0,25,0,0,0,0,0,0,0,0,0,0,0,0,1
41,9,第81回全国かるた競技学生選手権大会,2011-08-27,C3,C,42,42,104,6,6,1,0,0,22,22,0,0,0,22,0,0,0,0,0,0,0,0,0,0,0,0,1
42,9,第81回全国かるた競技学生選手権大会,2011-08-27,D2,D,47,47,109,6,6,1,0,0,17,17,0,0,0,19,0,0,0,0,0,0,0,0,0,0,0,0,1
43,9,第81回全国かるた競技学生選手権大会,2011-08-27,D3,D,46,46,108,6,6,1,0,0,18,18,0,0,0,20,0,0,0,0,0,0,0,0,0,0,0,0,1
44,9,第81回全国かるた競技学生選手権大会,2011-08-27,D4,D,49,49,111,6,6,1,0,0,15,15,0,0,0,15,0,2,0,0,0,0,0,0,0,0,0,0,1
45,9,第81回全国かるた競技学生選手権大会,2011-08-27,D5,D,46,46,108,6,6,1,0,0,18,18,0,0,0,20,0,0,0,0,0,0,0,0,0,0,0,0,1
46,9,第81回全国かるた競技学生選手権大会,2011-08-27,D6,D,44,44,106,6,6,1,0,0,20,20,0,0,0,24,0,2,0,0,0,0,0,0,0,0,0,0,1
47,9,第81回全国かるた競技学生選手権大会,2011-08-27,E2,E,28,28,58,5,5,1,0,0,4,4,0,0,0,4,0,0,0,0,0,0,0,0,0,0,0,0,1
48,9,第81回全国かるた競技学生選手権大会,2011-08-27,E3,E,24,24,54,5,5,1,0,0,8,8,0,0,0,8,0,0,0,0,0,0,0,0,0,0,0,0,1
49,9,第81回全国かるた競技学生選手権大会,2011-08-27,E4,E,27,27,57,5,5,1,0,0,5,5,0,0,0,5,0,0,0,0,0,0,0,0,0,0,0,0,1
50,9,第81回全国かるた競技学生選手権大会,2011-08-27,E5,E,28,28,58,5,5,1,0,0,4,4,0,0,0,4,0,0,0,0,0,0,0,0,0,0,0,0,1
51,9,第81回全国かるた競技学生選手権大会,2011-08-27,E6,E,28,28,58,5,5,1,0,0,4,4,0,0,0,4,0,0,0,0,0,0,0,0,0,0,0,0,1
52,9,第81回全国かるた競技学生選手権大会,2011-08-27,E7,E,25,25,55,5,5,1,0,0,7,7,0,0,0,7,0,0,0,0,0,0,0,0,0,0,0,0,1
53,9,第81回全国かるた競技学生選手権大会,2011-08-27,E8,E,25,25,55,5,5,1,0,0,7,7,0,0,0,9,0,0,0,0,0,0,0,0,0,0,0,0,1
54,10,第73回全国かるた競技北國大会,2011-10-02,A,A,35,35,97,6,6,1,0,0,29,29,0,0,0,29,0,0,0,0,0,0,0,0,0,0,0,0,1
55,11,第9回神話の国出雲大社全国かるた競技大会,2011-10-09,A,A,24,24,54,5,5,1,0,0,8,8,0,0,0,8,0,0,0,0,0,0,0,0,0,0,0,0,1
56,11,第9回神話の国出雲大社全国かるた競技大会,2011-10-09,B,B,33,33,95,6,6,1,0,0,31,31,0,0,0,31,0,0,0,0,0,0,0,0,0,0,0,0,1
57,11,第9回神話の国出雲大社全国かるた競技大会,2011-10-09,C,C,23,23,53,5,5,1,0,0,9,9,0,0,0,9,0,0,0,0,0,0,0,0,0,0,0,0,1
58,11,第9回神話の国出雲大社全国かるた競技大会,2011-10-09,D1,D,26,26,56,5,5,1,0,0,6,6,0,0,0,6,0,2,0,0,0,0,0,0,0,0,0,0,1
59,11,第9回神話の国出雲大社全国かるた競技大会,2011-10-09,シニア,,5,5,11,3,3,1,0,0,3,3,0,0,0,3,0,0,0,0,0,0,0,0,0,0,0,0,1
60,11,第9回神話の国出雲大社全国かるた競技大会,2011-10-09,D2,D,26,26,56,5,5,1,0,0,6,6,0,0,0,6,0,0,0,0,0,0,0,0,0,0,0,0,1
61,12,第22回全国かるた競技水沢大会,2011-09-25,A,A,42,42,104,6,6,1,0,2,24,22,0,0,0,22,0,2,0,0,0,0,0,0,0,0,0,0,1
62,12,第22回全国かるた競技水沢大会,2011-09-25,B,B,39,39,101,6,6,1,0,2,27,25,0,0,0,25,0,2,0,0,0,0,0,0,0,0,0,0,1
63,12,第22回全国かるた競技水沢大会,2011-09-25,C,C,43,43,105,6,6,1,0,0,21,21,0,0,0,21,0,0,0,0,0,0,0,0,0,0,0,0,1
64,12,第22回全国かるた競技水沢大会,2011-09-25,D1,D,58,58,120,6,6,1,0,0,6,6,0,0,0,6,0,0,0,0,0,0,0,0,0,0,0,0,1
65,12,第22回全国かるた競技水沢大会,2011-09-25,E1,E,53,53,115,6,6,1,0,0,11,11,0,0,0,13,0,2,0,0,0,0,0,0,0,0,0,0,1
66,13,第33回全国高等学校小倉百人一首かるた選手権大会(個人戦の部),2011-07-24,A,A,38,38,100,6,6,1,0,0,26,26,0,0,0,26,0,0,0,0,0,0,0,0,0,0,0,0,1
67,13,第33回全国高等学校小倉百人一首かるた選手権大会(個人戦の部),2011-07-24,B1,B,44,44,106,6,6,1,0,0,20,20,0,0,0,20,0,0,0,0,0,0,0,0,0,0,0,0,1
68,13,第33回全国高等学校小倉百人一首かるた選手権大会(個人戦の部),2011-07-24,C1,C,56,56,118,6,6,1,0,0,8,8,0,0,0,8,0,0,0,0,0,0,0,0,0,0,0,0,1
69,13,第33回全国高等学校小倉百人一首かるた選手権大会(個人戦の部),2011-07-24,D1,D,58,58,120,6,6,1,0,0,6,6,0,0,0,6,0,2,0,0,0,0,0,0,0,0,0,0,1
70,13,第33回全国高等学校小倉百人一首かるた選手権大会(個人戦の部),2011-07-24,B2,B,43,43,105,6,6,1,0,0,21,21,0,0,0,21,0,0,0,0,0,0,0,0,0,0,0,0,1
71,13,第33回全国高等学校小倉百人一首かるた選手権大会(個人戦の部),2011-07-24,B3,B,44,44,106,6,6,1,0,0,20,20,0,0,0,20,0,0,0,0,0,0,0,0,0,0,0,0,1
72,13,第33回全国高等学校小倉百人一首かるた選手権大会(個人戦の部),2011-07-24,C2,C,57,57,119,6,6,1,0,0,7,7,0,0,0,7,0,0,0,0,0,0,0,0,0,0,0,0,1
73,13,第33回全国高等学校小倉百人一首かるた選手権大会(個人戦の部),2011-07-24,D2,D,57,57,119,6,6,1,0,0,7,7,0,0,0,7,0,0,0,0,0,0,0,0,0,0,0,0,1
74,13,第33回全国高等学校小倉百人一首かるた選手権大会(個人戦の部),2011-07-24,D3,D,56,56,118,6,6,1,0,0,8,8,0,0,0,8,0,0,0,0,0,0,0,0,0,0,0,0,1
75,13,第33回全国高等学校小倉百人一首かるた選手権大会(個人戦の部),2011-07-24,D4,D,54,54,116,6,6,1,0,0,10,10,0,0,0,10,0,0,0,0,0,0,0,0,0,0,0,0,1
76,13,第33回全国高等学校小倉百人一首かるた選手権大会(個人戦の部),2011-07-24,D5,D,53,53,115,6,6,1,0,0,11,11,0,0,0,13,0,4,0,0,0,0,0,0,0,0,0,0,1
77,13,第33回全国高等学校小倉百人一首かるた選手権大会(個人戦の部),2011-07-24,D6,D,57,57,119,6,6,1,0,0,7,7,0,0,0,7,0,0,0,0,0,0,0,0,0,0,0,0,1
78,14,府中白妙会結成20周年記念 全国かるた大会,2011-10-09,A,A,69,69,195,7,7,1,0,0,59,59,0,0,0,61,0,0,0,0,0,0,0,0,0,0,0,0,1
79,14,府中白妙会結成20周年記念 全国かるた大会,2011-10-09,B,B,90,90,216,7,7,1,0,0,38,38,0,0,0,38,0,0,0,0,0,0,0,0,0,0,0,0,1
80,14,府中白妙会結成20周年記念 全国かるた大会,2011-10-09,C,C,70,70,196,7,7,1,0,0,58,58,0,0,0,58,0,0,0,0,0,0,0,0,0,0,0,0,1
81,14,府中白妙会結成20周年記念 全国かるた大会,2011-10-09,D1,D,45,45,107,6,6,1,0,0,19,19,0,0,0,19,0,0,0,0,0,0,0,0,0,0,0,0,1
82,14,府中白妙会結成20周年記念 全国かるた大会,2011-10-09,E1,E,40,40,102,6,6,1,0,0,24,24,0,0,0,24,0,0,0,0,0,0,0,0,0,0,0,0,1
83,14,府中白妙会結成20周年記念 全国かるた大会,2011-10-09,D2,D,42,42,104,6,6,1,0,0,22,22,0,0,0,22,0,0,0,0,0,0,0,0,0,0,0,0,1
84,14,府中白妙会結成20周年記念 全国かるた大会,2011-10-09,D3,D,47,47,109,6,6,1,0,0,17,17,0,0,0,17,0,0,0,0,0,0,0,0,0,0,0,0,1
85,14,府中白妙会結成20周年記念 全国かるた大会,2011-10-09,E2,E,40,40,102,6,6,1,0,0,24,24,0,0,0,24,0,0,0,0,0,0,0,0,0,0,0,0,1
86,14,府中白妙会結成20周年記念 全国かるた大会,2011-10-09,E3,E,37,37,99,6,6,1,0,0,27,27,0,0,0,27,0,2,0,0,0,0,0,0,0,0,0,0,1
87,15,第8回全国かるた競技香川大会,2011-10-10,A,A,27,27,57,5,5,1,0,0,5,5,0,0,0,5,0,0,0,0,0,0,0,0,0,0,0,0,1
88,15,第8回全国かるた競技香川大会,2011-10-10,B,B,44,44,106,6,6,1,0,0,20,20,0,0,0,20,0,0,0,0,0,0,0,0,0,0,0,0,1
89,15,第8回全国かるた競技香川大会,2011-10-10,C,C,26,26,56,5,5,1,0,0,6,6,0,0,0,6,0,0,0,0,0,0,0,0,0,0,0,0,1
90,15,第8回全国かるた競技香川大会,2011-10-10,D1,D,24,24,54,5,5,1,0,0,8,8,0,0,0,8,0,0,0,0,0,0,0,0,0,0,0,0,1
91,15,第8回全国かるた競技香川大会,2011-10-10,E,E,23,23,53,5,5,1,0,0,9,9,0,0,0,9,0,0,0,0,0,0,0,0,0,0,0,0,1
92,15,第8回全国かるた競技香川大会,2011-10-10,D2,D,22,22,52,5,5,1,0,0,10,10,0,0,0,10,0,0,0,0,0,0,0,0,0,0,0,0,1
93,15,第8回全国かるた競技香川大会,2011-10-10,D3,D,23,23,53,5,5,1,0,0,9,9,0,0,0,9,0,0,0,0,0,0,0,0,0,0,0,0,1
94,16,第29回全国小倉百首かるた競技宮崎大会,2011-11-13,A,A,20,20,50,5,5,1,0,0,12,12,0,0,0,12,0,0,0,0,0,0,0,0,0,0,0,0,1
95,16,第29回全国小倉百首かるた競技宮崎大会,2011-11-13,B,B,28,28,58,5,5,1,0,0,4,4,0,0,0,4,0,0,0,0,0,0,0,0,0,0,0,0,1
96,16,第29回全国小倉百首かるた競技宮崎大会,2011-11-13,C,C,33,33,95,6,6,1,0,0,31,31,0,0,0,31,0,0,0,0,0,0,0,0,0,0,0,0,1
97,16,第29回全国小倉百首かるた競技宮崎大会,2011-11-13,D1,D,32,32,62,5,5,1,0,0,0,0,0,0,0,0,0,0,0,0,0,0,0,0,0,0,0,0,1
98,16,第29回全国小倉百首かるた競技宮崎大会,2011-11-13,D2,D,30,30,60,5,5,1,0,0,2,2,0,0,0,2,0,0,0,0,0,0,0,0,0,0,0,0,1
99,17,第21回全国競技かるた奈良大会(A),2011-11-23,A,A,32,32,62,5,5,1,0,0,0,0,0,0,0,0,0,0,0,0,0,0,0,0,0,0,0,0,1
100,18,第53回全国かるた競技和歌山大会,2011-12-04,A,A,35,35,97,6,6,1,0,0,29,29,0,0,0,29,0,0,0,0,0,0,0,0,0,0,0,0,1
101,18,第53回全国かるた競技和歌山大会,2011-12-04,B,B,59,59,121,6,6,1,0,0,5,5,0,0,0,5,0,0,0,0,0,0,0,0,0,0,0,0,1
102,18,第53回全国かるた競技和歌山大会,2011-12-04,C,C,29,29,59,5,5,1,0,0,3,3,0,0,0,3,0,0,0,0,0,0,0,0,0,0,0,0,1
103,18,第53回全国かるた競技和歌山大会,2011-12-04,D,D,60,60,122,6,6,1,0,0,4,4,0,0,0,4,0,4,0,0,0,0,0,0,0,0,0,0,1
104,19,第46回椿雄太郎杯争奪全国かるた競技大会,2011-12-10,A,A,48,48,110,6,6,1,0,2,18,16,0,0,0,16,0,2,0,0,0,0,0,0,0,0,0,0,1
105,19,第46回椿雄太郎杯争奪全国かるた競技大会,2011-12-10,B,B,47,47,109,6,6,1,0,0,17,17,0,0,0,17,0,0,0,0,0,0,0,0,0,0,0,0,1
106,19,第46回椿雄太郎杯争奪全国かるた競技大会,2011-12-10,C,C,38,38,100,6,6,1,0,0,26,26,0,0,0,30,0,0,0,0,0,0,0,0,0,0,0,0,1
107,19,第46回椿雄太郎杯争奪全国かるた競技大会,2011-12-10,D1,D,36,36,98,6,6,1,0,0,28,28,0,0,0,30,0,0,0,0,0,0,0,0,0,0,0,0,1
108,19,第46回椿雄太郎杯争奪全国かるた競技大会,2011-12-10,E,E,25,25,55,5,5,1,0,0,7,7,0,0,0,7,0,0,0,0,0,0,0,0,0,0,0,0,1
109,19,第46回椿雄太郎杯争奪全国かるた競技大会,2011-12-10,D2,D,37,37,99,6,6,1,0,0,27,27,0,0,0,27,0,0,0,0,0,0,0,0,0,0,0,0,1
110,20,第31回北日本かるた競技新人戦,2011-12-10,F,,32,32,62,5,5,1,0,0,0,0,0,0,0,2,0,0,0,0,0,0,0,0,0,0,0,0,1
111,21,第14回全国かるた愛知大会(D),2011-12-10,D1,D,26,26,56,5,5,1,0,0,6,6,0,0,0,6,0,0,0,0,0,0,0,0,0,0,0,0,1
112,21,第14回全国かるた愛知大会(D),2011-12-10,D2,D,27,27,57,5,5,1,0,0,5,5,0,0,0,5,0,0,0,0,0,0,0,0,0,0,0,0,1
113,21,第14回全国かるた愛知大会(D),2011-12-10,D3,D,26,26,56,5,5,1,0,0,6,6,0,0,0,6,0,0,0,0,0,0,0,0,0,0,0,0,1
114,21,第14回全国かるた愛知大会(D),2011-12-10,D4,D,27,27,57,5,5,1,0,0,5,5,0,0,0,5,0,0,0,0,0,0,0,0,0,0,0,0,1
115,22,第43回全国競技かるた女流選手権大会,2011-12-23,A,A,30,30,60,5,5,1,0,0,2,2,0,0,0,2,0,0,0,0,0,0,0,0,0,0,0,0,1
116,22,第43回全国競技かるた女流選手権大会,2011-12-23,B,B,32,32,62,5,5,1,0,0,0,0,0,0,0,0,0,0,0,0,0,0,0,0,0,0,0,0,1
117,22,第43回全国競技かるた女流選手権大会,2011-12-23,C1,C,24,24,54,5,5,1,0,0,8,8,0,0,0,8,0,0,0,0,0,0,0,0,0,0,0,0,1
118,22,第43回全国競技かるた女流選手権大会,2011-12-23,C2,C,24,24,54,5,5,1,0,0,8,8,0,0,0,8,0,0,0,0,0,0,0,0,0,0,0,0,1
119,22,第43回全国競技かるた女流選手権大会,2011-12-23,シニア,,15,15,29,4,4,1,0,0,1,1,0,0,0,1,0,0,0,0,0,0,0,0,0,0,0,0,1
120,23,"第60回高松宮記念杯全国歌かるた大会(A,B)",2011-01-09,A,A,74,74,200,7,7,1,0,0,54,54,0,0,0,54,0,0,0,0,0,0,0,0,0,0,0,0,1
121,23,"第60回高松宮記念杯全国歌かるた大会(A,B)",2011-01-09,B,B,58,58,120,6,6,1,0,0,6,6,0,0,0,6,0,0,0,0,0,0,0,0,0,0,0,0,1
122,24,"第60回高松宮記念杯全国歌かるた大会(C,D,E)",2011-01-10,C2,C,33,33,95,6,6,1,0,0,31,31,0,0,0,31,0,0,0,0,0,0,0,0,0,0,0,0,1
123,24,"第60回高松宮記念杯全国歌かるた大会(C,D,E)",2011-01-10,D2,D,35,35,97,6,6,1,0,0,29,29,0,0,0,29,0,0,0,0,0,0,0,0,0,0,0,0,1
124,24,"第60回高松宮記念杯全国歌かるた大会(C,D,E)",2011-01-10,D3,D,34,34,96,6,6,1,0,0,30,30,0,0,0,30,0,0,0,0,0,0,0,0,0,0,0,0,1
125,24,"第60回高松宮記念杯全国歌かるた大会(C,D,E)",2011-01-10,E2,E,44,44,106,6,6,1,0,0,20,20,0,0,0,20,0,2,0,0,0,0,0,0,0,0,0,0,1
126,24,"第60回高松宮記念杯全国歌かるた大会(C,D,E)",2011-01-10,E3,E,17,17,47,5,5,1,0,0,15,15,0,0,0,15,0,0,0,0,0,0,0,0,0,0,0,0,1
127,24,"第60回高松宮記念杯全国歌かるた大会(C,D,E)",2011-01-10,C1,C,34,34,96,6,6,1,0,0,30,30,0,0,0,30,0,0,0,0,0,0,0,0,0,0,0,0,1
128,24,"第60回高松宮記念杯全国歌かるた大会(C,D,E)",2011-01-10,D1,D,34,34,96,6,6,1,0,0,30,30,0,0,0,30,0,0,0,0,0,0,0,0,0,0,0,0,1
129,24,"第60回高松宮記念杯全国歌かるた大会(C,D,E)",2011-01-10,E1,E,24,24,54,5,5,1,0,0,8,8,0,0,0,8,0,0,0,0,0,0,0,0,0,0,0,0,1
130,25,第92回全国百人一首かるた競技横浜大会,2011-01-23,D2,D,44,44,106,6,6,1,0,0,20,20,0,0,0,20,0,0,0,0,0,0,0,0,0,0,0,0,1
131,25,第92回全国百人一首かるた競技横浜大会,2011-01-23,D3,D,48,48,110,6,6,1,0,0,16,16,0,0,0,18,0,0,0,0,0,0,0,0,0,0,0,0,1
132,25,第92回全国百人一首かるた競技横浜大会,2011-01-23,A,A,79,79,205,7,7,1,0,4,53,49,0,0,0,49,0,4,0,0,0,0,0,0,0,0,0,0,1
133,25,第92回全国百人一首かるた競技横浜大会,2011-01-23,B,B,93,93,219,7,7,1,0,0,35,35,0,0,0,35,0,0,0,0,0,0,0,0,0,0,0,0,1
134,25,第92回全国百人一首かるた競技横浜大会,2011-01-23,C,C,75,75,175,7,7,1,0,0,27,27,0,0,0,27,0,0,0,0,0,0,0,0,0,0,0,0,1
135,25,第92回全国百人一首かるた競技横浜大会,2011-01-23,D1,D,48,48,110,6,6,1,0,0,16,16,0,0,0,16,0,0,0,0,0,0,0,0,0,0,0,0,1
136,26,第92回全国競技かるた大阪大会,2011-01-30,C2,C,29,29,59,5,5,1,0,0,3,3,0,0,0,3,0,0,0,0,0,0,0,0,0,0,0,0,1
137,26,第92回全国競技かるた大阪大会,2011-01-30,D2,D,32,32,62,5,5,1,0,0,0,0,0,0,0,0,0,0,0,0,0,0,0,0,0,0,0,0,1
138,26,第92回全国競技かるた大阪大会,2011-01-30,D3,D,32,32,62,5,5,1,0,0,0,0,0,0,0,0,0,0,0,0,0,0,0,0,0,0,0,0,1
139,26,第92回全国競技かるた大阪大会,2011-01-30,E2,E,21,21,51,5,5,1,0,0,11,11,0,0,0,11,0,0,0,0,0,0,0,0,0,0,0,0,1
140,26,第92回全国競技かるた大阪大会,2011-01-30,E3,E,24,24,54,5,5,1,0,0,8,8,0,0,0,8,0,0,0,0,0,0,0,0,0,0,0,0,1
141,26,第92回全国競技かるた大阪大会,2011-01-30,A,A,69,69,195,7,7,1,0,2,61,59,0,0,0,59,0,2,0,0,0,0,0,0,0,0,0,0,1
142,26,第92回全国競技かるた大阪大会,2011-01-30,B,B,63,63,125,6,6,1,0,0,1,1,0,0,0,1,0,0,0,0,0,0,0,0,0,0,0,0,1
143,26,第92回全国競技かるた大阪大会,2011-01-30,C1,C,31,31,61,5,5,1,0,0,1,1,0,0,0,1,0,0,0,0,0,0,0,0,0,0,0,0,1
144,26,第92回全国競技かるた大阪大会,2011-01-30,D1,D,33,33,95,6,6,1,0,0,31,31,0,0,0,31,0,0,0,0,0,0,0,0,0,0,0,0,1
145,26,第92回全国競技かるた大阪大会,2011-01-30,E1,E,30,30,60,5,5,1,0,0,2,2,0,0,0,2,0,0,0,0,0,0,0,0,0,0,0,0,1
146,27,第61回全国かるた競技東京白妙大会,2011-02-11,D1,D,30,30,60,5,5,1,0,0,2,2,0,0,0,2,0,0,0,0,0,0,0,0,0,0,0,0,1
147,27,第61回全国かるた競技東京白妙大会,2011-02-11,B2,B,62,62,124,6,6,1,0,0,2,2,0,0,0,2,0,0,0,0,0,0,0,0,0,0,0,0,1
148,27,第61回全国かるた競技東京白妙大会,2011-02-11,C2,C,32,32,62,5,5,1,0,0,0,0,0,0,0,0,0,0,0,0,0,0,0,0,0,0,0,0,1
149,27,第61回全国かるた競技東京白妙大会,2011-02-11,C3,C,33,33,95,6,6,1,0,0,31,31,0,0,0,33,0,0,0,0,0,0,0,0,0,0,0,0,1
150,27,第61回全国かるた競技東京白妙大会,2011-02-11,D2,D,35,35,97,6,6,1,0,0,29,29,0,0,0,29,0,0,0,0,0,0,0,0,0,0,0,0,1
151,27,第61回全国かるた競技東京白妙大会,2011-02-11,D3,D,34,34,96,6,6,1,0,0,30,30,0,0,0,30,0,0,0,0,0,0,0,0,0,0,0,0,1
152,27,第61回全国かるた競技東京白妙大会,2011-02-11,D4,D,36,36,98,6,6,1,0,0,28,28,0,0,0,28,0,0,0,0,0,0,0,0,0,0,0,0,1
153,27,第61回全国かるた競技東京白妙大会,2011-02-11,A,A,87,87,213,7,7,1,0,0,41,41,0,0,0,41,0,0,0,0,0,0,0,0,0,0,0,0,1
154,27,第61回全国かるた競技東京白妙大会,2011-02-11,B1,B,61,61,123,6,6,1,0,0,3,3,0,0,0,3,0,0,0,0,0,0,0,0,0,0,0,0,1
155,27,第61回全国かるた競技東京白妙大会,2011-02-11,C1,C,32,32,62,5,5,1,0,0,0,0,0,0,0,0,0,0,0,0,0,0,0,0,0,0,0,0,1
156,28,第44回全国かるた競技静岡大会,2011-02-20,A,A,73,73,199,7,7,1,0,0,55,55,0,0,0,55,0,0,0,0,0,0,0,0,0,0,0,0,1
157,28,第44回全国かるた競技静岡大会,2011-02-20,B,B,72,72,198,7,7,1,0,0,56,56,0,0,0,56,0,0,0,0,0,0,0,0,0,0,0,0,1
158,28,第44回全国かるた競技静岡大会,2011-02-20,C,C,66,66,161,7,7,1,0,0,31,31,0,0,0,33,0,0,0,0,0,0,0,0,0,0,0,0,1
159,28,第44回全国かるた競技静岡大会,2011-02-20,D1,D,35,35,97,6,6,1,0,0,29,29,0,0,0,29,0,0,0,0,0,0,0,0,0,0,0,0,1
160,28,第44回全国かるた競技静岡大会,2011-02-20,E,E,40,40,102,6,6,1,0,0,24,24,0,0,0,24,0,0,0,0,0,0,0,0,0,0,0,0,1
161,28,第44回全国かるた競技静岡大会,2011-02-20,D2,D,38,38,100,6,6,1,0,0,26,26,0,0,0,26,0,0,0,0,0,0,0,0,0,0,0,0,1
162,29,"第20回全国かるた競技奈良大会(B,C,D,E,ねんりん)",2011-02-20,B,B,71,71,197,7,7,1,0,0,57,57,0,0,0,57,0,0,0,0,0,0,0,0,0,0,0,0,1
163,29,"第20回全国かるた競技奈良大会(B,C,D,E,ねんりん)",2011-02-20,C,C,32,32,62,5,5,1,0,0,0,0,0,0,0,0,0,0,0,0,0,0,0,0,0,0,0,0,1
164,29,"第20回全国かるた競技奈良大会(B,C,D,E,ねんりん)",2011-02-20,D,D,55,55,117,6,6,1,0,2,11,9,0,0,0,11,0,2,0,0,0,0,0,0,0,0,0,0,1
165,29,"第20回全国かるた競技奈良大会(B,C,D,E,ねんりん)",2011-02-20,E1,E,13,13,27,4,4,1,0,0,3,3,0,0,0,3,0,0,0,0,0,0,0,0,0,0,0,0,1
166,29,"第20回全国かるた競技奈良大会(B,C,D,E,ねんりん)",2011-02-20,ねんりん,,15,15,29,4,4,1,0,0,1,1,0,0,0,1,0,0,0,0,0,0,0,0,0,0,0,0,1
167,29,"第20回全国かるた競技奈良大会(B,C,D,E,ねんりん)",2011-02-20,E2,E,19,19,49,5,5,1,0,0,13,13,0,0,0,13,0,0,0,0,0,0,0,0,0,0,0,0,1
168,29,"第20回全国かるた競技奈良大会(B,C,D,E,ねんりん)",2011-02-20,E3,E,14,14,28,4,4,1,0,0,2,2,0,0,0,2,0,0,0,0,0,0,0,0,0,0,0,0,1
169,29,"第20回全国かるた競技奈良大会(B,C,D,E,ねんりん)",2011-02-20,E4,E,10,10,24,4,4,1,0,0,6,6,0,0,0,6,0,0,0,0,0,0,0,0,0,0,0,0,1
170,30,第23回全国競技かるた東大阪大会,2011-02-27,A,A,61,61,123,6,6,1,0,0,3,3,0,0,0,3,0,2,0,0,0,0,0,0,0,0,0,0,1
171,30,第23回全国競技かるた東大阪大会,2011-02-27,B,B,69,69,195,7,7,1,0,0,59,59,0,0,0,59,0,0,0,0,0,0,0,0,0,0,0,0,1
172,30,第23回全国競技かるた東大阪大会,2011-02-27,C1,C,29,29,59,5,5,1,0,0,3,3,0,0,0,3,0,0,0,0,0,0,0,0,0,0,0,0,1
173,30,第23回全国競技かるた東大阪大会,2011-02-27,D1,D,39,39,101,6,6,1,0,0,25,25,0,0,0,25,0,0,0,0,0,0,0,0,0,0,0,0,1
174,30,第23回全国競技かるた東大阪大会,2011-02-27,C2,C,28,28,58,5,5,1,0,0,4,4,0,0,0,4,0,0,0,0,0,0,0,0,0,0,0,0,1
175,30,第23回全国競技かるた東大阪大会,2011-02-27,D2,D,38,38,100,6,6,1,0,0,26,26,0,0,0,26,0,2,0,0,0,0,0,0,0,0,0,0,1
176,31,第39回全国かるた競技宇佐神宮大会,2011-03-06,A,A,35,35,97,6,6,1,0,0,29,29,0,0,0,29,0,0,0,0,0,0,0,0,0,0,0,0,1
177,31,第39回全国かるた競技宇佐神宮大会,2011-03-06,B,B,40,40,102,6,6,1,0,0,24,24,0,0,0,24,0,0,0,0,0,0,0,0,0,0,0,0,1
178,31,第39回全国かるた競技宇佐神宮大会,2011-03-06,C,C,41,41,92,6,6,1,0,0,12,12,0,0,0,12,0,0,0,0,0,0,0,0,0,0,0,0,1
179,31,第39回全国かるた競技宇佐神宮大会,2011-03-06,D1,D,20,20,50,5,5,1,0,0,12,12,0,0,0,12,0,0,0,0,0,0,0,0,0,0,0,0,1
180,31,第39回全国かるた競技宇佐神宮大会,2011-03-06,E,E,27,27,57,5,5,1,0,0,5,5,0,0,0,5,0,0,0,0,0,0,0,0,0,0,0,0,1
181,31,第39回全国かるた競技宇佐神宮大会,2011-03-06,D2,D,18,18,48,5,5,1,0,0,14,14,0,0,0,14,0,0,0,0,0,0,0,0,0,0,0,0,1
182,32,第30回全国かるた競技鹿児島大会,2011-03-20,A,A,38,38,100,6,6,1,0,0,26,26,0,0,0,26,0,0,0,0,0,0,0,0,0,0,0,0,1
183,32,第30回全国かるた競技鹿児島大会,2011-03-20,B,B,39,39,101,6,6,1,0,0,25,25,0,0,0,25,0,0,0,0,0,0,0,0,0,0,0,0,1
184,32,第30回全国かるた競技鹿児島大会,2011-03-20,C,C,35,35,97,6,6,1,0,0,29,29,0,0,0,29,0,0,0,0,0,0,0,0,0,0,0,0,1
185,32,第30回全国かるた競技鹿児島大会,2011-03-20,D1,D,16,16,30,4,4,1,0,0,0,0,0,0,0,0,0,2,0,0,0,0,0,0,0,0,0,0,1
186,32,第30回全国かるた競技鹿児島大会,2011-03-20,E1,E,29,29,59,5,5,1,0,0,3,3,0,0,0,3,0,0,0,0,0,0,0,0,0,0,0,0,1
187,32,第30回全国かるた競技鹿児島大会,2011-03-20,D2,D,18,18,48,5,5,1,0,0,14,14,0,0,0,14,0,0,0,0,0,0,0,0,0,0,0,0,1
188,32,第30回全国かるた競技鹿児島大会,2011-03-20,E2,E,24,24,54,5,5,1,0,0,8,8,0,0,0,8,0,0,0,0,0,0,0,0,0,0,0,0,1
189,33,第40回全国かるた競技松山大会,2011-03-21,A,A,27,27,57,5,5,1,0,0,5,5,0,0,0,5,0,0,0,0,0,0,0,0,0,0,0,0,1
190,33,第40回全国かるた競技松山大会,2011-03-21,B,B,32,32,62,5,5,1,0,0,0,0,0,0,0,0,0,0,0,0,0,0,0,0,0,0,0,0,1
191,33,第40回全国かるた競技松山大会,2011-03-21,C,C,23,23,53,5,5,1,0,0,9,9,0,0,0,9,0,0,0,0,0,0,0,0,0,0,0,0,1
192,33,第40回全国かるた競技松山大会,2011-03-21,D1,D,39,39,101,6,6,1,0,0,25,25,0,0,0,25,0,2,0,0,0,0,0,0,0,0,0,0,1
193,33,第40回全国かるた競技松山大会,2011-03-21,小学生,,29,29,59,5,5,1,0,0,3,3,0,0,0,3,0,0,0,0,0,0,0,0,0,0,0,0,1
194,33,第40回全国かるた競技松山大会,2011-03-21,ねんりん,,13,13,27,4,4,1,0,0,3,3,0,0,0,3,0,0,0,0,0,0,0,0,0,0,0,0,1
195,33,第40回全国かるた競技松山大会,2011-03-21,D2,D,38,38,100,6,6,1,0,0,26,26,0,0,0,26,0,0,0,0,0,0,0,0,0,0,0,0,1
196,34,第50回全日本かるた選手権大会,2011-04-17,A,A,49,49,111,6,6,1,0,0,15,15,0,0,0,15,0,0,0,0,0,0,0,0,0,0,0,0,1
197,35,"第28回全国かるた競技熊本大会(A,B)",2011-04-24,A,A,29,29,59,5,5,1,0,0,3,3,0,0,0,3,0,0,0,0,0,0,0,0,0,0,0,0,1
198,35,"第28回全国かるた競技熊本大会(A,B)",2011-04-24,B,B,39,39,101,6,6,1,0,0,25,25,0,0,0,25,0,0,0,0,0,0,0,0,0,0,0,0,1
199,36,"第25回全国かるたさがみ野大会(A,B,C)",2011-04-29,A,A,80,80,206,7,7,1,0,0,48,48,0,0,0,48,0,0,0,0,0,0,0,0,0,0,0,0,1
200,36,"第25回全国かるたさがみ野大会(A,B,C)",2011-04-29,B,B,106,106,232,7,7,1,0,0,22,22,0,0,0,24,0,0,0,0,0,0,0,0,0,0,0,0,1
201,36,"第25回全国かるたさがみ野大会(A,B,C)",2011-04-29,C1,C,50,50,112,6,6,1,0,0,14,14,0,0,0,14,0,0,0,0,0,0,0,0,0,0,0,0,1
202,36,"第25回全国かるたさがみ野大会(A,B,C)",2011-04-29,C2,C,47,47,109,6,6,1,0,0,17,17,0,0,0,17,0,0,0,0,0,0,0,0,0,0,0,0,1
203,37,"第29回全国かるた競技東京吉野会大会(C,D,E)",2011-05-08,C1,C,58,58,120,6,6,1,0,0,6,6,0,0,0,6,0,0,0,0,0,0,0,0,0,0,0,0,1
204,37,"第29回全国かるた競技東京吉野会大会(C,D,E)",2011-05-08,D1,D,37,37,99,6,6,1,0,0,27,27,0,0,0,29,0,0,0,0,0,0,0,0,0,0,0,0,1
205,37,"第29回全国かるた競技東京吉野会大会(C,D,E)",2011-05-08,E1,E,30,30,60,5,5,1,0,0,2,2,0,0,0,2,0,0,0,0,0,0,0,0,0,0,0,0,1
206,37,"第29回全国かるた競技東京吉野会大会(C,D,E)",2011-05-08,D2,D,36,36,98,6,6,1,0,0,28,28,0,0,0,28,0,0,0,0,0,0,0,0,0,0,0,0,1
207,37,"第29回全国かるた競技東京吉野会大会(C,D,E)",2011-05-08,D3,D,35,35,97,6,6,1,0,0,29,29,0,0,0,29,0,2,0,0,0,0,0,0,0,0,0,0,1
208,37,"第29回全国かるた競技東京吉野会大会(C,D,E)",2011-05-08,E2,E,33,33,95,6,6,1,0,0,31,31,0,0,0,31,0,0,0,0,0,0,0,0,0,0,0,0,1
209,37,"第29回全国かるた競技東京吉野会大会(C,D,E)",2011-05-08,E3,E,30,30,60,5,5,1,0,0,2,2,0,0,0,2,0,0,0,0,0,0,0,0,0,0,0,0,1
210,37,"第29回全国かるた競技東京吉野会大会(C,D,E)",2011-05-08,E4,E,32,32,62,5,5,1,0,0,0,0,0,0,0,0,0,0,0,0,0,0,0,0,0,0,0,0,1
211,37,"第29回全国かるた競技東京吉野会大会(C,D,E)",2011-05-08,E5,E,32,32,62,5,5,1,0,0,0,0,0,0,0,0,0,0,0,0,0,0,0,0,0,0,0,0,1
212,37,"第29回全国かるた競技東京吉野会大会(C,D,E)",2011-05-08,E6,E,31,31,61,5,5,1,0,0,1,1,0,0,0,1,0,4,0,0,0,0,0,0,0,0,0,0,1
213,37,"第29回全国かるた競技東京吉野会大会(C,D,E)",2011-05-08,D4,D,37,37,99,6,6,1,0,0,27,27,0,0,0,27,0,0,0,0,0,0,0,0,0,0,0,0,1
214,37,"第29回全国かるた競技東京吉野会大会(C,D,E)",2011-05-08,C2,C,57,57,119,6,6,1,0,0,7,7,0,0,0,9,0,0,0,0,0,0,0,0,0,0,0,0,1
215,38,"第25回全国かるたさがみ野大会(D,E)",2011-05-01,D1,D,39,39,101,6,6,1,0,0,25,25,0,0,0,25,0,0,0,0,0,0,0,0,0,0,0,0,1
216,38,"第25回全国かるたさがみ野大会(D,E)",2011-05-01,E1,E,45,45,107,6,6,1,0,0,19,19,0,0,0,19,0,0,0,0,0,0,0,0,0,0,0,0,1
217,38,"第25回全国かるたさがみ野大会(D,E)",2011-05-01,D2,D,36,36,98,6,6,1,0,0,28,28,0,0,0,28,0,0,0,0,0,0,0,0,0,0,0,0,1
218,38,"第25回全国かるたさがみ野大会(D,E)",2011-05-01,D3,D,34,34,96,6,6,1,0,0,30,30,0,0,0,30,0,0,0,0,0,0,0,0,0,0,0,0,1
219,38,"第25回全国かるたさがみ野大会(D,E)",2011-05-01,E2,E,43,43,105,6,6,1,0,0,21,21,0,0,0,21,0,0,0,0,0,0,0,0,0,0,0,0,1
220,38,"第25回全国かるたさがみ野大会(D,E)",2011-05-01,E3,E,40,40,102,6,6,1,0,0,24,24,0,0,0,24,0,0,0,0,0,0,0,0,0,0,0,0,1
221,39,藤原定家卿小倉百人一首撰定記念第65回全国かるた競技京都大会,2011-05-29,A,A,81,81,207,7,7,1,0,0,47,47,0,0,0,49,0,0,0,0,0,0,0,0,0,0,0,0,1
222,39,藤原定家卿小倉百人一首撰定記念第65回全国かるた競技京都大会,2011-05-29,B,B,98,98,224,7,7,1,0,0,30,30,0,0,0,30,0,0,0,0,0,0,0,0,0,0,0,0,1
223,39,藤原定家卿小倉百人一首撰定記念第65回全国かるた競技京都大会,2011-05-29,C1,C,39,39,101,6,6,1,0,0,25,25,0,0,0,25,0,0,0,0,0,0,0,0,0,0,0,0,1
224,39,藤原定家卿小倉百人一首撰定記念第65回全国かるた競技京都大会,2011-05-29,D1,D,48,48,110,6,6,1,0,0,16,16,0,0,0,16,0,0,0,0,0,0,0,0,0,0,0,0,1
225,39,藤原定家卿小倉百人一首撰定記念第65回全国かるた競技京都大会,2011-05-29,C2,C,39,39,101,6,6,1,0,0,25,25,0,0,0,25,0,0,0,0,0,0,0,0,0,0,0,0,1
226,39,藤原定家卿小倉百人一首撰定記念第65回全国かるた競技京都大会,2011-05-29,D2,D,48,48,110,6,6,1,0,0,16,16,0,0,0,16,0,0,0,0,0,0,0,0,0,0,0,0,1
227,39,藤原定家卿小倉百人一首撰定記念第65回全国かるた競技京都大会,2011-05-29,D3,D,47,47,109,6,6,1,0,0,17,17,0,0,0,17,0,0,0,0,0,0,0,0,0,0,0,0,1
228,40,"第35回宗像大社小倉百人一首かるた大会(A,B)",2011-06-19,A,A,35,35,97,6,6,1,0,0,29,29,0,0,0,29,0,0,0,0,0,0,0,0,0,0,0,0,1
229,40,"第35回宗像大社小倉百人一首かるた大会(A,B)",2011-06-19,B,B,39,39,101,6,6,1,0,0,25,25,0,0,0,25,0,0,0,0,0,0,0,0,0,0,0,0,1
230,41,第75回椿多摩杯争奪全国かるた大会,2011-06-05,A,A,38,38,100,6,6,1,0,0,26,26,0,0,0,28,0,0,0,0,0,0,0,0,0,0,0,0,1
231,41,第75回椿多摩杯争奪全国かるた大会,2011-06-05,B,B,35,35,97,6,6,1,0,0,29,29,0,0,0,29,0,0,0,0,0,0,0,0,0,0,0,0,1
232,41,第75回椿多摩杯争奪全国かるた大会,2011-06-05,C,C,37,37,99,6,6,1,0,0,27,27,0,0,0,29,0,0,0,0,0,0,0,0,0,0,0,0,1
233,41,第75回椿多摩杯争奪全国かるた大会,2011-06-05,D,D,59,59,121,6,6,1,0,0,5,5,0,0,0,9,0,2,0,0,0,0,0,0,0,0,0,0,1
234,41,第75回椿多摩杯争奪全国かるた大会,2011-06-05,E,E,51,51,113,6,6,1,0,0,13,13,0,0,0,13,0,2,0,0,0,0,0,0,0,0,0,0,1
235,42,第6回全国競技かるた丹波篠山大会,2011-06-19,A,A,59,59,121,6,6,1,0,0,5,5,0,0,0,5,0,0,0,0,0,0,0,0,0,0,0,0,1
236,42,第6回全国競技かるた丹波篠山大会,2011-06-19,B,B,52,52,114,6,6,1,0,0,12,12,0,0,0,12,0,0,0,0,0,0,0,0,0,0,0,0,1
237,42,第6回全国競技かるた丹波篠山大会,2011-06-19,C1,C,24,24,54,5,5,1,0,0,8,8,0,0,0,8,0,0,0,0,0,0,0,0,0,0,0,0,1
238,42,第6回全国競技かるた丹波篠山大会,2011-06-19,D1,D,29,29,59,5,5,1,0,0,3,3,0,0,0,3,0,0,0,0,0,0,0,0,0,0,0,0,1
239,42,第6回全国競技かるた丹波篠山大会,2011-06-19,E1,E,14,14,28,4,4,1,0,0,2,2,0,0,0,2,0,0,0,0,0,0,0,0,0,0,0,0,1
240,42,第6回全国競技かるた丹波篠山大会,2011-06-19,C2,C,22,22,52,5,5,1,0,0,10,10,0,0,0,10,0,0,0,0,0,0,0,0,0,0,0,0,1
241,42,第6回全国競技かるた丹波篠山大会,2011-06-19,D2,D,29,29,59,5,5,1,0,0,3,3,0,0,0,3,0,0,0,0,0,0,0,0,0,0,0,0,1
242,42,第6回全国競技かるた丹波篠山大会,2011-06-19,E2,E,15,15,29,4,4,1,0,0,1,1,0,0,0,1,0,0,0,0,0,0,0,0,0,0,0,0,1
243,43,"第19回多摩百人一首かるた大会(A,B,C)",2011-07-18,A,A,66,66,192,7,7,1,0,0,62,62,0,0,0,64,0,0,0,0,0,0,0,0,0,0,0,0,1
244,43,"第19回多摩百人一首かるた大会(A,B,C)",2011-07-18,B,B,116,116,242,7,7,1,0,0,12,12,0,0,0,12,0,0,0,0,0,0,0,0,0,0,0,0,1
245,43,"第19回多摩百人一首かるた大会(A,B,C)",2011-07-18,C1,C,50,50,112,6,6,1,0,0,14,14,0,0,0,14,0,0,0,0,0,0,0,0,0,0,0,0,1
246,43,"第19回多摩百人一首かるた大会(A,B,C)",2011-07-18,C2,C,56,56,118,6,6,1,0,0,8,8,0,0,0,8,0,0,0,0,0,0,0,0,0,0,0,0,1
247,44,第19回人麿の里・全国かるた競技益田大会,2011-07-31,A,A,23,23,53,5,5,1,0,0,9,9,0,0,0,9,0,0,0,0,0,0,0,0,0,0,0,0,1
248,44,第19回人麿の里・全国かるた競技益田大会,2011-07-31,B,B,34,34,96,6,6,1,0,0,30,30,0,0,0,30,0,0,0,0,0,0,0,0,0,0,0,0,1
249,44,第19回人麿の里・全国かるた競技益田大会,2011-07-31,C,C,24,24,54,5,5,1,0,0,8,8,0,0,0,8,0,0,0,0,0,0,0,0,0,0,0,0,1
250,44,第19回人麿の里・全国かるた競技益田大会,2011-07-31,D1,D,29,29,59,5,5,1,0,0,3,3,0,0,0,3,0,0,0,0,0,0,0,0,0,0,0,0,1
251,44,第19回人麿の里・全国かるた競技益田大会,2011-07-31,D2,D,29,29,59,5,5,1,0,0,3,3,0,0,0,3,0,2,0,0,0,0,0,0,0,0,0,0,1
252,45,"第64回全国かるた競技福井大会(A,B,C,D)",2011-06-12,A,A,41,41,103,6,6,1,0,0,23,23,0,0,0,23,0,0,0,0,0,0,0,0,0,0,0,0,1
253,45,"第64回全国かるた競技福井大会(A,B,C,D)",2011-06-12,B,B,47,47,109,6,6,1,0,0,17,17,0,0,0,17,0,0,0,0,0,0,0,0,0,0,0,0,1
254,45,"第64回全国かるた競技福井大会(A,B,C,D)",2011-06-12,C1,C,27,27,57,5,5,1,0,0,5,5,0,0,0,5,0,0,0,0,0,0,0,0,0,0,0,0,1
255,45,"第64回全国かるた競技福井大会(A,B,C,D)",2011-06-12,D1,D,45,45,107,6,6,1,0,0,19,19,0,0,0,19,0,0,0,0,0,0,0,0,0,0,0,0,1
256,45,"第64回全国かるた競技福井大会(A,B,C,D)",2011-06-12,C2,C,27,27,57,5,5,1,0,0,5,5,0,0,0,5,0,0,0,0,0,0,0,0,0,0,0,0,1
257,45,"第64回全国かるた競技福井大会(A,B,C,D)",2011-06-12,D2,D,49,49,111,6,6,1,0,0,15,15,0,0,0,15,0,0,0,0,0,0,0,0,0,0,0,0,1
258,46,第23回全日本シニアかるた選手権大会,2011-05-14,A,A,10,10,24,4,4,1,0,0,6,6,0,0,0,6,0,0,0,0,0,0,0,0,0,0,0,0,1
259,46,第23回全日本シニアかるた選手権大会,2011-05-14,B,B,12,12,26,4,4,1,0,0,4,4,0,0,0,4,0,0,0,0,0,0,0,0,0,0,0,0,1
260,46,第23回全日本シニアかるた選手権大会,2011-05-14,C,C,12,12,26,4,4,1,0,0,4,4,0,0,0,4,0,0,0,0,0,0,0,0,0,0,0,0,1
261,46,第23回全日本シニアかるた選手権大会,2011-05-14,D,D,15,15,29,4,4,1,0,0,1,1,0,0,0,1,0,0,0,0,0,0,0,0,0,0,0,0,1
262,46,第23回全日本シニアかるた選手権大会,2011-05-14,G,,5,5,11,3,3,1,0,0,3,3,0,0,0,3,0,0,0,0,0,0,0,0,0,0,0,0,1
263,47,"第19回多摩百人一首かるた大会(D,E)",2011-07-17,D1,D,33,33,95,6,6,1,0,0,31,31,0,0,0,31,0,0,0,0,0,0,0,0,0,0,0,0,1
264,47,"第19回多摩百人一首かるた大会(D,E)",2011-07-17,E1,E,32,32,62,5,5,1,0,0,0,0,0,0,0,0,0,0,0,0,0,0,0,0,0,0,0,0,1
265,47,"第19回多摩百人一首かるた大会(D,E)",2011-07-17,D2,D,32,32,62,5,5,1,0,0,0,0,0,0,0,0,0,0,0,0,0,0,0,0,0,0,0,0,1
266,47,"第19回多摩百人一首かるた大会(D,E)",2011-07-17,D3,D,36,36,98,6,6,1,0,0,28,28,0,0,0,28,0,0,0,0,0,0,0,0,0,0,0,0,1
267,47,"第19回多摩百人一首かるた大会(D,E)",2011-07-17,D4,D,34,34,96,6,6,1,0,0,30,30,0,0,0,30,0,0,0,0,0,0,0,0,0,0,0,0,1
268,47,"第19回多摩百人一首かるた大会(D,E)",2011-07-17,E2,E,32,32,62,5,5,1,0,0,0,0,0,0,0,0,0,0,0,0,0,0,0,0,0,0,0,0,1
269,47,"第19回多摩百人一首かるた大会(D,E)",2011-07-17,E3,E,32,32,62,5,5,1,0,0,0,0,0,0,0,0,0,0,0,0,0,0,0,0,0,0,0,0,1
270,47,"第19回多摩百人一首かるた大会(D,E)",2011-07-17,E4,E,32,32,62,5,5,1,0,0,0,0,0,0,0,0,0,0,0,0,0,0,0,0,0,0,0,0,1
271,47,"第19回多摩百人一首かるた大会(D,E)",2011-07-17,E5,E,34,34,81,6,6,1,0,0,15,15,0,0,0,15,0,0,0,0,0,0,0,0,0,0,0,0,1
272,48,第8回全国競技かるた兵庫大会,2011-09-19,A,A,72,72,198,7,7,1,0,0,56,56,0,0,0,56,0,0,0,0,0,0,0,0,0,0,0,0,1
273,48,第8回全国競技かるた兵庫大会,2011-09-19,B,B,98,98,224,7,7,1,0,0,30,30,0,0,0,30,0,0,0,0,0,0,0,0,0,0,0,0,1
274,48,第8回全国競技かるた兵庫大会,2011-09-19,C1,C,32,32,62,5,5,1,0,0,0,0,0,0,0,0,0,0,0,0,0,0,0,0,0,0,0,0,1
275,48,第8回全国競技かるた兵庫大会,2011-09-19,D1,D,31,31,61,5,5,1,0,0,1,1,0,0,0,1,0,0,0,0,0,0,0,0,0,0,0,0,1
276,48,第8回全国競技かるた兵庫大会,2011-09-19,E1,E,14,14,28,4,4,1,0,0,2,2,0,0,0,2,0,0,0,0,0,0,0,0,0,0,0,0,1
277,48,第8回全国競技かるた兵庫大会,2011-09-19,C2,C,32,32,62,5,5,1,0,0,0,0,0,0,0,0,0,0,0,0,0,0,0,0,0,0,0,0,1
278,48,第8回全国競技かるた兵庫大会,2011-09-19,D2,D,30,30,60,5,5,1,0,0,2,2,0,0,0,2,0,2,0,0,0,0,0,0,0,0,0,0,1
279,48,第8回全国競技かるた兵庫大会,2011-09-19,D3,D,30,30,60,5,5,1,0,0,2,2,0,0,0,2,0,0,0,0,0,0,0,0,0,0,0,0,1
280,48,第8回全国競技かるた兵庫大会,2011-09-19,D4,D,28,28,58,5,5,1,0,0,4,4,0,0,0,4,0,0,0,0,0,0,0,0,0,0,0,0,1
281,48,第8回全国競技かるた兵庫大会,2011-09-19,E2,E,16,16,30,4,4,1,0,0,0,0,0,0,0,0,0,0,0,0,0,0,0,0,0,0,0,0,1
282,48,第8回全国競技かるた兵庫大会,2011-09-19,E3,E,18,18,48,5,5,1,0,0,14,14,0,0,0,14,0,0,0,0,0,0,0,0,0,0,0,0,1
283,48,第8回全国競技かるた兵庫大会,2011-09-19,E4,E,15,15,29,4,4,1,0,0,1,1,0,0,0,1,0,0,0,0,0,0,0,0,0,0,0,0,1
284,48,第8回全国競技かるた兵庫大会,2011-09-19,E5,E,12,12,26,4,4,1,0,0,4,4,0,0,0,4,0,0,0,0,0,0,0,0,0,0,0,0,1
285,49,横浜隼会創立100周年記念第93回全国百人一首かるた競技横浜大会,2012-01-15,A,A,81,81,207,7,7,1,0,0,47,47,0,0,0,47,0,0,0,0,0,0,0,0,0,0,0,0,1
286,49,横浜隼会創立100周年記念第93回全国百人一首かるた競技横浜大会,2012-01-15,B,B,108,108,234,7,7,1,0,0,20,20,0,0,0,20,0,0,0,0,0,0,0,0,0,0,0,0,1
287,49,横浜隼会創立100周年記念第93回全国百人一首かるた競技横浜大会,2012-01-15,C1,C,57,57,119,6,6,1,0,0,7,7,0,0,0,7,0,0,0,0,0,0,0,0,0,0,0,0,1
288,49,横浜隼会創立100周年記念第93回全国百人一首かるた競技横浜大会,2012-01-15,D1,D,46,46,108,6,6,1,0,0,18,18,0,0,0,20,0,0,0,0,0,0,0,0,0,0,0,0,1
289,49,横浜隼会創立100周年記念第93回全国百人一首かるた競技横浜大会,2012-01-15,C2,C,60,60,122,6,6,1,0,0,4,4,0,0,0,4,0,0,0,0,0,0,0,0,0,0,0,0,1
290,49,横浜隼会創立100周年記念第93回全国百人一首かるた競技横浜大会,2012-01-15,D2,D,48,48,110,6,6,1,0,0,16,16,0,0,0,18,0,0,0,0,0,0,0,0,0,0,0,0,1
291,49,横浜隼会創立100周年記念第93回全国百人一首かるた競技横浜大会,2012-01-15,D3,D,46,46,108,6,6,1,0,0,18,18,0,0,0,20,0,0,0,0,0,0,0,0,0,0,0,0,1
292,49,横浜隼会創立100周年記念第93回全国百人一首かるた競技横浜大会,2012-01-15,D4,D,45,45,107,6,6,1,0,0,19,19,0,0,0,19,0,0,0,0,0,0,0,0,0,0,0,0,1
293,50,第57回新春全国競技かるた大会,2012-01-08,A,A,95,95,221,7,7,1,0,0,33,33,0,0,0,33,0,0,0,0,0,0,0,0,0,0,0,0,1
294,50,第57回新春全国競技かるた大会,2012-01-08,B,B,126,126,252,7,7,1,0,0,2,2,0,0,0,2,0,0,0,0,0,0,0,0,0,0,0,0,1
295,50,第57回新春全国競技かるた大会,2012-01-08,C1,C,60,60,122,6,6,1,0,0,4,4,0,0,0,4,0,0,0,0,0,0,0,0,0,0,0,0,1
296,50,第57回新春全国競技かるた大会,2012-01-08,D1,D,35,35,97,6,6,1,0,0,29,29,0,0,0,31,0,0,0,0,0,0,0,0,0,0,0,0,1
297,50,第57回新春全国競技かるた大会,2012-01-08,E1,E,29,29,59,5,5,1,0,0,3,3,0,0,0,3,0,0,0,0,0,0,0,0,0,0,0,0,1
298,50,第57回新春全国競技かるた大会,2012-01-08,C2,C,58,58,120,6,6,1,0,0,6,6,0,0,0,6,0,0,0,0,0,0,0,0,0,0,0,0,1
299,50,第57回新春全国競技かるた大会,2012-01-08,D2,D,36,36,98,6,6,1,0,0,28,28,0,0,0,28,0,0,0,0,0,0,0,0,0,0,0,0,1
300,50,第57回新春全国競技かるた大会,2012-01-08,D3,D,36,36,98,6,6,1,0,0,28,28,0,0,0,30,0,0,0,0,0,0,0,0,0,0,0,0,1
301,50,第57回新春全国競技かるた大会,2012-01-08,D4,D,35,35,97,6,6,1,0,0,29,29,0,0,0,29,0,0,0,0,0,0,0,0,0,0,0,0,1
302,50,第57回新春全国競技かるた大会,2012-01-08,D5,D,36,36,98,6,6,1,0,0,28,28,0,0,0,30,0,0,0,0,0,0,0,0,0,0,0,0,1
303,50,第57回新春全国競技かるた大会,2012-01-08,D6,D,37,37,99,6,6,1,0,0,27,27,0,0,0,27,0,0,0,0,0,0,0,0,0,0,0,0,1
304,50,第57回新春全国競技かるた大会,2012-01-08,E2,E,28,28,58,5,5,1,0,0,4,4,0,0,0,4,0,0,0,0,0,0,0,0,0,0,0,0,1
305,50,第57回新春全国競技かるた大会,2012-01-08,E3,E,30,30,60,5,5,1,0,0,2,2,0,0,0,2,0,0,0,0,0,0,0,0,0,0,0,0,1
306,50,第57回新春全国競技かるた大会,2012-01-08,E4,E,30,30,60,5,5,1,0,0,2,2,0,0,0,2,0,0,0,0,0,0,0,0,0,0,0,0,1
307,50,第57回新春全国競技かるた大会,2012-01-08,E5,E,29,29,59,5,5,1,0,0,3,3,0,0,0,3,0,0,0,0,0,0,0,0,0,0,0,0,1
308,51,"第42回太宰府小倉百人一首かるた競技大会(A,B,C)",2012-01-03,A,A,54,54,116,6,6,1,0,0,10,10,0,0,0,10,0,2,0,0,0,0,0,0,0,0,0,0,1
309,51,"第42回太宰府小倉百人一首かるた競技大会(A,B,C)",2012-01-03,B,B,45,45,107,6,6,1,0,0,19,19,0,0,0,19,0,0,0,0,0,0,0,0,0,0,0,0,1
310,51,"第42回太宰府小倉百人一首かるた競技大会(A,B,C)",2012-01-03,C1,C,34,34,96,6,6,1,0,0,30,30,0,0,0,30,0,2,0,0,0,0,0,0,0,0,0,0,1
311,51,"第42回太宰府小倉百人一首かるた競技大会(A,B,C)",2012-01-03,C2,C,37,37,99,6,6,1,0,3,30,27,0,0,0,27,0,0,0,1,0,0,0,0,0,0,0,0,1
312,52,"第42回太宰府小倉百人一首かるた競技大会(D,初心者,シニア)",2012-01-09,D1,D,27,27,57,5,5,1,0,0,5,5,0,0,0,5,0,2,0,0,0,0,0,0,0,0,0,0,1
313,52,"第42回太宰府小倉百人一首かるた競技大会(D,初心者,シニア)",2012-01-09,D2,D,29,29,59,5,5,1,0,0,3,3,0,0,0,3,0,2,0,0,0,0,0,0,0,0,0,0,1
314,52,"第42回太宰府小倉百人一首かるた競技大会(D,初心者,シニア)",2012-01-09,D3,D,29,29,59,5,5,1,0,0,3,3,0,0,0,3,0,0,0,0,0,0,0,0,0,0,0,0,1
315,53,"第28回全国かるた競技熊本大会(C,D,E)",2012-01-29,C,C,33,33,95,6,6,1,0,0,31,31,0,0,0,31,0,0,0,0,0,0,0,0,0,0,0,0,1
316,53,"第28回全国かるた競技熊本大会(C,D,E)",2012-01-29,D1,D,21,21,51,5,5,1,0,0,11,11,0,0,0,11,0,0,0,0,0,0,0,0,0,0,0,0,1
317,53,"第28回全国かるた競技熊本大会(C,D,E)",2012-01-29,E,E,20,20,50,5,5,1,0,0,12,12,0,0,0,12,0,0,0,0,0,0,0,0,0,0,0,0,1
318,53,"第28回全国かるた競技熊本大会(C,D,E)",2012-01-29,D2,D,23,23,53,5,5,1,0,0,9,9,0,0,0,9,0,0,0,0,0,0,0,0,0,0,0,0,1
319,54,第65回全国かるた競技東京東会大会,2012-01-22,A,A,84,84,210,7,7,1,0,0,44,44,0,0,0,44,0,0,0,0,0,0,0,0,0,0,0,0,1
320,54,第65回全国かるた競技東京東会大会,2012-01-22,B1,B,73,73,199,7,7,1,0,0,55,55,0,0,0,55,0,0,0,0,0,0,0,0,0,0,0,0,1
321,54,第65回全国かるた競技東京東会大会,2012-01-22,C1,C,62,62,124,6,6,1,0,0,2,2,0,0,0,2,0,0,0,0,0,0,0,0,0,0,0,0,1
322,54,第65回全国かるた競技東京東会大会,2012-01-22,D1,D,35,35,97,6,6,1,0,0,29,29,0,0,0,29,0,0,0,0,0,0,0,0,0,0,0,0,1
323,54,第65回全国かるた競技東京東会大会,2012-01-22,E1,E,31,31,61,5,5,1,0,2,3,1,0,0,0,1,0,2,0,0,0,0,0,0,0,0,0,0,1
324,54,第65回全国かるた競技東京東会大会,2012-01-22,B2,B,69,69,195,7,7,1,0,0,59,59,0,0,0,61,0,0,0,0,0,0,0,0,0,0,0,0,1
325,54,第65回全国かるた競技東京東会大会,2012-01-22,C2,C,63,63,125,6,6,1,0,0,1,1,0,0,0,1,0,0,0,0,0,0,0,0,0,0,0,0,1
326,54,第65回全国かるた競技東京東会大会,2012-01-22,D2,D,32,32,62,5,5,1,0,0,0,0,0,0,0,0,0,0,0,0,0,0,0,0,0,0,0,0,1
327,54,第65回全国かるた競技東京東会大会,2012-01-22,D3,D,34,34,96,6,6,1,0,0,30,30,0,0,0,30,0,0,0,0,0,0,0,0,0,0,0,0,1
328,54,第65回全国かるた競技東京東会大会,2012-01-22,D4,D,34,34,96,6,6,1,0,0,30,30,0,0,0,32,0,0,0,0,0,0,0,0,0,0,0,0,1
329,54,第65回全国かるた競技東京東会大会,2012-01-22,D5,D,35,35,97,6,6,1,0,0,29,29,0,0,0,29,0,0,0,0,0,0,0,0,0,0,0,0,1
330,54,第65回全国かるた競技東京東会大会,2012-01-22,D6,D,35,35,97,6,6,1,0,0,29,29,0,0,0,29,0,0,0,0,0,0,0,0,0,0,0,0,1
331,54,第65回全国かるた競技東京東会大会,2012-01-22,E2,E,29,29,59,5,5,1,0,2,5,3,0,0,0,3,0,2,0,0,0,0,0,0,0,0,0,0,1
332,54,第65回全国かるた競技東京東会大会,2012-01-22,E3,E,31,31,61,5,5,1,0,2,3,1,0,0,0,1,0,2,0,0,0,0,0,0,0,0,0,0,1
333,54,第65回全国かるた競技東京東会大会,2012-01-22,E4,E,29,29,59,5,5,1,0,2,5,3,0,0,0,5,0,2,0,0,0,0,0,0,0,0,0,0,1
334,54,第65回全国かるた競技東京東会大会,2012-01-22,E5,E,30,30,60,5,5,1,0,2,4,2,0,0,0,2,0,2,0,0,0,0,0,0,0,0,0,0,1
335,55,第62回全国かるた競技東京白妙大会,2012-02-11,A,A,84,84,210,7,7,1,0,0,44,44,0,0,0,44,0,0,0,0,0,0,0,0,0,0,0,0,1
336,55,第62回全国かるた競技東京白妙大会,2012-02-11,B1,B,59,59,121,6,6,1,0,0,5,5,0,0,0,5,0,0,0,0,0,0,0,0,0,0,0,0,1
337,55,第62回全国かるた競技東京白妙大会,2012-02-11,C1,C,41,41,103,6,6,1,0,0,23,23,0,0,0,23,0,0,0,0,0,0,0,0,0,0,0,0,1
338,55,第62回全国かるた競技東京白妙大会,2012-02-11,D1,D,36,36,98,6,6,1,0,0,28,28,0,0,0,28,0,0,0,0,0,0,0,0,0,0,0,0,1
339,55,第62回全国かるた競技東京白妙大会,2012-02-11,B2,B,60,60,122,6,6,1,0,2,6,4,0,0,0,4,0,2,0,0,0,0,0,0,0,0,0,0,1
340,55,第62回全国かるた競技東京白妙大会,2012-02-11,C2,C,40,40,102,6,6,1,0,0,24,24,0,0,0,24,0,0,0,0,0,0,0,0,0,0,0,0,1
341,55,第62回全国かるた競技東京白妙大会,2012-02-11,C3,C,38,38,100,6,6,1,0,0,26,26,0,0,0,28,0,0,0,0,0,0,0,0,0,0,0,0,1
342,55,第62回全国かるた競技東京白妙大会,2012-02-11,D2,D,39,39,101,6,6,1,0,0,25,25,0,0,0,25,0,0,0,0,0,0,0,0,0,0,0,0,1
343,55,第62回全国かるた競技東京白妙大会,2012-02-11,D3,D,38,38,100,6,6,1,0,0,26,26,0,0,0,28,0,0,0,0,0,0,0,0,0,0,0,0,1
344,55,第62回全国かるた競技東京白妙大会,2012-02-11,D4,D,39,39,101,6,6,1,0,0,25,25,0,0,0,29,0,0,0,0,0,0,0,0,0,0,0,0,1
345,56,第45回全国かるた競技静岡大会,2012-02-19,A,A,72,72,198,7,7,1,0,0,56,56,0,0,0,58,0,0,0,0,0,0,0,0,0,0,0,0,1
346,56,第45回全国かるた競技静岡大会,2012-02-19,B,B,73,73,199,7,7,1,0,0,55,55,0,0,0,55,0,0,0,0,0,0,0,0,0,0,0,0,1
347,56,第45回全国かるた競技静岡大会,2012-02-19,C,C,73,73,172,7,7,1,0,0,28,28,0,0,0,28,0,0,0,0,0,0,0,0,0,0,0,0,1
348,56,第45回全国かるた競技静岡大会,2012-02-19,D1,D,46,46,108,6,6,1,0,0,18,18,0,0,0,18,0,0,0,0,0,0,0,0,0,0,0,0,1
349,56,第45回全国かるた競技静岡大会,2012-02-19,E,E,23,23,53,5,5,1,0,0,9,9,0,0,0,9,0,0,0,0,0,0,0,0,0,0,0,0,1
350,56,第45回全国かるた競技静岡大会,2012-02-19,D2,D,54,54,116,6,6,1,0,0,10,10,0,0,0,10,0,0,0,0,0,0,0,0,0,0,0,0,1
351,57,"第21回全国競技かるた奈良大会(B,C,D,E,ねんりん)",2012-02-19,B,B,80,80,206,7,7,1,0,0,48,48,0,0,0,48,0,0,0,0,0,0,0,0,0,0,0,0,1
352,57,"第21回全国競技かるた奈良大会(B,C,D,E,ねんりん)",2012-02-19,C,C,45,45,107,6,6,1,0,0,19,19,0,0,0,19,0,0,0,0,0,0,0,0,0,0,0,0,1
353,57,"第21回全国競技かるた奈良大会(B,C,D,E,ねんりん)",2012-02-19,D1,D,41,41,103,6,6,1,0,0,23,23,0,0,0,23,0,0,0,0,0,0,0,0,0,0,0,0,1
354,57,"第21回全国競技かるた奈良大会(B,C,D,E,ねんりん)",2012-02-19,E1,E,21,21,51,5,5,1,0,0,11,11,0,0,0,11,0,0,0,0,0,0,0,0,0,0,0,0,1
355,57,"第21回全国競技かるた奈良大会(B,C,D,E,ねんりん)",2012-02-19,ねんりん,,10,10,24,4,4,1,0,0,6,6,0,0,0,6,0,0,0,0,0,0,0,0,0,0,0,0,1
356,57,"第21回全国競技かるた奈良大会(B,C,D,E,ねんりん)",2012-02-19,D2,D,40,40,102,6,6,1,0,0,24,24,0,0,0,26,0,0,0,0,0,0,0,0,0,0,0,0,1
357,57,"第21回全国競技かるた奈良大会(B,C,D,E,ねんりん)",2012-02-19,E2,E,29,29,59,5,5,1,0,0,3,3,0,0,0,3,0,0,0,0,0,0,0,0,0,0,0,0,1
358,57,"第21回全国競技かるた奈良大会(B,C,D,E,ねんりん)",2012-02-19,E3,E,21,21,51,5,5,1,0,0,11,11,0,0,0,11,0,0,0,0,0,0,0,0,0,0,0,0,1
359,57,"第21回全国競技かるた奈良大会(B,C,D,E,ねんりん)",2012-02-19,E4,E,13,13,27,4,4,1,0,0,3,3,0,0,0,3,0,0,0,0,0,0,0,0,0,0,0,0,1
360,58,第40回全国かるた競技宇佐神宮大会,2012-03-11,A,A,38,38,100,6,6,1,0,0,26,26,0,0,0,28,0,0,0,0,0,0,0,0,0,0,0,0,1
361,58,第40回全国かるた競技宇佐神宮大会,2012-03-11,B,B,39,39,101,6,6,1,0,0,25,25,0,0,0,25,0,2,0,0,0,0,0,0,0,0,0,0,1
362,58,第40回全国かるた競技宇佐神宮大会,2012-03-11,C,C,56,56,118,6,6,1,0,0,8,8,0,0,0,8,0,0,0,0,0,0,0,0,0,0,0,0,1
363,58,第40回全国かるた競技宇佐神宮大会,2012-03-11,D1,D,21,21,51,5,5,1,0,0,11,11,0,0,0,11,0,0,0,0,0,0,0,0,0,0,0,0,1
364,58,第40回全国かるた競技宇佐神宮大会,2012-03-11,E1,E,18,18,45,5,5,1,0,0,11,11,0,0,0,11,0,2,0,0,0,0,0,0,0,0,0,0,1
365,58,第40回全国かるた競技宇佐神宮大会,2012-03-11,D2,D,25,25,55,5,5,1,0,0,7,7,0,0,0,7,0,0,0,0,0,0,0,0,0,0,0,0,1
366,58,第40回全国かるた競技宇佐神宮大会,2012-03-11,E2,E,22,22,51,5,5,1,0,0,9,9,0,0,0,9,0,2,0,0,0,0,0,0,0,0,0,0,1
367,59,第31回全国かるた競技鹿児島大会,2012-03-18,A,A,31,31,61,5,5,1,0,0,1,1,0,0,0,1,0,0,0,0,0,0,0,0,0,0,0,0,1
368,59,第31回全国かるた競技鹿児島大会,2012-03-18,B,B,32,32,62,5,5,1,0,0,0,0,0,0,0,0,0,0,0,0,0,0,0,0,0,0,0,0,1
369,59,第31回全国かるた競技鹿児島大会,2012-03-18,C,C,41,41,103,6,6,1,0,0,23,23,0,0,0,25,0,0,0,0,0,0,0,0,0,0,0,0,1
370,59,第31回全国かるた競技鹿児島大会,2012-03-18,D1,D,27,27,57,5,5,1,0,0,5,5,0,0,0,5,0,0,0,0,0,0,0,0,0,0,0,0,1
371,59,第31回全国かるた競技鹿児島大会,2012-03-18,E1,E,31,31,61,5,5,1,0,0,1,1,0,0,0,3,0,0,0,0,0,0,0,0,0,0,0,0,1
372,59,第31回全国かるた競技鹿児島大会,2012-03-18,D2,D,27,27,57,5,5,1,0,0,5,5,0,0,0,5,0,0,0,0,0,0,0,0,0,0,0,0,1
373,59,第31回全国かるた競技鹿児島大会,2012-03-18,E2,E,30,30,60,5,5,1,0,0,2,2,0,0,0,4,0,0,0,0,0,0,0,0,0,0,0,0,1
374,60,第41回全国かるた競技松山大会,2012-03-20,A,A,31,31,61,5,5,1,0,0,1,1,0,0,0,1,0,0,0,0,0,0,0,0,0,0,0,0,1
375,60,第41回全国かるた競技松山大会,2012-03-20,B,B,43,43,105,6,6,1,0,0,21,21,0,0,0,21,0,0,0,0,0,0,0,0,0,0,0,0,1
376,60,第41回全国かるた競技松山大会,2012-03-20,C,C,37,37,99,6,6,1,0,0,27,27,0,0,0,27,0,0,0,0,0,0,0,0,0,0,0,0,1
377,60,第41回全国かるた競技松山大会,2012-03-20,D1,D,34,34,96,6,6,1,0,0,30,30,0,0,0,32,0,0,0,0,0,0,0,0,0,0,0,0,1
378,60,第41回全国かるた競技松山大会,2012-03-20,小学生,,21,21,51,5,5,1,0,0,11,11,0,0,0,11,0,0,0,0,0,0,0,0,0,0,0,0,1
379,60,第41回全国かるた競技松山大会,2012-03-20,ねんりん,,15,15,29,4,4,1,0,0,1,1,0,0,0,1,0,0,0,0,0,0,0,0,0,0,0,0,1
380,60,第41回全国かるた競技松山大会,2012-03-20,D2,D,34,34,96,6,6,1,0,0,30,30,0,0,0,30,0,0,0,0,0,0,0,0,0,0,0,0,1
381,61,"第61回高松宮記念杯近江神宮全国歌かるた大会(A,B)",2012-01-08,A,A,68,68,194,7,7,1,0,0,60,60,0,0,0,60,0,0,0,0,0,0,0,0,0,0,0,0,1
382,61,"第61回高松宮記念杯近江神宮全国歌かるた大会(A,B)",2012-01-08,B,B,74,74,200,7,7,1,0,0,54,54,0,0,0,54,0,0,0,0,0,0,0,0,0,0,0,0,1
383,62,"第61回高松宮記念杯近江神宮全国歌かるた大会(C,D,E)",2012-01-09,C1,C,32,32,62,5,5,1,0,0,0,0,0,0,0,0,0,0,0,0,0,0,0,0,0,0,0,0,1
384,62,"第61回高松宮記念杯近江神宮全国歌かるた大会(C,D,E)",2012-01-09,D1,D,49,49,111,6,6,1,0,0,15,15,0,0,0,15,0,0,0,0,0,0,0,0,0,0,0,0,1
385,62,"第61回高松宮記念杯近江神宮全国歌かるた大会(C,D,E)",2012-01-09,E1,E,26,26,56,5,5,1,0,0,6,6,0,0,0,6,0,0,0,0,0,0,0,0,0,0,0,0,1
386,62,"第61回高松宮記念杯近江神宮全国歌かるた大会(C,D,E)",2012-01-09,C2,C,29,29,59,5,5,1,0,0,3,3,0,0,0,3,0,0,0,0,0,0,0,0,0,0,0,0,1
387,62,"第61回高松宮記念杯近江神宮全国歌かるた大会(C,D,E)",2012-01-09,D2,D,45,45,107,6,6,1,0,0,19,19,0,0,0,19,0,0,0,0,0,0,0,0,0,0,0,0,1
388,62,"第61回高松宮記念杯近江神宮全国歌かるた大会(C,D,E)",2012-01-09,D3,D,47,47,109,6,6,1,0,0,17,17,0,0,0,17,0,2,0,0,0,0,0,0,0,0,0,0,1
389,62,"第61回高松宮記念杯近江神宮全国歌かるた大会(C,D,E)",2012-01-09,E2,E,52,52,114,6,6,1,0,0,12,12,0,0,0,12,0,0,0,0,0,0,0,0,0,0,0,0,1
390,62,"第61回高松宮記念杯近江神宮全国歌かるた大会(C,D,E)",2012-01-09,E3,E,17,17,47,5,5,1,0,0,15,15,0,0,0,15,0,0,0,0,0,0,0,0,0,0,0,0,1
391,63,"第93回全国競技かるた大阪大会(A,B,C)",2012-01-29,A,A,48,48,110,6,6,1,0,0,16,16,0,0,0,18,0,0,0,0,0,0,0,0,0,0,0,0,1
392,63,"第93回全国競技かるた大阪大会(A,B,C)",2012-01-29,B,B,74,74,200,7,7,1,0,0,54,54,0,0,0,54,0,0,0,0,0,0,0,0,0,0,0,0,1
393,63,"第93回全国競技かるた大阪大会(A,B,C)",2012-01-29,C1,C,25,25,55,5,5,1,0,0,7,7,0,0,0,7,0,0,0,0,0,0,0,0,0,0,0,0,1
394,63,"第93回全国競技かるた大阪大会(A,B,C)",2012-01-29,C2,C,26,26,56,5,5,1,0,0,6,6,0,0,0,6,0,0,0,0,0,0,0,0,0,0,0,0,1
395,64,"第93回全国競技かるた大阪大会(D,E)",2012-02-05,D1,D,42,42,104,6,6,1,0,0,22,22,0,0,0,22,0,0,0,0,0,0,0,0,0,0,0,0,1
396,64,"第93回全国競技かるた大阪大会(D,E)",2012-02-05,E1,E,29,29,59,5,5,1,0,0,3,3,0,0,0,3,0,0,0,0,0,0,0,0,0,0,0,0,1
397,64,"第93回全国競技かるた大阪大会(D,E)",2012-02-05,D2,D,40,40,102,6,6,1,0,0,24,24,0,0,0,24,0,2,0,0,0,0,0,0,0,0,0,0,1
398,64,"第93回全国競技かるた大阪大会(D,E)",2012-02-05,D3,D,40,40,102,6,6,1,0,0,24,24,0,0,0,24,0,0,0,0,0,0,0,0,0,0,0,0,1
399,64,"第93回全国競技かるた大阪大会(D,E)",2012-02-05,E2,E,23,23,53,5,5,1,0,0,9,9,0,0,0,9,0,0,0,0,0,0,0,0,0,0,0,0,1
400,64,"第93回全国競技かるた大阪大会(D,E)",2012-02-05,E3,E,25,25,55,5,5,1,0,0,7,7,0,0,0,7,0,2,0,0,0,0,0,0,0,0,0,0,1
401,65,第51回全日本かるた選手権大会,2012-04-15,A,A,63,63,125,6,6,1,0,0,1,1,0,0,0,1,0,0,0,0,0,0,0,0,0,0,0,0,1
402,66,"第29回全国かるた競技熊本大会(A,B)",2012-04-22,A,A,31,31,61,5,5,1,0,0,1,1,0,0,0,1,0,0,0,0,0,0,0,0,0,0,0,0,1
403,66,"第29回全国かるた競技熊本大会(A,B)",2012-04-22,B,B,40,40,102,6,6,1,0,0,24,24,0,0,0,24,0,0,0,0,0,0,0,0,0,0,0,0,1
404,67,第13回上杉杯争奪全国かるた競技大会,2012-04-28,A,A,36,36,98,6,6,1,0,2,30,28,0,0,0,28,0,2,0,0,0,0,0,0,0,0,0,0,1
405,67,第13回上杉杯争奪全国かるた競技大会,2012-04-28,B,B,28,28,58,5,5,1,0,0,4,4,0,0,0,4,0,0,0,0,0,0,0,0,0,0,0,0,1
406,67,第13回上杉杯争奪全国かるた競技大会,2012-04-28,C,C,41,41,103,6,6,1,0,0,23,23,0,0,0,23,0,0,0,0,0,0,0,0,0,0,0,0,1
407,67,第13回上杉杯争奪全国かるた競技大会,2012-04-28,D,D,42,42,104,6,6,1,0,0,22,22,0,0,0,22,0,0,0,0,0,0,0,0,0,0,0,0,1
408,67,第13回上杉杯争奪全国かるた競技大会,2012-04-28,E,E,28,28,58,5,5,1,0,0,4,4,0,0,0,4,0,0,0,0,0,0,0,0,0,0,0,0,1
409,68,"第26回全国かるたさがみ野大会(A,B,C)",2012-04-29,A,A,83,83,209,7,7,1,0,0,45,45,0,0,0,49,0,0,0,0,0,0,0,0,0,0,0,0,1
410,68,"第26回全国かるたさがみ野大会(A,B,C)",2012-04-29,B,B,119,119,245,7,7,1,0,0,9,9,0,0,0,9,0,0,0,0,0,0,0,0,0,0,0,0,1
411,68,"第26回全国かるたさがみ野大会(A,B,C)",2012-04-29,C1,C,39,39,101,6,6,1,0,0,25,25,0,0,0,25,0,0,0,0,0,0,0,0,0,0,0,0,1
412,68,"第26回全国かるたさがみ野大会(A,B,C)",2012-04-29,C2,C,38,38,100,6,6,1,0,0,26,26,0,0,0,26,0,0,0,0,0,0,0,0,0,0,0,0,1
413,68,"第26回全国かるたさがみ野大会(A,B,C)",2012-04-29,C3,C,38,38,100,6,6,1,0,0,26,26,0,0,0,26,0,0,0,0,0,0,0,0,0,0,0,0,1
414,69,第9回全国競技かるた兵庫大会,2012-04-30,A,A,76,76,202,7,7,1,0,0,52,52,0,0,0,52,0,0,0,0,0,0,0,0,0,0,0,0,1
415,69,第9回全国競技かるた兵庫大会,2012-04-30,B,B,99,99,225,7,7,1,0,0,29,29,0,0,0,29,0,0,0,0,0,0,0,0,0,0,0,0,1
416,69,第9回全国競技かるた兵庫大会,2012-04-30,C1,C,42,42,104,6,6,1,0,0,22,22,0,0,0,22,0,0,0,0,0,0,0,0,0,0,0,0,1
417,69,第9回全国競技かるた兵庫大会,2012-04-30,D1,D,27,27,57,5,5,1,0,0,5,5,0,0,0,5,0,0,0,0,0,0,0,0,0,0,0,0,1
418,69,第9回全国競技かるた兵庫大会,2012-04-30,E1,E,16,16,30,4,4,1,0,0,0,0,0,0,0,0,0,0,0,0,0,0,0,0,0,0,0,0,1
419,69,第9回全国競技かるた兵庫大会,2012-04-30,C2,C,36,36,98,6,6,1,0,0,28,28,0,0,0,28,0,0,0,0,0,0,0,0,0,0,0,0,1
420,69,第9回全国競技かるた兵庫大会,2012-04-30,D2,D,22,22,52,5,5,1,0,0,10,10,0,0,0,10,0,0,0,0,0,0,0,0,0,0,0,0,1
421,69,第9回全国競技かるた兵庫大会,2012-04-30,D3,D,26,26,56,5,5,1,0,0,6,6,0,0,0,6,0,0,0,0,0,0,0,0,0,0,0,0,1
422,69,第9回全国競技かるた兵庫大会,2012-04-30,D4,D,27,27,57,5,5,1,0,0,5,5,0,0,0,5,0,0,0,0,0,0,0,0,0,0,0,0,1
423,69,第9回全国競技かるた兵庫大会,2012-04-30,D5,D,26,26,56,5,5,1,0,0,6,6,0,0,0,6,0,0,0,0,0,0,0,0,0,0,0,0,1
424,69,第9回全国競技かるた兵庫大会,2012-04-30,E2,E,17,17,47,5,5,1,0,0,15,15,0,0,0,15,0,0,0,0,0,0,0,0,0,0,0,0,1
425,69,第9回全国競技かるた兵庫大会,2012-04-30,E3,E,24,24,54,5,5,1,0,0,8,8,0,0,0,8,0,0,0,0,0,0,0,0,0,0,0,0,1
426,69,第9回全国競技かるた兵庫大会,2012-04-30,E4,E,21,21,51,5,5,1,0,0,11,11,0,0,0,11,0,0,0,0,0,0,0,0,0,0,0,0,1
427,70,第23回全国競技かるた広島大会,2012-05-04,D2,D,33,33,95,6,6,1,0,0,31,31,0,0,0,31,0,0,0,0,0,0,0,0,0,0,0,0,1
428,70,第23回全国競技かるた広島大会,2012-05-04,D3,D,34,34,96,6,6,1,0,0,30,30,0,0,0,32,0,0,0,0,0,0,0,0,0,0,0,0,1
429,70,第23回全国競技かるた広島大会,2012-05-04,A,A,55,55,117,6,6,1,0,0,9,9,0,0,0,9,0,0,0,0,0,0,0,0,0,0,0,0,1
430,70,第23回全国競技かるた広島大会,2012-05-04,B,B,60,60,122,6,6,1,0,0,4,4,0,0,0,4,0,0,0,0,0,0,0,0,0,0,0,0,1
431,70,第23回全国競技かるた広島大会,2012-05-04,C,C,50,50,112,6,6,1,0,0,14,14,0,0,0,14,0,0,0,0,0,0,0,0,0,0,0,0,1
432,70,第23回全国競技かるた広島大会,2012-05-04,D1,D,32,32,62,5,5,1,0,0,0,0,0,0,0,0,0,0,0,0,0,0,0,0,0,0,0,0,1
433,71,"第30回全国かるた競技東京吉野会大会(C,D,E)",2012-05-06,C1,C,42,42,104,6,6,1,0,0,22,22,0,0,0,22,0,0,0,0,0,0,0,0,0,0,0,0,1
434,71,"第30回全国かるた競技東京吉野会大会(C,D,E)",2012-05-06,D1,D,59,59,121,6,6,1,0,0,5,5,0,0,0,5,0,0,0,0,0,0,0,0,0,0,0,0,1
435,71,"第30回全国かるた競技東京吉野会大会(C,D,E)",2012-05-06,E1,E,30,30,60,5,5,1,0,0,2,2,0,0,0,2,0,0,0,0,0,0,0,0,0,0,0,0,1
436,71,"第30回全国かるた競技東京吉野会大会(C,D,E)",2012-05-06,C2,C,41,41,103,6,6,1,0,0,23,23,0,0,0,23,0,0,0,0,0,0,0,0,0,0,0,0,1
437,71,"第30回全国かるた競技東京吉野会大会(C,D,E)",2012-05-06,C3,C,40,40,102,6,6,1,0,0,24,24,0,0,0,24,0,0,0,0,0,0,0,0,0,0,0,0,1
438,71,"第30回全国かるた競技東京吉野会大会(C,D,E)",2012-05-06,D2,D,60,60,122,6,6,1,0,0,4,4,0,0,0,4,0,0,0,0,0,0,0,0,0,0,0,0,1
439,71,"第30回全国かるた競技東京吉野会大会(C,D,E)",2012-05-06,D3,D,59,59,121,6,6,1,0,0,5,5,0,0,0,7,0,0,0,0,0,0,0,0,0,0,0,0,1
440,71,"第30回全国かるた競技東京吉野会大会(C,D,E)",2012-05-06,E2,E,27,27,57,5,5,1,0,0,5,5,0,0,0,5,0,0,0,0,0,0,0,0,0,0,0,0,1
441,71,"第30回全国かるた競技東京吉野会大会(C,D,E)",2012-05-06,E3,E,29,29,59,5,5,1,0,0,3,3,0,0,0,3,0,0,0,0,0,0,0,0,0,0,0,0,1
442,71,"第30回全国かるた競技東京吉野会大会(C,D,E)",2012-05-06,E4,E,25,25,55,5,5,1,0,0,7,7,0,0,0,7,0,0,0,0,0,0,0,0,0,0,0,0,1
443,71,"第30回全国かるた競技東京吉野会大会(C,D,E)",2012-05-06,E5,E,29,29,59,5,5,1,0,0,3,3,0,0,0,3,0,0,0,0,0,0,0,0,0,0,0,0,1
444,71,"第30回全国かるた競技東京吉野会大会(C,D,E)",2012-05-06,E6,E,25,25,55,5,5,1,0,0,7,7,0,0,0,7,0,0,0,0,0,0,0,0,0,0,0,0,1
445,71,"第30回全国かるた競技東京吉野会大会(C,D,E)",2012-05-06,E7,E,28,28,58,5,5,1,0,0,4,4,0,0,0,6,0,0,0,0,0,0,0,0,0,0,0,0,1
446,71,"第30回全国かるた競技東京吉野会大会(C,D,E)",2012-05-06,E8,E,26,26,56,5,5,1,0,0,6,6,0,0,0,6,0,0,0,0,0,0,0,0,0,0,0,0,1
447,71,"第30回全国かるた競技東京吉野会大会(C,D,E)",2012-05-06,E9,E,29,29,59,5,5,1,0,0,3,3,0,0,0,3,0,2,0,0,0,0,0,0,0,0,0,0,1
448,72,第76回椿多摩杯争奪全国かるた大会,2012-05-26,A,A,48,48,110,6,6,1,0,0,16,16,0,0,0,18,0,0,0,0,0,0,0,0,0,0,0,0,1
449,72,第76回椿多摩杯争奪全国かるた大会,2012-05-26,B,B,55,55,117,6,6,1,0,0,9,9,0,0,0,9,0,0,0,0,0,0,0,0,0,0,0,0,1
450,72,第76回椿多摩杯争奪全国かるた大会,2012-05-26,C,C,53,53,115,6,6,1,0,0,11,11,0,0,0,11,0,0,0,0,0,0,0,0,0,0,0,0,1
451,72,第76回椿多摩杯争奪全国かるた大会,2012-05-26,D1,D,32,32,62,5,5,1,0,0,0,0,0,0,0,4,0,0,0,0,0,0,0,0,0,0,0,0,1
452,72,第76回椿多摩杯争奪全国かるた大会,2012-05-26,E,E,42,42,104,6,6,1,0,0,22,22,0,0,0,22,0,0,0,0,0,0,0,0,0,0,0,0,1
453,72,第76回椿多摩杯争奪全国かるた大会,2012-05-26,D2,D,33,33,95,6,6,1,0,0,31,31,0,0,0,31,0,0,0,0,0,0,0,0,0,0,0,0,1
454,73,"第65回全国かるた競技福井大会(A,B,C)",2012-06-10,C2,C,37,37,99,6,6,1,0,0,27,27,0,0,0,27,0,0,0,0,0,0,0,0,0,0,0,0,1
455,73,"第65回全国かるた競技福井大会(A,B,C)",2012-06-10,A,A,64,64,126,6,6,1,0,0,0,0,0,0,0,0,0,0,0,0,0,0,0,0,0,0,0,0,1
456,73,"第65回全国かるた競技福井大会(A,B,C)",2012-06-10,B,B,61,61,123,6,6,1,0,0,3,3,0,0,0,3,0,0,0,0,0,0,0,0,0,0,0,0,1
457,73,"第65回全国かるた競技福井大会(A,B,C)",2012-06-10,C1,C,37,37,99,6,6,1,0,0,27,27,0,0,0,27,0,0,0,0,0,0,0,0,0,0,0,0,1
458,73,"第65回全国かるた競技福井大会(A,B,C)",2012-06-10,Ｄ級①,D,45,45,88,6,6,1,0,0,0,0,0,0,0,0,0,0,0,0,0,1,0,0,0,0,0,0,1
459,73,"第65回全国かるた競技福井大会(A,B,C)",2012-06-10,Ｄ級②,D,43,43,84,6,6,1,0,0,0,0,0,0,0,0,0,0,0,0,0,1,0,0,0,0,0,0,1
460,73,"第65回全国かるた競技福井大会(A,B,C)",2012-06-10,Ｄ級③,D,40,40,78,6,6,1,0,0,0,0,0,0,0,0,0,0,0,0,0,1,0,0,0,0,0,0,1
461,73,"第65回全国かるた競技福井大会(A,B,C)",2012-06-10,Ｅ級6年,E,11,11,20,4,4,1,0,0,0,0,0,0,0,0,0,0,0,0,0,1,0,0,0,0,0,0,1
462,73,"第65回全国かるた競技福井大会(A,B,C)",2012-06-10,Ｅ級5年,E,10,10,18,4,4,1,0,0,0,0,0,0,0,0,0,0,0,0,0,1,0,0,0,0,0,0,1
463,73,"第65回全国かるた競技福井大会(A,B,C)",2012-06-10,Ｅ級4年,E,34,34,66,6,6,1,0,0,0,0,0,0,0,0,0,0,0,0,0,1,0,0,0,0,0,0,1
464,73,"第65回全国かるた競技福井大会(A,B,C)",2012-06-10,Ｅ級3年,E,8,8,14,3,3,1,0,0,0,0,0,0,0,0,0,0,0,0,0,0,0,0,0,0,0,0,1
465,73,"第65回全国かるた競技福井大会(A,B,C)",2012-06-10,Ｅ級2年以下,E,17,17,32,5,5,1,0,0,0,0,0,0,0,0,0,0,0,0,0,1,0,0,0,0,0,0,1
466,74,第20回多摩百人一首かるた大会(E),2012-07-15,E2,E,32,32,62,5,5,1,0,0,0,0,0,0,0,0,0,0,0,0,0,0,0,0,0,0,0,0,1
467,74,第20回多摩百人一首かるた大会(E),2012-07-15,E3,E,31,31,61,5,5,1,0,0,1,1,0,0,0,1,0,0,0,0,0,0,0,0,0,0,0,0,1
468,74,第20回多摩百人一首かるた大会(E),2012-07-15,E4,E,32,32,62,5,5,1,0,0,0,0,0,0,0,0,0,0,0,0,0,0,0,0,0,0,0,0,1
469,74,第20回多摩百人一首かるた大会(E),2012-07-15,E5,E,32,32,62,5,5,1,0,0,0,0,0,0,0,0,0,0,0,0,0,0,0,0,0,0,0,0,1
470,74,第20回多摩百人一首かるた大会(E),2012-07-15,E6,E,30,30,60,5,5,1,0,0,2,2,0,0,0,2,0,0,0,0,0,0,0,0,0,0,0,0,1
471,74,第20回多摩百人一首かるた大会(E),2012-07-15,E7,E,30,30,60,5,5,1,0,0,2,2,0,0,0,2,0,0,0,0,0,0,0,0,0,0,0,0,1
472,74,第20回多摩百人一首かるた大会(E),2012-07-15,E8,E,31,31,61,5,5,1,0,0,1,1,0,0,0,1,0,2,0,0,0,0,0,0,0,0,0,0,1
473,74,第20回多摩百人一首かるた大会(E),2012-07-15,E1,E,28,28,56,5,5,1,0,0,2,2,0,0,0,2,0,0,0,0,0,0,0,0,0,0,0,0,1
474,75,第83回全国かるた競技学生選手権大会,2012-08-25,D2,D,38,38,100,6,6,1,0,0,26,26,0,0,0,26,0,0,0,0,0,0,0,0,0,0,0,0,1
475,75,第83回全国かるた競技学生選手権大会,2012-08-25,D3,D,39,39,101,6,6,1,0,0,25,25,0,0,0,25,0,0,0,0,0,0,0,0,0,0,0,0,1
476,75,第83回全国かるた競技学生選手権大会,2012-08-25,D4,D,39,39,101,6,6,1,0,0,25,25,0,0,0,25,0,0,0,0,0,0,0,0,0,0,0,0,1
477,75,第83回全国かるた競技学生選手権大会,2012-08-25,D5,D,38,38,100,6,6,1,0,0,26,26,0,0,0,26,0,0,0,0,0,0,0,0,0,0,0,0,1
478,75,第83回全国かるた競技学生選手権大会,2012-08-25,D6,D,38,38,100,6,6,1,0,0,26,26,0,0,0,26,0,0,0,0,0,0,0,0,0,0,0,0,1
479,75,第83回全国かるた競技学生選手権大会,2012-08-25,D7,D,40,40,102,6,6,1,0,0,24,24,0,0,0,26,0,0,0,0,0,0,0,0,0,0,0,0,1
480,75,第83回全国かるた競技学生選手権大会,2012-08-25,D8,D,40,40,102,6,6,1,0,0,24,24,0,0,0,24,0,0,0,0,0,0,0,0,0,0,0,0,1
481,75,第83回全国かるた競技学生選手権大会,2012-08-25,E2,E,27,27,57,5,5,1,0,0,5,5,0,0,0,5,0,0,0,0,0,0,0,0,0,0,0,0,1
482,75,第83回全国かるた競技学生選手権大会,2012-08-25,E3,E,27,27,57,5,5,1,0,0,5,5,0,0,0,5,0,0,0,0,0,0,0,0,0,0,0,0,1
483,75,第83回全国かるた競技学生選手権大会,2012-08-25,E4,E,26,26,56,5,5,1,0,0,6,6,0,0,0,6,0,0,0,0,0,0,0,0,0,0,0,0,1
484,75,第83回全国かるた競技学生選手権大会,2012-08-25,E5,E,26,26,56,5,5,1,0,0,6,6,0,0,0,6,0,0,0,0,0,0,0,0,0,0,0,0,1
485,75,第83回全国かるた競技学生選手権大会,2012-08-25,E6,E,24,24,54,5,5,1,0,0,8,8,0,0,0,8,0,2,0,0,0,0,0,0,0,0,0,0,1
486,75,第83回全国かるた競技学生選手権大会,2012-08-25,E7,E,26,26,56,5,5,1,0,0,6,6,0,0,0,6,0,0,0,0,0,0,0,0,0,0,0,0,1
487,75,第83回全国かるた競技学生選手権大会,2012-08-25,E8,E,27,27,57,5,5,1,0,0,5,5,0,0,0,5,0,0,0,0,0,0,0,0,0,0,0,0,1
488,75,第83回全国かるた競技学生選手権大会,2012-08-25,E9,E,24,24,54,5,5,1,0,0,8,8,0,0,0,8,0,0,0,0,0,0,0,0,0,0,0,0,1
489,75,第83回全国かるた競技学生選手権大会,2012-08-25,E10,E,25,25,55,5,5,1,0,0,7,7,0,0,0,7,0,0,0,0,0,0,0,0,0,0,0,0,1
490,75,第83回全国かるた競技学生選手権大会,2012-08-25,E11,E,25,25,55,5,5,1,0,0,7,7,0,0,0,9,0,0,0,0,0,0,0,0,0,0,0,0,1
491,75,第83回全国かるた競技学生選手権大会,2012-08-25,E12,E,26,26,56,5,5,1,0,0,6,6,0,0,0,6,0,0,0,0,0,0,0,0,0,0,0,0,1
492,75,第83回全国かるた競技学生選手権大会,2012-08-25,D1,D,40,40,102,6,6,1,0,0,24,24,0,0,0,26,0,0,0,0,0,0,0,0,0,0,0,0,1
493,75,第83回全国かるた競技学生選手権大会,2012-08-25,E1,E,27,27,57,5,5,1,0,0,5,5,0,0,0,5,0,0,0,0,0,0,0,0,0,0,0,0,1
494,76,第14回全国かるた競技富山大会,2012-09-15,D2,D,49,49,111,6,6,1,0,0,15,15,0,0,0,15,0,0,0,0,0,0,0,0,0,0,0,0,1
495,76,第14回全国かるた競技富山大会,2012-09-15,A,A,40,40,102,6,6,1,0,0,24,24,0,0,0,24,0,0,0,0,0,0,0,0,0,0,0,0,1
496,76,第14回全国かるた競技富山大会,2012-09-15,B,B,56,56,118,6,6,1,0,0,8,8,0,0,0,8,0,0,0,0,0,0,0,0,0,0,0,0,1
497,76,第14回全国かるた競技富山大会,2012-09-15,C,C,54,54,116,6,6,1,0,0,10,10,0,0,0,10,0,0,0,0,0,0,0,0,0,0,0,0,1
498,76,第14回全国かるた競技富山大会,2012-09-15,D1,D,48,48,110,6,6,1,0,0,16,16,0,0,0,16,0,0,0,0,0,0,0,0,0,0,0,0,1
499,77,第23回全国かるた競技水沢大会,2012-09-30,D2,D,35,35,97,6,6,1,0,0,29,29,0,0,0,29,0,0,0,0,0,0,0,0,0,0,0,0,1
500,77,第23回全国かるた競技水沢大会,2012-09-30,E2,E,35,35,97,6,6,1,0,2,31,29,0,0,0,29,0,2,0,0,0,0,0,0,0,0,0,0,1
501,77,第23回全国かるた競技水沢大会,2012-09-30,A,A,60,60,122,6,6,1,0,0,4,4,0,0,0,4,0,0,0,0,0,0,0,0,0,0,0,0,1
502,77,第23回全国かるた競技水沢大会,2012-09-30,B,B,49,49,111,6,6,1,0,2,17,15,0,0,0,15,0,2,0,0,0,0,0,0,0,0,0,0,1
503,77,第23回全国かるた競技水沢大会,2012-09-30,C,C,47,47,109,6,6,1,0,0,17,17,0,0,0,17,0,0,0,0,0,0,0,0,0,0,0,0,1
504,77,第23回全国かるた競技水沢大会,2012-09-30,D1,D,37,37,99,6,6,1,0,2,29,27,0,0,0,27,0,2,0,0,0,0,0,0,0,0,0,0,1
505,77,第23回全国かるた競技水沢大会,2012-09-30,E1,E,34,34,96,6,6,1,0,2,32,30,0,0,0,30,0,2,0,0,0,0,0,0,0,0,0,0,1
506,78,第74回全国かるた競技北國大会,2012-10-07,D2,D,61,61,123,6,6,1,0,0,3,3,0,0,0,3,0,0,0,0,0,0,0,0,0,0,0,0,1
507,78,第74回全国かるた競技北國大会,2012-10-07,A,A,35,35,97,6,6,1,0,0,29,29,0,0,0,35,0,0,0,0,0,0,0,0,0,0,0,0,1
508,78,第74回全国かるた競技北國大会,2012-10-07,B,B,45,45,107,6,6,1,0,0,19,19,0,0,0,19,0,0,0,0,0,0,0,0,0,0,0,0,1
509,78,第74回全国かるた競技北國大会,2012-10-07,C,C,55,55,117,6,6,1,0,0,9,9,0,0,0,9,0,0,0,0,0,0,0,0,0,0,0,0,1
510,78,第74回全国かるた競技北國大会,2012-10-07,D1,D,58,58,120,6,6,1,0,0,6,6,0,0,0,6,0,4,0,0,0,0,0,0,0,0,0,0,1
511,79,第31回全国かるた競技東京吉野会大会(A),2012-10-07,A,A,78,78,204,7,7,1,0,0,50,50,0,0,0,50,0,0,0,0,0,0,0,0,0,0,0,0,1
512,80,第22回全国競技かるた奈良大会(A),2012-11-23,A,A,49,49,111,6,6,1,0,2,17,15,0,0,0,15,0,2,0,0,0,0,0,0,0,0,0,0,1
513,81,第47回椿雄太郎杯争奪全国かるた競技大会,2012-12-02,D2,D,36,36,98,6,6,1,0,2,30,28,0,0,0,28,0,2,0,0,0,0,0,0,0,0,0,0,1
514,81,第47回椿雄太郎杯争奪全国かるた競技大会,2012-12-02,E2,E,28,28,58,5,5,1,0,0,4,4,0,0,0,4,0,4,0,0,0,0,0,0,0,0,0,0,1
515,81,第47回椿雄太郎杯争奪全国かるた競技大会,2012-12-02,A,A,56,56,118,6,6,1,0,0,8,8,0,0,0,8,0,0,0,0,0,0,0,0,0,0,0,0,1
516,81,第47回椿雄太郎杯争奪全国かるた競技大会,2012-12-02,B,B,41,41,103,6,6,1,0,0,23,23,0,0,0,23,0,0,0,0,0,0,0,0,0,0,0,0,1
517,81,第47回椿雄太郎杯争奪全国かるた競技大会,2012-12-02,C,C,37,37,99,6,6,1,0,0,27,27,0,0,0,27,0,0,0,0,0,0,0,0,0,0,0,0,1
518,81,第47回椿雄太郎杯争奪全国かるた競技大会,2012-12-02,D1,D,37,37,99,6,6,1,0,0,27,27,0,0,0,27,0,0,0,0,0,0,0,0,0,0,0,0,1
519,81,第47回椿雄太郎杯争奪全国かるた競技大会,2012-12-02,E1,E,30,30,60,5,5,1,0,0,2,2,0,0,0,2,0,0,0,0,0,0,0,0,0,0,0,0,1
520,82,第54回全国かるた競技和歌山大会,2012-12-02,D2,D,52,52,114,6,6,1,0,0,12,12,0,0,0,12,0,0,0,0,0,0,0,0,0,0,0,0,1
521,82,第54回全国かるた競技和歌山大会,2012-12-02,A,A,49,49,111,6,6,1,0,0,15,15,0,0,0,15,0,0,0,0,0,0,0,0,0,0,0,0,1
522,82,第54回全国かるた競技和歌山大会,2012-12-02,B,B,60,60,122,6,6,1,0,0,4,4,0,0,0,4,0,0,0,0,0,0,0,0,0,0,0,0,1
523,82,第54回全国かるた競技和歌山大会,2012-12-02,C,C,39,39,101,6,6,1,0,0,25,25,0,0,0,25,0,0,0,0,0,0,0,0,0,0,0,0,1
524,82,第54回全国かるた競技和歌山大会,2012-12-02,D1,D,53,53,115,6,6,1,0,0,11,11,0,0,0,11,0,0,0,0,0,0,0,0,0,0,0,0,1
525,83,第15回全国かるた愛知大会(D),2012-12-08,D2,D,28,28,58,5,5,1,0,0,4,4,0,0,0,4,0,0,0,0,0,0,0,0,0,0,0,0,1
526,83,第15回全国かるた愛知大会(D),2012-12-08,D3,D,28,28,58,5,5,1,0,0,4,4,0,0,0,4,0,0,0,0,0,0,0,0,0,0,0,0,1
527,83,第15回全国かるた愛知大会(D),2012-12-08,D4,D,24,24,54,5,5,1,0,0,8,8,0,0,0,8,0,0,0,0,0,0,0,0,0,0,0,0,1
528,83,第15回全国かるた愛知大会(D),2012-12-08,D5,D,29,29,59,5,5,1,0,0,3,3,0,0,0,3,0,0,0,0,0,0,0,0,0,0,0,0,1
529,83,第15回全国かるた愛知大会(D),2012-12-08,D6,D,26,26,56,5,5,1,0,0,6,6,0,0,0,6,0,0,0,0,0,0,0,0,0,0,0,0,1
530,83,第15回全国かるた愛知大会(D),2012-12-08,D1,D,29,29,59,5,5,1,0,0,3,3,0,0,0,3,0,0,0,0,0,0,0,0,0,0,0,0,1
531,84,"第15回全国かるた愛知大会(A,B,C,シニア)",2012-12-09,C2,C,44,44,106,6,6,1,0,0,20,20,0,0,0,20,0,0,0,0,0,0,0,0,0,0,0,0,1
532,84,"第15回全国かるた愛知大会(A,B,C,シニア)",2012-12-09,A,A,40,40,102,6,6,1,0,0,24,24,0,0,0,24,0,0,0,0,0,0,0,0,0,0,0,0,1
533,84,"第15回全国かるた愛知大会(A,B,C,シニア)",2012-12-09,B,B,59,59,121,6,6,1,0,0,5,5,0,0,0,5,0,0,0,0,0,0,0,0,0,0,0,0,1
534,84,"第15回全国かるた愛知大会(A,B,C,シニア)",2012-12-09,C1,C,47,47,109,6,6,1,0,0,17,17,0,0,0,17,0,0,0,0,0,0,0,0,0,0,0,0,1
537,86,第30回小倉百人一首かるた競技宮崎大会,2012-11-18,D2,D,30,30,60,5,5,1,0,0,2,2,0,0,0,4,0,0,0,0,0,0,0,0,0,0,0,0,1
538,86,第30回小倉百人一首かるた競技宮崎大会,2012-11-18,A,A,31,31,61,5,5,1,0,0,1,1,0,0,0,1,0,0,0,0,0,0,0,0,0,0,0,0,1
539,86,第30回小倉百人一首かるた競技宮崎大会,2012-11-18,B,B,31,31,61,5,5,1,0,0,1,1,0,0,0,1,0,0,0,0,0,0,0,0,0,0,0,0,1
540,86,第30回小倉百人一首かるた競技宮崎大会,2012-11-18,C,C,33,33,95,6,6,1,0,2,33,31,0,0,0,31,0,2,0,0,0,0,0,0,0,0,0,0,1
541,86,第30回小倉百人一首かるた競技宮崎大会,2012-11-18,D1,D,28,28,58,5,5,1,0,0,4,4,0,0,0,6,0,2,0,0,0,0,0,0,0,0,0,0,1
542,87,"第26回全国かるたさがみ野大会(D,E)",2012-05-04,D1,D,31,31,61,5,5,1,0,0,1,1,0,0,0,3,0,0,0,0,0,0,0,0,0,0,0,0,1
543,87,"第26回全国かるたさがみ野大会(D,E)",2012-05-04,E1,E,41,41,103,6,6,1,0,0,23,23,0,0,0,23,0,0,0,0,0,0,0,0,0,0,0,0,1
544,87,"第26回全国かるたさがみ野大会(D,E)",2012-05-04,D2,D,30,30,60,5,5,1,0,0,2,2,0,0,0,4,0,0,0,0,0,0,0,0,0,0,0,0,1
545,87,"第26回全国かるたさがみ野大会(D,E)",2012-05-04,D3,D,30,30,60,5,5,1,0,2,4,2,0,0,0,2,0,2,0,0,0,0,0,0,0,0,0,0,1
546,87,"第26回全国かるたさがみ野大会(D,E)",2012-05-04,E2,E,41,41,103,6,6,1,0,0,23,23,0,0,0,23,0,0,0,0,0,0,0,0,0,0,0,0,1
547,87,"第26回全国かるたさがみ野大会(D,E)",2012-05-04,E3,E,40,40,102,6,6,1,0,0,24,24,0,0,0,24,0,0,0,0,0,0,0,0,0,0,0,0,1
548,88,第32回北日本かるた競技新人戦,2012-05-26,F,,31,31,61,5,5,1,0,0,1,1,0,0,0,3,0,0,0,0,0,0,0,0,0,0,0,0,1
549,89,"第36回宗像大社小倉百人一首かるた大会(A,B)",2012-06-24,A,A,47,47,109,6,6,1,0,0,17,17,0,0,0,17,0,0,0,0,0,0,0,0,0,0,0,0,1
550,89,"第36回宗像大社小倉百人一首かるた大会(A,B)",2012-06-24,B,B,44,44,106,6,6,1,0,0,20,20,0,0,0,20,0,0,0,0,0,0,0,0,0,0,0,0,1
551,90,第19回東京都かるた大会,2012-06-17,D2,D,22,22,52,5,5,1,0,0,10,10,0,0,0,10,0,0,0,0,0,0,0,0,0,0,0,0,1
552,90,第19回東京都かるた大会,2012-06-17,D3,D,22,22,52,5,5,1,0,0,10,10,0,0,0,10,0,2,0,0,0,0,0,0,0,0,0,0,1
553,90,第19回東京都かるた大会,2012-06-17,E2,E,22,22,52,5,5,1,0,0,10,10,0,0,0,10,0,0,0,0,0,0,0,0,0,0,0,0,1
554,90,第19回東京都かるた大会,2012-06-17,E3,E,22,22,52,5,5,1,0,0,10,10,0,0,0,10,0,0,0,0,0,0,0,0,0,0,0,0,1
555,90,第19回東京都かるた大会,2012-06-17,F2,,31,31,61,5,5,1,0,0,1,1,0,0,0,1,0,0,0,0,0,0,0,0,0,0,0,0,1
556,90,第19回東京都かるた大会,2012-06-17,F3,,30,30,60,5,5,1,0,0,2,2,0,0,0,2,0,2,0,0,0,0,0,0,0,0,0,0,1
557,90,第19回東京都かるた大会,2012-06-17,F4,,31,31,61,5,5,1,0,0,1,1,0,0,0,1,0,0,0,0,0,0,0,0,0,0,0,0,1
558,90,第19回東京都かるた大会,2012-06-17,D1,D,23,23,53,5,5,1,0,0,9,9,0,0,0,9,0,0,0,0,0,0,0,0,0,0,0,0,1
559,90,第19回東京都かるた大会,2012-06-17,E1,E,23,23,53,5,5,1,0,0,9,9,0,0,0,9,0,0,0,0,0,0,0,0,0,0,0,0,1
560,90,第19回東京都かるた大会,2012-06-17,F1,,28,28,58,5,5,1,0,0,4,4,0,0,0,4,0,0,0,0,0,0,0,0,0,0,0,0,1
561,91,第24回全日本シニアかるた選手権大会,2012-05-19,A,A,10,10,24,4,4,1,0,0,6,6,0,0,0,6,0,0,0,0,0,0,0,0,0,0,0,0,1
562,91,第24回全日本シニアかるた選手権大会,2012-05-19,B,B,15,15,29,4,4,1,0,0,1,1,0,0,0,1,0,0,0,0,0,0,0,0,0,0,0,0,1
563,91,第24回全日本シニアかるた選手権大会,2012-05-19,C,C,13,13,27,4,4,1,0,0,3,3,0,0,0,3,0,0,0,0,0,0,0,0,0,0,0,0,1
564,91,第24回全日本シニアかるた選手権大会,2012-05-19,D,D,22,22,52,5,5,1,0,0,10,10,0,0,0,10,0,2,0,0,0,0,0,0,0,0,0,0,1
565,91,第24回全日本シニアかるた選手権大会,2012-05-19,G,,8,8,14,3,3,1,0,0,0,0,0,0,0,0,0,0,0,0,0,0,0,0,0,0,0,0,1
566,92,第45回神奈川県かるた大会,2012-07-15,D1,D,15,15,29,4,4,1,0,0,1,1,0,0,0,1,0,0,0,0,0,0,0,0,0,0,0,0,1
567,92,第45回神奈川県かるた大会,2012-07-15,E1,E,22,22,52,5,5,1,0,0,10,10,0,0,0,10,0,0,0,0,0,0,0,0,0,0,0,0,1
568,92,第45回神奈川県かるた大会,2012-07-15,F1,,16,16,30,4,4,1,0,0,0,0,0,0,0,0,0,0,0,0,0,0,0,0,0,0,0,0,1
569,92,第45回神奈川県かるた大会,2012-07-15,G1,,20,20,50,5,5,1,0,0,12,12,0,0,0,12,0,0,0,0,0,0,0,0,0,0,0,0,1
570,92,第45回神奈川県かるた大会,2012-07-15,D2,D,14,14,28,4,4,1,0,0,2,2,0,0,0,2,0,0,0,0,0,0,0,0,0,0,0,0,1
571,92,第45回神奈川県かるた大会,2012-07-15,D3,D,14,14,28,4,4,1,0,0,2,2,0,0,0,2,0,0,0,0,0,0,0,0,0,0,0,0,1
572,92,第45回神奈川県かるた大会,2012-07-15,E2,E,21,21,51,5,5,1,0,0,11,11,0,0,0,11,0,0,0,0,0,0,0,0,0,0,0,0,1
573,92,第45回神奈川県かるた大会,2012-07-15,E3,E,21,21,51,5,5,1,0,0,11,11,0,0,0,11,0,0,0,0,0,0,0,0,0,0,0,0,1
574,92,第45回神奈川県かるた大会,2012-07-15,F2,,16,16,30,4,4,1,0,0,0,0,0,0,0,0,0,2,0,0,0,0,0,0,0,0,0,0,1
575,92,第45回神奈川県かるた大会,2012-07-15,F3,,16,16,30,4,4,1,0,0,0,0,0,0,0,0,0,0,0,0,0,0,0,0,0,0,0,0,1
576,92,第45回神奈川県かるた大会,2012-07-15,F4,,16,16,30,4,4,1,0,0,0,0,0,0,0,0,0,0,0,0,0,0,0,0,0,0,0,0,1
577,92,第45回神奈川県かるた大会,2012-07-15,G2,,20,20,50,5,5,1,0,0,12,12,0,0,0,12,0,0,0,0,0,0,0,0,0,0,0,0,1
578,92,第45回神奈川県かるた大会,2012-07-15,G3,,20,20,50,5,5,1,0,0,12,12,0,0,0,14,0,0,0,0,0,0,0,0,0,0,0,0,1
579,92,第45回神奈川県かるた大会,2012-07-15,G4,,20,20,50,5,5,1,0,0,12,12,0,0,0,12,0,0,0,0,0,0,0,0,0,0,0,0,1
580,92,第45回神奈川県かるた大会,2012-07-15,G5,,19,19,49,5,5,1,0,0,13,13,0,0,0,13,0,0,0,0,0,0,0,0,0,0,0,0,1
581,92,第45回神奈川県かるた大会,2012-07-15,G6,,19,19,49,5,5,1,0,0,13,13,0,0,0,13,0,0,0,0,0,0,0,0,0,0,0,0,1
582,93,藤原定家卿小倉百人一首撰定記念第66回全国かるた競技京都大会,2012-05-27,D1,D,51,51,113,6,6,1,0,0,13,13,0,0,0,13,0,0,0,0,0,0,0,0,0,0,0,0,1
583,93,藤原定家卿小倉百人一首撰定記念第66回全国かるた競技京都大会,2012-05-27,C2,C,54,54,116,6,6,1,0,0,10,10,0,0,0,10,0,0,0,0,0,0,0,0,0,0,0,0,1
584,93,藤原定家卿小倉百人一首撰定記念第66回全国かるた競技京都大会,2012-05-27,D2,D,53,53,115,6,6,1,0,0,11,11,0,0,0,11,0,0,0,0,0,0,0,0,0,0,0,0,1
585,93,藤原定家卿小倉百人一首撰定記念第66回全国かるた競技京都大会,2012-05-27,D3,D,52,52,114,6,6,1,0,0,12,12,0,0,0,12,0,0,0,0,0,0,0,0,0,0,0,0,1
586,93,藤原定家卿小倉百人一首撰定記念第66回全国かるた競技京都大会,2012-05-27,D4,D,50,50,112,6,6,1,0,0,14,14,0,0,0,14,0,0,0,0,0,0,0,0,0,0,0,0,1
587,93,藤原定家卿小倉百人一首撰定記念第66回全国かるた競技京都大会,2012-05-27,A,A,82,82,208,7,7,1,0,0,46,46,0,0,0,46,0,0,0,0,0,0,0,0,0,0,0,0,1
588,93,藤原定家卿小倉百人一首撰定記念第66回全国かるた競技京都大会,2012-05-27,B,B,116,116,242,7,7,1,0,0,12,12,0,0,0,12,0,0,0,0,0,0,0,0,0,0,0,0,1
589,93,藤原定家卿小倉百人一首撰定記念第66回全国かるた競技京都大会,2012-05-27,C1,C,54,54,116,6,6,1,0,0,10,10,0,0,0,10,0,0,0,0,0,0,0,0,0,0,0,0,1
590,94,第34回全国高等学校小倉百人一首かるた選手権大会(個人戦の部),2012-07-29,A,A,46,46,108,6,6,1,0,0,18,18,0,0,0,18,0,0,0,0,0,0,0,0,0,0,0,0,1
591,94,第34回全国高等学校小倉百人一首かるた選手権大会(個人戦の部),2012-07-29,B1,B,54,54,116,6,6,1,0,0,10,10,0,0,0,10,0,0,0,0,0,0,0,0,0,0,0,0,1
592,94,第34回全国高等学校小倉百人一首かるた選手権大会(個人戦の部),2012-07-29,C1,C,46,46,108,6,6,1,0,0,18,18,0,0,0,18,0,0,0,0,0,0,0,0,0,0,0,0,1
593,94,第34回全国高等学校小倉百人一首かるた選手権大会(個人戦の部),2012-07-29,D1,D,49,49,111,6,6,1,0,0,15,15,0,0,0,15,0,0,0,0,0,0,0,0,0,0,0,0,1
594,94,第34回全国高等学校小倉百人一首かるた選手権大会(個人戦の部),2012-07-29,B2,B,54,54,116,6,6,1,0,0,10,10,0,0,0,10,0,0,0,0,0,0,0,0,0,0,0,0,1
595,94,第34回全国高等学校小倉百人一首かるた選手権大会(個人戦の部),2012-07-29,B3,B,54,54,116,6,6,1,0,0,10,10,0,0,0,10,0,0,0,0,0,0,0,0,0,0,0,0,1
596,94,第34回全国高等学校小倉百人一首かるた選手権大会(個人戦の部),2012-07-29,C2,C,47,47,109,6,6,1,0,0,17,17,0,0,0,17,0,0,0,0,0,0,0,0,0,0,0,0,1
597,94,第34回全国高等学校小倉百人一首かるた選手権大会(個人戦の部),2012-07-29,C3,C,48,48,110,6,6,1,0,0,16,16,0,0,0,16,0,0,0,0,0,0,0,0,0,0,0,0,1
598,94,第34回全国高等学校小倉百人一首かるた選手権大会(個人戦の部),2012-07-29,C4,C,47,47,109,6,6,1,0,2,19,17,0,0,0,17,0,2,0,0,0,0,0,0,0,0,0,0,1
599,94,第34回全国高等学校小倉百人一首かるた選手権大会(個人戦の部),2012-07-29,D2,D,50,50,112,6,6,1,0,0,14,14,0,0,0,16,0,0,0,0,0,0,0,0,0,0,0,0,1
600,94,第34回全国高等学校小倉百人一首かるた選手権大会(個人戦の部),2012-07-29,D3,D,48,48,110,6,6,1,0,0,16,16,0,0,0,18,0,2,0,0,0,0,0,0,0,0,0,0,1
601,94,第34回全国高等学校小倉百人一首かるた選手権大会(個人戦の部),2012-07-29,D4,D,46,46,108,6,6,1,0,0,18,18,0,0,0,20,0,0,0,0,0,0,0,0,0,0,0,0,1
602,94,第34回全国高等学校小倉百人一首かるた選手権大会(個人戦の部),2012-07-29,D5,D,46,46,108,6,6,1,0,0,18,18,0,0,0,18,0,0,0,0,0,0,0,0,0,0,0,0,1
603,94,第34回全国高等学校小倉百人一首かるた選手権大会(個人戦の部),2012-07-29,D6,D,47,47,109,6,6,1,0,0,17,17,0,0,0,19,0,0,0,0,0,0,0,0,0,0,0,0,1
604,94,第34回全国高等学校小倉百人一首かるた選手権大会(個人戦の部),2012-07-29,D7,D,47,47,109,6,6,1,0,0,17,17,0,0,0,17,0,0,0,0,0,0,0,0,0,0,0,0,1
605,94,第34回全国高等学校小倉百人一首かるた選手権大会(個人戦の部),2012-07-29,D8,D,47,47,109,6,6,1,0,2,19,17,0,0,0,17,0,2,0,0,0,0,0,0,0,0,0,0,1
606,95,第33回北日本かるた競技新人戦,2012-12-02,F,,23,23,53,5,5,1,0,0,9,9,0,0,0,9,0,0,0,0,0,0,0,0,0,0,0,0,1
607,96,ひさかた会結成10周年記念大会,2012-12-09,D1,D,21,21,51,5,5,1,0,0,11,11,0,0,0,11,0,0,0,0,0,0,0,0,0,0,0,0,1
608,96,ひさかた会結成10周年記念大会,2012-12-09,E1,E,27,27,57,5,5,1,0,0,5,5,0,0,0,7,0,0,0,0,0,0,0,0,0,0,0,0,1
609,96,ひさかた会結成10周年記念大会,2012-12-09,D2,D,19,19,49,5,5,1,0,0,13,13,0,0,0,13,0,0,0,0,0,0,0,0,0,0,0,0,1
610,96,ひさかた会結成10周年記念大会,2012-12-09,E2,E,29,29,59,5,5,1,0,0,3,3,0,0,0,3,0,0,0,0,0,0,0,0,0,0,0,0,1
611,97,第44回全国競技かるた女流選手権大会,2012-12-23,A,A,35,35,97,6,6,1,0,0,29,29,0,0,0,29,0,0,0,0,0,0,0,0,0,0,0,0,1
612,97,第44回全国競技かるた女流選手権大会,2012-12-23,B,B,54,54,116,6,6,1,0,0,10,10,0,0,0,10,0,0,0,0,0,0,0,0,0,0,0,0,1
613,97,第44回全国競技かるた女流選手権大会,2012-12-23,C,C,51,51,113,6,6,1,0,0,13,13,0,0,0,13,0,0,0,0,0,0,0,0,0,0,0,0,1
614,97,第44回全国競技かるた女流選手権大会,2012-12-23,シニア,,16,16,30,4,4,1,0,0,0,0,0,0,0,0,0,0,0,0,0,0,0,0,0,0,0,0,1
615,98,"第43回太宰府小倉百人一首かるた競技大会(A,B)",2013-01-03,A,A,64,64,126,6,6,1,0,0,0,0,0,0,0,0,0,2,0,0,0,0,0,0,0,0,0,0,1
616,98,"第43回太宰府小倉百人一首かるた競技大会(A,B)",2013-01-03,B,B,52,52,114,6,6,1,0,0,12,12,0,0,0,12,0,0,0,0,0,0,0,0,0,0,0,0,1
617,99,"第43回太宰府小倉百人一首かるた競技大会(C,D)",2013-01-13,C1,C,34,34,96,6,6,1,0,0,30,30,0,0,0,30,0,0,0,0,0,0,0,0,0,0,0,0,1
618,99,"第43回太宰府小倉百人一首かるた競技大会(C,D)",2013-01-13,D1,D,32,32,62,5,5,1,0,0,0,0,0,0,0,2,0,0,0,0,0,0,0,0,0,0,0,0,1
619,99,"第43回太宰府小倉百人一首かるた競技大会(C,D)",2013-01-13,C2,C,33,33,95,6,6,1,0,0,31,31,0,0,0,35,0,0,0,0,0,0,0,0,0,0,0,0,1
620,99,"第43回太宰府小倉百人一首かるた競技大会(C,D)",2013-01-13,D2,D,32,32,62,5,5,1,0,0,0,0,0,0,0,4,0,0,0,0,0,0,0,0,0,0,0,0,1
621,99,"第43回太宰府小倉百人一首かるた競技大会(C,D)",2013-01-13,D3,D,32,32,62,5,5,1,0,0,0,0,0,0,0,4,0,0,0,0,0,0,0,0,0,0,0,0,1
622,99,"第43回太宰府小倉百人一首かるた競技大会(C,D)",2013-01-13,D4,D,32,32,62,5,5,1,0,0,0,0,0,0,0,4,0,0,0,0,0,0,0,0,0,0,0,0,1
623,100,"第58回新春全国競技かるた大会(D,E)",2013-01-05,D1,D,28,28,58,5,5,1,0,0,4,4,0,0,0,4,0,0,0,0,0,0,0,0,0,0,0,0,1
624,100,"第58回新春全国競技かるた大会(D,E)",2013-01-05,E1,E,33,33,95,6,6,1,0,0,31,31,0,0,0,31,0,2,0,0,0,0,0,0,0,0,0,0,1
625,100,"第58回新春全国競技かるた大会(D,E)",2013-01-05,D2,D,31,31,61,5,5,1,0,0,1,1,0,0,0,1,0,0,0,0,0,0,0,0,0,0,0,0,1
626,100,"第58回新春全国競技かるた大会(D,E)",2013-01-05,D3,D,31,31,61,5,5,1,0,0,1,1,0,0,0,3,0,0,0,0,0,0,0,0,0,0,0,0,1
627,100,"第58回新春全国競技かるた大会(D,E)",2013-01-05,D4,D,29,29,59,5,5,1,0,0,3,3,0,0,0,3,0,0,0,0,0,0,0,0,0,0,0,0,1
628,100,"第58回新春全国競技かるた大会(D,E)",2013-01-05,D5,D,29,29,59,5,5,1,0,0,3,3,0,0,0,3,0,0,0,0,0,0,0,0,0,0,0,0,1
629,100,"第58回新春全国競技かるた大会(D,E)",2013-01-05,D6,D,30,30,60,5,5,1,0,0,2,2,0,0,0,2,0,0,0,0,0,0,0,0,0,0,0,0,1
630,100,"第58回新春全国競技かるた大会(D,E)",2013-01-05,D7,D,29,29,59,5,5,1,0,0,3,3,0,0,0,3,0,0,0,0,0,0,0,0,0,0,0,0,1
631,100,"第58回新春全国競技かるた大会(D,E)",2013-01-05,D8,D,28,28,58,5,5,1,0,0,4,4,0,0,0,8,0,0,0,0,0,0,0,0,0,0,0,0,1
632,100,"第58回新春全国競技かるた大会(D,E)",2013-01-05,E2,E,32,32,62,5,5,1,0,0,0,0,0,0,0,0,0,0,0,0,0,0,0,0,0,0,0,0,1
633,100,"第58回新春全国競技かるた大会(D,E)",2013-01-05,E3,E,30,30,60,5,5,1,0,0,2,2,0,0,0,2,0,0,0,0,0,0,0,0,0,0,0,0,1
634,100,"第58回新春全国競技かるた大会(D,E)",2013-01-05,E4,E,31,31,61,5,5,1,0,0,1,1,0,0,0,1,0,0,0,0,0,0,0,0,0,0,0,0,1
635,100,"第58回新春全国競技かるた大会(D,E)",2013-01-05,E5,E,31,31,61,5,5,1,0,0,1,1,0,0,0,1,0,0,0,0,0,0,0,0,0,0,0,0,1
636,100,"第58回新春全国競技かるた大会(D,E)",2013-01-05,E6,E,33,33,95,6,6,1,0,0,31,31,0,0,0,31,0,0,0,0,0,0,0,0,0,0,0,0,1
637,100,"第58回新春全国競技かるた大会(D,E)",2013-01-05,E7,E,34,34,96,6,6,1,0,0,30,30,0,0,0,30,0,0,0,0,0,0,0,0,0,0,0,0,1
638,100,"第58回新春全国競技かるた大会(D,E)",2013-01-05,E8,E,32,32,62,5,5,1,0,0,0,0,0,0,0,0,0,0,0,0,0,0,0,0,0,0,0,0,1
639,101,第66回全国かるた競技東京東会大会(E),2013-01-13,E1,E,27,27,57,5,5,1,0,0,5,5,0,0,0,7,0,0,0,0,0,0,0,0,0,0,0,0,1
640,101,第66回全国かるた競技東京東会大会(E),2013-01-13,E2,E,28,28,58,5,5,1,0,0,4,4,0,0,0,4,0,0,0,0,0,0,0,0,0,0,0,0,1
641,101,第66回全国かるた競技東京東会大会(E),2013-01-13,E3,E,28,28,58,5,5,1,0,0,4,4,0,0,0,4,0,0,0,0,0,0,0,0,0,0,0,0,1
642,101,第66回全国かるた競技東京東会大会(E),2013-01-13,E4,E,27,27,57,5,5,1,0,0,5,5,0,0,0,5,0,0,0,0,0,0,0,0,0,0,0,0,1
643,101,第66回全国かるた競技東京東会大会(E),2013-01-13,E5,E,28,28,58,5,5,1,0,0,4,4,0,0,0,4,0,0,0,0,0,0,0,0,0,0,0,0,1
644,101,第66回全国かるた競技東京東会大会(E),2013-01-13,E6,E,25,25,55,5,5,1,0,0,7,7,0,0,0,7,0,2,0,0,0,0,0,0,0,0,0,0,1
645,101,第66回全国かるた競技東京東会大会(E),2013-01-13,E7,E,28,28,58,5,5,1,0,0,4,4,0,0,0,4,0,0,0,0,0,0,0,0,0,0,0,0,1
646,101,第66回全国かるた競技東京東会大会(E),2013-01-13,E8,E,24,24,54,5,5,1,0,0,8,8,0,0,0,8,0,0,0,0,0,0,0,0,0,0,0,0,1
647,101,第66回全国かるた競技東京東会大会(E),2013-01-13,E9,E,26,26,56,5,5,1,0,0,6,6,0,0,0,6,0,0,0,0,0,0,0,0,0,0,0,0,1
648,101,第66回全国かるた競技東京東会大会(E),2013-01-13,E10,E,27,27,57,5,5,1,0,0,5,5,0,0,0,5,0,0,0,0,0,0,0,0,0,0,0,0,1
649,102,"第66回全国かるた競技東京東会大会(A,B,C,D)",2013-01-20,A,A,90,90,216,7,7,1,0,0,38,38,0,0,0,38,0,0,0,0,0,0,0,0,0,0,0,0,1
650,102,"第66回全国かるた競技東京東会大会(A,B,C,D)",2013-01-20,B1,B,71,71,197,7,7,1,0,0,57,57,0,0,0,57,0,0,0,0,0,0,0,0,0,0,0,0,1
651,102,"第66回全国かるた競技東京東会大会(A,B,C,D)",2013-01-20,C1,C,52,52,114,6,6,1,0,0,12,12,0,0,0,12,0,0,0,0,0,0,0,0,0,0,0,0,1
652,102,"第66回全国かるた競技東京東会大会(A,B,C,D)",2013-01-20,D1,D,40,40,102,6,6,1,0,0,24,24,0,0,0,24,0,0,0,0,0,0,0,0,0,0,0,0,1
653,102,"第66回全国かるた競技東京東会大会(A,B,C,D)",2013-01-20,B2,B,70,70,196,7,7,1,0,0,58,58,0,0,0,58,0,0,0,0,0,0,0,0,0,0,0,0,1
654,102,"第66回全国かるた競技東京東会大会(A,B,C,D)",2013-01-20,C2,C,51,51,113,6,6,1,0,0,13,13,0,0,0,15,0,0,0,0,0,0,0,0,0,0,0,0,1
655,102,"第66回全国かるた競技東京東会大会(A,B,C,D)",2013-01-20,C3,C,51,51,113,6,6,1,0,0,13,13,0,0,0,13,0,0,0,0,0,0,0,0,0,0,0,0,1
656,102,"第66回全国かるた競技東京東会大会(A,B,C,D)",2013-01-20,D2,D,37,37,99,6,6,1,0,0,27,27,0,0,0,27,0,0,0,0,0,0,0,0,0,0,0,0,1
657,102,"第66回全国かるた競技東京東会大会(A,B,C,D)",2013-01-20,D3,D,38,38,100,6,6,1,0,0,26,26,0,0,0,26,0,0,0,0,0,0,0,0,0,0,0,0,1
658,102,"第66回全国かるた競技東京東会大会(A,B,C,D)",2013-01-20,D4,D,39,39,101,6,6,1,0,0,25,25,0,0,0,25,0,0,0,0,0,0,0,0,0,0,0,0,1
659,102,"第66回全国かるた競技東京東会大会(A,B,C,D)",2013-01-20,D5,D,38,38,100,6,6,1,0,0,26,26,0,0,0,26,0,0,0,0,0,0,0,0,0,0,0,0,1
660,102,"第66回全国かるた競技東京東会大会(A,B,C,D)",2013-01-20,D6,D,34,34,96,6,6,1,0,0,30,30,0,0,0,32,0,0,0,0,0,0,0,0,0,0,0,0,1
661,102,"第66回全国かるた競技東京東会大会(A,B,C,D)",2013-01-20,D7,D,36,36,98,6,6,1,0,0,28,28,0,0,0,28,0,0,0,0,0,0,0,0,0,0,0,0,1
662,102,"第66回全国かるた競技東京東会大会(A,B,C,D)",2013-01-20,D8,D,39,39,101,6,6,1,0,0,25,25,0,0,0,25,0,0,0,0,0,0,0,0,0,0,0,0,1
663,103,"第29回全国かるた競技熊本大会(C,D,E)",2013-01-27,C,C,43,43,105,6,6,1,0,0,21,21,0,0,0,21,0,0,0,0,0,0,0,0,0,0,0,0,1
664,103,"第29回全国かるた競技熊本大会(C,D,E)",2013-01-27,D1,D,31,31,61,5,5,1,0,0,1,1,0,0,0,3,0,0,0,0,0,0,0,0,0,0,0,0,1
665,103,"第29回全国かるた競技熊本大会(C,D,E)",2013-01-27,E,E,26,26,56,5,5,1,0,0,6,6,0,0,0,8,0,0,0,0,0,0,0,0,0,0,0,0,1
666,103,"第29回全国かるた競技熊本大会(C,D,E)",2013-01-27,D2,D,31,31,61,5,5,1,0,0,1,1,0,0,0,1,0,0,0,0,0,0,0,0,0,0,0,0,1
667,104,"第94回全国競技かるた大阪大会(A,B)",2013-01-27,A,A,49,49,111,6,6,1,0,0,15,15,0,0,0,15,0,0,0,0,0,0,0,0,0,0,0,0,1
668,104,"第94回全国競技かるた大阪大会(A,B)",2013-01-27,B,B,73,73,199,7,7,1,0,0,55,55,0,0,0,55,0,0,0,0,0,0,0,0,0,0,0,0,1
669,105,"第94回全国競技かるた大阪大会(C,D,E)",2013-02-03,D1,D,46,46,108,6,6,1,0,0,18,18,0,0,0,20,0,0,0,0,0,0,0,0,0,0,0,0,1
670,105,"第94回全国競技かるた大阪大会(C,D,E)",2013-02-03,E1,E,39,39,101,6,6,1,0,0,25,25,0,0,0,25,0,0,0,0,0,0,0,0,0,0,0,0,1
671,105,"第94回全国競技かるた大阪大会(C,D,E)",2013-02-03,C1,C,38,38,100,6,6,1,0,0,26,26,0,0,0,26,0,0,0,0,0,0,0,0,0,0,0,0,1
672,105,"第94回全国競技かるた大阪大会(C,D,E)",2013-02-03,C2,C,38,38,100,6,6,1,0,0,26,26,0,0,0,26,0,0,0,0,0,0,0,0,0,0,0,0,1
673,105,"第94回全国競技かるた大阪大会(C,D,E)",2013-02-03,D2,D,49,49,111,6,6,1,0,0,15,15,0,0,0,15,0,0,0,0,0,0,0,0,0,0,0,0,1
674,105,"第94回全国競技かるた大阪大会(C,D,E)",2013-02-03,D3,D,46,46,108,6,6,1,0,0,18,18,0,0,0,18,0,0,0,0,0,0,0,0,0,0,0,0,1
675,105,"第94回全国競技かるた大阪大会(C,D,E)",2013-02-03,D4,D,47,47,109,6,6,1,0,0,17,17,0,0,0,17,0,0,0,0,0,0,0,0,0,0,0,0,1
676,105,"第94回全国競技かるた大阪大会(C,D,E)",2013-02-03,E2,E,30,30,60,5,5,1,0,0,2,2,0,0,0,2,0,0,0,0,0,0,0,0,0,0,0,0,1
677,105,"第94回全国競技かるた大阪大会(C,D,E)",2013-02-03,E3,E,38,38,100,6,6,1,0,0,26,26,0,0,0,26,0,0,0,0,0,0,0,0,0,0,0,0,1
678,106,"第62回高松宮記念杯近江神宮全国歌かるた大会(A,B)",2013-01-13,A,A,74,74,200,7,7,1,0,4,58,54,0,0,0,54,0,6,0,0,0,0,0,0,0,0,0,0,1
679,106,"第62回高松宮記念杯近江神宮全国歌かるた大会(A,B)",2013-01-13,B,B,99,99,225,7,7,1,0,0,29,29,0,0,0,29,0,0,0,0,0,0,0,0,0,0,0,0,1
680,107,"第62回高松宮記念杯近江神宮全国歌かるた大会(C,D,E)",2013-01-14,C1,C,63,63,125,6,6,1,0,2,3,1,0,0,0,1,0,2,0,0,0,0,0,0,0,0,0,0,1
681,107,"第62回高松宮記念杯近江神宮全国歌かるた大会(C,D,E)",2013-01-14,D1,D,53,53,115,6,6,1,0,0,11,11,0,0,0,11,0,0,0,0,0,0,0,0,0,0,0,0,1
682,107,"第62回高松宮記念杯近江神宮全国歌かるた大会(C,D,E)",2013-01-14,E1,E,35,35,97,6,6,1,0,0,29,29,0,0,0,31,0,2,0,0,0,0,0,0,0,0,0,0,1
683,107,"第62回高松宮記念杯近江神宮全国歌かるた大会(C,D,E)",2013-01-14,C2,C,57,57,119,6,6,1,0,0,7,7,0,0,0,9,0,0,0,0,0,0,0,0,0,0,0,0,1
684,107,"第62回高松宮記念杯近江神宮全国歌かるた大会(C,D,E)",2013-01-14,D2,D,53,53,115,6,6,1,0,0,11,11,0,0,0,11,0,2,0,0,0,0,0,0,0,0,0,0,1
685,107,"第62回高松宮記念杯近江神宮全国歌かるた大会(C,D,E)",2013-01-14,D3,D,52,52,114,6,6,1,0,0,12,12,0,0,0,12,0,0,0,0,0,0,0,0,0,0,0,0,1
686,107,"第62回高松宮記念杯近江神宮全国歌かるた大会(C,D,E)",2013-01-14,D4,D,52,52,114,6,6,1,0,0,12,12,0,0,0,14,0,0,0,0,0,0,0,0,0,0,0,0,1
687,107,"第62回高松宮記念杯近江神宮全国歌かるた大会(C,D,E)",2013-01-14,E2,E,62,62,124,6,6,1,0,0,2,2,0,0,0,6,0,2,0,0,0,0,0,0,0,0,0,0,1
688,107,"第62回高松宮記念杯近江神宮全国歌かるた大会(C,D,E)",2013-01-14,E3,E,38,38,100,6,6,1,0,0,26,26,0,0,0,26,0,0,0,0,0,0,0,0,0,0,0,0,1
689,108,第63回全国かるた競技東京白妙大会,2013-02-11,A,A,94,94,220,7,7,1,0,0,34,34,0,0,0,34,0,0,0,0,0,0,0,0,0,0,0,0,1
690,108,第63回全国かるた競技東京白妙大会,2013-02-11,B1,B,62,62,124,6,6,1,0,0,2,2,0,0,0,2,0,0,0,0,0,0,0,0,0,0,0,0,1
691,108,第63回全国かるた競技東京白妙大会,2013-02-11,C1,C,41,41,103,6,6,1,0,0,23,23,0,0,0,23,0,0,0,0,0,0,0,0,0,0,0,0,1
692,108,第63回全国かるた競技東京白妙大会,2013-02-11,D1,D,38,38,100,6,6,1,0,0,26,26,0,0,0,30,0,0,0,0,0,0,0,0,0,0,0,0,1
693,108,第63回全国かるた競技東京白妙大会,2013-02-11,B2,B,62,62,124,6,6,1,0,0,2,2,0,0,0,4,0,0,0,0,0,0,0,0,0,0,0,0,1
694,108,第63回全国かるた競技東京白妙大会,2013-02-11,C2,C,40,40,102,6,6,1,0,0,24,24,0,0,0,24,0,0,0,0,0,0,0,0,0,0,0,0,1
695,108,第63回全国かるた競技東京白妙大会,2013-02-11,C3,C,41,41,103,6,6,1,0,0,23,23,0,0,0,23,0,0,0,0,0,0,0,0,0,0,0,0,1
696,108,第63回全国かるた競技東京白妙大会,2013-02-11,D2,D,39,39,101,6,6,1,0,0,25,25,0,0,0,25,0,0,0,0,0,0,0,0,0,0,0,0,1
697,108,第63回全国かるた競技東京白妙大会,2013-02-11,D3,D,41,41,103,6,6,1,0,0,23,23,0,0,0,23,0,0,0,0,0,0,0,0,0,0,0,0,1
698,108,第63回全国かるた競技東京白妙大会,2013-02-11,D4,D,41,41,103,6,6,1,0,0,23,23,0,0,0,27,0,0,0,0,0,0,0,0,0,0,0,0,1
699,109,"第31回全国競技かるた東京吉野会大会(B,C)",2013-02-03,B1,B,66,66,192,7,7,1,0,0,62,62,0,0,0,62,0,0,0,0,0,0,0,0,0,0,0,0,1
700,109,"第31回全国競技かるた東京吉野会大会(B,C)",2013-02-03,C1,C,64,64,126,6,6,1,0,0,0,0,0,0,0,2,0,0,0,0,0,0,0,0,0,0,0,0,1
701,109,"第31回全国競技かるた東京吉野会大会(B,C)",2013-02-03,B2,B,65,65,191,7,7,1,0,0,63,63,0,0,0,63,0,0,0,0,0,0,0,0,0,0,0,0,1
702,109,"第31回全国競技かるた東京吉野会大会(B,C)",2013-02-03,C2,C,60,60,122,6,6,1,0,0,4,4,0,0,0,4,0,0,0,0,0,0,0,0,0,0,0,0,1
703,110,第46回全国かるた競技静岡大会,2013-02-17,A,A,75,75,201,7,7,1,0,0,53,53,0,0,0,53,0,0,0,0,0,0,0,0,0,0,0,0,1
704,110,第46回全国かるた競技静岡大会,2013-02-17,B,B,110,110,236,7,7,1,0,2,20,18,0,0,0,18,0,2,0,0,0,0,0,0,0,0,0,0,1
705,110,第46回全国かるた競技静岡大会,2013-02-17,C1,C,55,55,117,6,6,1,0,2,11,9,0,0,0,11,0,2,0,0,0,0,0,0,0,0,0,0,1
706,110,第46回全国かるた競技静岡大会,2013-02-17,D1,D,37,37,99,6,6,1,0,0,27,27,0,0,0,29,0,0,0,0,0,0,0,0,0,0,0,0,1
707,110,第46回全国かるた競技静岡大会,2013-02-17,E1,E,30,30,60,5,5,1,0,0,2,2,0,0,0,2,0,0,0,0,0,0,0,0,0,0,0,0,1
708,110,第46回全国かるた競技静岡大会,2013-02-17,C2,C,55,55,117,6,6,1,0,2,11,9,0,0,0,9,0,2,0,0,0,0,0,0,0,0,0,0,1
709,110,第46回全国かるた競技静岡大会,2013-02-17,D2,D,34,34,96,6,6,1,0,0,30,30,0,0,0,30,0,0,0,0,0,0,0,0,0,0,0,0,1
710,110,第46回全国かるた競技静岡大会,2013-02-17,D3,D,33,33,95,6,6,1,0,0,31,31,0,0,0,31,0,0,0,0,0,0,0,0,0,0,0,0,1
711,110,第46回全国かるた競技静岡大会,2013-02-17,E2,E,30,30,60,5,5,1,0,0,2,2,0,0,0,2,0,0,0,0,0,0,0,0,0,0,0,0,1
712,111,"第32回全国かるた競技鹿児島大会(A,B,C)",2013-03-17,A,A,34,34,96,6,6,1,0,0,30,30,0,0,0,30,0,0,0,0,0,0,0,0,0,0,0,0,1
713,111,"第32回全国かるた競技鹿児島大会(A,B,C)",2013-03-17,B,B,42,42,104,6,6,1,0,0,22,22,0,0,0,22,0,0,0,0,0,0,0,0,0,0,0,0,1
714,111,"第32回全国かるた競技鹿児島大会(A,B,C)",2013-03-17,C,C,47,47,109,6,6,1,0,0,17,17,0,0,0,19,0,0,0,0,0,0,0,0,0,0,0,0,1
715,112,"第83回全国かるた競技学生選手権大会(A,B,C)",2013-03-23,A,A,97,97,223,7,7,1,0,0,31,31,0,0,0,31,0,0,0,0,0,0,0,0,0,0,0,0,1
716,112,"第83回全国かるた競技学生選手権大会(A,B,C)",2013-03-23,B1,B,110,110,236,7,7,1,0,0,18,18,0,0,0,18,0,0,0,0,0,0,0,0,0,0,0,0,1
717,112,"第83回全国かるた競技学生選手権大会(A,B,C)",2013-03-23,C1,C,44,44,106,6,6,1,0,0,20,20,0,0,0,20,0,0,0,0,0,0,0,0,0,0,0,0,1
718,112,"第83回全国かるた競技学生選手権大会(A,B,C)",2013-03-23,B2,B,111,111,237,7,7,1,0,0,17,17,0,0,0,17,0,0,0,0,0,0,0,0,0,0,0,0,1
719,112,"第83回全国かるた競技学生選手権大会(A,B,C)",2013-03-23,C2,C,41,41,103,6,6,1,0,0,23,23,0,0,0,27,0,0,0,0,0,0,0,0,0,0,0,0,1
720,112,"第83回全国かるた競技学生選手権大会(A,B,C)",2013-03-23,C3,C,45,45,107,6,6,1,0,0,19,19,0,0,0,21,0,0,0,0,0,0,0,0,0,0,0,0,1
721,112,"第83回全国かるた競技学生選手権大会(A,B,C)",2013-03-23,C4,C,45,45,107,6,6,1,0,0,19,19,0,0,0,21,0,0,0,0,0,0,0,0,0,0,0,0,1
722,112,"第83回全国かるた競技学生選手権大会(A,B,C)",2013-03-23,C5,C,44,44,106,6,6,1,0,0,20,20,0,0,0,22,0,0,0,0,0,0,0,0,0,0,0,0,1
723,113,"第22回全国競技かるた奈良大会(B,C,D,E,ねんりん)",2013-02-17,B,B,73,73,199,7,7,1,0,0,55,55,0,0,0,55,0,0,0,0,0,0,0,0,0,0,0,0,1
724,113,"第22回全国競技かるた奈良大会(B,C,D,E,ねんりん)",2013-02-17,C1,C,33,33,95,6,6,1,0,0,31,31,0,0,0,31,0,0,0,0,0,0,0,0,0,0,0,0,1
725,113,"第22回全国競技かるた奈良大会(B,C,D,E,ねんりん)",2013-02-17,D1,D,40,40,102,6,6,1,0,0,24,24,0,0,0,24,0,0,0,0,0,0,0,0,0,0,0,0,1
726,113,"第22回全国競技かるた奈良大会(B,C,D,E,ねんりん)",2013-02-17,E1,E,16,16,30,4,4,1,0,0,0,0,0,0,0,0,0,0,0,0,0,0,0,0,0,0,0,0,1
727,113,"第22回全国競技かるた奈良大会(B,C,D,E,ねんりん)",2013-02-17,ねんりん,,10,10,24,4,4,1,0,0,6,6,0,0,0,6,0,0,0,0,0,0,0,0,0,0,0,0,1
728,113,"第22回全国競技かるた奈良大会(B,C,D,E,ねんりん)",2013-02-17,C2,C,34,34,96,6,6,1,0,0,30,30,0,0,0,30,0,0,0,0,0,0,0,0,0,0,0,0,1
729,113,"第22回全国競技かるた奈良大会(B,C,D,E,ねんりん)",2013-02-17,D2,D,39,39,101,6,6,1,0,0,25,25,0,0,0,25,0,0,0,0,0,0,0,0,0,0,0,0,1
730,113,"第22回全国競技かるた奈良大会(B,C,D,E,ねんりん)",2013-02-17,D3,D,40,40,102,6,6,1,0,0,24,24,0,0,0,24,0,0,0,0,0,0,0,0,0,0,0,0,1
731,113,"第22回全国競技かるた奈良大会(B,C,D,E,ねんりん)",2013-02-17,E2,E,24,24,54,5,5,1,0,0,8,8,0,0,0,8,0,2,0,0,0,0,0,0,0,0,0,0,1
732,113,"第22回全国競技かるた奈良大会(B,C,D,E,ねんりん)",2013-02-17,E3,E,23,23,53,5,5,1,0,0,9,9,0,0,0,9,0,0,0,0,0,0,0,0,0,0,0,0,1
733,113,"第22回全国競技かるた奈良大会(B,C,D,E,ねんりん)",2013-02-17,E4,E,17,17,47,5,5,1,0,0,15,15,0,0,0,15,0,0,0,0,0,0,0,0,0,0,0,0,1
734,114,"第32回全国かるた競技鹿児島大会(D,E)",2013-03-20,D1,D,18,18,48,5,5,1,0,0,14,14,0,0,0,14,0,0,0,0,0,0,0,0,0,0,0,0,1
735,114,"第32回全国かるた競技鹿児島大会(D,E)",2013-03-20,E1,E,25,25,55,5,5,1,0,0,7,7,0,0,0,7,0,0,0,0,0,0,0,0,0,0,0,0,1
736,114,"第32回全国かるた競技鹿児島大会(D,E)",2013-03-20,D2,D,17,17,47,5,5,1,0,0,15,15,0,0,0,15,0,0,0,0,0,0,0,0,0,0,0,0,1
737,114,"第32回全国かるた競技鹿児島大会(D,E)",2013-03-20,E2,E,25,25,55,5,5,1,0,0,7,7,0,0,0,7,0,0,0,0,0,0,0,0,0,0,0,0,1
738,114,"第32回全国かるた競技鹿児島大会(D,E)",2013-03-20,E3,E,26,26,56,5,5,1,0,0,6,6,0,0,0,6,0,0,0,0,0,0,0,0,0,0,0,0,1
739,115,"第58回新春全国競技かるた大会(A,B,C)",2013-01-06,A,A,86,86,212,7,7,1,0,0,42,42,0,0,0,44,0,0,0,0,0,0,0,0,0,0,0,0,1
740,115,"第58回新春全国競技かるた大会(A,B,C)",2013-01-06,B1,B,69,69,195,7,7,1,0,0,59,59,0,0,0,59,0,0,0,0,0,0,0,0,0,0,0,0,1
741,115,"第58回新春全国競技かるた大会(A,B,C)",2013-01-06,C1,C,45,45,107,6,6,1,0,0,19,19,0,0,0,19,0,0,0,0,0,0,0,0,0,0,0,0,1
742,115,"第58回新春全国競技かるた大会(A,B,C)",2013-01-06,B2,B,67,67,193,7,7,1,0,0,61,61,0,0,0,61,0,0,0,0,0,0,0,0,0,0,0,0,1
743,115,"第58回新春全国競技かるた大会(A,B,C)",2013-01-06,C2,C,46,46,108,6,6,1,0,0,18,18,0,0,0,20,0,0,0,0,0,0,0,0,0,0,0,0,1
744,115,"第58回新春全国競技かるた大会(A,B,C)",2013-01-06,C3,C,46,46,108,6,6,1,0,0,18,18,0,0,0,18,0,0,0,0,0,0,0,0,0,0,0,0,1
745,116,第94回全国百人一首かるた競技横浜大会,2013-01-27,A,A,78,78,204,7,7,1,0,0,50,50,0,0,0,50,0,0,0,0,0,0,0,0,0,0,0,0,1
746,116,第94回全国百人一首かるた競技横浜大会,2013-01-27,B1,B,59,59,121,6,6,1,0,0,5,5,0,0,0,5,0,0,0,0,0,0,0,0,0,0,0,0,1
747,116,第94回全国百人一首かるた競技横浜大会,2013-01-27,C1,C,44,44,106,6,6,1,0,0,20,20,0,0,0,20,0,0,0,0,0,0,0,0,0,0,0,0,1
748,116,第94回全国百人一首かるた競技横浜大会,2013-01-27,D1,D,42,42,104,6,6,1,0,0,22,22,0,0,0,22,0,0,0,0,0,0,0,0,0,0,0,0,1
749,116,第94回全国百人一首かるた競技横浜大会,2013-01-27,B2,B,63,63,125,6,6,1,0,0,1,1,0,0,0,1,0,0,0,0,0,0,0,0,0,0,0,0,1
750,116,第94回全国百人一首かるた競技横浜大会,2013-01-27,C2,C,47,47,109,6,6,1,0,0,17,17,0,0,0,17,0,0,0,0,0,0,0,0,0,0,0,0,1
751,116,第94回全国百人一首かるた競技横浜大会,2013-01-27,C3,C,47,47,109,6,6,1,0,0,17,17,0,0,0,19,0,0,0,0,0,0,0,0,0,0,0,0,1
752,116,第94回全国百人一首かるた競技横浜大会,2013-01-27,D2,D,42,42,104,6,6,1,0,0,22,22,0,0,0,24,0,0,0,0,0,0,0,0,0,0,0,0,1
753,116,第94回全国百人一首かるた競技横浜大会,2013-01-27,D3,D,40,40,102,6,6,1,0,0,24,24,0,0,0,24,0,0,0,0,0,0,0,0,0,0,0,0,1
754,116,第94回全国百人一首かるた競技横浜大会,2013-01-27,D4,D,41,41,103,6,6,1,0,0,23,23,0,0,0,23,0,0,0,0,0,0,0,0,0,0,0,0,1
755,117,"第27回全国かるたさがみ野大会(A,B,C)",2013-05-04,A,A,88,88,214,7,7,1,0,0,40,40,0,0,0,40,0,0,0,0,0,0,0,0,0,0,0,0,1
756,117,"第27回全国かるたさがみ野大会(A,B,C)",2013-05-04,B1,B,77,77,203,7,7,1,0,0,51,51,0,0,0,51,0,0,0,0,0,0,0,0,0,0,0,0,1
757,117,"第27回全国かるたさがみ野大会(A,B,C)",2013-05-04,C1,C,51,51,113,6,6,1,0,0,13,13,0,0,0,13,0,0,0,0,0,0,0,0,0,0,0,0,1
758,117,"第27回全国かるたさがみ野大会(A,B,C)",2013-05-04,B2,B,76,76,202,7,7,1,0,0,52,52,0,0,0,52,0,0,0,0,0,0,0,0,0,0,0,0,1
759,117,"第27回全国かるたさがみ野大会(A,B,C)",2013-05-04,C2,C,50,50,112,6,6,1,0,0,14,14,0,0,0,14,0,0,0,0,0,0,0,0,0,0,0,0,1
760,117,"第27回全国かるたさがみ野大会(A,B,C)",2013-05-04,C3,C,48,48,110,6,6,1,0,0,16,16,0,0,0,16,0,0,0,0,0,0,0,0,0,0,0,0,1
761,118,"第27回全国かるたさがみ野大会(D,E)",2013-04-28,D1,D,27,27,57,5,5,1,0,0,5,5,0,0,0,7,0,0,0,0,0,0,0,0,0,0,0,0,1
762,118,"第27回全国かるたさがみ野大会(D,E)",2013-04-28,E1,E,29,29,59,5,5,1,0,0,3,3,0,0,0,3,0,0,0,0,0,0,0,0,0,0,0,0,1
763,118,"第27回全国かるたさがみ野大会(D,E)",2013-04-28,D2,D,27,27,57,5,5,1,0,0,5,5,0,0,0,7,0,0,0,0,0,0,0,0,0,0,0,0,1
764,118,"第27回全国かるたさがみ野大会(D,E)",2013-04-28,D3,D,26,26,56,5,5,1,0,0,6,6,0,0,0,6,0,0,0,0,0,0,0,0,0,0,0,0,1
765,118,"第27回全国かるたさがみ野大会(D,E)",2013-04-28,D4,D,28,28,58,5,5,1,0,0,4,4,0,0,0,4,0,0,0,0,0,0,0,0,0,0,0,0,1
766,118,"第27回全国かるたさがみ野大会(D,E)",2013-04-28,D5,D,28,28,58,5,5,1,0,0,4,4,0,0,0,4,0,0,0,0,0,0,0,0,0,0,0,0,1
767,118,"第27回全国かるたさがみ野大会(D,E)",2013-04-28,D6,D,26,26,56,5,5,1,0,0,6,6,0,0,0,6,0,0,0,0,0,0,0,0,0,0,0,0,1
768,118,"第27回全国かるたさがみ野大会(D,E)",2013-04-28,D7,D,25,25,55,5,5,1,0,0,7,7,0,0,0,7,0,0,0,0,0,0,0,0,0,0,0,0,1
769,118,"第27回全国かるたさがみ野大会(D,E)",2013-04-28,E2,E,31,31,61,5,5,1,0,0,1,1,0,0,0,1,0,0,0,0,0,0,0,0,0,0,0,0,1
770,118,"第27回全国かるたさがみ野大会(D,E)",2013-04-28,E3,E,29,29,59,5,5,1,0,0,3,3,0,0,0,3,0,0,0,0,0,0,0,0,0,0,0,0,1
771,118,"第27回全国かるたさがみ野大会(D,E)",2013-04-28,E4,E,30,30,60,5,5,1,0,0,2,2,0,0,0,2,0,0,0,0,0,0,0,0,0,0,0,0,1
772,118,"第27回全国かるたさがみ野大会(D,E)",2013-04-28,E5,E,31,31,61,5,5,1,0,0,1,1,0,0,0,1,0,2,0,0,0,0,0,0,0,0,0,0,1
773,118,"第27回全国かるたさがみ野大会(D,E)",2013-04-28,E6,E,29,29,59,5,5,1,0,0,3,3,0,0,0,3,0,0,0,0,0,0,0,0,0,0,0,0,1
774,118,"第27回全国かるたさがみ野大会(D,E)",2013-04-28,E7,E,31,31,61,5,5,1,0,0,1,1,0,0,0,1,0,2,0,0,0,0,0,0,0,0,0,0,1
775,119,第52回全日本かるた選手権大会,2013-04-21,A,A,75,75,201,7,7,1,0,0,53,53,0,0,0,53,0,0,0,0,0,0,0,0,0,0,0,0,1
776,120,第14回上杉杯争奪全国かるた競技大会,2013-04-27,A,A,46,46,108,6,6,1,0,0,18,18,0,0,0,18,0,0,0,0,0,0,0,0,0,0,0,0,1
777,120,第14回上杉杯争奪全国かるた競技大会,2013-04-27,B,B,43,43,105,6,6,1,0,0,21,21,0,0,0,23,0,0,0,0,0,0,0,0,0,0,0,0,1
778,120,第14回上杉杯争奪全国かるた競技大会,2013-04-27,C,C,37,37,99,6,6,1,0,0,27,27,0,0,0,29,0,0,0,0,0,0,0,0,0,0,0,0,1
779,120,第14回上杉杯争奪全国かるた競技大会,2013-04-27,D,D,47,47,109,6,6,1,0,0,17,17,0,0,0,17,0,0,0,0,0,0,0,0,0,0,0,0,1
780,120,第14回上杉杯争奪全国かるた競技大会,2013-04-27,E,E,41,41,103,6,6,1,0,0,23,23,0,0,0,23,0,2,0,0,0,0,0,0,0,0,0,0,1
781,121,"第30回全国かるた競技熊本大会(A,B)",2013-04-28,A,A,38,38,100,6,6,1,0,0,26,26,0,0,0,26,0,0,0,0,0,0,0,0,0,0,0,0,1
782,121,"第30回全国かるた競技熊本大会(A,B)",2013-04-28,B,B,54,54,116,6,6,1,0,0,10,10,0,0,0,10,0,0,0,0,0,0,0,0,0,0,0,0,1
783,122,第25回全日本シニアかるた選手権大会,2013-05-18,A,A,12,12,26,4,4,1,0,0,4,4,0,0,0,4,0,0,0,0,0,0,0,0,0,0,0,0,1
784,122,第25回全日本シニアかるた選手権大会,2013-05-18,B,B,15,15,29,4,4,1,0,0,1,1,0,0,0,1,0,0,0,0,0,0,0,0,0,0,0,0,1
785,122,第25回全日本シニアかるた選手権大会,2013-05-18,C,C,10,10,24,4,4,1,0,0,6,6,0,0,0,6,0,0,0,0,0,0,0,0,0,0,0,0,1
786,122,第25回全日本シニアかるた選手権大会,2013-05-18,D,D,17,17,47,5,5,1,0,0,15,15,0,0,0,15,0,0,0,0,0,0,0,0,0,0,0,0,1
787,122,第25回全日本シニアかるた選手権大会,2013-05-18,G,,11,11,25,4,4,1,0,2,7,5,0,0,0,5,0,2,0,0,0,0,0,0,0,0,0,0,1
788,123,藤原定家卿小倉百人一首撰定記念第67回全国かるた競技京都大会(D),2013-06-01,D1,D,50,50,112,6,6,1,0,0,14,14,0,0,0,14,0,0,0,0,0,0,0,0,0,0,0,0,1
789,123,藤原定家卿小倉百人一首撰定記念第67回全国かるた競技京都大会(D),2013-06-01,D2,D,49,49,111,6,6,1,0,0,15,15,0,0,0,15,0,0,0,0,0,0,0,0,0,0,0,0,1
790,123,藤原定家卿小倉百人一首撰定記念第67回全国かるた競技京都大会(D),2013-06-01,D3,D,51,51,113,6,6,1,0,0,13,13,0,0,0,13,0,0,0,0,0,0,0,0,0,0,0,0,1
791,123,藤原定家卿小倉百人一首撰定記念第67回全国かるた競技京都大会(D),2013-06-01,D4,D,51,51,113,6,6,1,0,0,13,13,0,0,0,13,0,0,0,0,0,0,0,0,0,0,0,0,1
792,123,藤原定家卿小倉百人一首撰定記念第67回全国かるた競技京都大会(D),2013-06-01,D5,D,51,51,113,6,6,1,0,0,13,13,0,0,0,13,0,0,0,0,0,0,0,0,0,0,0,0,1
793,124,"藤原定家卿小倉百人一首撰定記念第67回全国かるた競技京都大会(A,B,C)",2013-06-02,A,A,104,104,230,7,7,1,0,0,24,24,0,0,0,24,0,0,0,0,0,0,0,0,0,0,0,0,1
794,124,"藤原定家卿小倉百人一首撰定記念第67回全国かるた競技京都大会(A,B,C)",2013-06-02,B1,B,67,67,193,7,7,1,0,0,61,61,0,0,0,61,0,0,0,0,0,0,0,0,0,0,0,0,1
795,124,"藤原定家卿小倉百人一首撰定記念第67回全国かるた競技京都大会(A,B,C)",2013-06-02,C1,C,42,42,104,6,6,1,0,0,22,22,0,0,0,22,0,0,0,0,0,0,0,0,0,0,0,0,1
796,124,"藤原定家卿小倉百人一首撰定記念第67回全国かるた競技京都大会(A,B,C)",2013-06-02,B2,B,67,67,193,7,7,1,0,0,61,61,0,0,0,61,0,0,0,0,0,0,0,0,0,0,0,0,1
797,124,"藤原定家卿小倉百人一首撰定記念第67回全国かるた競技京都大会(A,B,C)",2013-06-02,C2,C,42,42,104,6,6,1,0,0,22,22,0,0,0,22,0,0,0,0,0,0,0,0,0,0,0,0,1
798,124,"藤原定家卿小倉百人一首撰定記念第67回全国かるた競技京都大会(A,B,C)",2013-06-02,C3,C,42,42,104,6,6,1,0,0,22,22,0,0,0,22,0,0,0,0,0,0,0,0,0,0,0,0,1
799,125,第77回椿多摩杯争奪全国かるた大会,2013-06-16,A,A,64,64,126,6,6,1,0,2,2,0,0,0,0,0,0,2,0,0,0,0,0,0,0,0,0,0,1
800,125,第77回椿多摩杯争奪全国かるた大会,2013-06-16,B,B,71,71,197,7,7,1,0,0,57,57,0,0,0,59,0,0,0,0,0,0,0,0,0,0,0,0,1
801,125,第77回椿多摩杯争奪全国かるた大会,2013-06-16,C,C,57,57,119,6,6,1,0,0,7,7,0,0,0,9,0,0,0,0,0,0,0,0,0,0,0,0,1
802,125,第77回椿多摩杯争奪全国かるた大会,2013-06-16,D1,D,50,50,112,6,6,1,0,0,14,14,0,0,0,20,0,0,0,0,0,0,0,0,0,0,0,0,1
803,125,第77回椿多摩杯争奪全国かるた大会,2013-06-16,E1,E,30,30,60,5,5,1,0,0,2,2,0,0,0,4,0,0,0,0,0,0,0,0,0,0,0,0,1
804,125,第77回椿多摩杯争奪全国かるた大会,2013-06-16,D2,D,50,50,112,6,6,1,0,0,14,14,0,0,0,18,0,0,0,0,0,0,0,0,0,0,0,0,1
805,125,第77回椿多摩杯争奪全国かるた大会,2013-06-16,E2,E,29,29,59,5,5,1,0,0,3,3,0,0,0,5,0,0,0,0,0,0,0,0,0,0,0,0,1
806,126,"第37回宗像大社小倉百人一首かるた大会(A,B)",2013-06-16,A,A,43,43,105,6,6,1,0,0,21,21,0,0,0,21,0,0,0,0,0,0,0,0,0,0,0,0,1
807,126,"第37回宗像大社小倉百人一首かるた大会(A,B)",2013-06-16,B,B,58,58,120,6,6,1,0,0,6,6,0,0,0,6,0,0,0,0,0,0,0,0,0,0,0,0,1
808,127,"第66回全国かるた競技福井大会(A,B)",2013-06-16,A,A,53,53,115,6,6,1,0,0,11,11,0,0,0,13,0,0,0,0,0,0,0,0,0,0,0,0,1
809,127,"第66回全国かるた競技福井大会(A,B)",2013-06-16,B,B,65,65,191,7,7,1,0,0,63,63,0,0,0,63,0,0,0,0,0,0,0,0,0,0,0,0,1
810,128,第21回人麿の里・全国かるた競技益田大会,2013-08-11,A,A,31,31,61,5,5,1,0,0,1,1,0,0,0,1,0,0,0,0,0,0,0,0,0,0,0,0,1
811,128,第21回人麿の里・全国かるた競技益田大会,2013-08-11,B,B,56,56,118,6,6,1,0,0,8,8,0,0,0,8,0,0,0,0,0,0,0,0,0,0,0,0,1
812,128,第21回人麿の里・全国かるた競技益田大会,2013-08-11,C,C,41,41,103,6,6,1,0,0,23,23,0,0,0,25,0,0,0,0,0,0,0,0,0,0,0,0,1
813,128,第21回人麿の里・全国かるた競技益田大会,2013-08-11,D1,D,24,24,54,5,5,1,0,0,8,8,0,0,0,8,0,0,0,0,0,0,0,0,0,0,0,0,1
814,128,第21回人麿の里・全国かるた競技益田大会,2013-08-11,D2,D,24,24,54,5,5,1,0,0,8,8,0,0,0,8,0,0,0,0,0,0,0,0,0,0,0,0,1
815,128,第21回人麿の里・全国かるた競技益田大会,2013-08-11,D3,D,23,23,53,5,5,1,0,0,9,9,0,0,0,9,0,0,0,0,0,0,0,0,0,0,0,0,1
816,128,第21回人麿の里・全国かるた競技益田大会,2013-08-11,D4,D,23,23,53,5,5,1,0,0,9,9,0,0,0,9,0,0,0,0,0,0,0,0,0,0,0,0,1
817,129,"第1回奥の細道結びの地全国かるた大垣大会(B,C,D,E)",2013-05-04,B,B,88,88,214,7,7,1,0,0,40,40,0,0,0,40,0,0,0,0,0,0,0,0,0,0,0,0,1
818,129,"第1回奥の細道結びの地全国かるた大垣大会(B,C,D,E)",2013-05-04,C1,C,54,54,116,6,6,1,0,0,10,10,0,0,0,10,0,0,0,0,0,0,0,0,0,0,0,0,1
819,129,"第1回奥の細道結びの地全国かるた大垣大会(B,C,D,E)",2013-05-04,D1,D,28,28,58,5,5,1,0,0,4,4,0,0,0,4,0,0,0,0,0,0,0,0,0,0,0,0,1
820,129,"第1回奥の細道結びの地全国かるた大垣大会(B,C,D,E)",2013-05-04,E1,E,20,20,50,5,5,1,0,0,12,12,0,0,0,12,0,0,0,0,0,0,0,0,0,0,0,0,1
821,129,"第1回奥の細道結びの地全国かるた大垣大会(B,C,D,E)",2013-05-04,C2,C,53,53,115,6,6,1,0,0,11,11,0,0,0,11,0,0,0,0,0,0,0,0,0,0,0,0,1
822,129,"第1回奥の細道結びの地全国かるた大垣大会(B,C,D,E)",2013-05-04,D2,D,28,28,58,5,5,1,0,0,4,4,0,0,0,4,0,2,0,0,0,0,0,0,0,0,0,0,1
823,129,"第1回奥の細道結びの地全国かるた大垣大会(B,C,D,E)",2013-05-04,D3,D,29,29,59,5,5,1,0,0,3,3,0,0,0,3,0,0,0,0,0,0,0,0,0,0,0,0,1
824,129,"第1回奥の細道結びの地全国かるた大垣大会(B,C,D,E)",2013-05-04,D4,D,29,29,59,5,5,1,0,0,3,3,0,0,0,3,0,0,0,0,0,0,0,0,0,0,0,0,1
825,129,"第1回奥の細道結びの地全国かるた大垣大会(B,C,D,E)",2013-05-04,D5,D,29,29,59,5,5,1,0,0,3,3,0,0,0,3,0,0,0,0,0,0,0,0,0,0,0,0,1
826,129,"第1回奥の細道結びの地全国かるた大垣大会(B,C,D,E)",2013-05-04,E2,E,20,20,50,5,5,1,0,0,12,12,0,0,0,12,0,0,0,0,0,0,0,0,0,0,0,0,1
827,130,第1回奥の細道結びの地全国かるた大垣大会(A),2013-05-05,A,A,63,63,125,6,6,1,0,6,7,1,0,0,0,1,0,6,0,0,0,0,0,0,0,0,0,0,1
828,131,第84回全国かるた競技学生選手権大会(D),2013-08-23,D1,D,55,55,117,6,6,1,0,0,9,9,0,0,0,11,0,0,0,0,0,0,0,0,0,0,0,0,1
829,131,第84回全国かるた競技学生選手権大会(D),2013-08-23,D2,D,57,57,119,6,6,1,0,0,7,7,0,0,0,9,0,0,0,0,0,0,0,0,0,0,0,0,1
830,131,第84回全国かるた競技学生選手権大会(D),2013-08-23,D3,D,55,55,117,6,6,1,0,0,9,9,0,0,0,9,0,0,0,0,0,0,0,0,0,0,0,0,1
831,131,第84回全国かるた競技学生選手権大会(D),2013-08-23,D4,D,54,54,116,6,6,1,0,0,10,10,0,0,0,10,0,0,0,0,0,0,0,0,0,0,0,0,1
832,131,第84回全国かるた競技学生選手権大会(D),2013-08-23,D5,D,55,55,117,6,6,1,0,0,9,9,0,0,0,11,0,0,0,0,0,0,0,0,0,0,0,0,1
833,131,第84回全国かるた競技学生選手権大会(D),2013-08-23,D6,D,52,52,114,6,6,1,0,0,12,12,0,0,0,12,0,0,0,0,0,0,0,0,0,0,0,0,1
834,131,第84回全国かるた競技学生選手権大会(D),2013-08-23,D7,D,55,55,117,6,6,1,0,0,9,9,0,0,0,13,0,2,0,0,0,0,0,0,0,0,0,0,1
835,132,"第84回全国かるた競技学生選手権大会(A,B,C)",2013-08-24,A,A,70,70,196,7,7,1,0,0,58,58,0,0,0,58,0,0,0,0,0,0,0,0,0,0,0,0,1
836,132,"第84回全国かるた競技学生選手権大会(A,B,C)",2013-08-24,B1,B,86,86,212,7,7,1,0,0,42,42,0,0,0,42,0,0,0,0,0,0,0,0,0,0,0,0,1
837,132,"第84回全国かるた競技学生選手権大会(A,B,C)",2013-08-24,C1,C,51,51,113,6,6,1,0,0,13,13,0,0,0,15,0,0,0,0,0,0,0,0,0,0,0,0,1
838,132,"第84回全国かるた競技学生選手権大会(A,B,C)",2013-08-24,B2,B,85,85,211,7,7,1,0,0,43,43,0,0,0,43,0,0,0,0,0,0,0,0,0,0,0,0,1
839,132,"第84回全国かるた競技学生選手権大会(A,B,C)",2013-08-24,C2,C,52,52,114,6,6,1,0,0,12,12,0,0,0,12,0,0,0,0,0,0,0,0,0,0,0,0,1
840,132,"第84回全国かるた競技学生選手権大会(A,B,C)",2013-08-24,C3,C,52,52,114,6,6,1,0,0,12,12,0,0,0,14,0,0,0,0,0,0,0,0,0,0,0,0,1
841,132,"第84回全国かるた競技学生選手権大会(A,B,C)",2013-08-24,C4,C,52,52,114,6,6,1,0,0,12,12,0,0,0,14,0,0,0,0,0,0,0,0,0,0,0,0,1
842,133,第15回全国かるた競技富山大会,2013-09-14,A,A,52,52,114,6,6,1,0,0,12,12,0,0,0,12,0,0,0,0,0,0,0,0,0,0,0,0,1
843,133,第15回全国かるた競技富山大会,2013-09-14,B,B,60,60,122,6,6,1,0,0,4,4,0,0,0,4,0,0,0,0,0,0,0,0,0,0,0,0,1
844,133,第15回全国かるた競技富山大会,2013-09-14,C,C,69,69,195,7,7,1,0,2,61,59,0,0,0,59,0,2,0,0,0,0,0,0,0,0,0,0,1
845,133,第15回全国かるた競技富山大会,2013-09-14,D1,D,60,60,122,6,6,1,0,0,4,4,0,0,0,4,0,0,0,0,0,0,0,0,0,0,0,0,1
846,133,第15回全国かるた競技富山大会,2013-09-14,D2,D,69,69,195,7,7,1,0,0,59,59,0,0,0,59,0,0,0,0,0,0,0,0,0,0,0,0,1
847,134,第24回全国かるた競技水沢大会,2013-09-29,A,A,62,62,124,6,6,1,0,2,4,2,0,0,0,2,0,2,0,0,0,0,0,0,0,0,0,0,1
848,134,第24回全国かるた競技水沢大会,2013-09-29,B,B,46,46,108,6,6,1,0,0,18,18,0,0,0,20,0,0,0,0,0,0,0,0,0,0,0,0,1
849,134,第24回全国かるた競技水沢大会,2013-09-29,C,C,35,35,97,6,6,1,0,0,29,29,0,0,0,31,0,0,0,0,0,0,0,0,0,0,0,0,1
850,134,第24回全国かるた競技水沢大会,2013-09-29,D1,D,30,30,60,5,5,1,0,0,2,2,0,0,0,2,0,0,0,0,0,0,0,0,0,0,0,0,1
851,134,第24回全国かるた競技水沢大会,2013-09-29,E1,E,29,29,59,5,5,1,0,0,3,3,0,0,0,5,0,0,0,0,0,0,0,0,0,0,0,0,1
852,134,第24回全国かるた競技水沢大会,2013-09-29,D2,D,31,31,61,5,5,1,0,0,1,1,0,0,0,1,0,0,0,0,0,0,0,0,0,0,0,0,1
853,134,第24回全国かるた競技水沢大会,2013-09-29,D3,D,31,31,61,5,5,1,0,0,1,1,0,0,0,3,0,0,0,0,0,0,0,0,0,0,0,0,1
854,134,第24回全国かるた競技水沢大会,2013-09-29,E2,E,27,27,57,5,5,1,0,0,5,5,0,0,0,7,0,2,0,0,0,0,0,0,0,0,0,0,1
855,135,第75回全国かるた競技北國大会,2013-10-06,A,A,39,39,101,6,6,1,0,0,25,25,0,0,0,25,0,0,0,0,0,0,0,0,0,0,0,0,1
856,135,第75回全国かるた競技北國大会,2013-10-06,B,B,53,53,115,6,6,1,0,0,11,11,0,0,0,11,0,0,0,0,0,0,0,0,0,0,0,0,1
857,135,第75回全国かるた競技北國大会,2013-10-06,C1,C,39,39,101,6,6,1,0,0,25,25,0,0,0,25,0,0,0,0,0,0,0,0,0,0,0,0,1
858,135,第75回全国かるた競技北國大会,2013-10-06,D1,D,51,51,113,6,6,1,0,0,13,13,0,0,0,13,0,0,0,0,0,0,0,0,0,0,0,0,1
859,135,第75回全国かるた競技北國大会,2013-10-06,C2,C,34,34,96,6,6,1,0,0,30,30,0,0,0,30,0,0,0,0,0,0,0,0,0,0,0,0,1
860,135,第75回全国かるた競技北國大会,2013-10-06,D2,D,51,51,113,6,6,1,0,0,13,13,0,0,0,13,0,0,0,0,0,0,0,0,0,0,0,0,1
861,135,第75回全国かるた競技北國大会,2013-10-06,D3,D,47,47,109,6,6,1,0,0,17,17,0,0,0,17,0,0,0,0,0,0,0,0,0,0,0,0,1
862,136,第10回全国かるた競技香川大会,2013-09-22,A,A,62,62,124,6,6,1,0,0,2,2,0,0,0,2,0,0,0,0,0,0,0,0,0,0,0,0,1
863,136,第10回全国かるた競技香川大会,2013-09-22,B,B,75,75,201,7,7,1,0,0,53,53,0,0,0,53,0,0,0,0,0,0,0,0,0,0,0,0,1
864,136,第10回全国かるた競技香川大会,2013-09-22,C,C,52,52,114,6,6,1,0,0,12,12,0,0,0,12,0,0,0,0,0,0,0,0,0,0,0,0,1
865,136,第10回全国かるた競技香川大会,2013-09-22,D1,D,47,47,109,6,6,1,0,0,17,17,0,0,0,17,0,2,0,0,0,0,0,0,0,0,0,0,1
866,136,第10回全国かるた競技香川大会,2013-09-22,D2,D,51,51,113,6,6,1,0,0,13,13,0,0,0,17,0,0,0,0,0,0,0,0,0,0,0,0,1
867,136,第10回全国かるた競技香川大会,2013-09-22,D3,D,49,49,111,6,6,1,0,0,15,15,0,0,0,15,0,0,0,0,0,0,0,0,0,0,0,0,1
868,137,第32回全国かるた競技東京吉野会大会(A),2013-10-06,A,A,92,92,218,7,7,1,0,0,36,36,0,0,0,36,0,0,0,0,0,0,0,0,0,0,0,0,1
869,138,第42回全国かるた競技松山大会,2013-03-20,A,A,30,30,60,5,5,1,0,0,2,2,0,0,0,2,0,0,0,0,0,0,0,0,0,0,0,0,1
870,138,第42回全国かるた競技松山大会,2013-03-20,B,B,47,47,109,6,6,1,0,0,17,17,0,0,0,17,0,0,0,0,0,0,0,0,0,0,0,0,1
871,138,第42回全国かるた競技松山大会,2013-03-20,C,C,36,36,98,6,6,1,0,0,28,28,0,0,0,28,0,0,0,0,0,0,0,0,0,0,0,0,1
872,138,第42回全国かるた競技松山大会,2013-03-20,D1,D,44,44,106,6,6,1,0,0,20,20,0,0,0,20,0,0,0,0,0,0,0,0,0,0,0,0,1
873,138,第42回全国かるた競技松山大会,2013-03-20,小学生,,15,15,29,4,4,1,0,0,1,1,0,0,0,1,0,0,0,0,0,0,0,0,0,0,0,0,1
874,138,第42回全国かるた競技松山大会,2013-03-20,ねんりん,,10,10,24,4,4,1,0,2,8,6,0,0,0,6,0,2,0,0,0,0,0,0,0,0,0,0,1
875,138,第42回全国かるた競技松山大会,2013-03-20,D2,D,41,41,101,6,6,1,0,0,21,21,0,0,0,21,0,0,0,2,0,0,0,0,0,0,0,0,1
876,139,第34回北日本かるた競技新人戦,2013-06-16,F1,,26,26,56,5,5,1,0,0,6,6,0,0,0,6,0,0,0,0,0,0,0,0,0,0,0,0,1
877,139,第34回北日本かるた競技新人戦,2013-06-16,F2,,25,25,55,5,5,1,0,0,7,7,0,0,0,9,0,0,0,0,0,0,0,0,0,0,0,0,1
878,140,第84回全国かるた競技学生選手権大会(E),2013-08-22,E1,E,29,29,59,5,5,1,0,0,3,3,0,0,0,3,0,0,0,0,0,0,0,0,0,0,0,0,1
879,140,第84回全国かるた競技学生選手権大会(E),2013-08-22,E2,E,29,29,59,5,5,1,0,0,3,3,0,0,0,3,0,0,0,0,0,0,0,0,0,0,0,0,1
880,140,第84回全国かるた競技学生選手権大会(E),2013-08-22,E3,E,30,30,60,5,5,1,0,0,2,2,0,0,0,2,0,0,0,0,0,0,0,0,0,0,0,0,1
881,140,第84回全国かるた競技学生選手権大会(E),2013-08-22,E4,E,31,31,61,5,5,1,0,0,1,1,0,0,0,1,0,0,0,0,0,0,0,0,0,0,0,0,1
882,140,第84回全国かるた競技学生選手権大会(E),2013-08-22,E5,E,29,29,59,5,5,1,0,0,3,3,0,0,0,3,0,0,0,0,0,0,0,0,0,0,0,0,1
883,140,第84回全国かるた競技学生選手権大会(E),2013-08-22,E6,E,30,30,60,5,5,1,0,0,2,2,0,0,0,2,0,0,0,0,0,0,0,0,0,0,0,0,1
884,140,第84回全国かるた競技学生選手権大会(E),2013-08-22,E7,E,30,30,60,5,5,1,0,0,2,2,0,0,0,2,0,0,0,0,0,0,0,0,0,0,0,0,1
885,140,第84回全国かるた競技学生選手権大会(E),2013-08-22,E8,E,31,31,61,5,5,1,0,0,1,1,0,0,0,1,0,0,0,0,0,0,0,0,0,0,0,0,1
886,140,第84回全国かるた競技学生選手権大会(E),2013-08-22,E9,E,30,30,60,5,5,1,0,0,2,2,0,0,0,2,0,0,0,0,0,0,0,0,0,0,0,0,1
887,140,第84回全国かるた競技学生選手権大会(E),2013-08-22,E10,E,30,30,60,5,5,1,0,0,2,2,0,0,0,2,0,0,0,0,0,0,0,0,0,0,0,0,1
888,140,第84回全国かるた競技学生選手権大会(E),2013-08-22,E11,E,28,28,58,5,5,1,0,0,4,4,0,0,0,4,0,2,0,0,0,0,0,0,0,0,0,0,1
889,140,第84回全国かるた競技学生選手権大会(E),2013-08-22,E12,E,27,27,57,5,5,1,0,0,5,5,0,0,0,5,0,0,0,0,0,0,0,0,0,0,0,0,1
890,140,第84回全国かるた競技学生選手権大会(E),2013-08-22,E13,E,28,28,58,5,5,1,0,0,4,4,0,0,0,6,0,0,0,0,0,0,0,0,0,0,0,0,1
891,140,第84回全国かるた競技学生選手権大会(E),2013-08-22,E14,E,29,29,59,5,5,1,0,0,3,3,0,0,0,3,0,0,0,0,0,0,0,0,0,0,0,0,1
892,141,第14回百人一首かるた杉並大会,2013-06-09,D1,D,30,30,60,5,5,1,0,0,2,2,0,0,0,2,0,0,0,0,0,0,0,0,0,0,0,0,1
893,141,第14回百人一首かるた杉並大会,2013-06-09,E1,E,30,30,60,5,5,1,0,0,2,2,0,0,0,2,0,0,0,0,0,0,0,0,0,0,0,0,1
894,141,第14回百人一首かるた杉並大会,2013-06-09,F1,,29,29,59,5,5,1,0,0,3,3,0,0,0,3,0,0,0,0,0,0,0,0,0,0,0,0,1
895,141,第14回百人一首かるた杉並大会,2013-06-09,D2,D,30,30,60,5,5,1,0,0,2,2,0,0,0,2,0,0,0,0,0,0,0,0,0,0,0,0,1
896,141,第14回百人一首かるた杉並大会,2013-06-09,D3,D,27,27,57,5,5,1,0,0,5,5,0,0,0,7,0,0,0,0,0,0,0,0,0,0,0,0,1
897,141,第14回百人一首かるた杉並大会,2013-06-09,D4,D,28,28,58,5,5,1,0,0,4,4,0,0,0,4,0,0,0,0,0,0,0,0,0,0,0,0,1
898,141,第14回百人一首かるた杉並大会,2013-06-09,E2,E,32,32,62,5,5,1,0,0,0,0,0,0,0,0,0,0,0,0,0,0,0,0,0,0,0,0,1
899,141,第14回百人一首かるた杉並大会,2013-06-09,E3,E,30,30,60,5,5,1,0,0,2,2,0,0,0,2,0,0,0,0,0,0,0,0,0,0,0,0,1
900,141,第14回百人一首かるた杉並大会,2013-06-09,E4,E,30,30,60,5,5,1,0,0,2,2,0,0,0,2,0,0,0,0,0,0,0,0,0,0,0,0,1
901,141,第14回百人一首かるた杉並大会,2013-06-09,F2,,28,28,58,5,5,1,0,0,4,4,0,0,0,4,0,0,0,0,0,0,0,0,0,0,0,0,1
902,141,第14回百人一首かるた杉並大会,2013-06-09,F3,,29,29,59,5,5,1,0,0,3,3,0,0,0,3,0,0,0,0,0,0,0,0,0,0,0,0,1
903,141,第14回百人一首かるた杉並大会,2013-06-09,F4,,29,29,59,5,5,1,0,0,3,3,0,0,0,3,0,0,0,0,0,0,0,0,0,0,0,0,1
904,141,第14回百人一首かるた杉並大会,2013-06-09,F5,,27,27,57,5,5,1,0,0,5,5,0,0,0,5,0,0,0,0,0,0,0,0,0,0,0,0,1
905,142,第46回神奈川県かるた大会,2013-07-14,F1,,15,15,29,4,4,1,0,0,1,1,0,0,0,1,0,0,0,0,0,0,0,0,0,0,0,0,1
906,142,第46回神奈川県かるた大会,2013-07-14,G1,,16,16,30,4,4,1,0,0,0,0,0,0,0,0,0,2,0,0,0,0,0,0,0,0,0,0,1
907,142,第46回神奈川県かるた大会,2013-07-14,F2,,16,16,30,4,4,1,0,0,0,0,0,0,0,0,0,0,0,0,0,0,0,0,0,0,0,0,1
908,142,第46回神奈川県かるた大会,2013-07-14,F3,,14,14,28,4,4,1,0,0,2,2,0,0,0,2,0,0,0,0,0,0,0,0,0,0,0,0,1
909,142,第46回神奈川県かるた大会,2013-07-14,F4,,14,14,28,4,4,1,0,0,2,2,0,0,0,2,0,0,0,0,0,0,0,0,0,0,0,0,1
910,142,第46回神奈川県かるた大会,2013-07-14,G2,,14,14,28,4,4,1,0,0,2,2,0,0,0,2,0,0,0,0,0,0,0,0,0,0,0,0,1
911,142,第46回神奈川県かるた大会,2013-07-14,G3,,14,14,28,4,4,1,0,0,2,2,0,0,0,2,0,0,0,0,0,0,0,0,0,0,0,0,1
912,142,第46回神奈川県かるた大会,2013-07-14,G4,,13,13,27,4,4,1,0,0,3,3,0,0,0,3,0,2,0,0,0,0,0,0,0,0,0,0,1
913,142,第46回神奈川県かるた大会,2013-07-14,G5,,14,14,28,4,4,1,0,0,2,2,0,0,0,2,0,0,0,0,0,0,0,0,0,0,0,0,1
914,142,第46回神奈川県かるた大会,2013-07-14,G6,,15,15,29,4,4,1,0,0,1,1,0,0,0,1,0,0,0,0,0,0,0,0,0,0,0,0,1
915,142,第46回神奈川県かるた大会,2013-07-14,G7,,15,15,29,4,4,1,0,0,1,1,0,0,0,1,0,0,0,0,0,0,0,0,0,0,0,0,1
916,142,第46回神奈川県かるた大会,2013-07-14,G8,,15,15,29,4,4,1,0,0,1,1,0,0,0,1,0,2,0,0,0,0,0,0,0,0,0,0,1
917,142,第46回神奈川県かるた大会,2013-07-14,G9,,15,15,29,4,4,1,0,0,1,1,0,0,0,1,0,0,0,0,0,0,0,0,0,0,0,0,1
918,142,第46回神奈川県かるた大会,2013-07-14,G10,,12,12,26,4,4,1,0,0,4,4,0,0,0,4,0,0,0,0,0,0,0,0,0,0,0,0,1
919,143,第20回東京都かるた大会,2013-06-30,D1,D,28,28,58,5,5,1,0,0,4,4,0,0,0,4,0,0,0,0,0,0,0,0,0,0,0,0,1
920,143,第20回東京都かるた大会,2013-06-30,E1,E,29,29,59,5,5,1,0,0,3,3,0,0,0,3,0,2,0,0,0,0,0,0,0,0,0,0,1
921,143,第20回東京都かるた大会,2013-06-30,F1,,31,31,61,5,5,1,0,0,1,1,0,0,0,1,0,0,0,0,0,0,0,0,0,0,0,0,1
922,143,第20回東京都かるた大会,2013-06-30,D2,D,28,28,58,5,5,1,0,0,4,4,0,0,0,4,0,0,0,0,0,0,0,0,0,0,0,0,1
923,143,第20回東京都かるた大会,2013-06-30,D3,D,24,24,54,5,5,1,0,0,8,8,0,0,0,8,0,0,0,0,0,0,0,0,0,0,0,0,1
924,143,第20回東京都かるた大会,2013-06-30,E2,E,26,26,56,5,5,1,0,0,6,6,0,0,0,6,0,0,0,0,0,0,0,0,0,0,0,0,1
925,143,第20回東京都かるた大会,2013-06-30,E3,E,27,27,57,5,5,1,0,0,5,5,0,0,0,5,0,0,0,0,0,0,0,0,0,0,0,0,1
926,143,第20回東京都かるた大会,2013-06-30,F2,,32,32,62,5,5,1,0,0,0,0,0,0,0,0,0,0,0,0,0,0,0,0,0,0,0,0,1
927,143,第20回東京都かるた大会,2013-06-30,F3,,30,30,60,5,5,1,0,0,2,2,0,0,0,2,0,0,0,0,0,0,0,0,0,0,0,0,1
928,143,第20回東京都かるた大会,2013-06-30,F4,,31,31,61,5,5,1,0,0,1,1,0,0,0,3,0,0,0,0,0,0,0,0,0,0,0,0,1
929,144,第23回全国かるた競技奈良大会(A),2013-11-23,A,A,59,59,121,6,6,1,0,0,5,5,0,0,0,5,0,0,0,0,0,0,0,0,0,0,0,0,1
930,145,"第4回全国かるた競技岡山大会(A,B,C)",2013-11-24,A,A,45,45,107,6,6,1,0,0,19,19,0,0,0,19,0,0,0,0,0,0,0,0,0,0,0,0,1
931,145,"第4回全国かるた競技岡山大会(A,B,C)",2013-11-24,B,B,66,66,192,7,7,1,0,0,62,62,0,0,0,62,0,0,0,0,0,0,0,0,0,0,0,0,1
932,145,"第4回全国かるた競技岡山大会(A,B,C)",2013-11-24,C,C,48,48,110,6,6,1,0,0,16,16,0,0,0,16,0,0,0,0,0,0,0,0,0,0,0,0,1
933,146,第48回椿雄太郎杯争奪全国かるた競技大会,2013-11-24,A,A,40,40,102,6,6,1,0,0,24,24,0,0,0,26,0,0,0,0,0,0,0,0,0,0,0,0,1
934,146,第48回椿雄太郎杯争奪全国かるた競技大会,2013-11-24,B,B,37,37,99,6,6,1,0,0,27,27,0,0,0,27,0,0,0,0,0,0,0,0,0,0,0,0,1
935,146,第48回椿雄太郎杯争奪全国かるた競技大会,2013-11-24,C,C,35,35,97,6,6,1,0,0,29,29,0,0,0,31,0,0,0,0,0,0,0,0,0,0,0,0,1
936,146,第48回椿雄太郎杯争奪全国かるた競技大会,2013-11-24,D1,D,30,30,60,5,5,1,0,0,2,2,0,0,0,6,0,0,0,0,0,0,0,0,0,0,0,0,1
937,146,第48回椿雄太郎杯争奪全国かるた競技大会,2013-11-24,E,E,38,38,100,6,6,1,0,0,26,26,0,0,0,26,0,0,0,0,0,0,0,0,0,0,0,0,1
938,146,第48回椿雄太郎杯争奪全国かるた競技大会,2013-11-24,D2,D,29,29,59,5,5,1,0,0,3,3,0,0,0,5,0,0,0,0,0,0,0,0,0,0,0,0,1
939,146,第48回椿雄太郎杯争奪全国かるた競技大会,2013-11-24,D3,D,28,28,58,5,5,1,0,0,4,4,0,0,0,8,0,0,0,0,0,0,0,0,0,0,0,0,1
940,147,第55回全国かるた競技和歌山大会,2013-12-01,A,A,66,66,192,7,7,1,0,0,62,62,0,0,0,62,0,0,0,0,0,0,0,0,0,0,0,0,1
941,147,第55回全国かるた競技和歌山大会,2013-12-01,B,B,66,66,192,7,7,1,0,2,64,62,0,0,0,62,0,2,0,0,0,0,0,0,0,0,0,0,1
942,147,第55回全国かるた競技和歌山大会,2013-12-01,C,C,64,64,126,6,6,1,0,0,0,0,0,0,0,4,0,0,0,0,0,0,0,0,0,0,0,0,1
943,147,第55回全国かるた競技和歌山大会,2013-12-01,D1,D,52,52,114,6,6,1,0,0,12,12,0,0,0,14,0,0,0,0,0,0,0,0,0,0,0,0,1
944,147,第55回全国かるた競技和歌山大会,2013-12-01,D2,D,55,55,117,6,6,1,0,0,9,9,0,0,0,11,0,0,0,0,0,0,0,0,0,0,0,0,1
945,148,第1回全国かるた競技山口大会,2013-12-15,A,A,58,58,120,6,6,1,0,0,6,6,0,0,0,8,0,0,0,0,0,0,0,0,0,0,0,0,1
946,148,第1回全国かるた競技山口大会,2013-12-15,B,B,48,48,110,6,6,1,0,0,16,16,0,0,0,16,0,0,0,0,0,0,0,0,0,0,0,0,1
947,148,第1回全国かるた競技山口大会,2013-12-15,C1,C,42,42,104,6,6,1,0,0,22,22,0,0,0,22,0,2,0,0,0,0,0,0,0,0,0,0,1
948,148,第1回全国かるた競技山口大会,2013-12-15,D1,D,26,26,56,5,5,1,0,0,6,6,0,0,0,6,0,0,0,0,0,0,0,0,0,0,0,0,1
949,148,第1回全国かるた競技山口大会,2013-12-15,C2,C,39,39,101,6,6,1,0,0,25,25,0,0,0,25,0,0,0,0,0,0,0,0,0,0,0,0,1
950,148,第1回全国かるた競技山口大会,2013-12-15,D2,D,23,23,53,5,5,1,0,0,9,9,0,0,0,9,0,0,0,0,0,0,0,0,0,0,0,0,1
951,148,第1回全国かるた競技山口大会,2013-12-15,D3,D,22,22,52,5,5,1,0,0,10,10,0,0,0,10,0,0,0,0,0,0,0,0,0,0,0,0,1
952,148,第1回全国かるた競技山口大会,2013-12-15,D4,D,22,22,52,5,5,1,0,0,10,10,0,0,0,10,0,0,0,0,0,0,0,0,0,0,0,0,1
953,148,第1回全国かるた競技山口大会,2013-12-15,D5,D,24,24,54,5,5,1,0,0,8,8,0,0,0,8,0,0,0,0,0,0,0,0,0,0,0,0,1
954,149,"第66回全国かるた競技福井大会(C,D)",2013-06-08,C1,C,28,28,58,5,5,1,0,0,4,4,0,0,0,4,0,0,0,0,0,0,0,0,0,0,0,0,1
955,149,"第66回全国かるた競技福井大会(C,D)",2013-06-08,D1,D,26,26,56,5,5,1,0,0,6,6,0,0,0,6,0,0,0,0,0,0,0,0,0,0,0,0,1
956,149,"第66回全国かるた競技福井大会(C,D)",2013-06-08,C2,C,30,30,60,5,5,1,0,0,2,2,0,0,0,2,0,0,0,0,0,0,0,0,0,0,0,0,1
957,149,"第66回全国かるた競技福井大会(C,D)",2013-06-08,D2,D,26,26,56,5,5,1,0,0,6,6,0,0,0,6,0,0,0,0,0,0,0,0,0,0,0,0,1
958,149,"第66回全国かるた競技福井大会(C,D)",2013-06-08,D3,D,23,23,53,5,5,1,0,0,9,9,0,0,0,9,0,0,0,0,0,0,0,0,0,0,0,0,1
959,149,"第66回全国かるた競技福井大会(C,D)",2013-06-08,D4,D,27,27,57,5,5,1,0,0,5,5,0,0,0,5,0,0,0,0,0,0,0,0,0,0,0,0,1
960,149,"第66回全国かるた競技福井大会(C,D)",2013-06-08,E6,E,10,10,24,4,4,1,0,0,6,6,0,0,0,6,0,0,0,0,0,0,0,0,0,0,0,4,1
961,149,"第66回全国かるた競技福井大会(C,D)",2013-06-08,E5,E,22,22,52,5,5,1,0,0,10,10,0,0,0,10,0,0,0,0,0,0,0,0,0,0,0,4,1
962,149,"第66回全国かるた競技福井大会(C,D)",2013-06-08,E4,E,18,18,48,5,5,1,0,0,14,14,0,0,0,14,0,0,0,0,0,0,0,0,0,0,0,4,1
963,149,"第66回全国かるた競技福井大会(C,D)",2013-06-08,E3,E,21,21,51,5,5,1,0,0,11,11,0,0,0,11,0,2,0,0,0,0,0,0,0,0,0,4,1
964,149,"第66回全国かるた競技福井大会(C,D)",2013-06-08,E2,E,19,19,49,5,5,1,0,0,13,13,0,0,0,13,0,0,0,0,0,0,0,0,0,0,0,4,1
965,150,"第31回全国かるた競技東京吉野会大会(D,E)",2013-05-03,D1,D,54,54,116,6,6,1,0,0,10,10,0,0,0,10,0,0,0,0,0,0,0,0,0,0,0,0,1
966,150,"第31回全国かるた競技東京吉野会大会(D,E)",2013-05-03,E1,E,54,54,111,6,6,1,0,0,5,5,0,0,0,5,0,0,0,0,0,0,0,0,0,0,0,0,1
967,150,"第31回全国かるた競技東京吉野会大会(D,E)",2013-05-03,D2,D,53,53,115,6,6,1,0,0,11,11,0,0,0,11,0,0,0,0,0,0,0,0,0,0,0,0,1
968,150,"第31回全国かるた競技東京吉野会大会(D,E)",2013-05-03,D3,D,55,55,117,6,6,1,0,0,9,9,0,0,0,9,0,0,0,0,0,0,0,0,0,0,0,0,1
969,150,"第31回全国かるた競技東京吉野会大会(D,E)",2013-05-03,E2,E,54,54,111,6,6,1,0,0,5,5,0,0,0,5,0,0,0,0,0,0,0,0,0,0,0,0,1
970,150,"第31回全国かるた競技東京吉野会大会(D,E)",2013-05-03,E3,E,54,54,111,6,6,1,0,0,5,5,0,0,0,7,0,0,0,0,0,0,0,0,0,0,0,0,1
971,150,"第31回全国かるた競技東京吉野会大会(D,E)",2013-05-03,E4,E,56,56,114,6,6,1,0,0,4,4,0,0,0,4,0,2,0,0,0,0,0,0,0,0,0,0,1
972,151,第35回全国高等学校小倉百人一首かるた選手権大会(個人戦の部),2013-07-28,A,A,57,57,119,6,6,1,0,0,7,7,0,0,0,7,0,0,0,0,0,0,0,0,0,0,0,0,1
973,151,第35回全国高等学校小倉百人一首かるた選手権大会(個人戦の部),2013-07-28,B1,B,49,49,111,6,6,1,0,0,15,15,0,0,0,15,0,0,0,0,0,0,0,0,0,0,0,0,1
974,151,第35回全国高等学校小倉百人一首かるた選手権大会(個人戦の部),2013-07-28,C1,C,49,49,111,6,6,1,0,0,15,15,0,0,0,15,0,0,0,0,0,0,0,0,0,0,0,0,1
975,151,第35回全国高等学校小倉百人一首かるた選手権大会(個人戦の部),2013-07-28,D1,D,48,48,110,6,6,1,0,0,16,16,0,0,0,16,0,0,0,0,0,0,0,0,0,0,0,0,1
976,151,第35回全国高等学校小倉百人一首かるた選手権大会(個人戦の部),2013-07-28,B2,B,48,48,110,6,6,1,0,0,16,16,0,0,0,16,0,0,0,0,0,0,0,0,0,0,0,0,1
977,151,第35回全国高等学校小倉百人一首かるた選手権大会(個人戦の部),2013-07-28,B3,B,48,48,110,6,6,1,0,0,16,16,0,0,0,16,0,0,0,0,0,0,0,0,0,0,0,0,1
978,151,第35回全国高等学校小倉百人一首かるた選手権大会(個人戦の部),2013-07-28,B4,B,51,51,113,6,6,1,0,0,13,13,0,0,0,13,0,2,0,0,0,0,0,0,0,0,0,0,1
979,151,第35回全国高等学校小倉百人一首かるた選手権大会(個人戦の部),2013-07-28,C2,C,51,51,113,6,6,1,0,0,13,13,0,0,0,13,0,0,0,0,0,0,0,0,0,0,0,0,1
980,151,第35回全国高等学校小倉百人一首かるた選手権大会(個人戦の部),2013-07-28,C3,C,49,49,111,6,6,1,0,0,15,15,0,0,0,15,0,0,0,0,0,0,0,0,0,0,0,0,1
981,151,第35回全国高等学校小倉百人一首かるた選手権大会(個人戦の部),2013-07-28,C4,C,51,51,113,6,6,1,0,0,13,13,0,0,0,13,0,0,0,0,0,0,0,0,0,0,0,0,1
982,151,第35回全国高等学校小倉百人一首かるた選手権大会(個人戦の部),2013-07-28,D2,D,47,47,109,6,6,1,0,0,17,17,0,0,0,17,0,4,0,0,0,0,0,0,0,0,0,0,1
983,151,第35回全国高等学校小倉百人一首かるた選手権大会(個人戦の部),2013-07-28,D3,D,47,47,109,6,6,1,0,0,17,17,0,0,0,17,0,2,0,0,0,0,0,0,0,0,0,0,1
984,151,第35回全国高等学校小倉百人一首かるた選手権大会(個人戦の部),2013-07-28,D4,D,48,48,110,6,6,1,0,0,16,16,0,0,0,18,0,4,0,0,0,0,0,0,0,0,0,0,1
985,151,第35回全国高等学校小倉百人一首かるた選手権大会(個人戦の部),2013-07-28,D5,D,49,49,111,6,6,1,0,0,15,15,0,0,0,17,0,0,0,0,0,0,0,0,0,0,0,0,1
986,151,第35回全国高等学校小倉百人一首かるた選手権大会(個人戦の部),2013-07-28,D6,D,49,49,111,6,6,1,0,0,15,15,0,0,0,15,0,0,0,0,0,0,0,0,0,0,0,0,1
987,151,第35回全国高等学校小倉百人一首かるた選手権大会(個人戦の部),2013-07-28,D7,D,48,48,110,6,6,1,0,0,16,16,0,0,0,16,0,0,0,0,0,0,0,0,0,0,0,0,1
988,151,第35回全国高等学校小倉百人一首かるた選手権大会(個人戦の部),2013-07-28,D8,D,48,48,110,6,6,1,0,0,16,16,0,0,0,16,0,0,0,0,0,0,0,0,0,0,0,0,1
989,151,第35回全国高等学校小倉百人一首かるた選手権大会(個人戦の部),2013-07-28,D9,D,44,44,106,6,6,1,0,0,20,20,0,0,0,20,0,0,0,0,0,0,0,0,0,0,0,0,1
990,151,第35回全国高等学校小倉百人一首かるた選手権大会(個人戦の部),2013-07-28,D10,D,46,46,108,6,6,1,0,0,18,18,0,0,0,18,0,0,0,0,0,0,0,0,0,0,0,0,1
991,151,第35回全国高等学校小倉百人一首かるた選手権大会(個人戦の部),2013-07-28,D11,D,47,47,109,6,6,1,0,0,17,17,0,0,0,17,0,2,0,0,0,0,0,0,0,0,0,0,1
992,152,第4回全国かるた競技岡山大会(D),2013-11-23,D1,D,46,46,108,6,6,1,0,0,18,18,0,0,0,18,0,0,0,0,0,0,0,0,0,0,0,0,1
993,152,第4回全国かるた競技岡山大会(D),2013-11-23,D2,D,46,46,108,6,6,1,0,0,18,18,0,0,0,18,0,0,0,0,0,0,0,0,0,0,0,0,1
994,152,第4回全国かるた競技岡山大会(D),2013-11-23,D3,D,39,39,101,6,6,1,0,0,25,25,0,0,0,25,0,0,0,0,0,0,0,0,0,0,0,0,1
995,153,第31回小倉百人一首かるた競技宮崎大会,2013-12-22,A,A,37,37,99,6,6,1,0,0,27,27,0,0,0,27,0,0,0,0,0,0,0,0,0,0,0,0,1
996,153,第31回小倉百人一首かるた競技宮崎大会,2013-12-22,B,B,36,36,98,6,6,1,0,0,28,28,0,0,0,28,0,0,0,0,0,0,0,0,0,0,0,0,1
997,153,第31回小倉百人一首かるた競技宮崎大会,2013-12-22,C,C,40,40,102,6,6,1,0,0,24,24,0,0,0,24,0,0,0,0,0,0,0,0,0,0,0,0,1
998,153,第31回小倉百人一首かるた競技宮崎大会,2013-12-22,D1,D,23,23,53,5,5,1,0,0,9,9,0,0,0,9,0,0,0,0,0,0,0,0,0,0,0,0,1
999,153,第31回小倉百人一首かるた競技宮崎大会,2013-12-22,D2,D,21,21,51,5,5,1,0,0,11,11,0,0,0,11,0,0,0,0,0,0,0,0,0,0,0,0,1
1000,153,第31回小倉百人一首かるた競技宮崎大会,2013-12-22,D3,D,25,25,55,5,5,1,0,0,7,7,0,0,0,7,0,0,0,0,0,0,0,0,0,0,0,0,1
1001,154,第35回北日本かるた競技新人戦,2013-11-24,F,,38,38,100,6,6,1,0,0,26,26,0,0,0,28,0,2,0,0,0,0,0,0,0,0,0,0,1
1002,155,東京大学かるた会創立30周年記念全国かるた競技大会,2013-10-14,A,A,99,99,225,7,7,1,0,0,29,29,0,0,0,29,0,0,0,0,0,0,0,0,0,0,0,0,1
1003,155,東京大学かるた会創立30周年記念全国かるた競技大会,2013-10-14,B1,B,68,68,194,7,7,1,0,0,60,60,0,0,0,60,0,0,0,0,0,0,0,0,0,0,0,0,1
1004,155,東京大学かるた会創立30周年記念全国かるた競技大会,2013-10-14,C1,C,58,58,120,6,6,1,0,0,6,6,0,0,0,8,0,0,0,0,0,0,0,0,0,0,0,0,1
1005,155,東京大学かるた会創立30周年記念全国かるた競技大会,2013-10-14,D1,D,45,45,107,6,6,1,0,0,19,19,0,0,0,19,0,0,0,0,0,0,0,0,0,0,0,0,1
1006,155,東京大学かるた会創立30周年記念全国かるた競技大会,2013-10-14,E1,E,27,27,57,5,5,1,0,0,5,5,0,0,0,5,0,0,0,0,0,0,0,0,0,0,0,0,1
1007,155,東京大学かるた会創立30周年記念全国かるた競技大会,2013-10-14,B2,B,65,65,191,7,7,1,0,0,63,63,0,0,0,65,0,0,0,0,0,0,0,0,0,0,0,0,1
1008,155,東京大学かるた会創立30周年記念全国かるた競技大会,2013-10-14,C2,C,56,56,118,6,6,1,0,0,8,8,0,0,0,10,0,0,0,0,0,0,0,0,0,0,0,0,1
1009,155,東京大学かるた会創立30周年記念全国かるた競技大会,2013-10-14,C3,C,58,58,120,6,6,1,0,0,6,6,0,0,0,12,0,0,0,0,0,0,0,0,0,0,0,0,1
1010,155,東京大学かるた会創立30周年記念全国かるた競技大会,2013-10-14,D2,D,44,44,106,6,6,1,0,0,20,20,0,0,0,24,0,0,0,0,0,0,0,0,0,0,0,0,1
1011,155,東京大学かるた会創立30周年記念全国かるた競技大会,2013-10-14,D3,D,42,42,104,6,6,1,0,0,22,22,0,0,0,22,0,0,0,0,0,0,0,0,0,0,0,0,1
1012,155,東京大学かるた会創立30周年記念全国かるた競技大会,2013-10-14,D4,D,43,43,105,6,6,1,0,0,21,21,0,0,0,21,0,0,0,0,0,0,0,0,0,0,0,0,1
1013,155,東京大学かるた会創立30周年記念全国かるた競技大会,2013-10-14,D5,D,41,41,103,6,6,1,0,0,23,23,0,0,0,23,0,0,0,0,0,0,0,0,0,0,0,0,1
1014,155,東京大学かるた会創立30周年記念全国かるた競技大会,2013-10-14,D6,D,42,42,104,6,6,1,0,0,22,22,0,0,0,24,0,0,0,0,0,0,0,0,0,0,0,0,1
1015,155,東京大学かるた会創立30周年記念全国かるた競技大会,2013-10-14,D7,D,43,43,105,6,6,1,0,0,21,21,0,0,0,21,0,0,0,0,0,0,0,0,0,0,0,0,1
1016,155,東京大学かるた会創立30周年記念全国かるた競技大会,2013-10-14,E2,E,29,29,59,5,5,1,0,0,3,3,0,0,0,3,0,0,0,0,0,0,0,0,0,0,0,0,1
1017,155,東京大学かるた会創立30周年記念全国かるた競技大会,2013-10-14,E3,E,28,28,58,5,5,1,0,0,4,4,0,0,0,4,0,0,0,0,0,0,0,0,0,0,0,0,1
1018,155,東京大学かるた会創立30周年記念全国かるた競技大会,2013-10-14,E4,E,26,26,56,5,5,1,0,0,6,6,0,0,0,6,0,0,0,0,0,0,0,0,0,0,0,0,1
1019,155,東京大学かるた会創立30周年記念全国かるた競技大会,2013-10-14,E5,E,28,28,58,5,5,1,0,0,4,4,0,0,0,4,0,0,0,0,0,0,0,0,0,0,0,0,1
1020,155,東京大学かるた会創立30周年記念全国かるた競技大会,2013-10-14,E6,E,28,28,58,5,5,1,0,0,4,4,0,0,0,4,0,0,0,0,0,0,0,0,0,0,0,0,1
1021,155,東京大学かるた会創立30周年記念全国かるた競技大会,2013-10-14,E7,E,27,27,57,5,5,1,0,0,5,5,0,0,0,5,0,0,0,0,0,0,0,0,0,0,0,0,1
1022,155,東京大学かるた会創立30周年記念全国かるた競技大会,2013-10-14,E8,E,27,27,57,5,5,1,0,0,5,5,0,0,0,5,0,0,0,0,0,0,0,0,0,0,0,0,1
1023,155,東京大学かるた会創立30周年記念全国かるた競技大会,2013-10-14,E9,E,28,28,58,5,5,1,0,0,4,4,0,0,0,4,0,0,0,0,0,0,0,0,0,0,0,0,1
1024,155,東京大学かるた会創立30周年記念全国かるた競技大会,2013-10-14,E10,E,25,25,55,5,5,1,0,0,7,7,0,0,0,7,0,0,0,0,0,0,0,0,0,0,0,0,1
1025,156,第45回全国競技かるた女流選手権大会,2013-12-23,A,A,44,44,106,6,6,1,0,0,20,20,0,0,0,20,0,0,0,0,0,0,0,0,0,0,0,0,1
1026,156,第45回全国競技かるた女流選手権大会,2013-12-23,B,B,50,50,112,6,6,1,0,0,14,14,0,0,0,14,0,0,0,0,0,0,0,0,0,0,0,0,1
1027,156,第45回全国競技かるた女流選手権大会,2013-12-23,C,C,50,50,112,6,6,1,0,0,14,14,0,0,0,14,0,0,0,0,0,0,0,0,0,0,0,0,1
1028,156,第45回全国競技かるた女流選手権大会,2013-12-23,シニア,,9,9,23,4,4,1,0,0,7,7,0,0,0,7,0,0,0,0,0,0,0,0,0,0,0,0,1
1029,157,"第31回全国かるた競技東京吉野会大会(B,C)",2013-12-14,B1,B,68,68,194,7,7,1,0,0,60,60,0,0,0,60,0,0,0,0,0,0,0,0,0,0,0,0,1
1030,157,"第31回全国かるた競技東京吉野会大会(B,C)",2013-12-14,C1,C,75,75,175,7,7,1,0,0,27,27,0,0,0,29,0,0,0,0,0,0,0,0,0,0,0,0,1
1031,157,"第31回全国かるた競技東京吉野会大会(B,C)",2013-12-14,B2,B,65,65,191,7,7,1,0,0,63,63,0,0,0,63,0,0,0,0,0,0,0,0,0,0,0,0,1
1032,157,"第31回全国かるた競技東京吉野会大会(B,C)",2013-12-14,C2,C,76,76,176,7,7,1,0,0,26,26,0,0,0,26,0,0,0,0,0,0,0,0,0,0,0,0,1
1033,158,"第30回全国かるた競技熊本大会(C,D)",2014-02-11,C,C,50,50,112,6,6,1,0,0,14,14,0,0,0,14,0,0,0,0,0,0,0,0,0,0,0,0,1
1034,158,"第30回全国かるた競技熊本大会(C,D)",2014-02-11,D1,D,24,24,54,5,5,1,0,0,8,8,0,0,0,8,0,0,0,0,0,0,0,0,0,0,0,0,1
1035,158,"第30回全国かるた競技熊本大会(C,D)",2014-02-11,D2,D,20,20,50,5,5,1,0,0,12,12,0,0,0,12,0,0,0,0,0,0,0,0,0,0,0,0,1
1036,159,"第44回太宰府小倉百人一首かるた競技大会(A,B)",2014-01-03,A,A,69,69,195,7,7,1,0,0,59,59,0,0,0,59,0,0,0,0,0,0,0,0,0,0,0,0,1
1037,159,"第44回太宰府小倉百人一首かるた競技大会(A,B)",2014-01-03,B,B,55,55,117,6,6,1,0,0,9,9,0,0,0,9,0,0,0,0,0,0,0,0,0,0,0,0,1
1038,160,第44回太宰府小倉百人一首かるた競技大会(D),2014-01-13,D1,D,26,26,56,5,5,1,0,0,6,6,0,0,0,6,0,0,0,0,0,0,0,0,0,0,0,0,1
1039,160,第44回太宰府小倉百人一首かるた競技大会(D),2014-01-13,D2,D,27,27,57,5,5,1,0,0,5,5,0,0,0,5,0,0,0,0,0,0,0,0,0,0,0,0,1
1040,160,第44回太宰府小倉百人一首かるた競技大会(D),2014-01-13,D3,D,26,26,56,5,5,1,0,0,6,6,0,0,0,6,0,0,0,0,0,0,0,0,0,0,0,0,1
1041,160,第44回太宰府小倉百人一首かるた競技大会(D),2014-01-13,D4,D,28,28,58,5,5,1,0,0,4,4,0,0,0,4,0,0,0,0,0,0,0,0,0,0,0,0,1
1042,161,第95回全国かるた競技横浜大会,2014-01-26,A,A,76,76,202,7,7,1,0,0,52,52,0,0,0,52,0,0,0,0,0,0,0,0,0,0,0,0,1
1043,161,第95回全国かるた競技横浜大会,2014-01-26,B1,B,67,67,193,7,7,1,0,0,61,61,0,0,0,61,0,0,0,0,0,0,0,0,0,0,0,0,1
1044,161,第95回全国かるた競技横浜大会,2014-01-26,C1,C,52,52,108,6,6,1,0,0,6,6,0,0,0,6,0,0,0,0,0,0,0,0,0,0,0,0,1
1045,161,第95回全国かるた競技横浜大会,2014-01-26,D1,D,45,45,107,6,6,1,0,0,19,19,0,0,0,19,0,2,0,0,0,0,0,0,0,0,0,0,1
1046,161,第95回全国かるた競技横浜大会,2014-01-26,B2,B,66,66,192,7,7,1,0,0,62,62,0,0,0,62,0,0,0,0,0,0,0,0,0,0,0,0,1
1047,161,第95回全国かるた競技横浜大会,2014-01-26,C2,C,54,54,111,6,6,1,0,0,5,5,0,0,0,5,0,0,0,0,0,0,0,0,0,0,0,0,1
1048,161,第95回全国かるた競技横浜大会,2014-01-26,C3,C,52,52,108,6,6,1,0,0,6,6,0,0,0,12,0,0,0,0,0,0,0,0,0,0,0,0,1
1049,161,第95回全国かるた競技横浜大会,2014-01-26,D2,D,43,43,105,6,6,1,0,0,21,21,0,0,0,21,0,0,0,0,0,0,0,0,0,0,0,0,1
1050,161,第95回全国かるた競技横浜大会,2014-01-26,D3,D,44,44,106,6,6,1,0,0,20,20,0,0,0,20,0,0,0,0,0,0,0,0,0,0,0,0,1
1051,161,第95回全国かるた競技横浜大会,2014-01-26,D4,D,46,46,108,6,6,1,0,0,18,18,0,0,0,18,0,0,0,0,0,0,0,0,0,0,0,0,1
1052,161,第95回全国かるた競技横浜大会,2014-01-26,D5,D,46,46,108,6,6,1,0,0,18,18,0,0,0,18,0,0,0,0,0,0,0,0,0,0,0,0,1
1055,163,第43回全国かるた競技松山大会,2014-03-21,A,A,55,55,117,6,6,1,0,0,9,9,0,0,0,9,0,0,0,0,0,0,0,0,0,0,0,0,1
1056,163,第43回全国かるた競技松山大会,2014-03-21,B,B,55,55,117,6,6,1,0,0,9,9,0,0,0,9,0,0,0,0,0,0,0,0,0,0,0,0,1
1057,163,第43回全国かるた競技松山大会,2014-03-21,C,C,53,53,115,6,6,1,0,0,11,11,0,0,0,11,0,0,0,0,0,0,0,0,0,0,0,0,1
1058,163,第43回全国かるた競技松山大会,2014-03-21,D1,D,51,51,113,6,6,1,0,0,13,13,0,0,0,13,0,0,0,0,0,0,0,0,0,0,0,0,1
1059,163,第43回全国かるた競技松山大会,2014-03-21,小学生,,20,20,50,5,5,1,0,0,12,12,0,0,0,12,0,0,0,0,0,0,0,0,0,0,0,0,1
1060,163,第43回全国かるた競技松山大会,2014-03-21,ねんりん,,9,9,23,4,4,1,0,0,7,7,0,0,0,7,0,0,0,0,0,0,0,0,0,0,0,0,1
1061,163,第43回全国かるた競技松山大会,2014-03-21,D2,D,52,52,114,6,6,1,0,0,12,12,0,0,0,12,0,0,0,0,0,0,0,0,0,0,0,0,1
1062,164,"第85回全国かるた競技学生選手権大会(D,E)",2014-03-21,D1,D,44,44,106,6,6,1,0,0,20,20,0,0,0,22,0,0,0,0,0,0,0,0,0,0,0,0,1
1063,164,"第85回全国かるた競技学生選手権大会(D,E)",2014-03-21,E1,E,29,29,59,5,5,1,0,0,3,3,0,0,0,5,0,2,0,0,0,0,0,0,0,0,0,0,1
1064,164,"第85回全国かるた競技学生選手権大会(D,E)",2014-03-21,D2,D,40,40,102,6,6,1,0,0,24,24,0,0,0,26,0,0,0,0,0,0,0,0,0,0,0,0,1
1065,164,"第85回全国かるた競技学生選手権大会(D,E)",2014-03-21,D3,D,41,41,103,6,6,1,0,0,23,23,0,0,0,25,0,0,0,0,0,0,0,0,0,0,0,0,1
1066,164,"第85回全国かるた競技学生選手権大会(D,E)",2014-03-21,D4,D,41,41,103,6,6,1,0,0,23,23,0,0,0,25,0,2,0,0,0,0,0,0,0,0,0,0,1
1067,164,"第85回全国かるた競技学生選手権大会(D,E)",2014-03-21,D5,D,42,42,104,6,6,1,0,0,22,22,0,0,0,22,0,0,0,0,0,0,0,0,0,0,0,0,1
1068,164,"第85回全国かるた競技学生選手権大会(D,E)",2014-03-21,D6,D,42,42,104,6,6,1,0,0,22,22,0,0,0,22,0,0,0,0,0,0,0,0,0,0,0,0,1
1069,164,"第85回全国かるた競技学生選手権大会(D,E)",2014-03-21,D7,D,40,40,102,6,6,1,0,0,24,24,0,0,0,24,0,0,0,0,0,0,0,0,0,0,0,0,1
1070,164,"第85回全国かるた競技学生選手権大会(D,E)",2014-03-21,D8,D,42,42,104,6,6,1,0,0,22,22,0,0,0,22,0,0,0,0,0,0,0,0,0,0,0,0,1
1071,164,"第85回全国かるた競技学生選手権大会(D,E)",2014-03-21,D9,D,43,43,105,6,6,1,0,0,21,21,0,0,0,25,0,0,0,0,0,0,0,0,0,0,0,0,1
1072,164,"第85回全国かるた競技学生選手権大会(D,E)",2014-03-21,E2,E,27,27,57,5,5,1,0,0,5,5,0,0,0,5,0,0,0,0,0,0,0,0,0,0,0,0,1
1073,164,"第85回全国かるた競技学生選手権大会(D,E)",2014-03-21,E3,E,28,28,58,5,5,1,0,0,4,4,0,0,0,4,0,0,0,0,0,0,0,0,0,0,0,0,1
1074,164,"第85回全国かるた競技学生選手権大会(D,E)",2014-03-21,E4,E,28,28,58,5,5,1,0,0,4,4,0,0,0,4,0,0,0,0,0,0,0,0,0,0,0,0,1
1075,164,"第85回全国かるた競技学生選手権大会(D,E)",2014-03-21,E5,E,27,27,57,5,5,1,0,0,5,5,0,0,0,5,0,0,0,0,0,0,0,0,0,0,0,0,1
1076,164,"第85回全国かるた競技学生選手権大会(D,E)",2014-03-21,E6,E,25,25,55,5,5,1,0,0,7,7,0,0,0,7,0,2,0,0,0,0,0,0,0,0,0,0,1
1077,164,"第85回全国かるた競技学生選手権大会(D,E)",2014-03-21,E7,E,27,27,57,5,5,1,0,0,5,5,0,0,0,5,0,0,0,0,0,0,0,0,0,0,0,0,1
1078,164,"第85回全国かるた競技学生選手権大会(D,E)",2014-03-21,E8,E,28,28,58,5,5,1,0,0,4,4,0,0,0,4,0,0,0,0,0,0,0,0,0,0,0,0,1
1079,164,"第85回全国かるた競技学生選手権大会(D,E)",2014-03-21,E9,E,25,25,55,5,5,1,0,0,7,7,0,0,0,7,0,0,0,0,0,0,0,0,0,0,0,0,1
1080,164,"第85回全国かるた競技学生選手権大会(D,E)",2014-03-21,E10,E,26,26,56,5,5,1,0,0,6,6,0,0,0,6,0,0,0,0,0,0,0,0,0,0,0,0,1
1081,164,"第85回全国かるた競技学生選手権大会(D,E)",2014-03-21,E11,E,29,29,59,5,5,1,0,0,3,3,0,0,0,3,0,0,0,0,0,0,0,0,0,0,0,0,1
1082,164,"第85回全国かるた競技学生選手権大会(D,E)",2014-03-21,E12,E,28,28,58,5,5,1,0,0,4,4,0,0,0,4,0,0,0,0,0,0,0,0,0,0,0,0,1
1083,165,"第85回全国かるた競技学生選手権大会(A,B,C)",2014-03-22,A,A,113,113,239,7,7,1,0,0,15,15,0,0,0,15,0,0,0,0,0,0,0,0,0,0,0,0,1
1084,165,"第85回全国かるた競技学生選手権大会(A,B,C)",2014-03-22,B1,B,120,120,246,7,7,1,0,0,8,8,0,0,0,8,0,0,0,0,0,0,0,0,0,0,0,0,1
1085,165,"第85回全国かるた競技学生選手権大会(A,B,C)",2014-03-22,C1,C,62,62,124,6,6,1,0,0,2,2,0,0,0,2,0,0,0,0,0,0,0,0,0,0,0,0,1
1086,165,"第85回全国かるた競技学生選手権大会(A,B,C)",2014-03-22,B2,B,122,122,248,7,7,1,0,0,6,6,0,0,0,8,0,0,0,0,0,0,0,0,0,0,0,0,1
1087,165,"第85回全国かるた競技学生選手権大会(A,B,C)",2014-03-22,C2,C,58,58,120,6,6,1,0,0,6,6,0,0,0,8,0,2,0,0,0,0,0,0,0,0,0,0,1
1088,165,"第85回全国かるた競技学生選手権大会(A,B,C)",2014-03-22,C3,C,62,62,124,6,6,1,0,0,2,2,0,0,0,6,0,0,0,0,0,0,0,0,0,0,0,0,1
1089,165,"第85回全国かるた競技学生選手権大会(A,B,C)",2014-03-22,C4,C,64,64,126,6,6,1,0,0,0,0,0,0,0,2,0,0,0,0,0,0,0,0,0,0,0,0,1
1090,166,"第33回全国かるた競技鹿児島大会(A,B,C)",2014-03-22,A,A,43,43,105,6,6,1,0,0,21,21,0,0,0,23,0,0,0,0,0,0,0,0,0,0,0,0,1
1091,166,"第33回全国かるた競技鹿児島大会(A,B,C)",2014-03-22,B,B,50,50,112,6,6,1,0,0,14,14,0,0,0,14,0,0,0,0,0,0,0,0,0,0,0,0,1
1092,166,"第33回全国かるた競技鹿児島大会(A,B,C)",2014-03-22,C,C,38,38,100,6,6,1,0,0,26,26,0,0,0,26,0,0,0,0,0,0,0,0,0,0,0,0,1
1093,167,"第95回全国競技かるた大阪大会(A,B,C)",2014-01-26,A,A,65,65,191,7,7,1,0,0,63,63,0,0,0,63,0,0,0,0,0,0,0,0,0,0,0,0,1
1094,167,"第95回全国競技かるた大阪大会(A,B,C)",2014-01-26,B,B,73,73,199,7,7,1,0,0,55,55,0,0,0,55,0,0,0,0,0,0,0,0,0,0,0,0,1
1095,167,"第95回全国競技かるた大阪大会(A,B,C)",2014-01-26,C1,C,39,39,101,6,6,1,0,0,25,25,0,0,0,25,0,0,0,0,0,0,0,0,0,0,0,0,1
1096,167,"第95回全国競技かるた大阪大会(A,B,C)",2014-01-26,C2,C,39,39,101,6,6,1,0,0,25,25,0,0,0,25,0,0,0,0,0,0,0,0,0,0,0,0,1
1097,168,"第95回全国競技かるた大阪大会(D,E)",2014-02-02,D1,D,52,52,114,6,6,1,0,0,12,12,0,0,0,12,0,0,0,0,0,0,0,0,0,0,0,0,1
1098,168,"第95回全国競技かるた大阪大会(D,E)",2014-02-02,E1,E,35,35,97,6,6,1,0,0,29,29,0,0,0,31,0,0,0,0,0,0,0,0,0,0,0,0,1
1099,168,"第95回全国競技かるた大阪大会(D,E)",2014-02-02,D2,D,52,52,114,6,6,1,0,0,12,12,0,0,0,12,0,2,0,0,0,0,0,0,0,0,0,0,1
1100,168,"第95回全国競技かるた大阪大会(D,E)",2014-02-02,D3,D,50,50,112,6,6,1,0,0,14,14,0,0,0,14,0,0,0,0,0,0,0,0,0,0,0,0,1
1101,168,"第95回全国競技かるた大阪大会(D,E)",2014-02-02,D4,D,53,53,115,6,6,1,0,0,11,11,0,0,0,11,0,0,0,0,0,0,0,0,0,0,0,0,1
1102,168,"第95回全国競技かるた大阪大会(D,E)",2014-02-02,E2,E,41,41,103,6,6,1,0,0,23,23,0,0,0,23,0,2,0,0,0,0,0,0,0,0,0,0,1
1103,168,"第95回全国競技かるた大阪大会(D,E)",2014-02-02,E3,E,31,31,61,5,5,1,0,0,1,1,0,0,0,1,0,0,0,0,0,0,0,0,0,0,0,0,1
1104,168,"第95回全国競技かるた大阪大会(D,E)",2014-02-02,E4,E,23,23,53,5,5,1,0,0,9,9,0,0,0,9,0,0,0,0,0,0,0,0,0,0,0,0,1
1105,169,"第59回新春全国競技かるた大会(A,B,C)",2014-01-05,A,A,102,102,228,7,7,1,0,0,26,26,0,0,0,26,0,0,0,0,0,0,0,0,0,0,0,0,1
1106,169,"第59回新春全国競技かるた大会(A,B,C)",2014-01-05,B1,B,75,75,201,7,7,1,0,0,53,53,0,0,0,53,0,0,0,0,0,0,0,0,0,0,0,0,1
1107,169,"第59回新春全国競技かるた大会(A,B,C)",2014-01-05,C1,C,55,55,117,6,6,1,0,0,9,9,0,0,0,9,0,0,0,0,0,0,0,0,0,0,0,0,1
1108,169,"第59回新春全国競技かるた大会(A,B,C)",2014-01-05,B2,B,72,72,198,7,7,1,0,0,56,56,0,0,0,56,0,0,0,0,0,0,0,0,0,0,0,0,1
1109,169,"第59回新春全国競技かるた大会(A,B,C)",2014-01-05,C2,C,54,54,116,6,6,1,0,0,10,10,0,0,0,10,0,0,0,0,0,0,0,0,0,0,0,0,1
1110,169,"第59回新春全国競技かるた大会(A,B,C)",2014-01-05,C3,C,55,55,117,6,6,1,0,0,9,9,0,0,0,9,0,0,0,0,0,0,0,0,0,0,0,0,1
1111,170,第67回全国かるた東京東会大会(E),2014-01-12,E1,E,30,30,60,5,5,1,0,0,2,2,0,0,0,2,0,0,0,0,0,0,0,0,0,0,0,0,1
1112,170,第67回全国かるた東京東会大会(E),2014-01-12,E2,E,29,29,59,5,5,1,0,0,3,3,0,0,0,3,0,0,0,0,0,0,0,0,0,0,0,0,1
1113,170,第67回全国かるた東京東会大会(E),2014-01-12,E3,E,29,29,59,5,5,1,0,0,3,3,0,0,0,3,0,0,0,0,0,0,0,0,0,0,0,0,1
1114,170,第67回全国かるた東京東会大会(E),2014-01-12,E4,E,27,27,57,5,5,1,0,0,5,5,0,0,0,5,0,0,0,0,0,0,0,0,0,0,0,0,1
1115,170,第67回全国かるた東京東会大会(E),2014-01-12,E5,E,29,29,59,5,5,1,0,0,3,3,0,0,0,3,0,0,0,0,0,0,0,0,0,0,0,0,1
1116,170,第67回全国かるた東京東会大会(E),2014-01-12,E6,E,30,30,60,5,5,1,0,0,2,2,0,0,0,2,0,0,0,0,0,0,0,0,0,0,0,0,1
1117,170,第67回全国かるた東京東会大会(E),2014-01-12,E7,E,30,30,60,5,5,1,0,0,2,2,0,0,0,2,0,0,0,0,0,0,0,0,0,0,0,0,1
1118,170,第67回全国かるた東京東会大会(E),2014-01-12,E8,E,29,29,59,5,5,1,0,0,3,3,0,0,0,3,0,2,0,0,0,0,0,0,0,0,0,0,1
1119,170,第67回全国かるた東京東会大会(E),2014-01-12,E9,E,29,29,59,5,5,1,0,0,3,3,0,0,0,3,0,2,0,0,0,0,0,0,0,0,0,0,1
1120,170,第67回全国かるた東京東会大会(E),2014-01-12,E10,E,30,30,60,5,5,1,0,0,2,2,0,0,0,2,0,0,0,0,0,0,0,0,0,0,0,0,1
1121,171,第67回全国かるた競技東京東会大会(D),2014-01-18,D1,D,48,48,110,6,6,1,0,0,16,16,0,0,0,16,0,0,0,0,0,0,0,0,0,0,0,0,1
1122,171,第67回全国かるた競技東京東会大会(D),2014-01-18,D2,D,51,51,113,6,6,1,0,0,13,13,0,0,0,13,0,0,0,0,0,0,0,0,0,0,0,0,1
1123,171,第67回全国かるた競技東京東会大会(D),2014-01-18,D3,D,49,49,111,6,6,1,0,0,15,15,0,0,0,17,0,0,0,0,0,0,0,0,0,0,0,0,1
1124,171,第67回全国かるた競技東京東会大会(D),2014-01-18,D4,D,49,49,111,6,6,1,0,0,15,15,0,0,0,15,0,0,0,0,0,0,0,0,0,0,0,0,1
1125,171,第67回全国かるた競技東京東会大会(D),2014-01-18,D5,D,48,48,110,6,6,1,0,0,16,16,0,0,0,16,0,0,0,0,0,0,0,0,0,0,0,0,1
1126,171,第67回全国かるた競技東京東会大会(D),2014-01-18,D6,D,50,50,112,6,6,1,0,0,14,14,0,0,0,16,0,0,0,0,0,0,0,0,0,0,0,0,1
1127,172,"第59回新春全国競技かるた大会(D,E)",2014-01-11,D1,D,34,34,96,6,6,1,0,0,30,30,0,0,0,30,0,0,0,0,0,0,0,0,0,0,0,0,1
1128,172,"第59回新春全国競技かるた大会(D,E)",2014-01-11,E1,E,28,28,58,5,5,1,0,0,4,4,0,0,0,4,0,0,0,0,0,0,0,0,0,0,0,0,1
1129,172,"第59回新春全国競技かるた大会(D,E)",2014-01-11,D2,D,33,33,95,6,6,1,0,0,31,31,0,0,0,31,0,0,0,0,0,0,0,0,0,0,0,0,1
1130,172,"第59回新春全国競技かるた大会(D,E)",2014-01-11,D3,D,34,34,96,6,6,1,0,0,30,30,0,0,0,30,0,0,0,0,0,0,0,0,0,0,0,0,1
1131,172,"第59回新春全国競技かるた大会(D,E)",2014-01-11,D4,D,32,32,62,5,5,1,0,0,0,0,0,0,0,0,0,0,0,0,0,0,0,0,0,0,0,0,1
1132,172,"第59回新春全国競技かるた大会(D,E)",2014-01-11,D5,D,33,33,95,6,6,1,0,0,31,31,0,0,0,33,0,0,0,0,0,0,0,0,0,0,0,0,1
1133,172,"第59回新春全国競技かるた大会(D,E)",2014-01-11,D6,D,34,34,96,6,6,1,0,0,30,30,0,0,0,30,0,0,0,0,0,0,0,0,0,0,0,0,1
1134,172,"第59回新春全国競技かるた大会(D,E)",2014-01-11,E2,E,27,27,57,5,5,1,0,0,5,5,0,0,0,5,0,0,0,0,0,0,0,0,0,0,0,0,1
1135,172,"第59回新春全国競技かるた大会(D,E)",2014-01-11,E3,E,29,29,59,5,5,1,0,0,3,3,0,0,0,3,0,0,0,0,0,0,0,0,0,0,0,0,1
1136,172,"第59回新春全国競技かるた大会(D,E)",2014-01-11,E4,E,27,27,57,5,5,1,0,0,5,5,0,0,0,5,0,0,0,0,0,0,0,0,0,0,0,0,1
1137,172,"第59回新春全国競技かるた大会(D,E)",2014-01-11,E5,E,27,27,57,5,5,1,0,0,5,5,0,0,0,5,0,0,0,0,0,0,0,0,0,0,0,0,1
1138,172,"第59回新春全国競技かるた大会(D,E)",2014-01-11,E6,E,27,27,57,5,5,1,0,0,5,5,0,0,0,5,0,0,0,0,0,0,0,0,0,0,0,0,1
1139,172,"第59回新春全国競技かるた大会(D,E)",2014-01-11,E7,E,23,23,53,5,5,1,0,0,9,9,0,0,0,9,0,0,0,0,0,0,0,0,0,0,0,0,1
1140,172,"第59回新春全国競技かるた大会(D,E)",2014-01-11,E8,E,27,27,57,5,5,1,0,0,5,5,0,0,0,5,0,0,0,0,0,0,0,0,0,0,0,0,1
1141,172,"第59回新春全国競技かるた大会(D,E)",2014-01-11,E9,E,27,27,57,5,5,1,0,0,5,5,0,0,0,5,0,0,0,0,0,0,0,0,0,0,0,0,1
1142,172,"第59回新春全国競技かるた大会(D,E)",2014-01-11,D7,D,35,35,97,6,6,1,0,0,29,29,0,0,0,31,0,0,0,0,0,0,0,0,0,0,0,0,1
1143,172,"第59回新春全国競技かるた大会(D,E)",2014-01-11,D8,D,32,32,62,5,5,1,0,0,0,0,0,0,0,2,0,0,0,0,0,0,0,0,0,0,0,0,1
1144,172,"第59回新春全国競技かるた大会(D,E)",2014-01-11,D9,D,31,31,61,5,5,1,0,0,1,1,0,0,0,3,0,0,0,0,0,0,0,0,0,0,0,0,1
1145,173,"第63回高松宮記念杯近江神宮全国歌かるた大会(A,B,C)",2014-01-12,A,A,96,96,222,7,7,1,0,0,32,32,0,0,0,32,0,0,0,0,0,0,0,0,0,0,0,0,1
1146,173,"第63回高松宮記念杯近江神宮全国歌かるた大会(A,B,C)",2014-01-12,B,B,109,109,235,7,7,1,0,0,19,19,0,0,0,19,0,0,0,0,0,0,0,0,0,0,0,0,1
1147,173,"第63回高松宮記念杯近江神宮全国歌かるた大会(A,B,C)",2014-01-12,C1,C,60,60,122,6,6,1,0,0,4,4,0,0,0,4,0,0,0,0,0,0,0,0,0,0,0,0,1
1148,173,"第63回高松宮記念杯近江神宮全国歌かるた大会(A,B,C)",2014-01-12,C2,C,62,62,124,6,6,1,0,0,2,2,0,0,0,2,0,0,0,0,0,0,0,0,0,0,0,0,1
1149,174,"第33回全国かるた競技鹿児島大会(D,E)",2014-03-21,D1,D,26,26,56,5,5,1,0,0,6,6,0,0,0,6,0,0,0,0,0,0,0,0,0,0,0,0,1
1150,174,"第33回全国かるた競技鹿児島大会(D,E)",2014-03-21,E1,E,26,26,56,5,5,1,0,0,6,6,0,0,0,6,0,0,0,0,0,0,0,0,0,0,0,0,1
1151,174,"第33回全国かるた競技鹿児島大会(D,E)",2014-03-21,D2,D,31,31,61,5,5,1,0,0,1,1,0,0,0,1,0,0,0,0,0,0,0,0,0,0,0,0,1
1152,174,"第33回全国かるた競技鹿児島大会(D,E)",2014-03-21,E2,E,23,23,53,5,5,1,0,0,9,9,0,0,0,9,0,0,0,0,0,0,0,0,0,0,0,0,1
1153,174,"第33回全国かるた競技鹿児島大会(D,E)",2014-03-21,E3,E,27,27,57,5,5,1,0,0,5,5,0,0,0,5,0,0,0,0,0,0,0,0,0,0,0,0,1
1154,175,第1回熊本県かるた大会(初心者),2014-02-11,初心者1,,21,21,51,5,5,1,0,0,11,11,0,0,0,11,0,0,0,0,0,0,0,0,0,0,0,0,1
1155,175,第1回熊本県かるた大会(初心者),2014-02-11,初心者2,,20,20,50,5,5,1,0,0,12,12,0,0,0,12,0,0,0,0,0,0,0,0,0,0,0,0,1
1156,176,"第23回全国競技かるた奈良大会(B,C,D,E,ねんりん)",2014-02-16,B,B,74,74,200,7,7,1,0,0,54,54,0,0,0,54,0,0,0,0,0,0,0,0,0,0,0,0,1
1157,176,"第23回全国競技かるた奈良大会(B,C,D,E,ねんりん)",2014-02-16,C1,C,43,43,105,6,6,1,0,0,21,21,0,0,0,21,0,0,0,0,0,0,0,0,0,0,0,0,1
1158,176,"第23回全国競技かるた奈良大会(B,C,D,E,ねんりん)",2014-02-16,D1,D,37,37,99,6,6,1,0,0,27,27,0,0,0,27,0,0,0,0,0,0,0,0,0,0,0,0,1
1159,176,"第23回全国競技かるた奈良大会(B,C,D,E,ねんりん)",2014-02-16,E1,E,22,22,52,5,5,1,0,0,10,10,0,0,0,10,0,0,0,0,0,0,0,0,0,0,0,0,1
1160,176,"第23回全国競技かるた奈良大会(B,C,D,E,ねんりん)",2014-02-16,ねんりん,,11,11,25,4,4,1,0,0,5,5,0,0,0,5,0,0,0,0,0,0,0,0,0,0,0,0,1
1161,176,"第23回全国競技かるた奈良大会(B,C,D,E,ねんりん)",2014-02-16,C2,C,40,40,102,6,6,1,0,0,24,24,0,0,0,24,0,0,0,0,0,0,0,0,0,0,0,0,1
1162,176,"第23回全国競技かるた奈良大会(B,C,D,E,ねんりん)",2014-02-16,D2,D,41,41,103,6,6,1,0,0,23,23,0,0,0,23,0,0,0,0,0,0,0,0,0,0,0,0,1
1163,176,"第23回全国競技かるた奈良大会(B,C,D,E,ねんりん)",2014-02-16,D3,D,39,39,101,6,6,1,0,0,25,25,0,0,0,25,0,0,0,0,0,0,0,0,0,0,0,0,1
1164,176,"第23回全国競技かるた奈良大会(B,C,D,E,ねんりん)",2014-02-16,E2,E,35,35,97,6,6,1,0,0,29,29,0,0,0,29,0,2,0,0,0,0,0,0,0,0,0,0,1
1165,176,"第23回全国競技かるた奈良大会(B,C,D,E,ねんりん)",2014-02-16,E3,E,22,22,52,5,5,1,0,0,10,10,0,0,0,10,0,0,0,0,0,0,0,0,0,0,0,0,1
1166,176,"第23回全国競技かるた奈良大会(B,C,D,E,ねんりん)",2014-02-16,E4,E,14,14,28,4,4,1,0,0,2,2,0,0,0,2,0,0,0,0,0,0,0,0,0,0,0,0,1
1167,177,"第31回全国かるた競技熊本大会(A,B)",2014-04-27,A,A,39,39,101,6,6,1,0,0,25,25,0,0,0,25,0,0,0,0,0,0,0,0,0,0,0,0,1
1168,177,"第31回全国かるた競技熊本大会(A,B)",2014-04-27,B,B,51,51,113,6,6,1,0,0,13,13,0,0,0,13,0,0,0,0,0,0,0,0,0,0,0,0,1
1169,178,第47回全国かるた競技静岡大会,2014-02-16,A,A,76,76,202,7,7,1,0,0,52,52,0,0,0,54,0,0,0,0,0,0,0,0,0,0,0,0,1
1170,178,第47回全国かるた競技静岡大会,2014-02-16,B,B,97,97,223,7,7,1,0,0,31,31,0,0,0,31,0,0,0,0,0,0,0,0,0,0,0,0,1
1171,178,第47回全国かるた競技静岡大会,2014-02-16,C1,C,35,35,96,6,6,1,0,0,28,28,0,0,0,32,0,0,0,2,0,0,0,0,0,0,0,0,1
1172,178,第47回全国かるた競技静岡大会,2014-02-16,D1,D,31,31,61,5,5,1,0,0,1,1,0,0,0,1,0,0,0,0,0,0,0,0,0,0,0,0,1
1173,178,第47回全国かるた競技静岡大会,2014-02-16,E1,E,23,23,53,5,5,1,0,0,9,9,0,0,0,9,0,0,0,0,0,0,0,0,0,0,0,0,1
1174,178,第47回全国かるた競技静岡大会,2014-02-16,C2,C,33,33,95,6,6,1,0,0,31,31,0,0,0,31,0,0,0,0,0,0,0,0,0,0,0,0,1
1175,178,第47回全国かるた競技静岡大会,2014-02-16,C3,C,29,29,59,5,5,1,0,0,3,3,0,0,0,3,0,0,0,0,0,0,0,0,0,0,0,0,1
1176,178,第47回全国かるた競技静岡大会,2014-02-16,D2,D,34,34,96,6,6,1,0,0,30,30,0,0,0,30,0,0,0,0,0,0,0,0,0,0,0,0,1
1177,178,第47回全国かるた競技静岡大会,2014-02-16,D3,D,33,33,95,6,6,1,0,0,31,31,0,0,0,35,0,0,0,0,0,0,0,0,0,0,0,0,1
1178,178,第47回全国かるた競技静岡大会,2014-02-16,D4,D,31,31,61,5,5,1,0,0,1,1,0,0,0,1,0,0,0,0,0,0,0,0,0,0,0,0,1
1179,178,第47回全国かるた競技静岡大会,2014-02-16,E2,E,24,24,54,5,5,1,0,0,8,8,0,0,0,8,0,0,0,0,0,0,0,0,0,0,0,0,1
1180,178,第47回全国かるた競技静岡大会,2014-02-16,E3,E,21,21,51,5,5,1,0,0,11,11,0,0,0,11,0,0,0,0,0,0,0,0,0,0,0,0,1
1181,179,"第28回全国かるたさがみ野大会(A,B,C)",2014-04-29,A,A,78,78,204,7,7,1,0,0,50,50,0,0,0,50,0,2,0,0,0,0,0,0,0,0,0,0,1
1182,179,"第28回全国かるたさがみ野大会(A,B,C)",2014-04-29,B1,B,80,80,206,7,7,1,0,0,48,48,0,0,0,48,0,0,0,0,0,0,0,0,0,0,0,0,1
1183,179,"第28回全国かるたさがみ野大会(A,B,C)",2014-04-29,C1,C,64,64,126,6,6,1,0,0,0,0,0,0,0,2,0,0,0,0,0,0,0,0,0,0,0,0,1
1184,179,"第28回全国かるたさがみ野大会(A,B,C)",2014-04-29,B2,B,83,83,209,7,7,1,0,0,45,45,0,0,0,45,0,0,0,0,0,0,0,0,0,0,0,0,1
1185,179,"第28回全国かるたさがみ野大会(A,B,C)",2014-04-29,C2,C,63,63,125,6,6,1,0,0,1,1,0,0,0,5,0,0,0,0,0,0,0,0,0,0,0,0,1
1186,179,"第28回全国かるたさがみ野大会(A,B,C)",2014-04-29,C3,C,64,64,126,6,6,1,0,0,0,0,0,0,0,4,0,0,0,0,0,0,0,0,0,0,0,0,1
1187,180,第28回全国かるたさがみ野大会(E),2014-05-10,E1,E,19,19,49,5,5,1,0,0,13,13,0,0,0,13,0,0,0,0,0,0,0,0,0,0,0,0,1
1188,180,第28回全国かるたさがみ野大会(E),2014-05-10,E2,E,22,22,52,5,5,1,0,0,10,10,0,0,0,10,0,0,0,0,0,0,0,0,0,0,0,0,1
1189,180,第28回全国かるたさがみ野大会(E),2014-05-10,E3,E,22,22,52,5,5,1,0,0,10,10,0,0,0,10,0,0,0,0,0,0,0,0,0,0,0,0,1
1190,180,第28回全国かるたさがみ野大会(E),2014-05-10,E4,E,18,18,48,5,5,1,0,0,14,14,0,0,0,14,0,0,0,0,0,0,0,0,0,0,0,0,1
1191,180,第28回全国かるたさがみ野大会(E),2014-05-10,E5,E,22,22,52,5,5,1,0,0,10,10,0,0,0,10,0,0,0,0,0,0,0,0,0,0,0,0,1
1192,180,第28回全国かるたさがみ野大会(E),2014-05-10,E6,E,20,20,50,5,5,1,0,0,12,12,0,0,0,12,0,0,0,0,0,0,0,0,0,0,0,0,1
1193,180,第28回全国かるたさがみ野大会(E),2014-05-10,E7,E,18,18,48,5,5,1,0,0,14,14,0,0,0,16,0,0,0,0,0,0,0,0,0,0,0,0,1
1194,181,第28回全国かるたさがみ野大会(D),2014-06-29,D1,D,22,22,52,5,5,1,0,0,10,10,0,0,0,10,0,2,0,0,0,0,0,0,0,0,0,0,1
1195,181,第28回全国かるたさがみ野大会(D),2014-06-29,D2,D,24,24,54,5,5,1,0,0,8,8,0,0,0,8,0,0,0,0,0,0,0,0,0,0,0,0,1
1196,181,第28回全国かるたさがみ野大会(D),2014-06-29,D3,D,21,21,51,5,5,1,0,0,11,11,0,0,0,11,0,0,0,0,0,0,0,0,0,0,0,0,1
1197,181,第28回全国かるたさがみ野大会(D),2014-06-29,D4,D,22,22,52,5,5,1,0,0,10,10,0,0,0,10,0,0,0,0,0,0,0,0,0,0,0,0,1
1198,181,第28回全国かるたさがみ野大会(D),2014-06-29,D5,D,23,23,53,5,5,1,0,0,9,9,0,0,0,9,0,2,0,0,0,0,0,0,0,0,0,0,1
1199,181,第28回全国かるたさがみ野大会(D),2014-06-29,D6,D,22,22,52,5,5,1,0,0,10,10,0,0,0,10,0,0,0,0,0,0,0,0,0,0,0,0,1
1200,181,第28回全国かるたさがみ野大会(D),2014-06-29,D7,D,20,20,50,5,5,1,0,0,12,12,0,0,0,12,0,0,0,0,0,0,0,0,0,0,0,0,1
1201,182,"藤原定家卿小倉百人一首撰定記念第68回全国かるた競技京都大会(C,D)",2014-05-24,C1,C,60,60,122,6,6,1,0,0,4,4,0,0,0,4,0,0,0,0,0,0,0,0,0,0,0,0,1
1202,182,"藤原定家卿小倉百人一首撰定記念第68回全国かるた競技京都大会(C,D)",2014-05-24,D1,D,54,54,116,6,6,1,0,0,10,10,0,0,0,12,0,0,0,0,0,0,0,0,0,0,0,0,1
1203,182,"藤原定家卿小倉百人一首撰定記念第68回全国かるた競技京都大会(C,D)",2014-05-24,C2,C,56,56,118,6,6,1,0,0,8,8,0,0,0,8,0,0,0,0,0,0,0,0,0,0,0,0,1
1204,182,"藤原定家卿小倉百人一首撰定記念第68回全国かるた競技京都大会(C,D)",2014-05-24,D2,D,54,54,116,6,6,1,0,0,10,10,0,0,0,10,0,2,0,0,0,0,0,0,0,0,0,0,1
1205,182,"藤原定家卿小倉百人一首撰定記念第68回全国かるた競技京都大会(C,D)",2014-05-24,D3,D,52,52,114,6,6,1,0,0,12,12,0,0,0,12,0,0,0,0,0,0,0,0,0,0,0,0,1
1206,182,"藤原定家卿小倉百人一首撰定記念第68回全国かるた競技京都大会(C,D)",2014-05-24,D4,D,53,53,115,6,6,1,0,0,11,11,0,0,0,11,0,0,0,0,0,0,0,0,0,0,0,0,1
1207,183,"藤原定家卿小倉百人一首撰定記念第68回全国かるた競技京都大会(A,B)",2014-05-25,A,A,97,97,223,7,7,1,0,0,31,31,0,0,0,31,0,0,0,0,0,0,0,0,0,0,0,0,1
1208,183,"藤原定家卿小倉百人一首撰定記念第68回全国かるた競技京都大会(A,B)",2014-05-25,B,B,122,122,248,7,7,1,0,0,6,6,0,0,0,6,0,0,0,0,0,0,0,0,0,0,0,0,1
1209,184,第26回全日本シニアかるた選手権大会,2014-06-14,A,A,13,13,27,4,4,1,0,0,3,3,0,0,0,3,0,0,0,0,0,0,0,0,0,0,0,0,1
1210,184,第26回全日本シニアかるた選手権大会,2014-06-14,B,B,11,11,25,4,4,1,0,0,5,5,0,0,0,5,0,0,0,0,0,0,0,0,0,0,0,0,1
1211,184,第26回全日本シニアかるた選手権大会,2014-06-14,C,C,6,6,12,3,3,1,0,0,2,2,0,0,0,2,0,0,0,0,0,0,0,0,0,0,0,0,1
1212,184,第26回全日本シニアかるた選手権大会,2014-06-14,D,D,14,14,28,4,4,1,0,0,2,2,0,0,0,2,0,0,0,0,0,0,0,0,0,0,0,0,1
1213,184,第26回全日本シニアかるた選手権大会,2014-06-14,G,,12,12,26,4,4,1,0,0,4,4,0,0,0,4,0,0,0,0,0,0,0,0,0,0,0,0,1
1214,185,"第38回宗像大社小倉百人一首かるた大会(C,D)",2014-06-08,C1,C,37,37,99,6,6,1,0,0,27,27,0,0,0,27,0,0,0,0,0,0,0,0,0,0,0,0,1
1215,185,"第38回宗像大社小倉百人一首かるた大会(C,D)",2014-06-08,D1,D,27,27,57,5,5,1,0,0,5,5,0,0,0,5,0,0,0,0,0,0,0,0,0,0,0,0,1
1216,185,"第38回宗像大社小倉百人一首かるた大会(C,D)",2014-06-08,C2,C,34,34,96,6,6,1,0,0,30,30,0,0,0,30,0,0,0,0,0,0,0,0,0,0,0,0,1
1217,185,"第38回宗像大社小倉百人一首かるた大会(C,D)",2014-06-08,D2,D,26,26,56,5,5,1,0,0,6,6,0,0,0,8,0,2,0,0,0,0,0,0,0,0,0,0,1
1218,185,"第38回宗像大社小倉百人一首かるた大会(C,D)",2014-06-08,D3,D,28,28,58,5,5,1,0,0,4,4,0,0,0,8,0,0,0,0,0,0,0,0,0,0,0,0,1
1219,185,"第38回宗像大社小倉百人一首かるた大会(C,D)",2014-06-08,D4,D,28,28,58,5,5,1,0,0,4,4,0,0,0,8,0,0,0,0,0,0,0,0,0,0,0,0,1
1220,185,"第38回宗像大社小倉百人一首かるた大会(C,D)",2014-06-08,D5,D,27,27,57,5,5,1,0,0,5,5,0,0,0,7,0,0,0,0,0,0,0,0,0,0,0,0,1
1221,186,"第38回宗像大社小倉百人一首かるた大会(A,B)",2014-06-29,A,A,65,65,191,7,7,1,0,0,63,63,0,0,0,63,0,0,0,0,0,0,0,0,0,0,0,0,1
1222,186,"第38回宗像大社小倉百人一首かるた大会(A,B)",2014-06-29,B,B,63,63,125,6,6,1,0,0,1,1,0,0,0,1,0,0,0,0,0,0,0,0,0,0,0,0,1
1223,187,第32回小倉百人一首かるた競技宮崎大会,2014-12-07,A,A,26,26,56,5,5,1,0,0,6,6,0,0,0,6,0,0,0,0,0,0,0,0,0,0,0,0,1
1224,187,第32回小倉百人一首かるた競技宮崎大会,2014-12-07,B,B,31,31,61,5,5,1,0,0,1,1,0,0,0,1,0,0,0,0,0,0,0,0,0,0,0,0,1
1225,187,第32回小倉百人一首かるた競技宮崎大会,2014-12-07,C,C,42,42,104,6,6,1,0,0,22,22,0,0,0,22,0,0,0,0,0,0,0,0,0,0,0,0,1
1226,187,第32回小倉百人一首かるた競技宮崎大会,2014-12-07,D1,D,26,26,56,5,5,1,0,0,6,6,0,0,0,6,0,0,0,0,0,0,0,0,0,0,0,0,1
1227,187,第32回小倉百人一首かるた競技宮崎大会,2014-12-07,D2,D,28,28,58,5,5,1,0,0,4,4,0,0,0,4,0,0,0,0,0,0,0,0,0,0,0,0,1
1228,187,第32回小倉百人一首かるた競技宮崎大会,2014-12-07,D3,D,22,22,52,5,5,1,0,0,10,10,0,0,0,10,0,0,0,0,0,0,0,0,0,0,0,0,1
1229,188,第78回椿杯争奪全国かるた大会,2014-05-31,A,A,64,64,126,6,6,1,0,0,0,0,0,0,0,2,0,0,0,0,0,0,0,0,0,0,0,0,1
1230,188,第78回椿杯争奪全国かるた大会,2014-05-31,B,B,69,69,195,7,7,1,0,0,59,59,0,0,0,59,0,0,0,0,0,0,0,0,0,0,0,0,1
1231,188,第78回椿杯争奪全国かるた大会,2014-05-31,C,C,56,56,118,6,6,1,0,2,10,8,0,0,0,8,0,2,0,0,0,0,0,0,0,0,0,0,1
1232,189,"第67回全国かるた競技福井大会(C,D)",2014-06-14,C1,C,41,41,103,6,6,1,0,0,23,23,0,0,0,23,0,0,0,0,0,0,0,0,0,0,0,0,1
1233,189,"第67回全国かるた競技福井大会(C,D)",2014-06-14,D1,D,26,26,56,5,5,1,0,0,6,6,0,0,0,6,0,0,0,0,0,0,0,0,0,0,0,0,1
1234,189,"第67回全国かるた競技福井大会(C,D)",2014-06-14,C2,C,42,42,104,6,6,1,0,0,22,22,0,0,0,22,0,0,0,0,0,0,0,0,0,0,0,0,1
1235,189,"第67回全国かるた競技福井大会(C,D)",2014-06-14,D2,D,26,26,56,5,5,1,0,0,6,6,0,0,0,6,0,0,0,0,0,0,0,0,0,0,0,0,1
1236,189,"第67回全国かるた競技福井大会(C,D)",2014-06-14,D3,D,27,27,57,5,5,1,0,0,5,5,0,0,0,5,0,0,0,0,0,0,0,0,0,0,0,0,1
1237,189,"第67回全国かるた競技福井大会(C,D)",2014-06-14,D4,D,27,27,57,5,5,1,0,0,5,5,0,0,0,5,0,0,0,0,0,0,0,0,0,0,0,0,1
1238,189,"第67回全国かるた競技福井大会(C,D)",2014-06-14,D5,D,26,26,56,5,5,1,0,0,6,6,0,0,0,6,0,0,0,0,0,0,0,0,0,0,0,0,1
1239,190,"第67回全国かるた競技福井大会(A,B)",2014-06-15,A,A,81,81,207,7,7,1,0,0,47,47,0,0,0,55,0,0,0,0,0,0,0,0,0,0,0,0,1
1240,190,"第67回全国かるた競技福井大会(A,B)",2014-06-15,B,B,65,65,191,7,7,1,0,0,63,63,0,0,0,63,0,0,0,0,0,0,0,0,0,0,0,0,1
1241,190,"第67回全国かるた競技福井大会(A,B)",2014-06-15,E2,E,22,22,52,5,5,1,0,6,16,10,0,0,0,10,0,2,0,6,0,0,0,0,0,0,0,0,1
1242,190,"第67回全国かるた競技福井大会(A,B)",2014-06-15,対戦記録（E3・4級）,E,52,52,114,6,6,1,0,0,12,12,0,0,0,12,0,0,0,0,0,0,0,0,0,0,0,0,1
1243,190,"第67回全国かるた競技福井大会(A,B)",2014-06-15,対戦記録（E5・6級）,E,56,56,118,6,6,1,0,7,15,8,0,0,0,8,0,0,0,7,0,0,0,0,0,0,0,0,1
1244,190,"第67回全国かるた競技福井大会(A,B)",2014-06-15,対戦記録（E中学生級）,,17,17,47,5,5,1,0,0,15,15,0,0,0,15,0,0,0,2,0,0,0,0,0,0,0,0,1
1245,191,"第32回全国かるた競技東京吉野会大会(D,E)",2014-05-04,D1,D,32,32,62,5,5,1,0,0,0,0,0,0,0,0,0,0,0,0,0,0,0,0,0,0,0,0,1
1246,191,"第32回全国かるた競技東京吉野会大会(D,E)",2014-05-04,E1,E,32,32,62,5,5,1,0,0,0,0,0,0,0,0,0,0,0,0,0,0,0,0,0,0,0,0,1
1247,191,"第32回全国かるた競技東京吉野会大会(D,E)",2014-05-04,D2,D,32,32,62,5,5,1,0,0,0,0,0,0,0,0,0,0,0,0,0,0,0,0,0,0,0,0,1
1248,191,"第32回全国かるた競技東京吉野会大会(D,E)",2014-05-04,D3,D,32,32,62,5,5,1,0,0,0,0,0,0,0,2,0,0,0,0,0,0,0,0,0,0,0,0,1
1249,191,"第32回全国かるた競技東京吉野会大会(D,E)",2014-05-04,D4,D,32,32,62,5,5,1,0,0,0,0,0,0,0,2,0,0,0,0,0,0,0,0,0,0,0,0,1
1250,191,"第32回全国かるた競技東京吉野会大会(D,E)",2014-05-04,D5,D,32,32,62,5,5,1,0,0,0,0,0,0,0,0,0,0,0,0,0,0,0,0,0,0,0,0,1
1251,191,"第32回全国かるた競技東京吉野会大会(D,E)",2014-05-04,D6,D,32,32,62,5,5,1,0,0,0,0,0,0,0,0,0,0,0,0,0,0,0,0,0,0,0,0,1
1252,191,"第32回全国かるた競技東京吉野会大会(D,E)",2014-05-04,D7,D,32,32,62,5,5,1,0,0,0,0,0,0,0,0,0,0,0,0,0,0,0,0,0,0,0,0,1
1253,191,"第32回全国かるた競技東京吉野会大会(D,E)",2014-05-04,D8,D,32,32,62,5,5,1,0,0,0,0,0,0,0,2,0,0,0,0,0,0,0,0,0,0,0,0,1
1254,191,"第32回全国かるた競技東京吉野会大会(D,E)",2014-05-04,E2,E,32,32,62,5,5,1,0,0,0,0,0,0,0,0,0,0,0,0,0,0,0,0,0,0,0,0,1
1255,191,"第32回全国かるた競技東京吉野会大会(D,E)",2014-05-04,E3,E,32,32,62,5,5,1,0,0,0,0,0,0,0,0,0,0,0,0,0,0,0,0,0,0,0,0,1
1256,191,"第32回全国かるた競技東京吉野会大会(D,E)",2014-05-04,E4,E,32,32,62,5,5,1,0,0,0,0,0,0,0,2,0,0,0,0,0,0,0,0,0,0,0,0,1
1257,191,"第32回全国かるた競技東京吉野会大会(D,E)",2014-05-04,E5,E,32,32,62,5,5,1,0,0,0,0,0,0,0,2,0,2,0,0,0,0,0,0,0,0,0,0,1
1258,191,"第32回全国かるた競技東京吉野会大会(D,E)",2014-05-04,E6,E,32,32,62,5,5,1,0,0,0,0,0,0,0,0,0,0,0,0,0,0,0,0,0,0,0,0,1
1259,191,"第32回全国かるた競技東京吉野会大会(D,E)",2014-05-04,E7,E,32,32,62,5,5,1,0,0,0,0,0,0,0,0,0,0,0,0,0,0,0,0,0,0,0,0,1
1260,191,"第32回全国かるた競技東京吉野会大会(D,E)",2014-05-04,E8,E,31,31,61,5,5,1,0,0,1,1,0,0,0,3,0,0,0,0,0,0,0,0,0,0,0,0,1
1261,191,"第32回全国かるた競技東京吉野会大会(D,E)",2014-05-04,E9,E,31,31,61,5,5,1,0,0,1,1,0,0,0,1,0,0,0,0,0,0,0,0,0,0,0,0,1
1262,192,第22回多摩百人一首かるた大会(D),2014-07-20,D1,D,25,25,55,5,5,1,0,0,7,7,0,0,0,9,0,0,0,0,0,0,0,0,0,0,0,0,1
1263,192,第22回多摩百人一首かるた大会(D),2014-07-20,D2,D,28,28,58,5,5,1,0,0,4,4,0,0,0,4,0,0,0,0,0,0,0,0,0,0,0,0,1
1264,192,第22回多摩百人一首かるた大会(D),2014-07-20,D3,D,29,29,59,5,5,1,0,0,3,3,0,0,0,3,0,0,0,0,0,0,0,0,0,0,0,0,1
1265,192,第22回多摩百人一首かるた大会(D),2014-07-20,D4,D,29,29,59,5,5,1,0,0,3,3,0,0,0,3,0,0,0,0,0,0,0,0,0,0,0,0,1
1266,192,第22回多摩百人一首かるた大会(D),2014-07-20,D5,D,25,25,55,5,5,1,0,0,7,7,0,0,0,7,0,0,0,0,0,0,0,0,0,0,0,0,1
1267,192,第22回多摩百人一首かるた大会(D),2014-07-20,D6,D,30,30,60,5,5,1,0,0,2,2,0,0,0,2,0,0,0,0,0,0,0,0,0,0,0,0,1
1268,192,第22回多摩百人一首かるた大会(D),2014-07-20,D7,D,26,26,56,5,5,1,0,0,6,6,0,0,0,6,0,0,0,0,0,0,0,0,0,0,0,0,1
1269,192,第22回多摩百人一首かるた大会(D),2014-07-20,D8,D,28,28,58,5,5,1,0,0,4,4,0,0,0,4,0,0,0,0,0,0,0,0,0,0,0,0,1
1270,192,第22回多摩百人一首かるた大会(D),2014-07-20,D9,D,24,24,54,5,5,1,0,0,8,8,0,0,0,8,0,0,0,0,0,0,0,0,0,0,0,0,1
1271,192,第22回多摩百人一首かるた大会(D),2014-07-20,D10,D,27,27,57,5,5,1,0,2,7,5,0,0,0,5,0,2,0,0,0,0,0,0,0,0,0,0,1
1272,193,第53回全日本かるた選手権大会,2014-04-20,A,A,78,78,204,7,7,1,0,0,50,50,0,0,0,50,0,0,0,0,0,0,0,0,0,0,0,0,1
1273,194,第22回多摩百人一首かるた大会(E),2014-07-27,E1,E,29,29,59,5,5,1,0,0,3,3,0,0,0,3,0,0,0,0,0,0,0,0,0,0,0,0,1
1274,194,第22回多摩百人一首かるた大会(E),2014-07-27,E2,E,32,32,62,5,5,1,0,0,0,0,0,0,0,0,0,0,0,0,0,0,0,0,0,0,0,0,1
1275,194,第22回多摩百人一首かるた大会(E),2014-07-27,E3,E,30,30,60,5,5,1,0,0,2,2,0,0,0,4,0,0,0,0,0,0,0,0,0,0,0,0,1
1276,194,第22回多摩百人一首かるた大会(E),2014-07-27,E4,E,31,31,61,5,5,1,0,0,1,1,0,0,0,1,0,2,0,0,0,0,0,0,0,0,0,0,1
1277,194,第22回多摩百人一首かるた大会(E),2014-07-27,E5,E,30,30,60,5,5,1,0,0,2,2,0,0,0,2,0,0,0,0,0,0,0,0,0,0,0,0,1
1278,194,第22回多摩百人一首かるた大会(E),2014-07-27,E6,E,31,31,61,5,5,1,0,0,1,1,0,0,0,1,0,0,0,0,0,0,0,0,0,0,0,0,1
1279,194,第22回多摩百人一首かるた大会(E),2014-07-27,E7,E,30,30,60,5,5,1,0,0,2,2,0,0,0,2,0,2,0,0,0,0,0,0,0,0,0,0,1
1280,194,第22回多摩百人一首かるた大会(E),2014-07-27,E8,E,32,32,62,5,5,1,0,2,2,0,0,0,0,2,0,2,0,0,0,0,0,0,0,0,0,0,1
1281,194,第22回多摩百人一首かるた大会(E),2014-07-27,E9,E,26,26,56,5,5,1,0,0,6,6,0,0,0,6,0,0,0,0,0,0,0,0,0,0,0,0,1
1282,194,第22回多摩百人一首かるた大会(E),2014-07-27,E10,E,30,30,60,5,5,1,0,0,2,2,0,0,0,2,0,0,0,0,0,0,0,0,0,0,0,0,1
1283,194,第22回多摩百人一首かるた大会(E),2014-07-27,E11,E,31,31,61,5,5,1,0,0,1,1,0,0,0,1,0,0,0,0,0,0,0,0,0,0,0,0,1
1284,194,第22回多摩百人一首かるた大会(E),2014-07-27,E12,E,30,30,60,5,5,1,0,0,2,2,0,0,0,4,0,0,0,0,0,0,0,0,0,0,0,0,1
1285,195,第47回神奈川県かるた大会,2014-07-13,F1,,13,13,27,4,4,1,0,0,3,3,0,0,0,3,0,0,0,0,0,0,0,0,0,0,0,0,1
1286,195,第47回神奈川県かるた大会,2014-07-13,G1,,15,15,29,4,4,1,0,0,1,1,0,0,0,1,0,0,0,0,0,0,0,0,0,0,0,0,1
1287,195,第47回神奈川県かるた大会,2014-07-13,F2,,13,13,27,4,4,1,0,0,3,3,0,0,0,3,0,0,0,0,0,0,0,0,0,0,0,0,1
1288,195,第47回神奈川県かるた大会,2014-07-13,F3,,13,13,27,4,4,1,0,0,3,3,0,0,0,3,0,0,0,0,0,0,0,0,0,0,0,0,1
1289,195,第47回神奈川県かるた大会,2014-07-13,F4,,12,12,26,4,4,1,0,0,4,4,0,0,0,4,0,0,0,0,0,0,0,0,0,0,0,0,1
1290,195,第47回神奈川県かるた大会,2014-07-13,G2,,15,15,29,4,4,1,0,0,1,1,0,0,0,1,0,2,0,0,0,0,0,0,0,0,0,0,1
1291,195,第47回神奈川県かるた大会,2014-07-13,G3,,15,15,29,4,4,1,0,0,1,1,0,0,0,1,0,0,0,0,0,0,0,0,0,0,0,0,1
1292,195,第47回神奈川県かるた大会,2014-07-13,G4,,14,14,28,4,4,1,0,0,2,2,0,0,0,2,0,0,0,0,0,0,0,0,0,0,0,0,1
1293,195,第47回神奈川県かるた大会,2014-07-13,G5,,14,14,28,4,4,1,0,0,2,2,0,0,0,2,0,0,0,0,0,0,0,0,0,0,0,0,1
1294,195,第47回神奈川県かるた大会,2014-07-13,G6,,14,14,28,4,4,1,0,0,2,2,0,0,0,2,0,0,0,0,0,0,0,0,0,0,0,0,1
1295,195,第47回神奈川県かるた大会,2014-07-13,G7,,14,14,28,4,4,1,0,0,2,2,0,0,0,2,0,0,0,0,0,0,0,0,0,0,0,0,1
1296,195,第47回神奈川県かるた大会,2014-07-13,G8,,14,14,28,4,4,1,0,0,2,2,0,0,0,2,0,0,0,0,0,0,0,0,0,0,0,0,1
1297,195,第47回神奈川県かるた大会,2014-07-13,G9,,14,14,28,4,4,1,0,0,2,2,0,0,0,2,0,0,0,0,0,0,0,0,0,0,0,0,1
1298,196,第22回人麿の里・全国かるた競技益田大会,2014-08-10,A,A,29,29,59,5,5,1,0,0,3,3,0,0,0,3,0,0,0,0,0,0,0,0,0,0,0,0,1
1299,196,第22回人麿の里・全国かるた競技益田大会,2014-08-10,B,B,48,48,110,6,6,1,0,0,16,16,0,0,0,16,0,0,0,0,0,0,0,0,0,0,0,0,1
1300,196,第22回人麿の里・全国かるた競技益田大会,2014-08-10,C,C,47,47,109,6,6,1,0,0,17,17,0,0,0,17,0,0,0,0,0,0,0,0,0,0,0,0,1
1301,196,第22回人麿の里・全国かるた競技益田大会,2014-08-10,D1,D,24,24,54,5,5,1,0,0,8,8,0,0,0,8,0,0,0,0,0,0,0,0,0,0,0,0,1
1302,196,第22回人麿の里・全国かるた競技益田大会,2014-08-10,D2,D,23,23,53,5,5,1,0,0,9,9,0,0,0,9,0,0,0,0,0,0,0,0,0,0,0,0,1
1303,196,第22回人麿の里・全国かるた競技益田大会,2014-08-10,D3,D,23,23,53,5,5,1,0,0,9,9,0,0,0,9,0,0,0,0,0,0,0,0,0,0,0,0,1
1304,196,第22回人麿の里・全国かるた競技益田大会,2014-08-10,D4,D,23,23,53,5,5,1,0,0,9,9,0,0,0,9,0,0,0,0,0,0,0,0,0,0,0,0,1
1305,197,第15回上杉杯争奪全国かるた競技大会,2014-04-26,A,A,41,41,103,6,6,1,0,0,23,23,0,0,0,23,0,0,0,0,0,0,0,0,0,0,0,0,1
1306,197,第15回上杉杯争奪全国かるた競技大会,2014-04-26,B,B,50,50,112,6,6,1,0,0,14,14,0,0,0,14,0,0,0,0,0,0,0,0,0,0,0,0,1
1307,197,第15回上杉杯争奪全国かるた競技大会,2014-04-26,C,C,36,36,98,6,6,1,0,0,28,28,0,0,0,30,0,0,0,0,0,0,0,0,0,0,0,0,1
1308,197,第15回上杉杯争奪全国かるた競技大会,2014-04-26,D,D,46,46,108,6,6,1,0,0,18,18,0,0,0,18,0,0,0,0,0,0,0,0,0,0,0,0,1
1309,197,第15回上杉杯争奪全国かるた競技大会,2014-04-26,E,E,39,39,101,6,6,1,0,0,25,25,0,0,0,25,0,0,0,0,0,0,0,0,0,0,0,0,1
1310,198,"第86回全国かるた競技学生選手権大会(D,E)",2014-08-23,D1,D,41,41,103,6,6,1,0,0,23,23,0,0,0,23,0,0,0,0,0,0,0,0,0,0,0,0,1
1311,198,"第86回全国かるた競技学生選手権大会(D,E)",2014-08-23,E1,E,31,31,61,5,5,1,0,0,1,1,0,0,0,5,0,0,0,0,0,0,0,0,0,0,0,0,1
1312,198,"第86回全国かるた競技学生選手権大会(D,E)",2014-08-23,D2,D,38,38,100,6,6,1,0,0,26,26,0,0,0,26,0,0,0,0,0,0,0,0,0,0,0,0,1
1313,198,"第86回全国かるた競技学生選手権大会(D,E)",2014-08-23,D3,D,39,39,101,6,6,1,0,0,25,25,0,0,0,25,0,0,0,0,0,0,0,0,0,0,0,0,1
1314,198,"第86回全国かるた競技学生選手権大会(D,E)",2014-08-23,D4,D,40,40,102,6,6,1,0,0,24,24,0,0,0,26,0,0,0,0,0,0,0,0,0,0,0,0,1
1315,198,"第86回全国かるた競技学生選手権大会(D,E)",2014-08-23,D5,D,41,41,103,6,6,1,0,0,23,23,0,0,0,25,0,0,0,0,0,0,0,0,0,0,0,0,1
1316,198,"第86回全国かるた競技学生選手権大会(D,E)",2014-08-23,D6,D,39,39,101,6,6,1,0,0,25,25,0,0,0,27,0,0,0,0,0,0,0,0,0,0,0,0,1
1317,198,"第86回全国かるた競技学生選手権大会(D,E)",2014-08-23,D7,D,39,39,101,6,6,1,0,0,25,25,0,0,0,25,0,0,0,0,0,0,0,0,0,0,0,0,1
1318,198,"第86回全国かるた競技学生選手権大会(D,E)",2014-08-23,D8,D,39,39,101,6,6,1,0,0,25,25,0,0,0,27,0,0,0,0,0,0,0,0,0,0,0,0,1
1319,198,"第86回全国かるた競技学生選手権大会(D,E)",2014-08-23,D9,D,37,37,99,6,6,1,0,0,27,27,0,0,0,29,0,0,0,0,0,0,0,0,0,0,0,0,1
1320,198,"第86回全国かるた競技学生選手権大会(D,E)",2014-08-23,D10,D,38,38,100,6,6,1,0,0,26,26,0,0,0,26,0,0,0,0,0,0,0,0,0,0,0,0,1
1321,198,"第86回全国かるた競技学生選手権大会(D,E)",2014-08-23,E2,E,28,28,58,5,5,1,0,0,4,4,0,0,0,4,0,2,0,0,0,0,0,0,0,0,0,0,1
1322,198,"第86回全国かるた競技学生選手権大会(D,E)",2014-08-23,E3,E,27,27,57,5,5,1,0,0,5,5,0,0,0,5,0,0,0,0,0,0,0,0,0,0,0,0,1
1323,198,"第86回全国かるた競技学生選手権大会(D,E)",2014-08-23,E4,E,29,29,59,5,5,1,0,0,3,3,0,0,0,3,0,0,0,0,0,0,0,0,0,0,0,0,1
1324,198,"第86回全国かるた競技学生選手権大会(D,E)",2014-08-23,E5,E,31,31,61,5,5,1,0,0,1,1,0,0,0,1,0,0,0,0,0,0,0,0,0,0,0,0,1
1325,198,"第86回全国かるた競技学生選手権大会(D,E)",2014-08-23,E6,E,29,29,59,5,5,1,0,0,3,3,0,0,0,3,0,0,0,0,0,0,0,0,0,0,0,0,1
1326,198,"第86回全国かるた競技学生選手権大会(D,E)",2014-08-23,E7,E,28,28,58,5,5,1,0,0,4,4,0,0,0,4,0,2,0,0,0,0,0,0,0,0,0,0,1
1327,198,"第86回全国かるた競技学生選手権大会(D,E)",2014-08-23,E8,E,25,25,55,5,5,1,0,0,7,7,0,0,0,7,0,0,0,0,0,0,0,0,0,0,0,0,1
1328,198,"第86回全国かるた競技学生選手権大会(D,E)",2014-08-23,E9,E,29,29,59,5,5,1,0,0,3,3,0,0,0,3,0,2,0,0,0,0,0,0,0,0,0,0,1
1329,198,"第86回全国かるた競技学生選手権大会(D,E)",2014-08-23,E10,E,28,28,58,5,5,1,0,0,4,4,0,0,0,4,0,0,0,0,0,0,0,0,0,0,0,0,1
1330,198,"第86回全国かるた競技学生選手権大会(D,E)",2014-08-23,E11,E,28,28,58,5,5,1,0,0,4,4,0,0,0,4,0,0,0,0,0,0,0,0,0,0,0,0,1
1331,198,"第86回全国かるた競技学生選手権大会(D,E)",2014-08-23,E12,E,28,28,58,5,5,1,0,0,4,4,0,0,0,4,0,0,0,0,0,0,0,0,0,0,0,0,1
1332,198,"第86回全国かるた競技学生選手権大会(D,E)",2014-08-23,E13,E,30,30,60,5,5,1,0,0,2,2,0,0,0,2,0,0,0,0,0,0,0,0,0,0,0,0,1
1333,199,第16回全国かるた競技富山大会,2014-09-13,A,A,46,46,108,6,6,1,0,4,22,18,0,0,0,18,0,4,0,0,0,0,0,0,0,0,0,0,1
1334,199,第16回全国かるた競技富山大会,2014-09-13,B,B,48,48,110,6,6,1,0,0,16,16,0,0,0,16,0,0,0,0,0,0,0,0,0,0,0,0,1
1335,199,第16回全国かるた競技富山大会,2014-09-13,C1,C,37,37,99,6,6,1,0,0,27,27,0,0,0,27,0,0,0,0,0,0,0,0,0,0,0,0,1
1336,199,第16回全国かるた競技富山大会,2014-09-13,D1,D,45,45,107,6,6,1,0,0,19,19,0,0,0,19,0,0,0,0,0,0,0,0,0,0,0,0,1
1337,199,第16回全国かるた競技富山大会,2014-09-13,C2,C,36,36,98,6,6,1,0,0,28,28,0,0,0,28,0,0,0,0,0,0,0,0,0,0,0,0,1
1338,199,第16回全国かるた競技富山大会,2014-09-13,D2,D,47,47,109,6,6,1,0,0,17,17,0,0,0,17,0,0,0,0,0,0,0,0,0,0,0,0,1
1339,199,第16回全国かるた競技富山大会,2014-09-13,D3,D,46,46,108,6,6,1,0,0,18,18,0,0,0,18,0,0,0,0,0,0,0,0,0,0,0,0,1
1340,200,"第22回多摩百人一首かるた大会(A,B,C)",2014-07-21,A,A,74,74,200,7,7,1,0,0,54,54,0,0,0,54,0,0,0,0,0,0,0,0,0,0,0,0,1
1341,200,"第22回多摩百人一首かるた大会(A,B,C)",2014-07-21,B,B,107,107,233,7,7,1,0,0,21,21,0,0,0,21,0,0,0,0,0,0,0,0,0,0,0,0,1
1342,200,"第22回多摩百人一首かるた大会(A,B,C)",2014-07-21,C1,C,84,84,210,7,7,1,0,0,44,44,0,0,0,48,0,0,0,0,0,0,0,0,0,0,0,0,1
1343,200,"第22回多摩百人一首かるた大会(A,B,C)",2014-07-21,C2,C,83,83,209,7,7,1,0,0,45,45,0,0,0,47,0,0,0,0,0,0,0,0,0,0,0,0,1
1344,201,"第11回全国かるた競技香川大会(A,B,C)",2014-09-14,A,A,48,48,110,6,6,1,0,0,16,16,0,0,0,16,0,0,0,0,0,0,0,0,0,0,0,0,1
1345,201,"第11回全国かるた競技香川大会(A,B,C)",2014-09-14,B,B,79,79,205,7,7,1,0,0,49,49,0,0,0,49,0,0,0,0,0,0,0,0,0,0,0,0,1
1346,201,"第11回全国かるた競技香川大会(A,B,C)",2014-09-14,C,C,73,73,199,7,7,1,0,0,55,55,0,0,0,55,0,0,0,0,0,0,0,0,0,0,0,0,1
1347,202,"第11回全国かるた競技香川大会(D,E)",2014-09-13,D1,D,34,34,96,6,6,1,0,0,30,30,0,0,0,30,0,0,0,0,0,0,0,0,0,0,0,0,1
1348,202,"第11回全国かるた競技香川大会(D,E)",2014-09-13,E,E,20,20,50,5,5,1,0,0,12,12,0,0,0,12,0,0,0,0,0,0,0,0,0,0,0,0,1
1349,202,"第11回全国かるた競技香川大会(D,E)",2014-09-13,D2,D,36,36,98,6,6,1,0,0,28,28,0,0,0,28,0,0,0,0,0,0,0,0,0,0,0,0,1
1350,202,"第11回全国かるた競技香川大会(D,E)",2014-09-13,D3,D,34,34,96,6,6,1,0,0,30,30,0,0,0,30,0,0,0,0,0,0,0,0,0,0,0,0,1
1351,202,"第11回全国かるた競技香川大会(D,E)",2014-09-13,D4,D,35,35,97,6,6,1,0,0,29,29,0,0,0,29,0,2,0,0,0,0,0,0,0,0,0,0,1
1352,203,第25回全国かるた競技水沢大会,2014-09-28,A,A,61,61,123,6,6,1,0,0,3,3,0,0,0,3,0,0,0,0,0,0,0,0,0,0,0,0,1
1353,203,第25回全国かるた競技水沢大会,2014-09-28,B,B,59,59,121,6,6,1,0,0,5,5,0,0,0,5,0,2,0,0,0,0,0,0,0,0,0,0,1
1354,203,第25回全国かるた競技水沢大会,2014-09-28,C,C,62,62,124,6,6,1,0,0,2,2,0,0,0,4,0,0,0,0,0,0,0,0,0,0,0,0,1
1355,203,第25回全国かるた競技水沢大会,2014-09-28,D1,D,31,31,61,5,5,1,0,2,3,1,0,0,0,3,0,2,0,0,0,0,0,0,0,0,0,0,1
1356,203,第25回全国かるた競技水沢大会,2014-09-28,E1,E,20,20,50,5,5,1,0,0,12,12,0,0,0,14,0,0,0,0,0,0,0,0,0,0,0,0,1
1357,203,第25回全国かるた競技水沢大会,2014-09-28,D2,D,31,31,61,5,5,1,0,2,3,1,0,0,0,1,0,2,0,0,0,0,0,0,0,0,0,0,1
1358,203,第25回全国かるた競技水沢大会,2014-09-28,D3,D,29,29,59,5,5,1,0,0,3,3,0,0,0,3,0,0,0,0,0,0,0,0,0,0,0,0,1
1359,203,第25回全国かるた競技水沢大会,2014-09-28,E2,E,20,20,50,5,5,1,0,0,12,12,0,0,0,12,0,0,0,0,0,0,0,0,0,0,0,0,1
1360,204,第24回全国競技かるた奈良大会(A),2014-11-24,A,A,48,48,110,6,6,1,0,0,16,16,0,0,0,16,0,0,0,0,0,0,0,0,0,0,0,0,1
1361,205,第56回全国かるた競技和歌山大会,2014-12-07,A,A,60,60,122,6,6,1,0,0,4,4,0,0,0,6,0,0,0,0,0,0,0,0,0,0,0,0,1
1362,205,第56回全国かるた競技和歌山大会,2014-12-07,B,B,79,79,205,7,7,1,0,0,49,49,0,0,0,49,0,0,0,0,0,0,0,0,0,0,0,0,1
1363,205,第56回全国かるた競技和歌山大会,2014-12-07,C,C,70,70,196,7,7,1,0,0,58,58,0,0,0,58,0,0,0,0,0,0,0,0,0,0,0,0,1
1364,205,第56回全国かるた競技和歌山大会,2014-12-07,D1,D,49,49,111,6,6,1,0,0,15,15,0,0,0,15,0,0,0,0,0,0,0,0,0,0,0,0,1
1365,205,第56回全国かるた競技和歌山大会,2014-12-07,D2,D,47,47,109,6,6,1,0,0,17,17,0,0,0,17,0,0,0,0,0,0,0,0,0,0,0,0,1
1366,205,第56回全国かるた競技和歌山大会,2014-12-07,D3,D,47,47,109,6,6,1,0,2,19,17,0,0,0,17,0,2,0,0,0,0,0,0,0,0,0,0,1
1367,206,蓮生記念第1回全国かるた競技宇都宮大会,2014-11-24,A,A,91,91,217,7,7,1,0,0,37,37,0,0,0,37,0,0,0,0,0,0,0,0,0,0,0,0,1
1368,206,蓮生記念第1回全国かるた競技宇都宮大会,2014-11-24,B,B,113,113,239,7,7,1,0,2,17,15,0,0,0,15,0,2,0,0,0,0,0,0,0,0,0,0,1
1369,206,蓮生記念第1回全国かるた競技宇都宮大会,2014-11-24,C1,C,43,43,105,6,6,1,0,0,21,21,0,0,0,27,0,0,0,0,0,0,0,0,0,0,0,0,1
1370,206,蓮生記念第1回全国かるた競技宇都宮大会,2014-11-24,D1,D,42,42,104,6,6,1,0,0,22,22,0,0,0,24,0,0,0,0,0,0,0,0,0,0,0,0,1
1371,206,蓮生記念第1回全国かるた競技宇都宮大会,2014-11-24,C2,C,41,41,103,6,6,1,0,0,23,23,0,0,0,23,0,0,0,0,0,0,0,0,0,0,0,0,1
1372,206,蓮生記念第1回全国かるた競技宇都宮大会,2014-11-24,C3,C,42,42,104,6,6,1,0,0,22,22,0,0,0,22,0,0,0,0,0,0,0,0,0,0,0,0,1
1373,206,蓮生記念第1回全国かるた競技宇都宮大会,2014-11-24,C4,C,42,42,104,6,6,1,0,0,22,22,0,0,0,26,0,0,0,0,0,0,0,0,0,0,0,0,1
1374,206,蓮生記念第1回全国かるた競技宇都宮大会,2014-11-24,D2,D,42,42,104,6,6,1,0,0,22,22,0,0,0,28,0,2,0,0,0,0,0,0,0,0,0,0,1
1375,206,蓮生記念第1回全国かるた競技宇都宮大会,2014-11-24,D3,D,43,43,105,6,6,1,0,0,21,21,0,0,0,25,0,0,0,0,0,0,0,0,0,0,0,0,1
1376,206,蓮生記念第1回全国かるた競技宇都宮大会,2014-11-24,D4,D,44,44,106,6,6,1,0,0,20,20,0,0,0,26,0,0,0,0,0,0,0,0,0,0,0,0,1
1377,206,蓮生記念第1回全国かるた競技宇都宮大会,2014-11-24,D5,D,42,42,104,6,6,1,0,0,22,22,0,0,0,24,0,0,0,0,0,0,0,0,0,0,0,0,1
1378,206,蓮生記念第1回全国かるた競技宇都宮大会,2014-11-24,D6,D,43,43,105,6,6,1,0,0,21,21,0,0,0,25,0,0,0,0,0,0,0,0,0,0,0,0,1
1379,206,蓮生記念第1回全国かるた競技宇都宮大会,2014-11-24,D7,D,44,44,106,6,6,1,0,0,20,20,0,0,0,24,0,0,0,0,0,0,0,0,0,0,0,0,1
1380,207,第46回全国競技かるた女流選手権大会,2014-12-23,A,A,48,48,110,6,6,1,0,0,16,16,0,0,0,16,0,0,0,0,0,0,0,0,0,0,0,0,1
1381,207,第46回全国競技かるた女流選手権大会,2014-12-23,B,B,48,48,110,6,6,1,0,0,16,16,0,0,0,16,0,0,0,0,0,0,0,0,0,0,0,0,1
1382,207,第46回全国競技かるた女流選手権大会,2014-12-23,C,C,47,47,109,6,6,1,0,0,17,17,0,0,0,17,0,0,0,0,0,0,0,0,0,0,0,0,1
1383,207,第46回全国競技かるた女流選手権大会,2014-12-23,シニア,,12,12,26,4,4,1,0,0,4,4,0,0,0,4,0,0,0,0,0,0,0,0,0,0,0,0,1
1384,208,第16回全国かるた愛知大会(D),2014-12-13,D1,D,31,31,61,5,5,1,0,0,1,1,0,0,0,3,0,0,0,0,0,0,0,0,0,0,0,0,1
1385,208,第16回全国かるた愛知大会(D),2014-12-13,D2,D,32,32,62,5,5,1,0,0,0,0,0,0,0,0,0,0,0,0,0,0,0,0,0,0,0,0,1
1386,208,第16回全国かるた愛知大会(D),2014-12-13,D3,D,32,32,62,5,5,1,0,0,0,0,0,0,0,0,0,0,0,0,0,0,0,0,0,0,0,0,1
1387,208,第16回全国かるた愛知大会(D),2014-12-13,D4,D,28,28,58,5,5,1,0,0,4,4,0,0,0,4,0,2,0,0,0,0,0,0,0,0,0,0,1
1388,208,第16回全国かるた愛知大会(D),2014-12-13,D5,D,30,30,60,5,5,1,0,0,2,2,0,0,0,2,0,0,0,0,0,0,0,0,0,0,0,0,1
1389,208,第16回全国かるた愛知大会(D),2014-12-13,D6,D,30,30,60,5,5,1,0,0,2,2,0,0,0,2,0,0,0,0,0,0,0,0,0,0,0,0,1
1390,209,"第16回全国かるた愛知大会(A,B,C)",2014-12-14,A,A,62,62,124,6,6,1,0,0,2,2,0,0,0,2,0,0,0,0,0,0,0,0,0,0,0,0,1
1391,209,"第16回全国かるた愛知大会(A,B,C)",2014-12-14,B,B,79,79,205,7,7,1,0,0,49,49,0,0,0,49,0,0,0,0,0,0,0,0,0,0,0,0,1
1392,209,"第16回全国かるた愛知大会(A,B,C)",2014-12-14,C1,C,46,46,108,6,6,1,0,0,18,18,0,0,0,18,0,0,0,0,0,0,0,0,0,0,0,0,1
1393,209,"第16回全国かるた愛知大会(A,B,C)",2014-12-14,C2,C,45,45,107,6,6,1,0,0,19,19,0,0,0,19,0,0,0,0,0,0,0,0,0,0,0,0,1
1394,209,"第16回全国かるた愛知大会(A,B,C)",2014-12-14,シニア級,,8,8,25,3,3,1,0,0,0,0,0,0,0,2,0,0,2,11,0,0,0,0,0,0,0,0,0
1395,210,第2回全国かるた競技山口大会,2014-12-28,A,A,53,53,115,6,6,1,0,0,11,11,0,0,0,11,0,0,0,0,0,0,0,0,0,0,0,0,1
1396,210,第2回全国かるた競技山口大会,2014-12-28,B,B,63,63,125,6,6,1,0,0,1,1,0,0,0,1,0,0,0,0,0,0,0,0,0,0,0,0,1
1397,210,第2回全国かるた競技山口大会,2014-12-28,C1,C,39,39,101,6,6,1,0,0,25,25,0,0,0,25,0,0,0,0,0,0,0,0,0,0,0,0,1
1398,210,第2回全国かるた競技山口大会,2014-12-28,D1,D,29,29,59,5,5,1,0,0,3,3,0,0,0,5,0,0,0,0,0,0,0,0,0,0,0,0,1
1399,210,第2回全国かるた競技山口大会,2014-12-28,C2,C,47,47,109,6,6,1,0,0,17,17,0,0,0,17,0,0,0,0,0,0,0,0,0,0,0,0,1
1400,210,第2回全国かるた競技山口大会,2014-12-28,D2,D,31,31,61,5,5,1,0,0,1,1,0,0,0,1,0,0,0,0,0,0,0,0,0,0,0,0,1
1401,210,第2回全国かるた競技山口大会,2014-12-28,D3,D,29,29,59,5,5,1,0,0,3,3,0,0,0,3,0,0,0,0,0,0,0,0,0,0,0,0,1
1402,211,第33回全国かるた競技東京吉野会大会(A),2014-10-05,A,A,98,98,224,7,7,1,0,0,30,30,0,0,0,30,0,0,0,0,0,0,0,0,0,0,0,0,1
1403,212,"第33回全国かるた競技東京吉野会大会(B,C)",2014-12-28,B1,B,81,81,184,7,7,1,0,0,24,24,0,0,0,24,0,0,0,0,0,0,0,0,0,0,0,0,1
1404,212,"第33回全国かるた競技東京吉野会大会(B,C)",2014-12-28,C1,C,80,80,206,7,7,1,0,0,48,48,0,0,0,50,0,0,0,0,0,0,0,0,0,0,0,0,1
1405,212,"第33回全国かるた競技東京吉野会大会(B,C)",2014-12-28,B2,B,82,82,185,7,7,1,0,0,23,23,0,0,0,23,0,0,0,0,0,0,0,0,0,0,0,0,1
1406,212,"第33回全国かるた競技東京吉野会大会(B,C)",2014-12-28,C2,C,84,84,210,7,7,1,0,0,44,44,0,0,0,44,0,0,0,0,0,0,0,0,0,0,0,0,1
1407,212,"第33回全国かるた競技東京吉野会大会(B,C)",2014-12-28,C3,C,81,81,207,7,7,1,0,0,47,47,0,0,0,47,0,0,0,0,0,0,0,0,0,0,0,0,1
1408,213,第2回渡邊雅大杯争奪かるた競技大会,2014-11-15,D1,D,19,19,49,5,5,1,0,0,13,13,0,0,0,13,0,0,0,0,0,0,0,0,0,0,0,0,1
1409,213,第2回渡邊雅大杯争奪かるた競技大会,2014-11-15,E1,E,22,22,52,5,5,1,0,0,10,10,0,0,0,10,0,0,0,0,0,0,0,0,0,0,0,0,1
1410,213,第2回渡邊雅大杯争奪かるた競技大会,2014-11-15,F1,,22,22,52,5,5,1,0,0,10,10,0,0,0,10,0,0,0,0,0,0,0,0,0,0,0,0,1
1411,213,第2回渡邊雅大杯争奪かるた競技大会,2014-11-15,D2,D,20,20,50,5,5,1,0,0,12,12,0,0,0,12,0,0,0,0,0,0,0,0,0,0,0,0,1
1412,213,第2回渡邊雅大杯争奪かるた競技大会,2014-11-15,E2,E,23,23,53,5,5,1,0,0,9,9,0,0,0,9,0,0,0,0,0,0,0,0,0,0,0,0,1
1413,213,第2回渡邊雅大杯争奪かるた競技大会,2014-11-15,F2,,24,24,54,5,5,1,0,0,8,8,0,0,0,8,0,0,0,0,0,0,0,0,0,0,0,0,1
1414,214,第76回全国かるた競技北國大会,2014-10-05,A,A,44,44,106,6,6,1,0,0,20,20,0,0,0,20,0,0,0,0,0,0,0,0,0,0,0,0,1
1415,214,第76回全国かるた競技北國大会,2014-10-05,B,B,58,58,120,6,6,1,0,0,6,6,0,0,0,6,0,0,0,0,0,0,0,0,0,0,0,0,1
1416,214,第76回全国かるた競技北國大会,2014-10-05,C1,C,41,41,103,6,6,1,0,0,23,23,0,0,0,23,0,0,0,0,0,0,0,0,0,0,0,0,1
1417,214,第76回全国かるた競技北國大会,2014-10-05,D1,D,46,46,108,6,6,1,0,0,18,18,0,0,0,18,0,0,0,0,0,0,0,0,0,0,0,0,1
1418,214,第76回全国かるた競技北國大会,2014-10-05,C2,C,39,39,101,6,6,1,0,0,25,25,0,0,0,25,0,0,0,0,0,0,0,0,0,0,0,0,1
1419,214,第76回全国かるた競技北國大会,2014-10-05,D2,D,46,46,108,6,6,1,0,0,18,18,0,0,0,18,0,0,0,0,0,0,0,0,0,0,0,0,1
1420,214,第76回全国かるた競技北國大会,2014-10-05,D3,D,46,46,108,6,6,1,0,0,18,18,0,0,0,20,0,0,0,0,0,0,0,0,0,0,0,0,1
1421,214,第76回全国かるた競技北國大会,2014-10-05,D4,D,45,45,107,6,6,1,0,0,19,19,0,0,0,19,0,0,0,0,0,0,0,0,0,0,0,0,1
1422,215,"第78回椿杯争奪全国かるた大会(D,E)",2014-12-06,D1,D,49,49,111,6,6,1,0,0,15,15,0,0,0,15,0,0,0,0,0,0,0,0,0,0,0,0,1
1423,215,"第78回椿杯争奪全国かるた大会(D,E)",2014-12-06,E,E,42,42,104,6,6,1,0,0,22,22,0,0,0,22,0,0,0,0,0,0,0,0,0,0,0,0,1
1424,215,"第78回椿杯争奪全国かるた大会(D,E)",2014-12-06,D2,D,48,48,110,6,6,1,0,0,16,16,0,0,0,16,0,0,0,0,0,0,0,0,0,0,0,0,1
1425,216,第36回北日本かるた競技新人戦,2014-12-06,F,,31,31,61,5,5,1,0,2,3,1,0,0,0,1,0,2,0,0,0,0,0,0,0,0,0,0,1
1426,217,第36回全国高等学校小倉百人一首かるた選手権大会(個人戦の部),2014-07-21,A,A,53,53,115,6,6,1,0,0,11,11,0,0,0,11,0,0,0,0,0,0,0,0,0,0,0,0,1
1427,217,第36回全国高等学校小倉百人一首かるた選手権大会(個人戦の部),2014-07-21,B1,B,53,53,115,6,6,1,0,0,11,11,0,0,0,11,0,0,0,0,0,0,0,0,0,0,0,0,1
1428,217,第36回全国高等学校小倉百人一首かるた選手権大会(個人戦の部),2014-07-21,C1,C,49,49,111,6,6,1,0,0,15,15,0,0,0,15,0,0,0,0,0,0,0,0,0,0,0,0,1
1429,217,第36回全国高等学校小倉百人一首かるた選手権大会(個人戦の部),2014-07-21,D1,D,49,49,111,6,6,1,0,0,15,15,0,0,0,15,0,0,0,0,0,0,0,0,0,0,0,0,1
1430,217,第36回全国高等学校小倉百人一首かるた選手権大会(個人戦の部),2014-07-21,B2,B,52,52,114,6,6,1,0,0,12,12,0,0,0,12,0,0,0,0,0,0,0,0,0,0,0,0,1
1431,217,第36回全国高等学校小倉百人一首かるた選手権大会(個人戦の部),2014-07-21,B3,B,53,53,115,6,6,1,0,0,11,11,0,0,0,11,0,0,0,0,0,0,0,0,0,0,0,0,1
1432,217,第36回全国高等学校小倉百人一首かるた選手権大会(個人戦の部),2014-07-21,B4,B,52,52,114,6,6,1,0,0,12,12,0,0,0,14,0,0,0,0,0,0,0,0,0,0,0,0,1
1433,217,第36回全国高等学校小倉百人一首かるた選手権大会(個人戦の部),2014-07-21,C2,C,49,49,111,6,6,1,0,0,15,15,0,0,0,15,0,0,0,0,0,0,0,0,0,0,0,0,1
1434,217,第36回全国高等学校小倉百人一首かるた選手権大会(個人戦の部),2014-07-21,C3,C,48,48,110,6,6,1,0,0,16,16,0,0,0,16,0,0,0,0,0,0,0,0,0,0,0,0,1
1435,217,第36回全国高等学校小倉百人一首かるた選手権大会(個人戦の部),2014-07-21,C4,C,48,48,110,6,6,1,0,0,16,16,0,0,0,16,0,0,0,0,0,0,0,0,0,0,0,0,1
1436,217,第36回全国高等学校小倉百人一首かるた選手権大会(個人戦の部),2014-07-21,C5,C,48,48,110,6,6,1,0,0,16,16,0,0,0,16,0,0,0,0,0,0,0,0,0,0,0,0,1
1437,217,第36回全国高等学校小倉百人一首かるた選手権大会(個人戦の部),2014-07-21,D2,D,49,49,111,6,6,1,0,0,15,15,0,0,0,15,0,0,0,0,0,0,0,0,0,0,0,0,1
1438,217,第36回全国高等学校小倉百人一首かるた選手権大会(個人戦の部),2014-07-21,D3,D,48,48,110,6,6,1,0,0,16,16,0,0,0,16,0,0,0,0,0,0,0,0,0,0,0,0,1
1439,217,第36回全国高等学校小倉百人一首かるた選手権大会(個人戦の部),2014-07-21,D4,D,46,46,108,6,6,1,0,0,18,18,0,0,0,18,0,0,0,0,0,0,0,0,0,0,0,0,1
1440,217,第36回全国高等学校小倉百人一首かるた選手権大会(個人戦の部),2014-07-21,D5,D,49,49,111,6,6,1,0,0,15,15,0,0,0,17,0,2,0,0,0,0,0,0,0,0,0,0,1
1441,217,第36回全国高等学校小倉百人一首かるた選手権大会(個人戦の部),2014-07-21,D6,D,47,47,109,6,6,1,0,0,17,17,0,0,0,17,0,0,0,0,0,0,0,0,0,0,0,0,1
1442,217,第36回全国高等学校小倉百人一首かるた選手権大会(個人戦の部),2014-07-21,D7,D,47,47,109,6,6,1,0,0,17,17,0,0,0,17,0,0,0,0,0,0,0,0,0,0,0,0,1
1443,217,第36回全国高等学校小倉百人一首かるた選手権大会(個人戦の部),2014-07-21,D8,D,46,46,108,6,6,1,0,0,18,18,0,0,0,18,0,0,0,0,0,0,0,0,0,0,0,0,1
1444,217,第36回全国高等学校小倉百人一首かるた選手権大会(個人戦の部),2014-07-21,D9,D,47,47,109,6,6,1,0,0,17,17,0,0,0,17,0,0,0,0,0,0,0,0,0,0,0,0,1
1445,217,第36回全国高等学校小倉百人一首かるた選手権大会(個人戦の部),2014-07-21,D10,D,46,46,108,6,6,1,0,0,18,18,0,0,0,18,0,0,0,0,0,0,0,0,0,0,0,0,1
1446,217,第36回全国高等学校小倉百人一首かるた選手権大会(個人戦の部),2014-07-21,D11,D,46,46,108,6,6,1,0,0,18,18,0,0,0,18,0,0,0,0,0,0,0,0,0,0,0,0,1
1447,217,第36回全国高等学校小倉百人一首かるた選手権大会(個人戦の部),2014-07-21,D12,D,47,47,109,6,6,1,0,0,17,17,0,0,0,17,0,0,0,0,0,0,0,0,0,0,0,0,1
1448,217,第36回全国高等学校小倉百人一首かるた選手権大会(個人戦の部),2014-07-21,D13,D,47,47,109,6,6,1,0,0,17,17,0,0,0,17,0,0,0,0,0,0,0,0,0,0,0,0,1
1449,217,第36回全国高等学校小倉百人一首かるた選手権大会(個人戦の部),2014-07-21,D14,D,48,48,110,6,6,1,0,0,16,16,0,0,0,16,0,0,0,0,0,0,0,0,0,0,0,0,1
1450,218,"第45回太宰府小倉百人一首かるた競技大会(A,B)",2015-01-03,A,A,74,74,200,7,7,1,0,0,54,54,0,0,0,54,0,0,0,0,0,0,0,0,0,0,0,0,1
1451,218,"第45回太宰府小倉百人一首かるた競技大会(A,B)",2015-01-03,B,B,58,58,120,6,6,1,0,0,6,6,0,0,0,6,0,0,0,0,0,0,0,0,0,0,0,0,1
1452,219,第45回太宰府小倉百人一首かるた競技大会(C),2015-01-11,C1,C,37,37,99,6,6,1,0,0,27,27,0,0,0,27,0,0,0,0,0,0,0,0,0,0,0,0,1
1453,219,第45回太宰府小倉百人一首かるた競技大会(C),2015-01-11,C2,C,41,41,103,6,6,1,0,0,23,23,0,0,0,23,0,0,0,0,0,0,0,0,0,0,0,0,1
1454,220,第45回太宰府小倉百人一首かるた競技大会(D),2015-01-12,D1,D,23,23,53,5,5,1,0,0,9,9,0,0,0,9,0,0,0,0,0,0,0,0,0,0,0,0,1
1455,220,第45回太宰府小倉百人一首かるた競技大会(D),2015-01-12,D2,D,24,24,54,5,5,1,0,0,8,8,0,0,0,8,0,0,0,0,0,0,0,0,0,0,0,0,1
1456,220,第45回太宰府小倉百人一首かるた競技大会(D),2015-01-12,D3,D,25,25,55,5,5,1,0,0,7,7,0,0,0,7,0,0,0,0,0,0,0,0,0,0,0,0,1
1457,220,第45回太宰府小倉百人一首かるた競技大会(D),2015-01-12,D4,D,28,28,58,5,5,1,0,0,4,4,0,0,0,4,0,0,0,0,0,0,0,0,0,0,0,0,1
1458,221,"第31回全国かるた競技熊本大会(C,D)",2015-02-01,C,C,61,61,123,6,6,1,0,2,5,3,0,0,0,7,0,0,0,2,0,0,0,0,0,0,0,0,1
1459,221,"第31回全国かるた競技熊本大会(C,D)",2015-02-01,D1,D,28,28,58,5,5,1,0,0,4,4,0,0,0,4,0,0,0,0,0,0,0,0,0,0,0,0,1
1460,221,"第31回全国かるた競技熊本大会(C,D)",2015-02-01,D2,D,28,28,58,5,5,1,0,0,4,4,0,0,0,4,0,0,0,0,0,0,0,0,0,0,0,0,1
1461,221,"第31回全国かるた競技熊本大会(C,D)",2015-02-01,D3,D,29,29,59,5,5,1,0,0,3,3,0,0,0,5,0,0,0,0,0,0,0,0,0,0,0,0,1
1462,222,"第34回全国かるた競技鹿児島大会(A,B,C)",2015-03-15,A,A,48,48,110,6,6,1,0,0,16,16,0,0,0,16,0,0,0,0,0,0,0,0,0,0,0,0,1
1463,222,"第34回全国かるた競技鹿児島大会(A,B,C)",2015-03-15,B,B,56,56,118,6,6,1,0,0,8,8,0,0,0,8,0,0,0,0,0,0,0,0,0,0,0,0,1
1464,222,"第34回全国かるた競技鹿児島大会(A,B,C)",2015-03-15,C,C,55,55,117,6,6,1,0,0,9,9,0,0,0,9,0,0,0,0,0,0,0,0,0,0,0,0,1
1465,223,"第34回全国かるた競技鹿児島大会(D,E)",2015-03-22,D1,D,27,27,57,5,5,1,0,0,5,5,0,0,0,5,0,0,0,0,0,0,0,0,0,0,0,0,1
1466,223,"第34回全国かるた競技鹿児島大会(D,E)",2015-03-22,E1,E,28,28,58,5,5,1,0,0,4,4,0,0,0,4,0,2,0,0,0,0,0,0,0,0,0,0,1
1467,223,"第34回全国かるた競技鹿児島大会(D,E)",2015-03-22,D2,D,29,29,59,5,5,1,0,0,3,3,0,0,0,3,0,0,0,0,0,0,0,0,0,0,0,0,1
1468,223,"第34回全国かるた競技鹿児島大会(D,E)",2015-03-22,E2,E,30,30,60,5,5,1,0,0,2,2,0,0,0,2,0,0,0,0,0,0,0,0,0,0,0,0,1
1469,224,"第64回高松宮記念杯近江神宮全国歌かるた大会(A,B,C)",2015-01-11,A,A,90,90,216,7,7,1,0,4,42,38,0,0,0,38,0,4,0,0,0,0,0,0,0,0,0,0,1
1470,224,"第64回高松宮記念杯近江神宮全国歌かるた大会(A,B,C)",2015-01-11,B1,B,61,61,123,6,6,1,0,0,3,3,0,0,0,3,0,0,0,0,0,0,0,0,0,0,0,0,1
1471,224,"第64回高松宮記念杯近江神宮全国歌かるた大会(A,B,C)",2015-01-11,C1,C,49,49,111,6,6,1,0,0,15,15,0,0,0,15,0,0,0,0,0,0,0,0,0,0,0,0,1
1472,224,"第64回高松宮記念杯近江神宮全国歌かるた大会(A,B,C)",2015-01-11,B2,B,60,60,122,6,6,1,0,0,4,4,0,0,0,4,0,0,0,0,0,0,0,0,0,0,0,0,1
1473,224,"第64回高松宮記念杯近江神宮全国歌かるた大会(A,B,C)",2015-01-11,C2,C,47,47,109,6,6,1,0,0,17,17,0,0,0,17,0,0,0,0,0,0,0,0,0,0,0,0,1
1474,224,"第64回高松宮記念杯近江神宮全国歌かるた大会(A,B,C)",2015-01-11,C3,C,43,43,105,6,6,1,0,0,21,21,0,0,0,21,0,0,0,0,0,0,0,0,0,0,0,0,1
1477,226,"第86回全国かるた競技学生選手権大会(A,B,C)",2015-03-28,A,A,119,119,245,7,7,1,0,0,9,9,0,0,0,9,0,0,0,0,0,0,0,0,0,0,0,0,1
1478,226,"第86回全国かるた競技学生選手権大会(A,B,C)",2015-03-28,B1,B,93,93,219,7,7,1,0,2,37,35,0,0,0,35,0,2,0,0,0,0,0,0,0,0,0,0,1
1479,226,"第86回全国かるた競技学生選手権大会(A,B,C)",2015-03-28,C1,C,50,50,112,6,6,1,0,0,14,14,0,0,0,16,0,0,0,0,0,0,0,0,0,0,0,0,1
1480,226,"第86回全国かるた競技学生選手権大会(A,B,C)",2015-03-28,B2,B,94,94,220,7,7,1,0,0,34,34,0,0,0,34,0,0,0,0,0,0,0,0,0,0,0,0,1
1481,226,"第86回全国かるた競技学生選手権大会(A,B,C)",2015-03-28,B3,B,95,95,221,7,7,1,0,0,33,33,0,0,0,33,0,0,0,0,0,0,0,0,0,0,0,0,1
1482,226,"第86回全国かるた競技学生選手権大会(A,B,C)",2015-03-28,C2,C,47,47,109,6,6,1,0,0,17,17,0,0,0,19,0,0,0,0,0,0,0,0,0,0,0,0,1
1483,226,"第86回全国かるた競技学生選手権大会(A,B,C)",2015-03-28,C3,C,50,50,112,6,6,1,0,0,14,14,0,0,0,14,0,0,0,0,0,0,0,0,0,0,0,0,1
1484,226,"第86回全国かるた競技学生選手権大会(A,B,C)",2015-03-28,C4,C,48,48,110,6,6,1,0,0,16,16,0,0,0,18,0,0,0,0,0,0,0,0,0,0,0,0,1
1485,226,"第86回全国かるた競技学生選手権大会(A,B,C)",2015-03-28,C5,C,48,48,110,6,6,1,0,0,16,16,0,0,0,16,0,0,0,0,0,0,0,0,0,0,0,0,1
1486,226,"第86回全国かるた競技学生選手権大会(A,B,C)",2015-03-28,C6,C,46,46,108,6,6,1,0,0,18,18,0,0,0,20,0,0,0,0,0,0,0,0,0,0,0,0,1
1487,227,第96回全国百人一首かるた競技横浜大会,2015-01-18,A,A,78,78,204,7,7,1,0,0,50,50,0,0,0,50,0,0,0,0,0,0,0,0,0,0,0,0,1
1488,227,第96回全国百人一首かるた競技横浜大会,2015-01-18,B1,B,64,64,126,6,6,1,0,0,0,0,0,0,0,0,0,0,0,0,0,0,0,0,0,0,0,0,1
1489,227,第96回全国百人一首かるた競技横浜大会,2015-01-18,C1,C,42,42,104,6,6,1,0,0,22,22,0,0,0,22,0,0,0,0,0,0,0,0,0,0,0,0,1
1490,227,第96回全国百人一首かるた競技横浜大会,2015-01-18,D1,D,40,40,102,6,6,1,0,0,24,24,0,0,0,26,0,0,0,0,0,0,0,0,0,0,0,0,1
1491,227,第96回全国百人一首かるた競技横浜大会,2015-01-18,B2,B,64,64,126,6,6,1,0,0,0,0,0,0,0,0,0,0,0,0,0,0,0,0,0,0,0,0,1
1492,227,第96回全国百人一首かるた競技横浜大会,2015-01-18,C2,C,41,41,103,6,6,1,0,0,23,23,0,0,0,25,0,0,0,0,0,0,0,0,0,0,0,0,1
1493,227,第96回全国百人一首かるた競技横浜大会,2015-01-18,C3,C,44,44,106,6,6,1,0,0,20,20,0,0,0,20,0,0,0,0,0,0,0,0,0,0,0,0,1
1494,227,第96回全国百人一首かるた競技横浜大会,2015-01-18,D2,D,38,38,100,6,6,1,0,0,26,26,0,0,0,28,0,0,0,0,0,0,0,0,0,0,0,0,1
1495,227,第96回全国百人一首かるた競技横浜大会,2015-01-18,D3,D,38,38,100,6,6,1,0,0,26,26,0,0,0,28,0,2,0,0,0,0,0,0,0,0,0,0,1
1496,227,第96回全国百人一首かるた競技横浜大会,2015-01-18,D4,D,39,39,101,6,6,1,0,0,25,25,0,0,0,27,0,0,0,0,0,0,0,0,0,0,0,0,1
1497,227,第96回全国百人一首かるた競技横浜大会,2015-01-18,D5,D,39,39,101,6,6,1,0,0,25,25,0,0,0,27,0,0,0,0,0,0,0,0,0,0,0,0,1
1498,228,"第96回全国競技かるた大阪大会(A,B)",2015-01-25,A,A,59,59,121,6,6,1,0,0,5,5,0,0,0,5,0,0,0,0,0,0,0,0,0,0,0,0,1
1499,228,"第96回全国競技かるた大阪大会(A,B)",2015-01-25,B,B,61,61,123,6,6,1,0,0,3,3,0,0,0,3,0,0,0,0,0,0,0,0,0,0,0,0,1
1500,229,"第96回全国競技かるた大阪大会(C,D,E)",2015-02-01,C1,C,58,58,120,6,6,1,0,0,6,6,0,0,0,6,0,0,0,0,0,0,0,0,0,0,0,0,1
1501,229,"第96回全国競技かるた大阪大会(C,D,E)",2015-02-01,D1,D,45,45,107,6,6,1,0,0,19,19,0,0,0,19,0,2,0,0,0,0,0,0,0,0,0,0,1
1502,229,"第96回全国競技かるた大阪大会(C,D,E)",2015-02-01,E1,E,53,53,115,6,6,1,0,0,11,11,0,0,0,11,0,0,0,0,0,0,0,0,0,0,0,0,1
1503,229,"第96回全国競技かるた大阪大会(C,D,E)",2015-02-01,C2,C,53,53,115,6,6,1,0,0,11,11,0,0,0,11,0,0,0,0,0,0,0,0,0,0,0,0,1
1504,229,"第96回全国競技かるた大阪大会(C,D,E)",2015-02-01,D2,D,46,46,108,6,6,1,0,0,18,18,0,0,0,18,0,0,0,0,0,0,0,0,0,0,0,0,1
1505,229,"第96回全国競技かるた大阪大会(C,D,E)",2015-02-01,D3,D,43,43,105,6,6,1,0,0,21,21,0,0,0,21,0,0,0,0,0,0,0,0,0,0,0,0,1
1506,229,"第96回全国競技かるた大阪大会(C,D,E)",2015-02-01,D4,D,47,47,109,6,6,1,0,0,17,17,0,0,0,19,0,2,0,0,0,0,0,0,0,0,0,0,1
1507,229,"第96回全国競技かるた大阪大会(C,D,E)",2015-02-01,D5,D,44,44,106,6,6,1,0,0,20,20,0,0,0,20,0,0,0,0,0,0,0,0,0,0,0,0,1
1508,229,"第96回全国競技かるた大阪大会(C,D,E)",2015-02-01,E2,E,37,37,99,6,6,1,0,0,27,27,0,0,0,27,0,0,0,0,0,0,0,0,0,0,0,0,1
1509,229,"第96回全国競技かるた大阪大会(C,D,E)",2015-02-01,E3,E,30,30,60,5,5,1,0,0,2,2,0,0,0,2,0,0,0,0,0,0,0,0,0,0,0,0,1
1510,230,"第48回全国かるた競技静岡大会(A,B,C)",2015-02-15,A,A,104,104,230,7,7,1,0,0,24,24,0,0,0,24,0,0,0,0,0,0,0,0,0,0,0,0,1
1511,230,"第48回全国かるた競技静岡大会(A,B,C)",2015-02-15,B1,B,62,62,124,6,6,1,0,0,2,2,0,0,0,2,0,0,0,0,0,0,0,0,0,0,0,0,1
1512,230,"第48回全国かるた競技静岡大会(A,B,C)",2015-02-15,C1,C,38,38,100,6,6,1,0,0,26,26,0,0,0,26,0,0,0,0,0,0,0,0,0,0,0,0,1
1513,230,"第48回全国かるた競技静岡大会(A,B,C)",2015-02-15,B2,B,62,62,124,6,6,1,0,0,2,2,0,0,0,2,0,0,0,0,0,0,0,0,0,0,0,0,1
1514,230,"第48回全国かるた競技静岡大会(A,B,C)",2015-02-15,C2,C,42,42,104,6,6,1,0,0,22,22,0,0,0,22,0,0,0,0,0,0,0,0,0,0,0,0,1
1515,230,"第48回全国かるた競技静岡大会(A,B,C)",2015-02-15,C3,C,37,37,99,6,6,1,0,0,27,27,0,0,0,27,0,0,0,0,0,0,0,0,0,0,0,0,1
1516,231,第44回全国かるた競技松山大会,2015-03-21,A,A,51,51,113,6,6,1,0,0,13,13,0,0,0,13,0,0,0,0,0,0,0,0,0,0,0,0,1
1517,231,第44回全国かるた競技松山大会,2015-03-21,B,B,70,70,196,7,7,1,0,0,58,58,0,0,0,58,0,0,0,0,0,0,0,0,0,0,0,0,1
1518,231,第44回全国かるた競技松山大会,2015-03-21,C,C,55,55,117,6,6,1,0,0,9,9,0,0,0,9,0,0,0,0,0,0,0,0,0,0,0,0,1
1519,231,第44回全国かるた競技松山大会,2015-03-21,D1,D,60,60,122,6,6,1,0,0,4,4,0,0,0,4,0,0,0,0,0,0,0,0,0,0,0,0,1
1520,231,第44回全国かるた競技松山大会,2015-03-21,小学生,,24,24,54,5,5,1,0,0,8,8,0,0,0,8,0,0,0,0,0,0,0,0,0,0,0,0,1
1521,231,第44回全国かるた競技松山大会,2015-03-21,ねんりん,,7,7,13,3,3,1,0,0,1,1,0,0,0,1,0,0,0,0,0,0,0,0,0,0,0,0,1
1522,231,第44回全国かるた競技松山大会,2015-03-21,D2,D,58,58,120,6,6,1,0,0,6,6,0,0,0,6,0,2,0,0,0,0,0,0,0,0,0,0,1
1523,232,"第60回新春全国競技かるた大会(D,E)",2015-01-10,D1,D,28,28,58,5,5,1,0,0,4,4,0,0,0,8,0,0,0,0,0,0,0,0,0,0,0,0,1
1524,232,"第60回新春全国競技かるた大会(D,E)",2015-01-10,E1,E,29,29,59,5,5,1,0,0,3,3,0,0,0,3,0,0,0,0,0,0,0,0,0,0,0,0,1
1525,232,"第60回新春全国競技かるた大会(D,E)",2015-01-10,D2,D,27,27,57,5,5,1,0,0,5,5,0,0,0,7,0,0,0,0,0,0,0,0,0,0,0,0,1
1526,232,"第60回新春全国競技かるた大会(D,E)",2015-01-10,D3,D,29,29,59,5,5,1,0,0,3,3,0,0,0,5,0,0,0,0,0,0,0,0,0,0,0,0,1
1527,232,"第60回新春全国競技かるた大会(D,E)",2015-01-10,D4,D,29,29,59,5,5,1,0,0,3,3,0,0,0,3,0,0,0,0,0,0,0,0,0,0,0,0,1
1528,232,"第60回新春全国競技かるた大会(D,E)",2015-01-10,D5,D,29,29,59,5,5,1,0,0,3,3,0,0,0,3,0,0,0,0,0,0,0,0,0,0,0,0,1
1529,232,"第60回新春全国競技かるた大会(D,E)",2015-01-10,D6,D,30,30,60,5,5,1,0,0,2,2,0,0,0,2,0,0,0,0,0,0,0,0,0,0,0,0,1
1530,232,"第60回新春全国競技かるた大会(D,E)",2015-01-10,D7,D,29,29,59,5,5,1,0,0,3,3,0,0,0,3,0,0,0,0,0,0,0,0,0,0,0,0,1
1531,232,"第60回新春全国競技かるた大会(D,E)",2015-01-10,D8,D,29,29,59,5,5,1,0,0,3,3,0,0,0,3,0,0,0,0,0,0,0,0,0,0,0,0,1
1532,232,"第60回新春全国競技かるた大会(D,E)",2015-01-10,D9,D,26,26,56,5,5,1,0,0,6,6,0,0,0,6,0,0,0,0,0,0,0,0,0,0,0,0,1
1533,232,"第60回新春全国競技かるた大会(D,E)",2015-01-10,D10,D,29,29,59,5,5,1,0,0,3,3,0,0,0,3,0,0,0,0,0,0,0,0,0,0,0,0,1
1534,232,"第60回新春全国競技かるた大会(D,E)",2015-01-10,D11,D,28,28,58,5,5,1,0,0,4,4,0,0,0,4,0,0,0,0,0,0,0,0,0,0,0,0,1
1535,232,"第60回新春全国競技かるた大会(D,E)",2015-01-10,E2,E,30,30,60,5,5,1,0,0,2,2,0,0,0,2,0,0,0,0,0,0,0,0,0,0,0,0,1
1536,232,"第60回新春全国競技かるた大会(D,E)",2015-01-10,E3,E,29,29,59,5,5,1,0,0,3,3,0,0,0,3,0,0,0,0,0,0,0,0,0,0,0,0,1
1537,232,"第60回新春全国競技かるた大会(D,E)",2015-01-10,E4,E,32,32,62,5,5,1,0,0,0,0,0,0,0,0,0,0,0,0,0,0,0,0,0,0,0,0,1
1538,232,"第60回新春全国競技かるた大会(D,E)",2015-01-10,E5,E,28,28,58,5,5,1,0,0,4,4,0,0,0,4,0,0,0,0,0,0,0,0,0,0,0,0,1
1539,232,"第60回新春全国競技かるた大会(D,E)",2015-01-10,E6,E,29,29,59,5,5,1,0,0,3,3,0,0,0,3,0,0,0,0,0,0,0,0,0,0,0,0,1
1540,232,"第60回新春全国競技かるた大会(D,E)",2015-01-10,E7,E,26,26,56,5,5,1,0,0,6,6,0,0,0,6,0,0,0,0,0,0,0,0,0,0,0,0,1
1541,233,第65回全国かるた競技東京白妙大会,2015-02-11,A,A,123,123,249,7,7,1,0,0,5,5,0,0,0,5,0,0,0,0,0,0,0,0,0,0,0,0,1
1542,233,第65回全国かるた競技東京白妙大会,2015-02-11,B1,B,90,90,216,7,7,1,0,0,38,38,0,0,0,38,0,0,0,0,0,0,0,0,0,0,0,0,1
1543,233,第65回全国かるた競技東京白妙大会,2015-02-11,C1,C,51,51,113,6,6,1,0,0,13,13,0,0,0,13,0,2,0,0,0,0,0,0,0,0,0,0,1
1544,233,第65回全国かるた競技東京白妙大会,2015-02-11,B2,B,91,91,217,7,7,1,0,0,37,37,0,0,0,37,0,0,0,0,0,0,0,0,0,0,0,0,1
1545,233,第65回全国かるた競技東京白妙大会,2015-02-11,C2,C,50,50,112,6,6,1,0,0,14,14,0,0,0,14,0,0,0,0,0,0,0,0,0,0,0,0,1
1546,233,第65回全国かるた競技東京白妙大会,2015-02-11,C3,C,51,51,113,6,6,1,0,0,13,13,0,0,0,15,0,0,0,0,0,0,0,0,0,0,0,0,1
1547,233,第65回全国かるた競技東京白妙大会,2015-02-11,C4,C,49,49,111,6,6,1,0,0,15,15,0,0,0,15,0,0,0,0,0,0,0,0,0,0,0,0,1
1548,233,第65回全国かるた競技東京白妙大会,2015-02-11,C5,C,49,49,111,6,6,1,0,0,15,15,0,0,0,17,0,0,0,0,0,0,0,0,0,0,0,0,1
1549,234,"第24回全国競技かるた奈良大会(B,C,D,E,ねんりん)",2015-02-15,B,B,104,104,230,7,7,1,0,2,26,24,0,0,0,24,0,2,0,0,0,0,0,0,0,0,0,0,1
1550,234,"第24回全国競技かるた奈良大会(B,C,D,E,ねんりん)",2015-02-15,C1,C,34,34,96,6,6,1,0,0,30,30,0,0,0,30,0,0,0,0,0,0,0,0,0,0,0,0,1
1551,234,"第24回全国競技かるた奈良大会(B,C,D,E,ねんりん)",2015-02-15,D1,D,41,41,103,6,6,1,0,0,23,23,0,0,0,23,0,0,0,0,0,0,0,0,0,0,0,0,1
1552,234,"第24回全国競技かるた奈良大会(B,C,D,E,ねんりん)",2015-02-15,E1,E,39,39,101,6,6,1,0,2,27,25,0,0,0,25,0,2,0,0,0,0,0,0,0,0,0,0,1
1553,234,"第24回全国競技かるた奈良大会(B,C,D,E,ねんりん)",2015-02-15,ねんりん,,11,11,25,4,4,1,0,2,7,5,0,0,0,5,0,2,0,0,0,0,0,0,0,0,0,0,1
1554,234,"第24回全国競技かるた奈良大会(B,C,D,E,ねんりん)",2015-02-15,C2,C,35,35,97,6,6,1,0,0,29,29,0,0,0,29,0,0,0,0,0,0,0,0,0,0,0,0,1
1555,234,"第24回全国競技かるた奈良大会(B,C,D,E,ねんりん)",2015-02-15,C3,C,34,34,96,6,6,1,0,0,30,30,0,0,0,30,0,0,0,0,0,0,0,0,0,0,0,0,1
1556,234,"第24回全国競技かるた奈良大会(B,C,D,E,ねんりん)",2015-02-15,D2,D,42,42,104,6,6,1,0,0,22,22,0,0,0,22,0,0,0,0,0,0,0,0,0,0,0,0,1
1557,234,"第24回全国競技かるた奈良大会(B,C,D,E,ねんりん)",2015-02-15,D3,D,40,40,102,6,6,1,0,0,24,24,0,0,0,24,0,0,0,0,0,0,0,0,0,0,0,0,1
1558,234,"第24回全国競技かるた奈良大会(B,C,D,E,ねんりん)",2015-02-15,D4,D,39,39,101,6,6,1,0,0,25,25,0,0,0,25,0,0,0,0,0,0,0,0,0,0,0,0,1
1559,234,"第24回全国競技かるた奈良大会(B,C,D,E,ねんりん)",2015-02-15,E2,E,28,28,58,5,5,1,0,0,4,4,0,0,0,4,0,0,0,0,0,0,0,0,0,0,0,0,1
1560,234,"第24回全国競技かるた奈良大会(B,C,D,E,ねんりん)",2015-02-15,E3,E,16,16,30,4,4,1,0,0,0,0,0,0,0,0,0,0,0,0,0,0,0,0,0,0,0,0,1
1561,234,"第24回全国競技かるた奈良大会(B,C,D,E,ねんりん)",2015-02-15,E4,E,15,15,29,4,4,1,0,0,1,1,0,0,0,1,0,0,0,0,0,0,0,0,0,0,0,0,1
1562,235,第27回全国かるた競技東大阪大会,2015-02-22,A,A,88,88,214,7,7,1,0,0,40,40,0,0,0,40,0,2,0,0,0,0,0,0,0,0,0,0,1
1563,235,第27回全国かるた競技東大阪大会,2015-02-22,B,B,105,105,231,7,7,1,0,0,23,23,0,0,0,23,0,0,0,0,0,0,0,0,0,0,0,0,1
1564,235,第27回全国かるた競技東大阪大会,2015-02-22,C1,C,39,39,101,6,6,1,0,0,25,25,0,0,0,25,0,0,0,0,0,0,0,0,0,0,0,0,1
1565,235,第27回全国かるた競技東大阪大会,2015-02-22,D1,D,39,39,101,6,6,1,0,0,25,25,0,0,0,25,0,2,0,0,0,0,0,0,0,0,0,0,1
1566,235,第27回全国かるた競技東大阪大会,2015-02-22,C2,C,41,41,103,6,6,1,0,0,23,23,0,0,0,23,0,0,0,0,0,0,0,0,0,0,0,0,1
1567,235,第27回全国かるた競技東大阪大会,2015-02-22,C3,C,40,40,102,6,6,1,0,0,24,24,0,0,0,24,0,0,0,0,0,0,0,0,0,0,0,0,1
1568,235,第27回全国かるた競技東大阪大会,2015-02-22,D2,D,41,41,103,6,6,1,0,0,23,23,0,0,0,23,0,0,0,0,0,0,0,0,0,0,0,0,1
1569,235,第27回全国かるた競技東大阪大会,2015-02-22,D3,D,42,42,104,6,6,1,0,0,22,22,0,0,0,22,0,0,0,0,0,0,0,0,0,0,0,0,1
1570,235,第27回全国かるた競技東大阪大会,2015-02-22,D4,D,40,40,102,6,6,1,0,0,24,24,0,0,0,24,0,0,0,0,0,0,0,0,0,0,0,0,1
1571,235,第27回全国かるた競技東大阪大会,2015-02-22,E2,E,21,21,51,5,5,1,0,0,11,11,0,0,0,11,0,2,0,0,0,0,0,0,0,0,0,0,1
1572,235,第27回全国かるた競技東大阪大会,2015-02-22,E3,E,16,16,30,4,4,1,0,0,0,0,0,0,0,0,0,0,0,0,0,0,0,0,0,0,0,0,1
1573,235,第27回全国かるた競技東大阪大会,2015-02-22,E4,E,14,14,28,4,4,1,0,0,2,2,0,0,0,2,0,0,0,0,0,0,0,0,0,0,0,0,1
1574,235,第27回全国かるた競技東大阪大会,2015-02-22,E5,E,16,16,30,4,4,1,0,0,0,0,0,0,0,0,0,2,0,0,0,0,0,0,0,0,0,0,1
1575,235,第27回全国かるた競技東大阪大会,2015-02-22,E6,E,34,34,96,6,6,1,0,0,30,30,0,0,0,30,0,0,0,0,0,0,0,0,0,0,0,0,1
1576,236,"第48回全国かるた競技静岡大会(D,E)",2015-02-22,D1,D,36,36,98,6,6,1,0,0,28,28,0,0,0,28,0,0,0,0,0,0,0,0,0,0,0,0,1
1577,236,"第48回全国かるた競技静岡大会(D,E)",2015-02-22,E1,E,21,21,51,5,5,1,0,0,11,11,0,0,0,11,0,0,0,0,0,0,0,0,0,0,0,0,1
1578,236,"第48回全国かるた競技静岡大会(D,E)",2015-02-22,D2,D,35,35,97,6,6,1,0,0,29,29,0,0,0,29,0,0,0,0,0,0,0,0,0,0,0,0,1
1579,236,"第48回全国かるた競技静岡大会(D,E)",2015-02-22,D3,D,31,31,61,5,5,1,0,0,1,1,0,0,0,3,0,0,0,0,0,0,0,0,0,0,0,0,1
1580,236,"第48回全国かるた競技静岡大会(D,E)",2015-02-22,D4,D,32,32,62,5,5,1,0,0,0,0,0,0,0,2,0,0,0,0,0,0,0,0,0,0,0,0,1
1581,236,"第48回全国かるた競技静岡大会(D,E)",2015-02-22,E2,E,21,21,51,5,5,1,0,0,11,11,0,0,0,11,0,0,0,0,0,0,0,0,0,0,0,0,1
1582,237,"藤原定家卿小倉百人一首撰定記念第69回全国競技かるた京都大会(C,D)",2015-05-23,C1,C,40,40,102,6,6,1,0,0,24,24,0,0,0,24,0,0,0,0,0,0,0,0,0,0,0,0,1
1583,237,"藤原定家卿小倉百人一首撰定記念第69回全国競技かるた京都大会(C,D)",2015-05-23,D1,D,46,46,108,6,6,1,0,0,18,18,0,0,0,18,0,0,0,0,0,0,0,0,0,0,0,0,1
1584,237,"藤原定家卿小倉百人一首撰定記念第69回全国競技かるた京都大会(C,D)",2015-05-23,C2,C,39,39,101,6,6,1,0,0,25,25,0,0,0,25,0,0,0,0,0,0,0,0,0,0,0,0,1
1585,237,"藤原定家卿小倉百人一首撰定記念第69回全国競技かるた京都大会(C,D)",2015-05-23,C3,C,42,42,104,6,6,1,0,0,22,22,0,0,0,22,0,0,0,0,0,0,0,0,0,0,0,0,1
1586,237,"藤原定家卿小倉百人一首撰定記念第69回全国競技かるた京都大会(C,D)",2015-05-23,D2,D,43,43,105,6,6,1,0,0,21,21,0,0,0,21,0,0,0,0,0,0,0,0,0,0,0,0,1
1587,237,"藤原定家卿小倉百人一首撰定記念第69回全国競技かるた京都大会(C,D)",2015-05-23,D3,D,45,45,107,6,6,1,0,0,19,19,0,0,0,19,0,0,0,0,0,0,0,0,0,0,0,0,1
1588,237,"藤原定家卿小倉百人一首撰定記念第69回全国競技かるた京都大会(C,D)",2015-05-23,D4,D,44,44,106,6,6,1,0,0,20,20,0,0,0,22,0,0,0,0,0,0,0,0,0,0,0,0,1
1589,237,"藤原定家卿小倉百人一首撰定記念第69回全国競技かるた京都大会(C,D)",2015-05-23,D5,D,42,42,104,6,6,1,0,0,22,22,0,0,0,22,0,0,0,0,0,0,0,0,0,0,0,0,1
1590,238,"藤原定家卿小倉百人一首撰定記念第69回全国競技かるた京都大会(A,B)",2015-05-24,A,A,90,90,216,7,7,1,0,0,38,38,0,0,0,38,0,0,0,0,0,0,0,0,0,0,0,0,1
1591,238,"藤原定家卿小倉百人一首撰定記念第69回全国競技かるた京都大会(A,B)",2015-05-24,B1,B,77,77,203,7,7,1,0,0,51,51,0,0,0,53,0,0,0,0,0,0,0,0,0,0,0,0,1
1592,238,"藤原定家卿小倉百人一首撰定記念第69回全国競技かるた京都大会(A,B)",2015-05-24,B2,B,79,79,205,7,7,1,0,0,49,49,0,0,0,49,0,0,0,0,0,0,0,0,0,0,0,0,1
1593,239,第25回全国競技かるた奈良大会(A),2015-11-23,A,A,60,60,122,6,6,1,0,0,4,4,0,0,0,4,0,0,0,0,0,0,0,0,0,0,0,0,1
1594,240,第57回全国かるた競技和歌山大会,2015-12-06,A,A,53,53,115,6,6,1,0,0,11,11,0,0,0,11,0,0,0,0,0,0,0,0,0,0,0,0,1
1595,240,第57回全国かるた競技和歌山大会,2015-12-06,B,B,79,79,205,7,7,1,0,0,49,49,0,0,0,49,0,0,0,0,0,0,0,0,0,0,0,0,1
1596,240,第57回全国かるた競技和歌山大会,2015-12-06,C,C,82,82,208,7,7,1,0,0,46,46,0,0,0,48,0,0,0,0,0,0,0,0,0,0,0,0,1
1597,240,第57回全国かるた競技和歌山大会,2015-12-06,D1,D,38,38,100,6,6,1,0,0,26,26,0,0,0,26,0,0,0,0,0,0,0,0,0,0,0,0,1
1598,240,第57回全国かるた競技和歌山大会,2015-12-06,D2,D,38,38,100,6,6,1,0,0,26,26,0,0,0,28,0,0,0,0,0,0,0,0,0,0,0,0,1
1599,240,第57回全国かるた競技和歌山大会,2015-12-06,D3,D,35,35,97,6,6,1,0,0,29,29,0,0,0,29,0,0,0,0,0,0,0,0,0,0,0,0,1
1600,241,"第97回全国競技かるた大阪大会(B,C,D,E)",2015-09-22,C1,C,51,51,113,6,6,1,0,0,13,13,0,0,0,13,0,0,0,0,0,0,0,0,0,0,0,0,1
1601,241,"第97回全国競技かるた大阪大会(B,C,D,E)",2015-09-22,D1,D,51,51,113,6,6,1,0,0,13,13,0,0,0,13,0,0,0,0,0,0,0,0,0,0,0,0,1
1602,241,"第97回全国競技かるた大阪大会(B,C,D,E)",2015-09-22,E1,E,42,42,104,6,6,1,0,0,22,22,0,0,0,22,0,0,0,0,0,0,0,0,0,0,0,0,1
1603,241,"第97回全国競技かるた大阪大会(B,C,D,E)",2015-09-22,B1,B,61,61,123,6,6,1,0,0,3,3,0,0,0,3,0,0,0,0,0,0,0,0,0,0,0,0,1
1604,241,"第97回全国競技かるた大阪大会(B,C,D,E)",2015-09-22,B2,B,64,64,126,6,6,1,0,0,0,0,0,0,0,0,0,0,0,0,0,0,0,0,0,0,0,0,1
1605,241,"第97回全国競技かるた大阪大会(B,C,D,E)",2015-09-22,C2,C,47,47,109,6,6,1,0,0,17,17,0,0,0,17,0,0,0,0,0,0,0,0,0,0,0,0,1
1606,241,"第97回全国競技かるた大阪大会(B,C,D,E)",2015-09-22,C3,C,50,50,112,6,6,1,0,0,14,14,0,0,0,14,0,0,0,0,0,0,0,0,0,0,0,0,1
1607,241,"第97回全国競技かるた大阪大会(B,C,D,E)",2015-09-22,D2,D,50,50,112,6,6,1,0,0,14,14,0,0,0,14,0,0,0,0,0,0,0,0,0,0,0,0,1
1608,241,"第97回全国競技かるた大阪大会(B,C,D,E)",2015-09-22,D3,D,52,52,114,6,6,1,0,0,12,12,0,0,0,12,0,0,0,0,0,0,0,0,0,0,0,0,1
1609,241,"第97回全国競技かるた大阪大会(B,C,D,E)",2015-09-22,D4,D,50,50,112,6,6,1,0,0,14,14,0,0,0,14,0,0,0,0,0,0,0,0,0,0,0,0,1
1610,241,"第97回全国競技かるた大阪大会(B,C,D,E)",2015-09-22,D5,D,53,53,115,6,6,1,0,0,11,11,0,0,0,11,0,0,0,0,0,0,0,0,0,0,0,0,1
1611,241,"第97回全国競技かるた大阪大会(B,C,D,E)",2015-09-22,D6,D,54,54,116,6,6,1,0,0,10,10,0,0,0,10,0,0,0,0,0,0,0,0,0,0,0,0,1
1612,241,"第97回全国競技かるた大阪大会(B,C,D,E)",2015-09-22,E2,E,43,43,105,6,6,1,0,0,21,21,0,0,0,21,0,0,0,0,0,0,0,0,0,0,0,0,1
1613,241,"第97回全国競技かるた大阪大会(B,C,D,E)",2015-09-22,E3,E,54,54,116,6,6,1,0,0,10,10,0,0,0,10,0,0,0,0,0,0,0,0,0,0,0,0,1
1614,242,"第68回全国かるた競技東京東会大会(D,E)",2015-01-04,D1,D,60,60,122,6,6,1,0,0,4,4,0,0,0,6,0,0,0,0,0,0,0,0,0,0,0,0,1
1615,242,"第68回全国かるた競技東京東会大会(D,E)",2015-01-04,E1,E,26,26,56,5,5,1,0,0,6,6,0,0,0,6,0,0,0,0,0,0,0,0,0,0,0,0,1
1616,242,"第68回全国かるた競技東京東会大会(D,E)",2015-01-04,D2,D,61,61,123,6,6,1,0,0,3,3,0,0,0,5,0,0,0,0,0,0,0,0,0,0,0,0,1
1617,242,"第68回全国かるた競技東京東会大会(D,E)",2015-01-04,D3,D,63,63,125,6,6,1,0,0,1,1,0,0,0,1,0,0,0,0,0,0,0,0,0,0,0,0,1
1618,242,"第68回全国かるた競技東京東会大会(D,E)",2015-01-04,D4,D,64,64,126,6,6,1,0,0,0,0,0,0,0,2,0,0,0,0,0,0,0,0,0,0,0,0,1
1619,242,"第68回全国かるた競技東京東会大会(D,E)",2015-01-04,D5,D,64,64,126,6,6,1,0,0,0,0,0,0,0,0,0,0,0,0,0,0,0,0,0,0,0,0,1
1620,242,"第68回全国かるた競技東京東会大会(D,E)",2015-01-04,E2,E,28,28,58,5,5,1,0,0,4,4,0,0,0,4,0,0,0,0,0,0,0,0,0,0,0,0,1
1621,242,"第68回全国かるた競技東京東会大会(D,E)",2015-01-04,E3,E,26,26,56,5,5,1,0,0,6,6,0,0,0,6,0,0,0,0,0,0,0,0,0,0,0,0,1
1622,242,"第68回全国かるた競技東京東会大会(D,E)",2015-01-04,E4,E,28,28,58,5,5,1,0,0,4,4,0,0,0,4,0,0,0,0,0,0,0,0,0,0,0,0,1
1623,242,"第68回全国かるた競技東京東会大会(D,E)",2015-01-04,E5,E,27,27,57,5,5,1,0,0,5,5,0,0,0,5,0,0,0,0,0,0,0,0,0,0,0,0,1
1624,242,"第68回全国かるた競技東京東会大会(D,E)",2015-01-04,E6,E,26,26,56,5,5,1,0,0,6,6,0,0,0,6,0,0,0,0,0,0,0,0,0,0,0,0,1
1625,242,"第68回全国かるた競技東京東会大会(D,E)",2015-01-04,E7,E,27,27,57,5,5,1,0,0,5,5,0,0,0,5,0,0,0,0,0,0,0,0,0,0,0,0,1
1626,242,"第68回全国かるた競技東京東会大会(D,E)",2015-01-04,E8,E,27,27,57,5,5,1,0,0,5,5,0,0,0,5,0,0,0,0,0,0,0,0,0,0,0,0,1
1627,243,"第68回全国かるた競技東京東会大会(A,B,C)",2015-01-25,A,A,95,95,221,7,7,1,0,0,33,33,0,0,0,33,0,0,0,0,0,0,0,0,0,0,0,0,1
1628,243,"第68回全国かるた競技東京東会大会(A,B,C)",2015-01-25,B1,B,76,76,202,7,7,1,0,0,52,52,0,0,0,52,0,0,0,0,0,0,0,0,0,0,0,0,1
1629,243,"第68回全国かるた競技東京東会大会(A,B,C)",2015-01-25,C1,C,51,51,113,6,6,1,0,0,13,13,0,0,0,13,0,0,0,0,0,0,0,0,0,0,0,0,1
1630,243,"第68回全国かるた競技東京東会大会(A,B,C)",2015-01-25,B2,B,73,73,199,7,7,1,0,0,55,55,0,0,0,55,0,0,0,0,0,0,0,0,0,0,0,0,1
1631,243,"第68回全国かるた競技東京東会大会(A,B,C)",2015-01-25,C2,C,52,52,114,6,6,1,0,0,12,12,0,0,0,12,0,0,0,0,0,0,0,0,0,0,0,0,1
1632,243,"第68回全国かるた競技東京東会大会(A,B,C)",2015-01-25,C3,C,51,51,113,6,6,1,0,0,13,13,0,0,0,15,0,0,0,0,0,0,0,0,0,0,0,0,1
1633,243,"第68回全国かるた競技東京東会大会(A,B,C)",2015-01-25,C4,C,49,49,111,6,6,1,0,0,15,15,0,0,0,15,0,0,0,0,0,0,0,0,0,0,0,0,1
1634,244,"第29回全国かるたさがみ野大会(A,B,C)",2015-04-29,A,A,81,81,207,7,7,1,0,0,47,47,0,0,0,47,0,0,0,0,0,0,0,0,0,0,0,0,1
1635,244,"第29回全国かるたさがみ野大会(A,B,C)",2015-04-29,B1,B,77,77,203,7,7,1,0,0,51,51,0,0,0,51,0,0,0,0,0,0,0,0,0,0,0,0,1
1636,244,"第29回全国かるたさがみ野大会(A,B,C)",2015-04-29,C1,C,35,35,97,6,6,1,0,0,29,29,0,0,0,29,0,0,0,0,0,0,0,0,0,0,0,0,1
1637,244,"第29回全国かるたさがみ野大会(A,B,C)",2015-04-29,B2,B,78,78,204,7,7,1,0,0,50,50,0,0,0,50,0,0,0,0,0,0,0,0,0,0,0,0,1
1638,244,"第29回全国かるたさがみ野大会(A,B,C)",2015-04-29,C2,C,33,33,95,6,6,1,0,0,31,31,0,0,0,33,0,0,0,0,0,0,0,0,0,0,0,0,1
1639,244,"第29回全国かるたさがみ野大会(A,B,C)",2015-04-29,C3,C,39,39,101,6,6,1,0,0,25,25,0,0,0,25,0,0,0,0,0,0,0,0,0,0,0,0,1
1640,244,"第29回全国かるたさがみ野大会(A,B,C)",2015-04-29,C4,C,35,35,97,6,6,1,0,0,29,29,0,0,0,29,0,0,0,0,0,0,0,0,0,0,0,0,1
1641,244,"第29回全国かるたさがみ野大会(A,B,C)",2015-04-29,C5,C,37,37,99,6,6,1,0,0,27,27,0,0,0,27,0,0,0,0,0,0,0,0,0,0,0,0,1
1642,245,第29回全国かるたさがみ野大会(E),2015-05-09,E1,E,27,27,57,5,5,1,0,0,5,5,0,0,0,5,0,0,0,0,0,0,0,0,0,0,0,0,1
1643,245,第29回全国かるたさがみ野大会(E),2015-05-09,E2,E,22,22,52,5,5,1,0,0,10,10,0,0,0,10,0,0,0,0,0,0,0,0,0,0,0,0,1
1644,245,第29回全国かるたさがみ野大会(E),2015-05-09,E3,E,21,21,51,5,5,1,0,0,11,11,0,0,0,11,0,0,0,0,0,0,0,0,0,0,0,0,1
1645,245,第29回全国かるたさがみ野大会(E),2015-05-09,E4,E,19,19,49,5,5,1,0,0,13,13,0,0,0,13,0,0,0,0,0,0,0,0,0,0,0,0,1
1646,245,第29回全国かるたさがみ野大会(E),2015-05-09,E5,E,23,23,53,5,5,1,0,0,9,9,0,0,0,9,0,0,0,0,0,0,0,0,0,0,0,0,1
1647,245,第29回全国かるたさがみ野大会(E),2015-05-09,E6,E,17,17,47,5,5,1,0,0,15,15,0,0,0,15,0,0,0,0,0,0,0,0,0,0,0,0,1
1648,246,第29回全国かるたさがみ野大会(D),2015-06-14,D1,D,21,21,51,5,5,1,0,0,11,11,0,0,0,11,0,0,0,0,0,0,0,0,0,0,0,0,1
1649,246,第29回全国かるたさがみ野大会(D),2015-06-14,D2,D,21,21,51,5,5,1,0,0,11,11,0,0,0,13,0,0,0,0,0,0,0,0,0,0,0,0,1
1650,246,第29回全国かるたさがみ野大会(D),2015-06-14,D3,D,21,21,51,5,5,1,0,0,11,11,0,0,0,11,0,0,0,0,0,0,0,0,0,0,0,0,1
1651,246,第29回全国かるたさがみ野大会(D),2015-06-14,D4,D,29,29,59,5,5,1,0,0,3,3,0,0,0,3,0,0,0,0,0,0,0,0,0,0,0,0,1
1652,246,第29回全国かるたさがみ野大会(D),2015-06-14,D5,D,24,24,54,5,5,1,0,0,8,8,0,0,0,8,0,0,0,0,0,0,0,0,0,0,0,0,1
1653,246,第29回全国かるたさがみ野大会(D),2015-06-14,D6,D,25,25,55,5,5,1,0,0,7,7,0,0,0,7,0,0,0,0,0,0,0,0,0,0,0,0,1
1654,247,第23回全国競技かるた多摩大会(D),2015-07-19,D1,D,31,31,61,5,5,1,0,0,1,1,0,0,0,1,0,0,0,0,0,0,0,0,0,0,0,0,1
1655,247,第23回全国競技かるた多摩大会(D),2015-07-19,D2,D,30,30,60,5,5,1,0,0,2,2,0,0,0,2,0,0,0,0,0,0,0,0,0,0,0,0,1
1656,247,第23回全国競技かるた多摩大会(D),2015-07-19,D3,D,31,31,61,5,5,1,0,0,1,1,0,0,0,1,0,0,0,0,0,0,0,0,0,0,0,0,1
1657,247,第23回全国競技かるた多摩大会(D),2015-07-19,D4,D,29,29,59,5,5,1,0,0,3,3,0,0,0,3,0,0,0,0,0,0,0,0,0,0,0,0,1
1658,247,第23回全国競技かるた多摩大会(D),2015-07-19,D5,D,30,30,60,5,5,1,0,0,2,2,0,0,0,2,0,0,0,0,0,0,0,0,0,0,0,0,1
1659,247,第23回全国競技かるた多摩大会(D),2015-07-19,D6,D,30,30,60,5,5,1,0,0,2,2,0,0,0,2,0,0,0,0,0,0,0,0,0,0,0,0,1
1660,247,第23回全国競技かるた多摩大会(D),2015-07-19,D7,D,29,29,59,5,5,1,0,0,3,3,0,0,0,5,0,0,0,0,0,0,0,0,0,0,0,0,1
1661,247,第23回全国競技かるた多摩大会(D),2015-07-19,D8,D,29,29,59,5,5,1,0,0,3,3,0,0,0,3,0,0,0,0,0,0,0,0,0,0,0,0,1
1662,247,第23回全国競技かるた多摩大会(D),2015-07-19,D9,D,32,32,62,5,5,1,0,2,2,0,0,0,0,0,0,2,0,0,0,0,0,0,0,0,0,0,1
1663,247,第23回全国競技かるた多摩大会(D),2015-07-19,D10,D,30,30,60,5,5,1,0,0,2,2,0,0,0,2,0,0,0,0,0,0,0,0,0,0,0,0,1
1664,248,"第23回全国競技かるた多摩大会(A,B,C)",2015-07-20,A,A,76,76,202,7,7,1,0,2,54,52,0,0,0,54,0,2,0,0,0,0,0,0,0,0,0,0,1
1665,248,"第23回全国競技かるた多摩大会(A,B,C)",2015-07-20,B1,B,64,64,126,6,6,1,0,0,0,0,0,0,0,2,0,2,0,0,0,0,0,0,0,0,0,0,1
1666,248,"第23回全国競技かるた多摩大会(A,B,C)",2015-07-20,C1,C,76,76,176,7,7,1,0,2,28,26,0,0,0,26,0,4,0,0,0,0,0,0,0,0,0,0,1
1667,248,"第23回全国競技かるた多摩大会(A,B,C)",2015-07-20,B2,B,65,65,191,7,7,1,0,0,63,63,0,0,0,67,0,0,0,0,0,0,0,0,0,0,0,0,1
1668,248,"第23回全国競技かるた多摩大会(A,B,C)",2015-07-20,C2,C,86,86,191,7,7,1,0,0,21,21,0,0,0,21,0,0,0,0,0,0,0,0,0,0,0,0,1
1669,249,第23回全国競技かるた多摩大会(E),2015-07-26,E1,E,32,32,62,5,5,1,0,0,0,0,0,0,0,2,0,0,0,0,0,0,0,0,0,0,0,0,1
1670,249,第23回全国競技かるた多摩大会(E),2015-07-26,E2,E,32,32,62,5,5,1,0,0,0,0,0,0,0,2,0,0,0,0,0,0,0,0,0,0,0,0,1
1671,249,第23回全国競技かるた多摩大会(E),2015-07-26,E3,E,31,31,61,5,5,1,0,0,1,1,0,0,0,1,0,0,0,0,0,0,0,0,0,0,0,0,1
1672,249,第23回全国競技かるた多摩大会(E),2015-07-26,E4,E,32,32,62,5,5,1,0,0,0,0,0,0,0,0,0,0,0,0,0,0,0,0,0,0,0,0,1
1673,249,第23回全国競技かるた多摩大会(E),2015-07-26,E5,E,32,32,62,5,5,1,0,0,0,0,0,0,0,2,0,0,0,0,0,0,0,0,0,0,0,0,1
1674,249,第23回全国競技かるた多摩大会(E),2015-07-26,E6,E,32,32,62,5,5,1,0,0,0,0,0,0,0,2,0,0,0,0,0,0,0,0,0,0,0,0,1
1675,249,第23回全国競技かるた多摩大会(E),2015-07-26,E7,E,32,32,62,5,5,1,0,0,0,0,0,0,0,0,0,0,0,0,0,0,0,0,0,0,0,0,1
1676,249,第23回全国競技かるた多摩大会(E),2015-07-26,E8,E,31,31,61,5,5,1,0,2,3,1,0,0,0,1,0,2,0,0,0,0,0,0,0,0,0,0,1
1677,249,第23回全国競技かるた多摩大会(E),2015-07-26,E9,E,32,32,62,5,5,1,0,0,0,0,0,0,0,0,0,0,0,0,0,0,0,0,0,0,0,0,1
1678,249,第23回全国競技かるた多摩大会(E),2015-07-26,E10,E,32,32,62,5,5,1,0,0,0,0,0,0,0,2,0,0,0,0,0,0,0,0,0,0,0,0,1
1679,249,第23回全国競技かるた多摩大会(E),2015-07-26,E11,E,32,32,62,5,5,1,0,0,0,0,0,0,0,4,0,0,0,0,0,0,0,0,0,0,0,0,1
1680,250,第34回全国かるた競技東京吉野会大会(A),2015-10-12,A,A,112,112,238,7,7,1,0,0,16,16,0,0,0,16,0,0,0,0,0,0,0,0,0,0,0,0,1
1681,251,第18回神奈川県かるた選手権大会,2015-11-22,A,A,11,11,25,4,4,1,0,0,5,5,0,0,0,5,0,0,0,0,0,0,0,0,0,0,0,0,1
1682,251,第18回神奈川県かるた選手権大会,2015-11-22,B1,B,10,10,24,4,4,1,0,0,6,6,0,0,0,6,0,0,0,0,0,0,0,0,0,0,0,0,1
1683,251,第18回神奈川県かるた選手権大会,2015-11-22,C1,C,15,15,29,4,4,1,0,0,1,1,0,0,0,1,0,0,0,0,0,0,0,0,0,0,0,0,1
1684,251,第18回神奈川県かるた選手権大会,2015-11-22,D1,D,13,13,27,4,4,1,0,0,3,3,0,0,0,3,0,0,0,0,0,0,0,0,0,0,0,0,1
1685,251,第18回神奈川県かるた選手権大会,2015-11-22,E1,E,15,15,29,4,4,1,0,0,1,1,0,0,0,1,0,0,0,0,0,0,0,0,0,0,0,0,1
1686,251,第18回神奈川県かるた選手権大会,2015-11-22,F1,,14,14,28,4,4,1,0,0,2,2,0,0,0,2,0,0,0,0,0,0,0,0,0,0,0,0,1
1687,251,第18回神奈川県かるた選手権大会,2015-11-22,G1,,14,14,28,4,4,1,0,0,2,2,0,0,0,2,0,0,0,0,0,0,0,0,0,0,0,0,1
1688,251,第18回神奈川県かるた選手権大会,2015-11-22,G2,,14,14,28,4,4,1,0,0,2,2,0,0,0,2,0,2,0,0,0,0,0,0,0,0,0,0,1
1689,251,第18回神奈川県かるた選手権大会,2015-11-22,G3,,14,14,28,4,4,1,0,0,2,2,0,0,0,2,0,0,0,0,0,0,0,0,0,0,0,0,1
1690,251,第18回神奈川県かるた選手権大会,2015-11-22,G4,,13,13,27,4,4,1,0,0,3,3,0,0,0,3,0,0,0,0,0,0,0,0,0,0,0,0,1
1691,251,第18回神奈川県かるた選手権大会,2015-11-22,G5,,12,12,26,4,4,1,0,0,4,4,0,0,0,4,0,0,0,0,0,0,0,0,0,0,0,0,1
1692,251,第18回神奈川県かるた選手権大会,2015-11-22,G6,,14,14,28,4,4,1,0,0,2,2,0,0,0,2,0,0,0,0,0,0,0,0,0,0,0,0,1
1693,251,第18回神奈川県かるた選手権大会,2015-11-22,G7,,13,13,27,4,4,1,0,0,3,3,0,0,0,3,0,0,0,0,0,0,0,0,0,0,0,0,1
1694,251,第18回神奈川県かるた選手権大会,2015-11-22,F2,,14,14,28,4,4,1,0,0,2,2,0,0,0,2,0,0,0,0,0,0,0,0,0,0,0,0,1
1695,251,第18回神奈川県かるた選手権大会,2015-11-22,F3,,15,15,29,4,4,1,0,0,1,1,0,0,0,1,0,0,0,0,0,0,0,0,0,0,0,0,1
1696,251,第18回神奈川県かるた選手権大会,2015-11-22,F4,,14,14,28,4,4,1,0,0,2,2,0,0,0,2,0,0,0,0,0,0,0,0,0,0,0,0,1
1697,251,第18回神奈川県かるた選手権大会,2015-11-22,D2,D,15,15,29,4,4,1,0,0,1,1,0,0,0,1,0,0,0,0,0,0,0,0,0,0,0,0,1
1698,251,第18回神奈川県かるた選手権大会,2015-11-22,D3,D,12,12,26,4,4,1,0,0,4,4,0,0,0,4,0,0,0,0,0,0,0,0,0,0,0,0,1
1699,251,第18回神奈川県かるた選手権大会,2015-11-22,D4,D,13,13,27,4,4,1,0,0,3,3,0,0,0,3,0,0,0,0,0,0,0,0,0,0,0,0,1
1700,251,第18回神奈川県かるた選手権大会,2015-11-22,D5,D,13,13,27,4,4,1,0,0,3,3,0,0,0,3,0,0,0,0,0,0,0,0,0,0,0,0,1
1701,251,第18回神奈川県かるた選手権大会,2015-11-22,D6,D,14,14,28,4,4,1,0,0,2,2,0,0,0,2,0,0,0,0,0,0,0,0,0,0,0,0,1
1702,251,第18回神奈川県かるた選手権大会,2015-11-22,D7,D,13,13,27,4,4,1,0,0,3,3,0,0,0,3,0,0,0,0,0,0,0,0,0,0,0,0,1
1703,251,第18回神奈川県かるた選手権大会,2015-11-22,D8,D,12,12,26,4,4,1,0,0,4,4,0,0,0,4,0,0,0,0,0,0,0,0,0,0,0,0,1
1704,251,第18回神奈川県かるた選手権大会,2015-11-22,E2,E,15,15,29,4,4,1,0,0,1,1,0,0,0,1,0,0,0,0,0,0,0,0,0,0,0,0,1
1705,251,第18回神奈川県かるた選手権大会,2015-11-22,E3,E,15,15,29,4,4,1,0,0,1,1,0,0,0,1,0,0,0,0,0,0,0,0,0,0,0,0,1
1706,251,第18回神奈川県かるた選手権大会,2015-11-22,E4,E,15,15,29,4,4,1,0,0,1,1,0,0,0,1,0,0,0,0,0,0,0,0,0,0,0,0,1
1707,251,第18回神奈川県かるた選手権大会,2015-11-22,E5,E,15,15,29,4,4,1,0,0,1,1,0,0,0,1,0,0,0,0,0,0,0,0,0,0,0,0,1
1708,251,第18回神奈川県かるた選手権大会,2015-11-22,C2,C,16,16,30,4,4,1,0,0,0,0,0,0,0,0,0,0,0,0,0,0,0,0,0,0,0,0,1
1709,251,第18回神奈川県かるた選手権大会,2015-11-22,C3,C,15,15,29,4,4,1,0,0,1,1,0,0,0,1,0,0,0,0,0,0,0,0,0,0,0,0,1
1710,251,第18回神奈川県かるた選手権大会,2015-11-22,C4,C,14,14,28,4,4,1,0,0,2,2,0,0,0,2,0,0,0,0,0,0,0,0,0,0,0,0,1
1711,251,第18回神奈川県かるた選手権大会,2015-11-22,B2,B,9,9,23,4,4,1,0,0,7,7,0,0,0,7,0,0,0,0,0,0,0,0,0,0,0,0,1
1712,251,第18回神奈川県かるた選手権大会,2015-11-22,B3,B,11,11,25,4,4,1,0,0,5,5,0,0,0,5,0,0,0,0,0,0,0,0,0,0,0,0,1
1713,252,"第34回全国かるた競技東京吉野会大会(B,C)",2015-12-05,B1,B,73,73,199,7,7,1,0,0,55,55,0,0,0,55,0,0,0,0,0,0,0,0,0,0,0,0,1
1714,252,"第34回全国かるた競技東京吉野会大会(B,C)",2015-12-05,C,C,115,115,241,7,7,1,0,0,13,13,0,0,0,13,0,0,0,0,0,0,0,0,0,0,0,0,1
1715,252,"第34回全国かるた競技東京吉野会大会(B,C)",2015-12-05,B2,B,73,73,199,7,7,1,0,0,55,55,0,0,0,55,0,0,0,0,0,0,0,0,0,0,0,0,1
1716,253,第16回上杉杯争奪全国かるた競技大会,2015-04-25,A,A,39,39,101,6,6,1,0,2,27,25,0,0,0,25,0,2,0,0,0,0,0,0,0,0,0,0,1
1717,253,第16回上杉杯争奪全国かるた競技大会,2015-04-25,B,B,56,56,118,6,6,1,0,0,8,8,0,0,0,8,0,0,0,0,0,0,0,0,0,0,0,0,1
1718,253,第16回上杉杯争奪全国かるた競技大会,2015-04-25,C,C,59,59,121,6,6,1,0,0,5,5,0,0,0,5,0,0,0,0,0,0,0,0,0,0,0,0,1
1719,253,第16回上杉杯争奪全国かるた競技大会,2015-04-25,D,D,66,66,192,7,7,1,0,6,68,62,0,0,0,62,0,6,0,0,0,0,0,0,0,0,0,0,1
1720,253,第16回上杉杯争奪全国かるた競技大会,2015-04-25,E,E,36,36,98,6,6,1,0,0,28,28,0,0,0,28,0,2,0,0,0,0,0,0,0,0,0,0,1
1721,254,"第79回椿杯争奪全国かるた大会(A,B,C)",2015-06-13,A,A,67,67,193,7,7,1,0,0,61,61,0,0,0,61,0,0,0,0,0,0,0,0,0,0,0,0,1
1722,254,"第79回椿杯争奪全国かるた大会(A,B,C)",2015-06-13,B,B,72,72,198,7,7,1,0,0,56,56,0,0,0,56,0,0,0,0,0,0,0,0,0,0,0,0,1
1723,254,"第79回椿杯争奪全国かるた大会(A,B,C)",2015-06-13,C,C,73,73,199,7,7,1,0,0,55,55,0,0,0,55,0,0,0,0,0,0,0,0,0,0,0,0,1
1724,255,"第68回全国かるた競技福井大会(C,D)",2015-06-13,C1,C,30,30,60,5,5,1,0,0,2,2,0,0,0,2,0,0,0,0,0,0,0,0,0,0,0,0,1
1725,255,"第68回全国かるた競技福井大会(C,D)",2015-06-13,D1,D,28,28,58,5,5,1,0,0,4,4,0,0,0,4,0,0,0,0,0,0,0,0,0,0,0,0,1
1726,255,"第68回全国かるた競技福井大会(C,D)",2015-06-13,C2,C,30,30,60,5,5,1,0,0,2,2,0,0,0,2,0,0,0,0,0,0,0,0,0,0,0,0,1
1727,255,"第68回全国かるた競技福井大会(C,D)",2015-06-13,C3,C,28,28,58,5,5,1,0,0,4,4,0,0,0,4,0,0,0,0,0,0,0,0,0,0,0,0,1
1728,255,"第68回全国かるた競技福井大会(C,D)",2015-06-13,D2,D,28,28,58,5,5,1,0,0,4,4,0,0,0,4,0,0,0,0,0,0,0,0,0,0,0,0,1
1729,255,"第68回全国かるた競技福井大会(C,D)",2015-06-13,D3,D,27,27,57,5,5,1,0,0,5,5,0,0,0,5,0,0,0,0,0,0,0,0,0,0,0,0,1
1730,255,"第68回全国かるた競技福井大会(C,D)",2015-06-13,D4,D,27,27,57,5,5,1,0,0,5,5,0,0,0,5,0,0,0,0,0,0,0,0,0,0,0,0,1
1731,255,"第68回全国かるた競技福井大会(C,D)",2015-06-13,D5,D,27,27,57,5,5,1,0,0,5,5,0,0,0,5,0,0,0,0,0,0,0,0,0,0,0,0,1
1732,256,"第68回全国かるた競技福井大会(A,B)",2015-06-14,A,A,51,51,113,6,6,1,0,6,19,13,0,0,0,13,0,6,0,0,0,0,0,0,0,0,0,0,1
1733,256,"第68回全国かるた競技福井大会(A,B)",2015-06-14,B,B,75,75,201,7,7,1,0,2,55,53,0,0,0,53,0,2,0,0,0,0,0,0,0,0,0,0,1
1734,257,第17回全国かるた競技富山大会,2015-09-12,A,A,60,60,122,6,6,1,0,6,10,4,0,0,0,4,0,6,0,0,0,0,0,0,0,0,0,0,1
1735,257,第17回全国かるた競技富山大会,2015-09-12,B,B,80,80,206,7,7,1,0,0,48,48,0,0,0,48,0,0,0,0,0,0,0,0,0,0,0,0,1
1736,257,第17回全国かるた競技富山大会,2015-09-12,C1,C,42,42,104,6,6,1,0,0,22,22,0,0,0,22,0,0,0,0,0,0,0,0,0,0,0,0,1
1737,257,第17回全国かるた競技富山大会,2015-09-12,D1,D,44,44,106,6,6,1,0,0,20,20,0,0,0,20,0,0,0,0,0,0,0,0,0,0,0,0,1
1738,257,第17回全国かるた競技富山大会,2015-09-12,C2,C,41,41,103,6,6,1,0,0,23,23,0,0,0,23,0,0,0,0,0,0,0,0,0,0,0,0,1
1739,257,第17回全国かるた競技富山大会,2015-09-12,D2,D,44,44,106,6,6,1,0,0,20,20,0,0,0,22,0,0,0,0,0,0,0,0,0,0,0,0,1
1740,257,第17回全国かるた競技富山大会,2015-09-12,D3,D,42,42,104,6,6,1,0,0,22,22,0,0,0,22,0,2,0,0,0,0,0,0,0,0,0,0,1
1741,258,第26回全国かるた競技水沢大会,2015-09-23,A,A,59,59,121,6,6,1,0,2,7,5,0,0,0,5,0,2,0,0,0,0,0,0,0,0,0,0,1
1742,258,第26回全国かるた競技水沢大会,2015-09-23,B,B,48,48,110,6,6,1,0,0,16,16,0,0,0,16,0,0,0,0,0,0,0,0,0,0,0,0,1
1743,258,第26回全国かるた競技水沢大会,2015-09-23,C,C,54,54,116,6,6,1,0,0,10,10,0,0,0,10,0,0,0,0,0,0,0,0,0,0,0,0,1
1744,258,第26回全国かるた競技水沢大会,2015-09-23,D1,D,30,30,60,5,5,1,0,0,2,2,0,0,0,2,0,0,0,0,0,0,0,0,0,0,0,0,1
1745,258,第26回全国かるた競技水沢大会,2015-09-23,E,E,30,30,60,5,5,1,0,2,4,2,0,0,0,2,0,4,0,0,0,0,0,0,0,0,0,0,1
1746,258,第26回全国かるた競技水沢大会,2015-09-23,D2,D,29,29,59,5,5,1,0,2,5,3,0,0,0,3,0,2,0,0,0,0,0,0,0,0,0,0,1
1747,258,第26回全国かるた競技水沢大会,2015-09-23,D3,D,28,28,58,5,5,1,0,2,6,4,0,0,0,4,0,2,0,0,0,0,0,0,0,0,0,0,1
1748,259,第77回全国競技かるた北國大会,2015-10-04,A,A,67,67,193,7,7,1,0,2,63,61,0,0,0,61,0,2,0,0,0,0,0,0,0,0,0,0,1
1749,259,第77回全国競技かるた北國大会,2015-10-04,B,B,98,98,224,7,7,1,0,0,30,30,0,0,0,30,0,0,0,0,0,0,0,0,0,0,0,0,1
1750,259,第77回全国競技かるた北國大会,2015-10-04,C1,C,48,48,110,6,6,1,0,0,16,16,0,0,0,16,0,0,0,0,0,0,0,0,0,0,0,0,1
1751,259,第77回全国競技かるた北國大会,2015-10-04,D1,D,41,41,103,6,6,1,0,0,23,23,0,0,0,23,0,0,0,0,0,0,0,0,0,0,0,0,1
1752,259,第77回全国競技かるた北國大会,2015-10-04,C2,C,48,48,110,6,6,1,0,0,16,16,0,0,0,16,0,0,0,0,0,0,0,0,0,0,0,0,1
1753,259,第77回全国競技かるた北國大会,2015-10-04,D2,D,41,41,103,6,6,1,0,0,23,23,0,0,0,25,0,0,0,0,0,0,0,0,0,0,0,0,1
1754,259,第77回全国競技かるた北國大会,2015-10-04,D3,D,42,42,104,6,6,1,0,0,22,22,0,0,0,22,0,0,0,0,0,0,0,0,0,0,0,0,1
1755,259,第77回全国競技かるた北國大会,2015-10-04,D4,D,43,43,105,6,6,1,0,0,21,21,0,0,0,21,0,0,0,0,0,0,0,0,0,0,0,0,1
1756,260,"第79回椿杯争奪全国かるた大会(D,E)",2015-12-05,D1,D,36,36,98,6,6,1,0,0,28,28,0,0,0,28,0,0,0,0,0,0,0,0,0,0,0,0,1
1757,260,"第79回椿杯争奪全国かるた大会(D,E)",2015-12-05,E,E,28,28,58,5,5,1,0,0,4,4,0,0,0,4,0,2,0,0,0,0,0,0,0,0,0,0,1
1758,260,"第79回椿杯争奪全国かるた大会(D,E)",2015-12-05,D2,D,37,37,99,6,6,1,0,0,27,27,0,0,0,29,0,0,0,0,0,0,0,0,0,0,0,0,1
1759,261,"第32回全国かるた競技熊本大会(A,B)",2015-04-26,A,A,47,47,109,6,6,1,0,0,17,17,0,0,0,17,0,0,0,0,0,0,0,0,0,0,0,0,1
1760,261,"第32回全国かるた競技熊本大会(A,B)",2015-04-26,B,B,54,54,116,6,6,1,0,0,10,10,0,0,0,10,0,0,0,0,0,0,0,0,0,0,0,0,1
1761,262,"第39回宗像大社小倉百人一首かるた大会(C,D)",2015-06-07,C1,C,37,37,99,6,6,1,0,0,27,27,0,0,0,27,0,0,0,0,0,0,0,0,0,0,0,0,1
1762,262,"第39回宗像大社小倉百人一首かるた大会(C,D)",2015-06-07,D1,D,32,32,62,5,5,1,0,0,0,0,0,0,0,0,0,0,0,0,0,0,0,0,0,0,0,0,1
1763,262,"第39回宗像大社小倉百人一首かるた大会(C,D)",2015-06-07,C2,C,42,42,104,6,6,1,0,0,22,22,0,0,0,22,0,0,0,0,0,0,0,0,0,0,0,0,1
1764,262,"第39回宗像大社小倉百人一首かるた大会(C,D)",2015-06-07,D2,D,28,28,58,5,5,1,0,0,4,4,0,0,0,4,0,2,0,0,0,0,0,0,0,0,0,0,1
1765,262,"第39回宗像大社小倉百人一首かるた大会(C,D)",2015-06-07,D3,D,30,30,60,5,5,1,0,0,2,2,0,0,0,2,0,0,0,0,0,0,0,0,0,0,0,0,1
1766,262,"第39回宗像大社小倉百人一首かるた大会(C,D)",2015-06-07,D4,D,30,30,60,5,5,1,0,0,2,2,0,0,0,2,0,0,0,0,0,0,0,0,0,0,0,0,1
1767,262,"第39回宗像大社小倉百人一首かるた大会(C,D)",2015-06-07,D5,D,32,32,62,5,5,1,0,0,0,0,0,0,0,0,0,0,0,0,0,0,0,0,0,0,0,0,1
1768,263,"第39回宗像大社小倉百人一首かるた大会(A,B)",2015-06-21,A,A,74,74,200,7,7,1,0,0,54,54,0,0,0,54,0,0,0,0,0,0,0,0,0,0,0,0,1
1769,263,"第39回宗像大社小倉百人一首かるた大会(A,B)",2015-06-21,B,B,69,69,195,7,7,1,0,0,59,59,0,0,0,59,0,0,0,0,0,0,0,0,0,0,0,0,1
1770,264,第26回全国競技かるた広島大会(D),2015-05-03,D1,D,30,30,60,5,5,1,0,0,2,2,0,0,0,2,0,0,0,0,0,0,0,0,0,0,0,0,1
1771,264,第26回全国競技かるた広島大会(D),2015-05-03,D2,D,25,25,55,5,5,1,0,0,7,7,0,0,0,7,0,0,0,0,0,0,0,0,0,0,0,0,1
1772,264,第26回全国競技かるた広島大会(D),2015-05-03,D3,D,27,27,57,5,5,1,0,0,5,5,0,0,0,5,0,0,0,0,0,0,0,0,0,0,0,0,1
1773,265,"第26回全国競技かるた広島大会(A,B,C)",2015-05-04,A,A,64,64,126,6,6,1,0,0,0,0,0,0,0,2,0,0,0,0,0,0,0,0,0,0,0,0,1
1774,265,"第26回全国競技かるた広島大会(A,B,C)",2015-05-04,B,B,87,87,213,7,7,1,0,0,41,41,0,0,0,41,0,0,0,0,0,0,0,0,0,0,0,0,1
1775,265,"第26回全国競技かるた広島大会(A,B,C)",2015-05-04,C1,C,50,50,112,6,6,1,0,0,14,14,0,0,0,14,0,0,0,0,0,0,0,0,0,0,0,0,1
1776,265,"第26回全国競技かるた広島大会(A,B,C)",2015-05-04,C2,C,36,36,98,6,6,1,0,0,28,28,0,0,0,28,0,0,0,0,0,0,0,0,0,0,0,0,1
1777,266,第54回全日本かるた選手権大会,2015-04-19,A,A,72,72,198,7,7,1,0,0,56,56,0,0,0,56,0,0,0,0,0,0,0,0,0,0,0,0,1
1778,267,第27回全日本シニアかるた選手権大会,2015-05-16,A,A,15,15,29,4,4,1,0,0,1,1,0,0,0,1,0,0,0,0,0,0,0,0,0,0,0,0,1
1779,267,第27回全日本シニアかるた選手権大会,2015-05-16,B,B,16,16,30,4,4,1,0,0,0,0,0,0,0,0,0,0,0,0,0,0,0,0,0,0,0,0,1
1780,267,第27回全日本シニアかるた選手権大会,2015-05-16,C,C,9,9,23,4,4,1,0,0,7,7,0,0,0,7,0,0,0,0,0,0,0,0,0,0,0,0,1
1781,267,第27回全日本シニアかるた選手権大会,2015-05-16,D,D,17,17,47,5,5,1,0,0,15,15,0,0,0,15,0,0,0,0,0,0,0,0,0,0,0,0,1
1782,267,第27回全日本シニアかるた選手権大会,2015-05-16,G,,11,11,25,4,4,1,0,2,7,5,0,0,0,5,0,2,0,0,0,0,0,0,0,0,0,0,1
1783,268,第47回全国競技かるた女流選手権大会,2015-12-23,A,A,48,48,110,6,6,1,0,0,16,16,0,0,0,16,0,0,0,0,0,0,0,0,0,0,0,0,1
1784,268,第47回全国競技かるた女流選手権大会,2015-12-23,B,B,48,48,110,6,6,1,0,0,16,16,0,0,0,16,0,0,0,0,0,0,0,0,0,0,0,0,1
1785,268,第47回全国競技かるた女流選手権大会,2015-12-23,C,C,48,48,110,6,6,1,0,0,16,16,0,0,0,16,0,0,0,0,0,0,0,0,0,0,0,0,1
1786,268,第47回全国競技かるた女流選手権大会,2015-12-23,シニア,,10,10,24,4,4,1,0,0,6,6,0,0,0,6,0,0,0,0,0,0,0,0,0,0,0,0,1
1787,269,蓮生記念第2回全国競技かるた宇都宮大会,2015-11-28,A,A,76,76,202,7,7,1,0,0,52,52,0,0,0,54,0,0,0,0,0,0,0,0,0,0,0,0,1
1788,269,蓮生記念第2回全国競技かるた宇都宮大会,2015-11-28,B1,B,70,70,196,7,7,1,0,0,58,58,0,0,0,58,0,0,0,0,0,0,0,0,0,0,0,0,1
1789,269,蓮生記念第2回全国競技かるた宇都宮大会,2015-11-28,C1,C,42,42,104,6,6,1,0,0,22,22,0,0,0,22,0,0,0,0,0,0,0,0,0,0,0,0,1
1790,269,蓮生記念第2回全国競技かるた宇都宮大会,2015-11-28,D1,D,53,53,115,6,6,1,0,0,11,11,0,0,0,13,0,0,0,0,0,0,0,0,0,0,0,0,1
1791,269,蓮生記念第2回全国競技かるた宇都宮大会,2015-11-28,B2,B,69,69,195,7,7,1,0,0,59,59,0,0,0,59,0,0,0,0,0,0,0,0,0,0,0,0,1
1792,269,蓮生記念第2回全国競技かるた宇都宮大会,2015-11-28,C2,C,43,43,105,6,6,1,0,0,21,21,0,0,0,21,0,0,0,0,0,0,0,0,0,0,0,0,1
1793,269,蓮生記念第2回全国競技かるた宇都宮大会,2015-11-28,C3,C,44,44,106,6,6,1,0,0,20,20,0,0,0,20,0,0,0,0,0,0,0,0,0,0,0,0,1
1794,269,蓮生記念第2回全国競技かるた宇都宮大会,2015-11-28,D2,D,52,52,114,6,6,1,0,0,12,12,0,0,0,12,0,0,0,0,0,0,0,0,0,0,0,0,1
1795,269,蓮生記念第2回全国競技かるた宇都宮大会,2015-11-28,D3,D,54,54,116,6,6,1,0,0,10,10,0,0,0,10,0,0,0,0,0,0,0,0,0,0,0,0,1
1796,269,蓮生記念第2回全国競技かるた宇都宮大会,2015-11-28,D4,D,53,53,115,6,6,1,0,0,11,11,0,0,0,11,0,0,0,0,0,0,0,0,0,0,0,0,1
1797,269,蓮生記念第2回全国競技かるた宇都宮大会,2015-11-28,D5,D,49,49,111,6,6,1,0,0,15,15,0,0,0,17,0,0,0,0,0,0,0,0,0,0,0,0,1
1798,270,第65回全国かるた競技東京白妙大会(D),2015-08-23,D1,D,47,47,109,6,6,1,0,0,17,17,0,0,0,17,0,0,0,0,0,0,0,0,0,0,0,0,1
1799,270,第65回全国かるた競技東京白妙大会(D),2015-08-23,D2,D,46,46,108,6,6,1,0,0,18,18,0,0,0,18,0,0,0,0,0,0,0,0,0,0,0,0,1
1800,270,第65回全国かるた競技東京白妙大会(D),2015-08-23,D3,D,49,49,111,6,6,1,0,0,15,15,0,0,0,15,0,0,0,0,0,0,0,0,0,0,0,0,1
1801,270,第65回全国かるた競技東京白妙大会(D),2015-08-23,D4,D,48,48,110,6,6,1,0,0,16,16,0,0,0,16,0,0,0,0,0,0,0,0,0,0,0,0,1
1802,270,第65回全国かるた競技東京白妙大会(D),2015-08-23,D5,D,48,48,110,6,6,1,0,0,16,16,0,0,0,16,0,0,0,0,0,0,0,0,0,0,0,0,1
1803,271,第16回百人一首かるた競技杉並大会,2015-06-14,D1,D,41,41,103,6,6,1,0,0,23,23,0,0,0,25,0,0,0,0,0,0,0,0,0,0,0,0,1
1804,271,第16回百人一首かるた競技杉並大会,2015-06-14,E1,E,38,38,100,6,6,1,0,0,26,26,0,0,0,26,0,0,0,0,0,0,0,0,0,0,0,0,1
1805,271,第16回百人一首かるた競技杉並大会,2015-06-14,F1,,29,29,59,5,5,1,0,0,3,3,0,0,0,3,0,0,0,0,0,0,0,0,0,0,0,0,1
1806,271,第16回百人一首かるた競技杉並大会,2015-06-14,D2,D,43,43,105,6,6,1,0,0,21,21,0,0,0,21,0,0,0,0,0,0,0,0,0,0,0,0,1
1807,271,第16回百人一首かるた競技杉並大会,2015-06-14,D3,D,41,41,103,6,6,1,0,0,23,23,0,0,0,23,0,0,0,0,0,0,0,0,0,0,0,0,1
1808,271,第16回百人一首かるた競技杉並大会,2015-06-14,E2,E,38,38,100,6,6,1,0,0,26,26,0,0,0,26,0,0,0,0,0,0,0,0,0,0,0,0,1
1809,271,第16回百人一首かるた競技杉並大会,2015-06-14,E3,E,37,37,99,6,6,1,0,0,27,27,0,0,0,27,0,0,0,0,0,0,0,0,0,0,0,0,1
1810,271,第16回百人一首かるた競技杉並大会,2015-06-14,E4,E,34,34,96,6,6,1,0,0,30,30,0,0,0,30,0,0,0,0,0,0,0,0,0,0,0,0,1
1811,271,第16回百人一首かるた競技杉並大会,2015-06-14,F2,,28,28,58,5,5,1,0,0,4,4,0,0,0,4,0,0,0,0,0,0,0,0,0,0,0,0,1
1812,271,第16回百人一首かるた競技杉並大会,2015-06-14,F3,,28,28,58,5,5,1,0,0,4,4,0,0,0,4,0,0,0,0,0,0,0,0,0,0,0,0,1
1813,271,第16回百人一首かるた競技杉並大会,2015-06-14,F4,,28,28,58,5,5,1,0,0,4,4,0,0,0,4,0,2,0,0,0,0,0,0,0,0,0,0,1
1814,271,第16回百人一首かるた競技杉並大会,2015-06-14,F5,,26,26,56,5,5,1,0,0,6,6,0,0,0,6,0,0,0,0,0,0,0,0,0,0,0,0,1
1815,271,第16回百人一首かるた競技杉並大会,2015-06-14,F6,,26,26,56,5,5,1,0,0,6,6,0,0,0,6,0,0,0,0,0,0,0,0,0,0,0,0,1
1816,272,"第12回全国競技かるた香川大会(A,B,C)",2015-09-21,A,A,65,65,191,7,7,1,0,0,63,63,0,0,0,63,0,0,0,0,0,0,0,0,0,0,0,0,1
1817,272,"第12回全国競技かるた香川大会(A,B,C)",2015-09-21,B,B,91,91,217,7,7,1,0,0,37,37,0,0,0,37,0,0,0,0,0,0,0,0,0,0,0,0,1
1818,272,"第12回全国競技かるた香川大会(A,B,C)",2015-09-21,C1,C,62,62,124,6,6,1,0,0,2,2,0,0,0,2,0,0,0,0,0,0,0,0,0,0,0,0,1
1819,273,"第12回全国競技かるた香川大会(D,E)",2015-09-20,D1,D,29,29,59,5,5,1,0,2,5,3,0,0,0,3,0,2,0,0,0,0,0,0,0,0,0,0,1
1820,273,"第12回全国競技かるた香川大会(D,E)",2015-09-20,E,E,22,22,52,5,5,1,0,0,10,10,0,0,0,10,0,0,0,0,0,0,0,0,0,0,0,0,1
1821,273,"第12回全国競技かるた香川大会(D,E)",2015-09-20,D2,D,29,29,59,5,5,1,0,0,3,3,0,0,0,3,0,0,0,0,0,0,0,0,0,0,0,0,1
1822,273,"第12回全国競技かるた香川大会(D,E)",2015-09-20,D3,D,28,28,58,5,5,1,0,0,4,4,0,0,0,4,0,4,0,0,0,0,0,0,0,0,0,0,1
1823,273,"第12回全国競技かるた香川大会(D,E)",2015-09-20,D4,D,28,28,58,5,5,1,0,0,4,4,0,0,0,6,0,0,0,0,0,0,0,0,0,0,0,0,1
1824,274,第23回人麿の里・全国かるた競技益田大会,2015-08-09,A,A,38,38,100,6,6,1,0,0,26,26,0,0,0,26,0,0,0,0,0,0,0,0,0,0,0,0,1
1825,274,第23回人麿の里・全国かるた競技益田大会,2015-08-09,B,B,54,54,116,6,6,1,0,0,10,10,0,0,0,10,0,0,0,0,0,0,0,0,0,0,0,0,1
1826,274,第23回人麿の里・全国かるた競技益田大会,2015-08-09,C,C,52,52,114,6,6,1,0,0,12,12,0,0,0,12,0,0,0,0,0,0,0,0,0,0,0,0,1
1827,274,第23回人麿の里・全国かるた競技益田大会,2015-08-09,D1,D,30,30,60,5,5,1,0,0,2,2,0,0,0,2,0,0,0,0,0,0,0,0,0,0,0,0,1
1828,274,第23回人麿の里・全国かるた競技益田大会,2015-08-09,D2,D,29,29,59,5,5,1,0,0,3,3,0,0,0,3,0,0,0,0,0,0,0,0,0,0,0,0,1
1829,274,第23回人麿の里・全国かるた競技益田大会,2015-08-09,D3,D,29,29,59,5,5,1,0,0,3,3,0,0,0,3,0,0,0,0,0,0,0,0,0,0,0,0,1
1830,275,第48回神奈川県かるた大会,2015-07-12,F1,,14,14,28,4,4,1,0,0,2,2,0,0,0,2,0,0,0,0,0,0,0,0,0,0,0,0,1
1831,275,第48回神奈川県かるた大会,2015-07-12,G1,,16,16,30,4,4,1,0,0,0,0,0,0,0,0,0,0,0,0,0,0,0,0,0,0,0,0,1
1832,275,第48回神奈川県かるた大会,2015-07-12,F2,,14,14,28,4,4,1,0,0,2,2,0,0,0,2,0,0,0,0,0,0,0,0,0,0,0,0,1
1833,275,第48回神奈川県かるた大会,2015-07-12,F3,,14,14,28,4,4,1,0,0,2,2,0,0,0,2,0,0,0,0,0,0,0,0,0,0,0,0,1
1834,275,第48回神奈川県かるた大会,2015-07-12,F4,,15,15,29,4,4,1,0,0,1,1,0,0,0,1,0,0,0,0,0,0,0,0,0,0,0,0,1
1835,275,第48回神奈川県かるた大会,2015-07-12,G2,,16,16,30,4,4,1,0,0,0,0,0,0,0,0,0,0,0,0,0,0,0,0,0,0,0,0,1
1836,275,第48回神奈川県かるた大会,2015-07-12,G3,,16,16,30,4,4,1,0,0,0,0,0,0,0,0,0,0,0,0,0,0,0,0,0,0,0,0,1
1837,275,第48回神奈川県かるた大会,2015-07-12,G4,,15,15,29,4,4,1,0,0,1,1,0,0,0,1,0,0,0,0,0,0,0,0,0,0,0,0,1
1838,275,第48回神奈川県かるた大会,2015-07-12,G5,,15,15,29,4,4,1,0,0,1,1,0,0,0,1,0,0,0,0,0,0,0,0,0,0,0,0,1
1839,275,第48回神奈川県かるた大会,2015-07-12,G6,,15,15,29,4,4,1,0,0,1,1,0,0,0,1,0,0,0,0,0,0,0,0,0,0,0,0,1
1840,275,第48回神奈川県かるた大会,2015-07-12,G7,,15,15,29,4,4,1,0,0,1,1,0,0,0,1,0,0,0,0,0,0,0,0,0,0,0,0,1
1841,275,第48回神奈川県かるた大会,2015-07-12,G8,,15,15,29,4,4,1,0,0,1,1,0,0,0,1,0,0,0,0,0,0,0,0,0,0,0,0,1
1842,276,第6回全国かるた競技岡山大会(D),2015-11-21,D1,D,31,31,61,5,5,1,0,0,1,1,0,0,0,1,0,0,0,0,0,0,0,0,0,0,0,0,1
1843,276,第6回全国かるた競技岡山大会(D),2015-11-21,D2,D,31,31,61,5,5,1,0,0,1,1,0,0,0,1,0,2,0,0,0,0,0,0,0,0,0,0,1
1844,276,第6回全国かるた競技岡山大会(D),2015-11-21,D3,D,32,32,62,5,5,1,0,0,0,0,0,0,0,0,0,0,0,0,0,0,0,0,0,0,0,0,1
1845,276,第6回全国かるた競技岡山大会(D),2015-11-21,D4,D,32,32,62,5,5,1,0,0,0,0,0,0,0,0,0,0,0,0,0,0,0,0,0,0,0,0,1
1846,277,"第6回全国かるた競技岡山大会(A,B,C)",2015-11-22,A,A,49,49,111,6,6,1,0,0,15,15,0,0,0,15,0,0,0,0,0,0,0,0,0,0,0,0,1
1847,277,"第6回全国かるた競技岡山大会(A,B,C)",2015-11-22,B,B,68,68,194,7,7,1,0,0,60,60,0,0,0,60,0,0,0,0,0,0,0,0,0,0,0,0,1
1848,277,"第6回全国かるた競技岡山大会(A,B,C)",2015-11-22,C,C,61,61,123,6,6,1,0,0,3,3,0,0,0,3,0,0,0,0,0,0,0,0,0,0,0,0,1
1849,278,"第87回全国かるた競技学生選手権大会(A,B,C)",2015-08-29,A,A,86,86,212,7,7,1,0,0,42,42,0,0,0,42,0,0,0,0,0,0,0,0,0,0,0,0,1
1850,278,"第87回全国かるた競技学生選手権大会(A,B,C)",2015-08-29,B1,B,100,100,226,7,7,1,0,0,28,28,0,0,0,28,0,0,0,0,0,0,0,0,0,0,0,0,1
1851,278,"第87回全国かるた競技学生選手権大会(A,B,C)",2015-08-29,C1,C,53,53,115,6,6,1,0,0,11,11,0,0,0,11,0,0,0,0,0,0,0,0,0,0,0,0,1
1852,278,"第87回全国かるた競技学生選手権大会(A,B,C)",2015-08-29,B2,B,102,102,228,7,7,1,0,0,26,26,0,0,0,26,0,0,0,0,0,0,0,0,0,0,0,0,1
1853,278,"第87回全国かるた競技学生選手権大会(A,B,C)",2015-08-29,C2,C,51,51,113,6,6,1,0,0,13,13,0,0,0,13,0,0,0,0,0,0,0,0,0,0,0,0,1
1854,278,"第87回全国かるた競技学生選手権大会(A,B,C)",2015-08-29,C3,C,51,51,113,6,6,1,0,0,13,13,0,0,0,13,0,0,0,0,0,0,0,0,0,0,0,0,1
1855,278,"第87回全国かるた競技学生選手権大会(A,B,C)",2015-08-29,C4,C,51,51,113,6,6,1,0,0,13,13,0,0,0,13,0,0,0,0,0,0,0,0,0,0,0,0,1
1856,279,第87回全国かるた競技学生選手権大会(D),2015-08-21,D1,D,34,34,96,6,6,1,0,0,30,30,0,0,0,32,0,0,0,0,0,0,0,0,0,0,0,0,1
1857,279,第87回全国かるた競技学生選手権大会(D),2015-08-21,D2,D,34,34,96,6,6,1,0,0,30,30,0,0,0,30,0,0,0,0,0,0,0,0,0,0,0,0,1
1858,279,第87回全国かるた競技学生選手権大会(D),2015-08-21,D3,D,33,33,95,6,6,1,0,0,31,31,0,0,0,31,0,0,0,0,0,0,0,0,0,0,0,0,1
1859,279,第87回全国かるた競技学生選手権大会(D),2015-08-21,D4,D,34,34,96,6,6,1,0,0,30,30,0,0,0,30,0,0,0,0,0,0,0,0,0,0,0,0,1
1860,279,第87回全国かるた競技学生選手権大会(D),2015-08-21,D5,D,33,33,95,6,6,1,0,0,31,31,0,0,0,31,0,0,0,0,0,0,0,0,0,0,0,0,1
1861,279,第87回全国かるた競技学生選手権大会(D),2015-08-21,D6,D,34,34,96,6,6,1,0,0,30,30,0,0,0,30,0,0,0,0,0,0,0,0,0,0,0,0,1
1862,279,第87回全国かるた競技学生選手権大会(D),2015-08-21,D7,D,34,34,96,6,6,1,0,0,30,30,0,0,0,30,0,0,0,0,0,0,0,0,0,0,0,0,1
1863,279,第87回全国かるた競技学生選手権大会(D),2015-08-21,D8,D,33,33,95,6,6,1,0,0,31,31,0,0,0,31,0,0,0,0,0,0,0,0,0,0,0,0,1
1864,280,第87回全国かるた競技学生選手権大会(E)(1日目),2015-08-22,E1,E,39,39,93,6,6,1,0,0,17,17,0,0,0,17,0,0,0,0,0,0,0,0,0,0,0,0,1
1865,280,第87回全国かるた競技学生選手権大会(E)(1日目),2015-08-22,E2,E,38,38,100,6,6,1,0,0,26,26,0,0,0,26,0,0,0,0,0,0,0,0,0,0,0,0,1
1866,280,第87回全国かるた競技学生選手権大会(E)(1日目),2015-08-22,E3,E,38,38,91,6,6,1,0,0,17,17,0,0,0,17,0,0,0,0,0,0,0,0,0,0,0,0,1
1867,280,第87回全国かるた競技学生選手権大会(E)(1日目),2015-08-22,E4,E,33,33,81,6,6,1,0,0,17,17,0,0,0,17,0,0,0,0,0,0,0,0,0,0,0,0,1
1868,280,第87回全国かるた競技学生選手権大会(E)(1日目),2015-08-22,E5,E,34,34,82,6,6,1,0,0,16,16,0,0,0,16,0,0,0,0,0,0,0,0,0,0,0,0,1
1869,280,第87回全国かるた競技学生選手権大会(E)(1日目),2015-08-22,E6,E,33,33,95,6,6,1,0,0,31,31,0,0,0,31,0,0,0,0,0,0,0,0,0,0,0,0,1
1870,280,第87回全国かるた競技学生選手権大会(E)(1日目),2015-08-22,E7,E,32,32,62,5,5,1,0,0,0,0,0,0,0,0,0,0,0,0,0,0,0,0,0,0,0,0,1
1871,280,第87回全国かるた競技学生選手権大会(E)(1日目),2015-08-22,E8,E,32,32,62,5,5,1,0,0,0,0,0,0,0,0,0,0,0,0,0,0,0,0,0,0,0,0,1
1872,280,第87回全国かるた競技学生選手権大会(E)(1日目),2015-08-22,E9,E,33,33,95,6,6,1,0,0,31,31,0,0,0,31,0,0,0,0,0,0,0,0,0,0,0,0,1
1873,280,第87回全国かるた競技学生選手権大会(E)(1日目),2015-08-22,E10,E,32,32,62,5,5,1,0,0,0,0,0,0,0,0,0,0,0,0,0,0,0,0,0,0,0,0,1
1874,281,"第33回全国かるた競技東京吉野会大会(D,E)",2015-05-03,D1,D,64,64,126,6,6,1,0,0,0,0,0,0,0,0,0,0,0,0,0,0,0,0,0,0,0,0,1
1875,281,"第33回全国かるた競技東京吉野会大会(D,E)",2015-05-03,E1,E,31,31,61,5,5,1,0,0,1,1,0,0,0,1,0,0,0,0,0,0,0,0,0,0,0,0,1
1876,281,"第33回全国かるた競技東京吉野会大会(D,E)",2015-05-03,D2,D,64,64,126,6,6,1,0,0,0,0,0,0,0,0,0,2,0,0,0,0,0,0,0,0,0,0,1
1877,281,"第33回全国かるた競技東京吉野会大会(D,E)",2015-05-03,D3,D,64,64,126,6,6,1,0,0,0,0,0,0,0,0,0,2,0,0,0,0,0,0,0,0,0,0,1
1878,281,"第33回全国かるた競技東京吉野会大会(D,E)",2015-05-03,D4,D,63,63,125,6,6,1,0,0,1,1,0,0,0,1,0,0,0,0,0,0,0,0,0,0,0,0,1
1879,281,"第33回全国かるた競技東京吉野会大会(D,E)",2015-05-03,D5,D,64,64,126,6,6,1,0,0,0,0,0,0,0,0,0,0,0,0,0,0,0,0,0,0,0,0,1
1880,281,"第33回全国かるた競技東京吉野会大会(D,E)",2015-05-03,E2,E,30,30,60,5,5,1,0,0,2,2,0,0,0,2,0,2,0,0,0,0,0,0,0,0,0,0,1
1881,281,"第33回全国かるた競技東京吉野会大会(D,E)",2015-05-03,E3,E,29,29,59,5,5,1,0,0,3,3,0,0,0,3,0,0,0,0,0,0,0,0,0,0,0,0,1
1882,281,"第33回全国かるた競技東京吉野会大会(D,E)",2015-05-03,E4,E,29,29,59,5,5,1,0,0,3,3,0,0,0,3,0,0,0,0,0,0,0,0,0,0,0,0,1
1883,281,"第33回全国かるた競技東京吉野会大会(D,E)",2015-05-03,E5,E,29,29,59,5,5,1,0,0,3,3,0,0,0,3,0,0,0,0,0,0,0,0,0,0,0,0,1
1884,281,"第33回全国かるた競技東京吉野会大会(D,E)",2015-05-03,E6,E,29,29,59,5,5,1,0,0,3,3,0,0,0,3,0,2,0,0,0,0,0,0,0,0,0,0,1
1885,281,"第33回全国かるた競技東京吉野会大会(D,E)",2015-05-03,E7,E,30,30,60,5,5,1,0,0,2,2,0,0,0,2,0,0,0,0,0,0,0,0,0,0,0,0,1
1886,281,"第33回全国かるた競技東京吉野会大会(D,E)",2015-05-03,E8,E,30,30,60,5,5,1,0,0,2,2,0,0,0,2,0,0,0,0,0,0,0,0,0,0,0,0,1
1887,281,"第33回全国かるた競技東京吉野会大会(D,E)",2015-05-03,E9,E,29,29,59,5,5,1,0,0,3,3,0,0,0,3,0,2,0,0,0,0,0,0,0,0,0,0,1
1888,282,第3回渡邊雅大杯争奪かるた競技大会,2015-09-12,E,E,31,31,61,5,5,1,0,0,1,1,0,0,0,1,0,0,0,0,0,0,0,0,0,0,0,0,1
1889,282,第3回渡邊雅大杯争奪かるた競技大会,2015-09-12,F1,,17,17,47,5,5,1,0,0,15,15,0,0,0,15,0,0,0,0,0,0,0,0,0,0,0,0,1
1890,282,第3回渡邊雅大杯争奪かるた競技大会,2015-09-12,G1,,20,20,50,5,5,1,0,0,12,12,0,0,0,12,0,0,0,0,0,0,0,0,0,0,0,0,1
1891,282,第3回渡邊雅大杯争奪かるた競技大会,2015-09-12,F2,,17,17,47,5,5,1,0,0,15,15,0,0,0,15,0,0,0,0,0,0,0,0,0,0,0,0,1
1892,282,第3回渡邊雅大杯争奪かるた競技大会,2015-09-12,G2,,18,18,48,5,5,1,0,0,14,14,0,0,0,14,0,0,0,0,0,0,0,0,0,0,0,0,1
1893,282,第3回渡邊雅大杯争奪かるた競技大会,2015-09-12,G3,,16,16,30,4,4,1,0,0,0,0,0,0,0,0,0,0,0,0,0,0,0,0,0,0,0,0,1
1894,283,第37回北日本かるた競技新人戦,2015-12-05,F1,,17,17,47,5,5,1,0,0,15,15,0,0,0,15,0,0,0,0,0,0,0,0,0,0,0,0,1
1895,283,第37回北日本かるた競技新人戦,2015-12-05,F2,,18,18,48,5,5,1,0,0,14,14,0,0,0,16,0,0,0,0,0,0,0,0,0,0,0,0,1
1896,284,第33回小倉百人一首かるた競技宮崎大会,2015-12-20,A,A,40,40,102,6,6,1,0,0,24,24,0,0,0,24,0,0,0,0,0,0,0,0,0,0,0,0,1
1897,284,第33回小倉百人一首かるた競技宮崎大会,2015-12-20,B,B,45,45,107,6,6,1,0,0,19,19,0,0,0,19,0,0,0,0,0,0,0,0,0,0,0,0,1
1898,284,第33回小倉百人一首かるた競技宮崎大会,2015-12-20,C,C,45,45,107,6,6,1,0,0,19,19,0,0,0,19,0,0,0,0,0,0,0,0,0,0,0,0,1
1899,284,第33回小倉百人一首かるた競技宮崎大会,2015-12-20,D1,D,25,25,55,5,5,1,0,0,7,7,0,0,0,7,0,0,0,0,0,0,0,0,0,0,0,0,1
1900,284,第33回小倉百人一首かるた競技宮崎大会,2015-12-20,D2,D,24,24,54,5,5,1,0,0,8,8,0,0,0,8,0,0,0,0,0,0,0,0,0,0,0,0,1
1901,284,第33回小倉百人一首かるた競技宮崎大会,2015-12-20,D3,D,24,24,54,5,5,1,0,0,8,8,0,0,0,8,0,2,0,0,0,0,0,0,0,0,0,0,1
1902,284,第33回小倉百人一首かるた競技宮崎大会,2015-12-20,D4,D,29,29,59,5,5,1,0,0,3,3,0,0,0,3,0,0,0,0,0,0,0,0,0,0,0,0,1
1903,285,"第65回高松宮記念杯近江神宮全国競技かるた大会(A,B,C)",2016-01-10,A,A,89,89,215,7,7,1,0,0,39,39,0,0,0,43,0,0,0,0,0,0,0,0,0,0,0,0,1
1904,285,"第65回高松宮記念杯近江神宮全国競技かるた大会(A,B,C)",2016-01-10,B1,B,74,74,200,7,7,1,0,0,54,54,0,0,0,54,0,0,0,0,0,0,0,0,0,0,0,0,1
1905,285,"第65回高松宮記念杯近江神宮全国競技かるた大会(A,B,C)",2016-01-10,C1,C,52,52,114,6,6,1,0,0,12,12,0,0,0,12,0,0,0,0,0,0,0,0,0,0,0,0,1
1906,285,"第65回高松宮記念杯近江神宮全国競技かるた大会(A,B,C)",2016-01-10,B2,B,75,75,201,7,7,1,0,0,53,53,0,0,0,53,0,0,0,0,0,0,0,0,0,0,0,0,1
1907,285,"第65回高松宮記念杯近江神宮全国競技かるた大会(A,B,C)",2016-01-10,C2,C,52,52,114,6,6,1,0,0,12,12,0,0,0,12,0,0,0,0,0,0,0,0,0,0,0,0,1
1908,285,"第65回高松宮記念杯近江神宮全国競技かるた大会(A,B,C)",2016-01-10,C3,C,51,51,113,6,6,1,0,0,13,13,0,0,0,13,0,0,0,0,0,0,0,0,0,0,0,0,1
1909,285,"第65回高松宮記念杯近江神宮全国競技かるた大会(A,B,C)",2016-01-10,C4,C,52,52,114,6,6,1,0,0,12,12,0,0,0,12,0,0,0,0,0,0,0,0,0,0,0,0,1
1910,286,第97回全国競技かるた大阪大会(A),2016-01-31,A,A,71,71,197,7,7,1,0,0,57,57,0,0,0,57,0,0,0,0,0,0,0,0,0,0,0,0,1
1913,288,第61回新春全国競技かるた大会(E),2016-01-09,E1,E,28,28,58,5,5,1,0,0,4,4,0,0,0,4,0,0,0,0,0,0,0,0,0,0,0,0,1
1914,288,第61回新春全国競技かるた大会(E),2016-01-09,E2,E,29,29,59,5,5,1,0,0,3,3,0,0,0,3,0,0,0,0,0,0,0,0,0,0,0,0,1
1915,288,第61回新春全国競技かるた大会(E),2016-01-09,E3,E,28,28,58,5,5,1,0,0,4,4,0,0,0,4,0,0,0,0,0,0,0,0,0,0,0,0,1
1916,288,第61回新春全国競技かるた大会(E),2016-01-09,E4,E,24,24,54,5,5,1,0,0,8,8,0,0,0,8,0,0,0,0,0,0,0,0,0,0,0,0,1
1917,288,第61回新春全国競技かるた大会(E),2016-01-09,E5,E,28,28,58,5,5,1,0,0,4,4,0,0,0,4,0,0,0,0,0,0,0,0,0,0,0,0,1
1918,288,第61回新春全国競技かるた大会(E),2016-01-09,E6,E,30,30,60,5,5,1,0,0,2,2,0,0,0,2,0,0,0,0,0,0,0,0,0,0,0,0,1
1919,288,第61回新春全国競技かるた大会(E),2016-01-09,E7,E,29,29,59,5,5,1,0,0,3,3,0,0,0,3,0,0,0,0,0,0,0,0,0,0,0,0,1
1920,288,第61回新春全国競技かるた大会(E),2016-01-09,E8,E,26,26,56,5,5,1,0,0,6,6,0,0,0,6,0,0,0,0,0,0,0,0,0,0,0,0,1
1921,288,第61回新春全国競技かるた大会(E),2016-01-09,E9,E,26,26,56,5,5,1,0,0,6,6,0,0,0,6,0,0,0,0,0,0,0,0,0,0,0,0,1
1922,288,第61回新春全国競技かるた大会(E),2016-01-09,E10,E,28,28,58,5,5,1,0,0,4,4,0,0,0,4,0,0,0,0,0,0,0,0,0,0,0,0,1
1923,289,"第61回新春全国競技かるた大会(A,B,C)",2016-01-10,A,A,96,96,222,7,7,1,0,0,32,32,0,0,0,32,0,0,0,0,0,0,0,0,0,0,0,0,1
1924,289,"第61回新春全国競技かるた大会(A,B,C)",2016-01-10,B1,B,100,100,226,7,7,1,0,0,28,28,0,0,0,28,0,0,0,0,0,0,0,0,0,0,0,0,1
1925,289,"第61回新春全国競技かるた大会(A,B,C)",2016-01-10,C1,C,63,63,125,6,6,1,0,0,1,1,0,0,0,1,0,0,0,0,0,0,0,0,0,0,0,0,1
1926,289,"第61回新春全国競技かるた大会(A,B,C)",2016-01-10,B2,B,97,97,223,7,7,1,0,0,31,31,0,0,0,31,0,0,0,0,0,0,0,0,0,0,0,0,1
1927,289,"第61回新春全国競技かるた大会(A,B,C)",2016-01-10,C2,C,63,63,125,6,6,1,0,0,1,1,0,0,0,3,0,0,0,0,0,0,0,0,0,0,0,0,1
1928,289,"第61回新春全国競技かるた大会(A,B,C)",2016-01-10,C3,C,64,64,126,6,6,1,0,0,0,0,0,0,0,2,0,0,0,0,0,0,0,0,0,0,0,0,1
1929,289,"第61回新春全国競技かるた大会(A,B,C)",2016-01-10,C4,C,61,61,123,6,6,1,0,0,3,3,0,0,0,5,0,0,0,0,0,0,0,0,0,0,0,0,1
1930,290,"第49回全国かるた競技静岡大会(D,E)",2016-02-20,D1,D,33,33,95,6,6,1,0,0,31,31,0,0,0,31,0,0,0,0,0,0,0,0,0,0,0,0,1
1931,290,"第49回全国かるた競技静岡大会(D,E)",2016-02-20,E1,E,30,30,60,5,5,1,0,0,2,2,0,0,0,2,0,0,0,0,0,0,0,0,0,0,0,0,1
1932,290,"第49回全国かるた競技静岡大会(D,E)",2016-02-20,D2,D,36,36,98,6,6,1,0,0,28,28,0,0,0,28,0,0,0,0,0,0,0,0,0,0,0,0,1
1933,290,"第49回全国かるた競技静岡大会(D,E)",2016-02-20,E2,E,28,28,58,5,5,1,0,0,4,4,0,0,0,4,0,0,0,0,0,0,0,0,0,0,0,0,1
1934,290,"第49回全国かるた競技静岡大会(D,E)",2016-02-20,D3,D,31,31,61,5,5,1,0,0,1,1,0,0,0,1,0,0,0,0,0,0,0,0,0,0,0,0,1
1935,291,"第49回全国かるた競技静岡大会(A,B,C)",2016-02-21,A,A,95,95,221,7,7,1,0,0,33,33,0,0,0,33,0,0,0,0,0,0,0,0,0,0,0,0,1
1936,291,"第49回全国かるた競技静岡大会(A,B,C)",2016-02-21,B1,B,65,65,191,7,7,1,0,0,63,63,0,0,0,63,0,0,0,0,0,0,0,0,0,0,0,0,1
1937,291,"第49回全国かるた競技静岡大会(A,B,C)",2016-02-21,C1,C,37,37,99,6,6,1,0,0,27,27,0,0,0,27,0,0,0,0,0,0,0,0,0,0,0,0,1
1938,291,"第49回全国かるた競技静岡大会(A,B,C)",2016-02-21,B2,B,67,67,193,7,7,1,0,0,61,61,0,0,0,61,0,0,0,0,0,0,0,0,0,0,0,0,1
1939,291,"第49回全国かるた競技静岡大会(A,B,C)",2016-02-21,C2,C,33,33,95,6,6,1,0,0,31,31,0,0,0,31,0,0,0,0,0,0,0,0,0,0,0,0,1
1940,291,"第49回全国かるた競技静岡大会(A,B,C)",2016-02-21,C3,C,36,36,98,6,6,1,0,0,28,28,0,0,0,28,0,0,0,0,0,0,0,0,0,0,0,0,1
1941,292,第45回全国かるた競技松山大会,2016-03-20,A,A,46,46,108,6,6,1,0,0,18,18,0,0,0,18,0,0,0,0,0,0,0,0,0,0,0,0,1
1942,292,第45回全国かるた競技松山大会,2016-03-20,B,B,73,73,199,7,7,1,0,0,55,55,0,0,0,55,0,0,0,0,0,0,0,0,0,0,0,0,1
1943,292,第45回全国かるた競技松山大会,2016-03-20,C,C,62,62,124,6,6,1,0,0,2,2,0,0,0,2,0,0,0,0,0,0,0,0,0,0,0,0,1
1944,292,第45回全国かるた競技松山大会,2016-03-20,D1,D,64,64,126,6,6,1,0,0,0,0,0,0,0,0,0,0,0,0,0,0,0,0,0,0,0,0,1
1945,292,第45回全国かるた競技松山大会,2016-03-20,小学生,,34,34,96,6,6,1,0,0,30,30,0,0,0,32,0,0,0,0,0,0,0,0,0,0,0,0,1
1946,292,第45回全国かるた競技松山大会,2016-03-20,ねんりん,,8,8,14,3,3,1,0,0,0,0,0,0,0,0,0,0,0,0,0,0,0,0,0,0,0,0,1
1947,292,第45回全国かるた競技松山大会,2016-03-20,D2,D,68,68,194,7,7,1,0,0,60,60,0,0,0,60,0,0,0,0,0,0,0,0,0,0,0,0,1
1948,293,"第46回太宰府小倉百人一首かるた競技大会(A,B)",2016-01-03,A,A,73,73,199,7,7,1,0,0,55,55,0,0,0,55,0,0,0,0,0,0,0,0,0,0,0,0,1
1949,293,"第46回太宰府小倉百人一首かるた競技大会(A,B)",2016-01-03,B,B,80,80,206,7,7,1,0,0,48,48,0,0,0,48,0,0,0,0,0,0,0,0,0,0,0,0,1
1950,294,第46回太宰府小倉百人一首かるた競技大会(C),2016-01-10,C1,C,48,48,110,6,6,1,0,0,16,16,0,0,0,16,0,0,0,0,0,0,0,0,0,0,0,0,1
1951,294,第46回太宰府小倉百人一首かるた競技大会(C),2016-01-10,C2,C,47,47,109,6,6,1,0,0,17,17,0,0,0,17,0,0,0,0,0,0,0,0,0,0,0,0,1
1952,295,第46回太宰府小倉百人一首かるた競技大会(D),2016-01-11,D1,D,32,32,62,5,5,1,0,0,0,0,0,0,0,0,0,0,0,0,0,0,0,0,0,0,0,0,1
1953,295,第46回太宰府小倉百人一首かるた競技大会(D),2016-01-11,D2,D,29,29,59,5,5,1,0,0,3,3,0,0,0,3,0,0,0,0,0,0,0,0,0,0,0,0,1
1954,295,第46回太宰府小倉百人一首かるた競技大会(D),2016-01-11,D3,D,28,28,58,5,5,1,0,0,4,4,0,0,0,4,0,0,0,0,0,0,0,0,0,0,0,0,1
1955,295,第46回太宰府小倉百人一首かるた競技大会(D),2016-01-11,D4,D,28,28,58,5,5,1,0,0,4,4,0,0,0,4,0,0,0,0,0,0,0,0,0,0,0,0,1
1956,296,"第32回全国かるた競技熊本大会(C,D,E)",2016-01-31,C,C,55,55,117,6,6,1,0,0,9,9,0,0,0,9,0,0,0,0,0,0,0,0,0,0,0,0,1
1957,296,"第32回全国かるた競技熊本大会(C,D,E)",2016-01-31,D1,D,26,26,56,5,5,1,0,0,6,6,0,0,0,6,0,0,0,0,0,0,0,0,0,0,0,0,1
1958,296,"第32回全国かるた競技熊本大会(C,D,E)",2016-01-31,D2,D,28,28,58,5,5,1,0,0,4,4,0,0,0,4,0,0,0,0,0,0,0,0,0,0,0,0,1
1959,296,"第32回全国かるた競技熊本大会(C,D,E)",2016-01-31,D3,D,21,21,51,5,5,1,0,0,11,11,0,0,0,13,0,0,0,0,0,0,0,0,0,0,0,0,1
1960,297,第44回全国かるた競技宇佐神宮大会,2016-03-06,A,A,60,60,122,6,6,1,0,0,4,4,0,0,0,4,0,0,0,0,0,0,0,0,0,0,0,0,1
1961,297,第44回全国かるた競技宇佐神宮大会,2016-03-06,B,B,82,82,208,7,7,1,0,0,46,46,0,0,0,46,0,0,0,0,0,0,0,0,0,0,0,0,1
1962,297,第44回全国かるた競技宇佐神宮大会,2016-03-06,C1,C,31,31,61,5,5,1,0,0,1,1,0,0,0,3,0,0,0,0,0,0,0,0,0,0,0,0,1
1963,297,第44回全国かるた競技宇佐神宮大会,2016-03-06,D1,D,32,32,62,5,5,1,0,0,0,0,0,0,0,0,0,0,0,0,0,0,0,0,0,0,0,0,1
1964,297,第44回全国かるた競技宇佐神宮大会,2016-03-06,C2,C,29,29,59,5,5,1,0,0,3,3,0,0,0,3,0,0,0,0,0,0,0,0,0,0,0,0,1
1965,297,第44回全国かるた競技宇佐神宮大会,2016-03-06,C3,C,30,30,60,5,5,1,0,0,2,2,0,0,0,4,0,0,0,0,0,0,0,0,0,0,0,0,1
1966,297,第44回全国かるた競技宇佐神宮大会,2016-03-06,D2,D,32,32,62,5,5,1,0,0,0,0,0,0,0,2,0,0,0,0,0,0,0,0,0,0,0,0,1
1967,297,第44回全国かるた競技宇佐神宮大会,2016-03-06,D3,D,32,32,62,5,5,1,0,0,0,0,0,0,0,4,0,0,0,0,0,0,0,0,0,0,0,0,1
1968,298,第35回全国かるた競技鹿児島大会,2016-03-20,A,A,46,46,108,6,6,1,0,0,18,18,0,0,0,18,0,0,0,0,0,0,0,0,0,0,0,0,1
1969,298,第35回全国かるた競技鹿児島大会,2016-03-20,B,B,54,54,116,6,6,1,0,0,10,10,0,0,0,10,0,0,0,0,0,0,0,0,0,0,0,0,1
1970,298,第35回全国かるた競技鹿児島大会,2016-03-20,C,C,59,59,121,6,6,1,0,0,5,5,0,0,0,5,0,0,0,0,0,0,0,0,0,0,0,0,1
1971,298,第35回全国かるた競技鹿児島大会,2016-03-20,D1,D,27,27,57,5,5,1,0,0,5,5,0,0,0,5,0,0,0,0,0,0,0,0,0,0,0,0,1
1972,298,第35回全国かるた競技鹿児島大会,2016-03-20,E1,E,21,21,51,5,5,1,0,0,11,11,0,0,0,11,0,0,0,0,0,0,0,0,0,0,0,0,1
1973,298,第35回全国かるた競技鹿児島大会,2016-03-20,D2,D,27,27,57,5,5,1,0,0,5,5,0,0,0,5,0,2,0,0,0,0,0,0,0,0,0,0,1
1974,298,第35回全国かるた競技鹿児島大会,2016-03-20,E2,E,19,19,49,5,5,1,0,0,13,13,0,0,0,13,0,0,0,0,0,0,0,0,0,0,0,0,1
1975,298,第35回全国かるた競技鹿児島大会,2016-03-20,E3,E,19,19,49,5,5,1,0,0,13,13,0,0,0,13,0,0,0,0,0,0,0,0,0,0,0,0,1
1981,300,第69回全国かるた競技東京東会大会(E),2016-01-03,E1,E,31,31,61,5,5,1,0,0,1,1,0,0,0,1,0,0,0,0,0,0,0,0,0,0,0,0,1
1982,300,第69回全国かるた競技東京東会大会(E),2016-01-03,E2,E,30,30,60,5,5,1,0,0,2,2,0,0,0,2,0,0,0,0,0,0,0,0,0,0,0,0,1
1983,300,第69回全国かるた競技東京東会大会(E),2016-01-03,E3,E,31,31,61,5,5,1,0,0,1,1,0,0,0,1,0,0,0,0,0,0,0,0,0,0,0,0,1
1984,300,第69回全国かるた競技東京東会大会(E),2016-01-03,E4,E,32,32,62,5,5,1,0,0,0,0,0,0,0,2,0,0,0,0,0,0,0,0,0,0,0,0,1
1985,300,第69回全国かるた競技東京東会大会(E),2016-01-03,E5,E,30,30,60,5,5,1,0,0,2,2,0,0,0,2,0,0,0,0,0,0,0,0,0,0,0,0,1
1986,300,第69回全国かるた競技東京東会大会(E),2016-01-03,E6,E,31,31,61,5,5,1,0,0,1,1,0,0,0,1,0,0,0,0,0,0,0,0,0,0,0,0,1
1987,300,第69回全国かるた競技東京東会大会(E),2016-01-03,E7,E,29,29,59,5,5,1,0,0,3,3,0,0,0,3,0,0,0,0,0,0,0,0,0,0,0,0,1
1988,300,第69回全国かるた競技東京東会大会(E),2016-01-03,E8,E,32,32,62,5,5,1,0,0,0,0,0,0,0,0,0,0,0,0,0,0,0,0,0,0,0,0,1
1989,301,第61回新春全国競技かるた大会(D)(1日目),2016-01-10,D1,D,47,47,109,6,6,1,0,0,17,17,0,0,0,17,0,0,0,0,0,0,0,0,0,0,0,0,1
1990,301,第61回新春全国競技かるた大会(D)(1日目),2016-01-10,D2,D,46,46,108,6,6,1,0,0,18,18,0,0,0,18,0,0,0,0,0,0,0,0,0,0,0,0,1
1991,301,第61回新春全国競技かるた大会(D)(1日目),2016-01-10,D3,D,47,47,109,6,6,1,0,0,17,17,0,0,0,17,0,0,0,0,0,0,0,0,0,0,0,0,1
1992,301,第61回新春全国競技かるた大会(D)(1日目),2016-01-10,D4,D,44,44,106,6,6,1,0,0,20,20,0,0,0,20,0,0,0,0,0,0,0,0,0,0,0,0,1
1993,301,第61回新春全国競技かるた大会(D)(1日目),2016-01-10,D5,D,46,46,107,6,6,1,0,0,17,17,0,0,0,17,0,0,0,0,0,0,0,0,0,0,0,0,1
1994,301,第61回新春全国競技かるた大会(D)(1日目),2016-01-10,D6,D,46,46,107,6,6,1,0,0,17,17,0,0,0,17,0,0,0,0,0,0,0,0,0,0,0,0,1
1995,301,第61回新春全国競技かるた大会(D)(1日目),2016-01-10,D7,D,48,48,110,6,6,1,0,0,16,16,0,0,0,16,0,0,0,0,0,0,0,0,0,0,0,0,1
1996,301,第61回新春全国競技かるた大会(D)(1日目),2016-01-10,D8,D,47,47,108,6,6,1,0,0,16,16,0,0,0,16,0,0,0,0,0,0,0,0,0,0,0,0,1
1997,301,第61回新春全国競技かるた大会(D)(1日目),2016-01-10,D9,D,48,48,110,6,6,1,0,0,16,16,0,0,0,16,0,0,0,0,0,0,0,0,0,0,0,0,1
1998,301,第61回新春全国競技かるた大会(D)(1日目),2016-01-10,D10,D,47,47,109,6,6,1,0,0,17,17,0,0,0,17,0,0,0,0,0,0,0,0,0,0,0,0,1
1999,302,第61回新春全国競技かるた大会(D)(2日目),2016-01-11,D1,D,47,47,109,6,6,1,0,0,17,17,0,0,0,17,0,0,0,0,0,0,0,0,0,0,0,0,1
2000,302,第61回新春全国競技かるた大会(D)(2日目),2016-01-11,D2,D,46,46,108,6,6,1,0,0,18,18,0,0,0,18,0,0,0,0,0,0,0,0,0,0,0,0,1
2001,302,第61回新春全国競技かるた大会(D)(2日目),2016-01-11,D3,D,47,47,109,6,6,1,0,0,17,17,0,0,0,17,0,0,0,0,0,0,0,0,0,0,0,0,1
2002,302,第61回新春全国競技かるた大会(D)(2日目),2016-01-11,D4,D,44,44,106,6,6,1,0,0,20,20,0,0,0,20,0,0,0,0,0,0,0,0,0,0,0,0,1
2003,302,第61回新春全国競技かるた大会(D)(2日目),2016-01-11,D5,D,46,46,107,6,6,1,0,0,17,17,0,0,0,17,0,0,0,0,0,0,0,0,0,0,0,0,1
2004,302,第61回新春全国競技かるた大会(D)(2日目),2016-01-11,D6,D,46,46,107,6,6,1,0,0,17,17,0,0,0,17,0,0,0,0,0,0,0,0,0,0,0,0,1
2005,302,第61回新春全国競技かるた大会(D)(2日目),2016-01-11,D7,D,48,48,110,6,6,1,0,0,16,16,0,0,0,16,0,0,0,0,0,0,0,0,0,0,0,0,1
2006,302,第61回新春全国競技かるた大会(D)(2日目),2016-01-11,D8,D,47,47,108,6,6,1,0,0,16,16,0,0,0,16,0,0,0,0,0,0,0,0,0,0,0,0,1
2007,302,第61回新春全国競技かるた大会(D)(2日目),2016-01-11,D9,D,48,48,110,6,6,1,0,0,16,16,0,0,0,16,0,0,0,0,0,0,0,0,0,0,0,0,1
2008,302,第61回新春全国競技かるた大会(D)(2日目),2016-01-11,D10,D,47,47,109,6,6,1,0,0,17,17,0,0,0,17,0,0,0,0,0,0,0,0,0,0,0,0,1
2009,303,"藤原定家卿小倉百人一首撰定記念第70回全国競技かるた京都大会(A,B)",2016-05-29,A,A,90,90,216,7,7,1,0,0,38,38,0,0,0,40,0,2,0,0,0,0,0,0,0,0,0,0,1
2010,303,"藤原定家卿小倉百人一首撰定記念第70回全国競技かるた京都大会(A,B)",2016-05-29,B1,B,91,91,217,7,7,1,0,0,37,37,0,0,0,37,0,0,0,0,0,0,0,0,0,0,0,0,1
2011,303,"藤原定家卿小倉百人一首撰定記念第70回全国競技かるた京都大会(A,B)",2016-05-29,B2,B,91,91,217,7,7,1,0,0,37,37,0,0,0,37,0,0,0,0,0,0,0,0,0,0,0,0,1
2012,304,"第7回全国競技かるた丹波篠山大会(A,B)",2016-06-19,A,A,76,76,202,7,7,1,0,0,52,52,0,0,0,52,0,0,0,0,0,0,0,0,0,0,0,0,1
2013,304,"第7回全国競技かるた丹波篠山大会(A,B)",2016-06-19,B1,B,63,63,125,6,6,1,0,0,1,1,0,0,0,1,0,0,0,0,0,0,0,0,0,0,0,0,1
2014,304,"第7回全国競技かるた丹波篠山大会(A,B)",2016-06-19,B2,B,64,64,126,6,6,1,0,0,0,0,0,0,0,0,0,0,0,0,0,0,0,0,0,0,0,0,1
2015,305,第26回全国競技かるた奈良大会(A),2016-11-23,A,A,49,49,111,6,6,1,0,0,15,15,0,0,0,15,0,0,0,0,0,0,0,0,0,0,0,0,1
2016,306,第58回全国かるた競技和歌山大会,2016-12-04,A,A,43,43,105,6,6,1,0,0,21,21,0,0,0,21,0,0,0,0,0,0,0,0,0,0,0,0,1
2017,306,第58回全国かるた競技和歌山大会,2016-12-04,B,B,91,91,217,7,7,1,0,0,37,37,0,0,0,37,0,0,0,0,0,0,0,0,0,0,0,0,1
2018,306,第58回全国かるた競技和歌山大会,2016-12-04,C,C,84,84,210,7,7,1,0,0,44,44,0,0,0,46,0,0,0,0,0,0,0,0,0,0,0,0,1
2019,306,第58回全国かるた競技和歌山大会,2016-12-04,D1,D,51,51,113,6,6,1,0,0,13,13,0,0,0,13,0,0,0,0,0,0,0,0,0,0,0,0,1
2020,306,第58回全国かるた競技和歌山大会,2016-12-04,D2,D,48,48,110,6,6,1,0,0,16,16,0,0,0,16,0,2,0,0,0,0,0,0,0,0,0,0,1
2021,306,第58回全国かるた競技和歌山大会,2016-12-04,D3,D,49,49,111,6,6,1,0,0,15,15,0,0,0,15,0,0,0,0,0,0,0,0,0,0,0,0,1
2022,307,"第97回全国百人一首かるた競技横浜大会(A,B,C)",2016-01-17,A,A,105,105,231,7,7,1,0,0,23,23,0,0,0,23,0,0,0,0,0,0,0,0,0,0,0,0,1
2023,307,"第97回全国百人一首かるた競技横浜大会(A,B,C)",2016-01-17,B1,B,89,89,215,7,7,1,0,0,39,39,0,0,0,39,0,0,0,0,0,0,0,0,0,0,0,0,1
2024,307,"第97回全国百人一首かるた競技横浜大会(A,B,C)",2016-01-17,C1,C,55,55,117,6,6,1,0,0,9,9,0,0,0,9,0,0,0,0,0,0,0,0,0,0,0,0,1
2025,307,"第97回全国百人一首かるた競技横浜大会(A,B,C)",2016-01-17,B2,B,85,85,211,7,7,1,0,0,43,43,0,0,0,43,0,0,0,0,0,0,0,0,0,0,0,0,1
2026,307,"第97回全国百人一首かるた競技横浜大会(A,B,C)",2016-01-17,C2,C,58,58,120,6,6,1,0,0,6,6,0,0,0,6,0,0,0,0,0,0,0,0,0,0,0,0,1
2027,307,"第97回全国百人一首かるた競技横浜大会(A,B,C)",2016-01-17,C3,C,59,59,121,6,6,1,0,0,5,5,0,0,0,5,0,0,0,0,0,0,0,0,0,0,0,0,1
2028,308,"第13回全国競技かるた香川大会(D,E)",2016-09-17,D1,D,48,48,110,6,6,1,0,0,16,16,0,0,0,16,0,0,0,0,0,0,0,0,0,0,0,0,1
2029,308,"第13回全国競技かるた香川大会(D,E)",2016-09-17,E,E,37,37,99,6,6,1,0,0,27,27,0,0,0,27,0,2,0,0,0,0,0,0,0,0,0,0,1
2030,308,"第13回全国競技かるた香川大会(D,E)",2016-09-17,D2,D,47,47,109,6,6,1,0,0,17,17,0,0,0,17,0,2,0,0,0,0,0,0,0,0,0,0,1
2031,308,"第13回全国競技かるた香川大会(D,E)",2016-09-17,D3,D,49,49,111,6,6,1,0,0,15,15,0,0,0,15,0,0,0,0,0,0,0,0,0,0,0,0,1
2032,308,"第13回全国競技かるた香川大会(D,E)",2016-09-17,D4,D,46,46,108,6,6,1,0,0,18,18,0,0,0,18,0,0,0,0,0,0,0,0,0,0,0,0,1
2033,309,"第13回全国競技かるた香川大会(A,B,C)",2016-09-18,A,A,73,73,199,7,7,1,0,0,55,55,0,0,0,55,0,0,0,0,0,0,0,0,0,0,0,0,1
2034,309,"第13回全国競技かるた香川大会(A,B,C)",2016-09-18,B,B,99,99,225,7,7,1,0,0,29,29,0,0,0,29,0,0,0,0,0,0,0,0,0,0,0,0,1
2035,309,"第13回全国競技かるた香川大会(A,B,C)",2016-09-18,C1,C,54,54,116,6,6,1,0,0,10,10,0,0,0,10,0,0,0,0,0,0,0,0,0,0,0,0,1
2036,309,"第13回全国競技かるた香川大会(A,B,C)",2016-09-18,C2,C,53,53,115,6,6,1,0,0,11,11,0,0,0,11,0,0,0,0,0,0,0,0,0,0,0,0,1
2037,310,第66回全国かるた競技東京白妙大会(D),2016-09-18,D1,D,60,60,122,6,6,1,0,0,4,4,0,0,0,6,0,0,0,0,0,0,0,0,0,0,0,0,1
2038,310,第66回全国かるた競技東京白妙大会(D),2016-09-18,D2,D,63,63,125,6,6,1,0,0,1,1,0,0,0,3,0,0,0,0,0,0,0,0,0,0,0,0,1
2039,310,第66回全国かるた競技東京白妙大会(D),2016-09-18,D3,D,60,60,122,6,6,1,0,0,4,4,0,0,0,6,0,0,0,0,0,0,0,0,0,0,0,0,1
2040,310,第66回全国かるた競技東京白妙大会(D),2016-09-18,D4,D,59,59,121,6,6,1,0,0,5,5,0,0,0,7,0,2,0,0,0,0,0,0,0,0,0,0,1
2041,310,第66回全国かるた競技東京白妙大会(D),2016-09-18,D5,D,61,61,123,6,6,1,0,0,3,3,0,0,0,3,0,0,0,0,0,0,0,0,0,0,0,0,1
2042,310,第66回全国かるた競技東京白妙大会(D),2016-09-18,D6,D,58,58,120,6,6,1,0,0,6,6,0,0,0,6,0,0,0,0,0,0,0,0,0,0,0,0,1
2043,311,第78回全国競技かるた北國大会,2016-10-02,A,A,53,53,115,6,6,1,0,0,11,11,0,0,0,13,0,0,0,0,0,0,0,0,0,0,0,0,1
2044,311,第78回全国競技かるた北國大会,2016-10-02,B,B,93,93,219,7,7,1,0,0,35,35,0,0,0,35,0,0,0,0,0,0,0,0,0,0,0,0,1
2045,311,第78回全国競技かるた北國大会,2016-10-02,C1,C,43,43,105,6,6,1,0,0,21,21,0,0,0,21,0,0,0,0,0,0,0,0,0,0,0,0,1
2046,311,第78回全国競技かるた北國大会,2016-10-02,D1,D,45,45,107,6,6,1,0,0,19,19,0,0,0,19,0,0,0,0,0,0,0,0,0,0,0,0,1
2047,311,第78回全国競技かるた北國大会,2016-10-02,C2,C,49,49,111,6,6,1,0,0,15,15,0,0,0,15,0,0,0,0,0,0,0,0,0,0,0,0,1
2048,311,第78回全国競技かるた北國大会,2016-10-02,D2,D,45,45,107,6,6,1,0,0,19,19,0,0,0,19,0,2,0,0,0,0,0,0,0,0,0,0,1
2049,311,第78回全国競技かるた北國大会,2016-10-02,D3,D,46,46,108,6,6,1,0,0,18,18,0,0,0,18,0,0,0,0,0,0,0,0,0,0,0,0,1
2050,311,第78回全国競技かるた北國大会,2016-10-02,D4,D,46,46,108,6,6,1,0,0,18,18,0,0,0,18,0,0,0,0,0,0,0,0,0,0,0,0,1
2051,312,第34回小倉百人一首かるた競技宮崎大会,2016-12-18,A,A,27,27,57,5,5,1,0,0,5,5,0,0,0,5,0,0,0,0,0,0,0,0,0,0,0,0,1
2052,312,第34回小倉百人一首かるた競技宮崎大会,2016-12-18,B,B,55,55,117,6,6,1,0,0,9,9,0,0,0,9,0,0,0,0,0,0,0,0,0,0,0,0,1
2053,312,第34回小倉百人一首かるた競技宮崎大会,2016-12-18,C1,C,36,36,98,6,6,1,0,2,30,28,0,0,0,28,0,2,0,0,0,0,0,0,0,0,0,0,1
2054,312,第34回小倉百人一首かるた競技宮崎大会,2016-12-18,D1,D,30,30,60,5,5,1,0,0,2,2,0,0,0,2,0,0,0,0,0,0,0,0,0,0,0,0,1
2055,312,第34回小倉百人一首かるた競技宮崎大会,2016-12-18,C2,C,37,37,99,6,6,1,0,0,27,27,0,0,0,27,0,0,0,0,0,0,0,0,0,0,0,0,1
2056,312,第34回小倉百人一首かるた競技宮崎大会,2016-12-18,D2,D,26,26,56,5,5,1,0,4,10,6,0,0,0,6,0,4,0,0,0,0,0,0,0,0,0,0,1
2057,312,第34回小倉百人一首かるた競技宮崎大会,2016-12-18,D3,D,25,25,55,5,5,1,0,0,7,7,0,0,0,7,0,0,0,0,0,0,0,0,0,0,0,0,1
2058,312,第34回小倉百人一首かるた競技宮崎大会,2016-12-18,D4,D,29,29,59,5,5,1,0,4,7,3,0,0,0,3,0,4,0,0,0,0,0,0,0,0,0,0,1
2059,312,第34回小倉百人一首かるた競技宮崎大会,2016-12-18,D5,D,23,23,53,5,5,1,0,4,13,9,0,0,0,9,0,4,0,0,0,0,0,0,0,0,0,0,1
2060,313,第97回全国百人一首かるた競技横浜大会(D),2016-02-07,D1,D,46,46,105,6,6,1,0,0,15,15,0,0,0,17,0,0,0,0,0,0,0,0,0,0,0,0,1
2061,313,第97回全国百人一首かるた競技横浜大会(D),2016-02-07,D2,D,47,47,108,6,6,1,0,0,16,16,0,0,0,16,0,0,0,0,0,0,0,0,0,0,0,0,1
2062,313,第97回全国百人一首かるた競技横浜大会(D),2016-02-07,D3,D,48,48,110,6,6,1,0,0,16,16,0,0,0,16,0,0,0,0,0,0,0,0,0,0,0,0,1
2063,313,第97回全国百人一首かるた競技横浜大会(D),2016-02-07,D4,D,45,45,105,6,6,1,0,0,17,17,0,0,0,17,0,0,0,0,0,0,0,0,0,0,0,0,1
2064,313,第97回全国百人一首かるた競技横浜大会(D),2016-02-07,D5,D,46,46,108,6,6,1,0,0,18,18,0,0,0,18,0,0,0,0,0,0,0,0,0,0,0,0,1
2065,313,第97回全国百人一首かるた競技横浜大会(D),2016-02-07,D6,D,46,46,108,6,6,1,0,0,18,18,0,0,0,20,0,2,0,0,0,0,0,0,0,0,0,0,1
2066,313,第97回全国百人一首かるた競技横浜大会(D),2016-02-07,D7,D,46,46,107,6,6,1,0,0,17,17,0,0,0,19,0,0,0,0,0,0,0,0,0,0,0,0,1
2067,313,第97回全国百人一首かるた競技横浜大会(D),2016-02-07,D8,D,45,45,107,6,6,1,0,0,19,19,0,0,0,19,0,0,0,0,0,0,0,0,0,0,0,0,1
2068,313,第97回全国百人一首かるた競技横浜大会(D),2016-02-07,D9,D,44,44,106,6,6,1,0,0,20,20,0,0,0,20,0,0,0,0,0,0,0,0,0,0,0,0,1
2069,314,第30回全国かるたさがみ野大会(D),2016-06-12,D1,D,28,28,58,5,5,1,0,0,4,4,0,0,0,4,0,0,0,0,0,0,0,0,0,0,0,0,1
2070,314,第30回全国かるたさがみ野大会(D),2016-06-12,D2,D,27,27,57,5,5,1,0,0,5,5,0,0,0,5,0,0,0,0,0,0,0,0,0,0,0,0,1
2071,314,第30回全国かるたさがみ野大会(D),2016-06-12,D3,D,26,26,56,5,5,1,0,0,6,6,0,0,0,6,0,2,0,0,0,0,0,0,0,0,0,0,1
2072,314,第30回全国かるたさがみ野大会(D),2016-06-12,D4,D,30,30,60,5,5,1,0,0,2,2,0,0,0,2,0,0,0,0,0,0,0,0,0,0,0,0,1
2073,314,第30回全国かるたさがみ野大会(D),2016-06-12,D5,D,29,29,59,5,5,1,0,0,3,3,0,0,0,3,0,0,0,0,0,0,0,0,0,0,0,0,1
2074,315,"第30回全国かるたさがみ野大会(A,B,C)",2016-07-31,A,A,101,101,227,7,7,1,0,0,27,27,0,0,0,27,0,0,0,0,0,0,0,0,0,0,0,0,1
2075,315,"第30回全国かるたさがみ野大会(A,B,C)",2016-07-31,B1,B,87,87,213,7,7,1,0,0,41,41,0,0,0,43,0,0,0,0,0,0,0,0,0,0,0,0,1
2076,315,"第30回全国かるたさがみ野大会(A,B,C)",2016-07-31,C1,C,36,36,98,6,6,1,0,0,28,28,0,0,0,34,0,0,0,0,0,0,0,0,0,0,0,0,1
2077,315,"第30回全国かるたさがみ野大会(A,B,C)",2016-07-31,B2,B,84,84,210,7,7,1,0,0,44,44,0,0,0,44,0,0,0,0,0,0,0,0,0,0,0,0,1
2078,315,"第30回全国かるたさがみ野大会(A,B,C)",2016-07-31,C2,C,41,41,103,6,6,1,0,0,23,23,0,0,0,27,0,0,0,0,0,0,0,0,0,0,0,0,1
2079,315,"第30回全国かるたさがみ野大会(A,B,C)",2016-07-31,C3,C,37,37,99,6,6,1,0,0,27,27,0,0,0,31,0,0,0,0,0,0,0,0,0,0,0,0,1
2080,315,"第30回全国かるたさがみ野大会(A,B,C)",2016-07-31,C4,C,38,38,100,6,6,1,0,0,26,26,0,0,0,28,0,0,0,0,0,0,0,0,0,0,0,0,1
2081,315,"第30回全国かるたさがみ野大会(A,B,C)",2016-07-31,C5,C,36,36,98,6,6,1,0,0,28,28,0,0,0,32,0,0,0,0,0,0,0,0,0,0,0,0,1
2082,315,"第30回全国かるたさがみ野大会(A,B,C)",2016-07-31,C6,C,35,35,97,6,6,1,0,0,29,29,0,0,0,35,0,0,0,0,0,0,0,0,0,0,0,0,1
2083,316,第24回全国競技かるた多摩大会(E),2016-07-18,E1,E,30,30,59,5,5,1,0,0,1,1,0,0,0,1,0,0,0,0,0,0,0,0,0,0,0,0,1
2084,316,第24回全国競技かるた多摩大会(E),2016-07-18,E2,E,32,32,62,5,5,1,0,0,0,0,0,0,0,2,0,2,0,0,0,0,0,0,0,0,0,0,1
2085,316,第24回全国競技かるた多摩大会(E),2016-07-18,E3,E,32,32,62,5,5,1,0,0,0,0,0,0,0,2,0,0,0,0,0,0,0,0,0,0,0,0,1
2086,316,第24回全国競技かるた多摩大会(E),2016-07-18,E4,E,32,32,62,5,5,1,0,0,0,0,0,0,0,2,0,0,0,0,0,0,0,0,0,0,0,0,1
2087,316,第24回全国競技かるた多摩大会(E),2016-07-18,E5,E,31,31,61,5,5,1,0,0,1,1,0,0,0,1,0,0,0,0,0,0,0,0,0,0,0,0,1
2088,316,第24回全国競技かるた多摩大会(E),2016-07-18,E6,E,32,32,62,5,5,1,0,0,0,0,0,0,0,2,0,0,0,0,0,0,0,0,0,0,0,0,1
2089,316,第24回全国競技かるた多摩大会(E),2016-07-18,E7,E,32,32,62,5,5,1,0,0,0,0,0,0,0,2,0,0,0,0,0,0,0,0,0,0,0,0,1
2090,316,第24回全国競技かるた多摩大会(E),2016-07-18,E8,E,32,32,62,5,5,1,0,0,0,0,0,0,0,2,0,0,0,0,0,0,0,0,0,0,0,0,1
2091,316,第24回全国競技かるた多摩大会(E),2016-07-18,E9,E,32,32,62,5,5,1,0,0,0,0,0,0,0,2,0,0,0,0,0,0,0,0,0,0,0,0,1
2092,316,第24回全国競技かるた多摩大会(E),2016-07-18,E10,E,32,32,62,5,5,1,0,0,0,0,0,0,0,0,0,0,0,0,0,0,0,0,0,0,0,0,1
2093,316,第24回全国競技かるた多摩大会(E),2016-07-18,E11,E,30,30,59,5,5,1,0,0,1,1,0,0,0,1,0,0,0,0,0,0,0,0,0,0,0,0,1
2094,316,第24回全国競技かるた多摩大会(E),2016-07-18,E12,E,32,32,62,5,5,1,0,0,0,0,0,0,0,0,0,0,0,0,0,0,0,0,0,0,0,0,1
2095,316,第24回全国競技かるた多摩大会(E),2016-07-18,E13,E,31,31,61,5,5,1,0,0,1,1,0,0,0,3,0,0,0,0,0,0,0,0,0,0,0,0,1
2096,316,第24回全国競技かるた多摩大会(E),2016-07-18,E14,E,30,30,59,5,5,1,0,0,1,1,0,0,0,1,0,0,0,0,0,0,0,0,0,0,0,0,1
2097,316,第24回全国競技かるた多摩大会(E),2016-07-18,E15,E,32,32,62,5,5,1,0,0,0,0,0,0,0,4,0,0,0,0,0,0,0,0,0,0,0,0,1
2098,316,第24回全国競技かるた多摩大会(E),2016-07-18,E16,E,32,32,62,5,5,1,0,0,0,0,0,0,0,0,0,0,0,0,0,0,0,0,0,0,0,0,1
2099,316,第24回全国競技かるた多摩大会(E),2016-07-18,E17,E,31,31,61,5,5,1,0,0,1,1,0,0,0,7,0,0,0,0,0,0,0,0,0,0,0,0,1
2100,316,第24回全国競技かるた多摩大会(E),2016-07-18,E18,E,32,32,62,5,5,1,0,0,0,0,0,0,0,0,0,0,0,0,0,0,0,0,0,0,0,0,1
2101,316,第24回全国競技かるた多摩大会(E),2016-07-18,E19,E,28,28,56,5,5,1,0,0,2,2,0,0,0,6,0,0,0,0,0,0,0,0,0,0,0,0,1
2102,317,第24回全国競技かるた多摩大会(D),2016-07-23,D1,D,30,30,59,5,5,1,0,0,1,1,0,0,0,1,0,2,0,0,0,0,0,0,0,0,0,0,1
2103,317,第24回全国競技かるた多摩大会(D),2016-07-23,D2,D,32,32,62,5,5,1,0,0,0,0,0,0,0,2,0,0,0,0,0,0,0,0,0,0,0,0,1
2104,317,第24回全国競技かるた多摩大会(D),2016-07-23,D3,D,32,32,62,5,5,1,0,0,0,0,0,0,0,10,0,0,0,0,0,0,0,0,0,0,0,0,1
2105,317,第24回全国競技かるた多摩大会(D),2016-07-23,D4,D,32,32,62,5,5,1,0,0,0,0,0,0,0,4,0,0,0,0,0,0,0,0,0,0,0,0,1
2106,317,第24回全国競技かるた多摩大会(D),2016-07-23,D5,D,32,32,62,5,5,1,0,0,0,0,0,0,0,6,0,0,0,0,0,0,0,0,0,0,0,0,1
2107,317,第24回全国競技かるた多摩大会(D),2016-07-23,D6,D,32,32,62,5,5,1,0,0,0,0,0,0,0,0,0,0,0,0,0,0,0,0,0,0,0,0,1
2108,317,第24回全国競技かるた多摩大会(D),2016-07-23,D7,D,32,32,62,5,5,1,0,0,0,0,0,0,0,6,0,0,0,0,0,0,0,0,0,0,0,0,1
2109,317,第24回全国競技かるた多摩大会(D),2016-07-23,D8,D,32,32,62,5,5,1,0,0,0,0,0,0,0,0,0,0,0,0,0,0,0,0,0,0,0,0,1
2110,317,第24回全国競技かるた多摩大会(D),2016-07-23,D9,D,32,32,62,5,5,1,0,0,0,0,0,0,0,8,0,0,0,0,0,0,0,0,0,0,0,0,1
2111,317,第24回全国競技かるた多摩大会(D),2016-07-23,D10,D,30,30,59,5,5,1,0,0,1,1,0,0,0,1,0,0,0,0,0,0,0,0,0,0,0,0,1
2112,317,第24回全国競技かるた多摩大会(D),2016-07-23,D11,D,32,32,62,5,5,1,0,0,0,0,0,0,0,0,0,0,0,0,0,0,0,0,0,0,0,0,1
2113,318,"第24回全国競技かるた多摩大会(A,B,C)",2016-07-24,A,A,78,78,204,7,7,1,0,0,50,50,0,0,0,52,0,0,0,0,0,0,0,0,0,0,0,0,1
2114,318,"第24回全国競技かるた多摩大会(A,B,C)",2016-07-24,B,B,119,119,245,7,7,1,0,0,9,9,0,0,0,9,0,0,0,0,0,0,0,0,0,0,0,0,1
2115,318,"第24回全国競技かるた多摩大会(A,B,C)",2016-07-24,C1,C,62,62,124,6,6,1,0,0,2,2,0,0,0,6,0,0,0,0,0,0,0,0,0,0,0,0,1
2116,318,"第24回全国競技かるた多摩大会(A,B,C)",2016-07-24,C2,C,61,61,123,6,6,1,0,0,3,3,0,0,0,5,0,0,0,0,0,0,0,0,0,0,0,0,1
2117,318,"第24回全国競技かるた多摩大会(A,B,C)",2016-07-24,C3,C,60,60,122,6,6,1,0,0,4,4,0,0,0,6,0,0,0,0,0,0,0,0,0,0,0,0,1
2118,319,第35回全国かるた競技東京吉野会大会(A),2016-10-10,A,A,105,105,231,7,7,1,0,0,23,23,0,0,0,23,0,0,0,0,0,0,0,0,0,0,0,0,1
2119,320,"第35回全国かるた競技東京吉野会大会(B,C)",2016-12-17,B1,B,101,101,227,7,7,1,0,0,27,27,0,0,0,27,0,0,0,0,0,0,0,0,0,0,0,0,1
2120,320,"第35回全国かるた競技東京吉野会大会(B,C)",2016-12-17,C1,C,56,56,118,6,6,1,0,0,8,8,0,0,0,10,0,0,0,0,0,0,0,0,0,0,0,0,1
2121,320,"第35回全国かるた競技東京吉野会大会(B,C)",2016-12-17,B2,B,104,104,230,7,7,1,0,0,24,24,0,0,0,24,0,0,0,0,0,0,0,0,0,0,0,0,1
2122,320,"第35回全国かるた競技東京吉野会大会(B,C)",2016-12-17,C2,C,52,52,114,6,6,1,0,0,12,12,0,0,0,14,0,0,0,0,0,0,0,0,0,0,0,0,1
2123,320,"第35回全国かるた競技東京吉野会大会(B,C)",2016-12-17,C3,C,56,56,118,6,6,1,0,0,8,8,0,0,0,8,0,0,0,0,0,0,0,0,0,0,0,0,1
2124,320,"第35回全国かるた競技東京吉野会大会(B,C)",2016-12-17,C4,C,54,54,116,6,6,1,0,0,10,10,0,0,0,10,0,0,0,0,0,0,0,0,0,0,0,0,1
2125,320,"第35回全国かるた競技東京吉野会大会(B,C)",2016-12-17,C5,C,52,52,114,6,6,1,0,0,12,12,0,0,0,12,0,0,0,0,0,0,0,0,0,0,0,0,1
2126,321,第48回全国競技かるた女流選手権大会,2016-12-23,A,A,48,48,110,6,6,1,0,0,16,16,0,0,0,16,0,0,0,0,0,0,0,0,0,0,0,0,1
2127,321,第48回全国競技かるた女流選手権大会,2016-12-23,B,B,48,48,110,6,6,1,0,0,16,16,0,0,0,16,0,0,0,0,0,0,0,0,0,0,0,0,1
2128,321,第48回全国競技かるた女流選手権大会,2016-12-23,C,C,48,48,110,6,6,1,0,0,16,16,0,0,0,16,0,0,0,0,0,0,0,0,0,0,0,0,1
2129,321,第48回全国競技かるた女流選手権大会,2016-12-23,シニア,,10,10,24,4,4,1,0,0,6,6,0,0,0,6,0,0,0,0,0,0,0,0,0,0,0,0,1
2130,322,蓮生記念第3回全国競技かるた宇都宮大会,2016-10-29,A,A,72,72,198,7,7,1,0,0,56,56,0,0,0,58,0,0,0,0,0,0,0,0,0,0,0,0,1
2131,322,蓮生記念第3回全国競技かるた宇都宮大会,2016-10-29,B1,B,78,78,204,7,7,1,0,0,50,50,0,0,0,50,0,0,0,0,0,0,0,0,0,0,0,0,1
2132,322,蓮生記念第3回全国競技かるた宇都宮大会,2016-10-29,C1,C,46,46,108,6,6,1,0,0,18,18,0,0,0,20,0,0,0,0,0,0,0,0,0,0,0,0,1
2133,322,蓮生記念第3回全国競技かるた宇都宮大会,2016-10-29,D1,D,44,44,106,6,6,1,0,0,20,20,0,0,0,20,0,0,0,0,0,0,0,0,0,0,0,0,1
2134,322,蓮生記念第3回全国競技かるた宇都宮大会,2016-10-29,B2,B,73,73,199,7,7,1,0,0,55,55,0,0,0,55,0,0,0,0,0,0,0,0,0,0,0,0,1
2135,322,蓮生記念第3回全国競技かるた宇都宮大会,2016-10-29,C2,C,45,45,107,6,6,1,0,0,19,19,0,0,0,21,0,0,0,0,0,0,0,0,0,0,0,0,1
2136,322,蓮生記念第3回全国競技かるた宇都宮大会,2016-10-29,C3,C,45,45,107,6,6,1,0,0,19,19,0,0,0,23,0,0,0,0,0,0,0,0,0,0,0,0,1
2137,322,蓮生記念第3回全国競技かるた宇都宮大会,2016-10-29,C4,C,46,46,108,6,6,1,0,0,18,18,0,0,0,18,0,0,0,0,0,0,0,0,0,0,0,0,1
2138,322,蓮生記念第3回全国競技かるた宇都宮大会,2016-10-29,D2,D,44,44,106,6,6,1,0,0,20,20,0,2,0,20,0,0,0,0,0,0,0,1,0,0,0,0,1
2139,322,蓮生記念第3回全国競技かるた宇都宮大会,2016-10-29,D3,D,44,44,106,6,6,1,0,0,20,20,0,5,0,22,0,0,0,0,0,0,0,1,0,0,0,0,1
2140,322,蓮生記念第3回全国競技かるた宇都宮大会,2016-10-29,D4,D,43,43,105,6,6,1,0,0,21,21,0,0,0,21,0,0,0,0,0,0,0,0,0,0,0,0,1
2141,322,蓮生記念第3回全国競技かるた宇都宮大会,2016-10-29,D5,D,45,45,107,6,6,1,0,0,19,19,0,0,0,23,0,0,0,0,0,0,0,0,0,0,0,0,1
2142,322,蓮生記念第3回全国競技かるた宇都宮大会,2016-10-29,D6,D,41,41,103,6,6,1,0,0,23,23,0,0,0,27,0,0,0,0,0,0,0,0,0,0,0,0,1
2143,322,蓮生記念第3回全国競技かるた宇都宮大会,2016-10-29,D7,D,44,44,106,6,6,1,0,0,20,20,0,0,0,20,0,0,0,0,0,0,0,0,0,0,0,0,1
2144,323,第18回全国競技かるた愛知大会(C),2016-12-10,C1,C,43,43,105,6,6,1,0,0,21,21,0,0,0,21,0,0,0,0,0,0,0,0,0,0,0,0,1
2145,323,第18回全国競技かるた愛知大会(C),2016-12-10,C2,C,43,43,105,6,6,1,0,0,21,21,0,0,0,21,0,0,0,0,0,0,0,0,0,0,0,0,1
2146,323,第18回全国競技かるた愛知大会(C),2016-12-10,C3,C,42,42,104,6,6,1,0,0,22,22,0,0,0,22,0,0,0,0,0,0,0,0,0,0,0,0,1
2147,324,"第18回全国競技かるた愛知大会(A,B)",2016-12-11,A,A,35,35,97,6,6,1,0,0,29,29,0,0,0,29,0,0,0,0,0,0,0,0,0,0,0,0,1
2148,324,"第18回全国競技かるた愛知大会(A,B)",2016-12-11,B,B,114,114,240,7,7,1,0,0,14,14,0,0,0,16,0,0,0,0,0,0,0,0,0,0,0,0,1
2149,324,"第18回全国競技かるた愛知大会(A,B)",2016-12-11,D1,D,29,29,59,5,5,1,0,0,3,3,0,0,0,3,0,0,0,0,0,0,0,0,0,0,0,0,1
2150,324,"第18回全国競技かるた愛知大会(A,B)",2016-12-11,E1,E,14,14,28,4,4,1,0,0,2,2,0,0,0,2,0,0,0,0,0,0,0,0,0,0,0,0,1
2151,324,"第18回全国競技かるた愛知大会(A,B)",2016-12-11,D2,D,28,28,58,5,5,1,0,0,4,4,0,0,0,4,0,0,0,0,0,0,0,0,0,0,0,0,1
2152,324,"第18回全国競技かるた愛知大会(A,B)",2016-12-11,D3,D,29,29,59,5,5,1,0,0,3,3,0,0,0,3,0,0,0,0,0,0,0,0,0,0,0,0,1
2153,324,"第18回全国競技かるた愛知大会(A,B)",2016-12-11,D4,D,28,28,58,5,5,1,0,0,4,4,0,0,0,4,0,0,0,0,0,0,0,0,0,0,0,0,1
2154,324,"第18回全国競技かるた愛知大会(A,B)",2016-12-11,D5,D,29,29,59,5,5,1,0,0,3,3,0,0,0,3,0,0,0,0,0,0,0,0,0,0,0,0,1
2155,324,"第18回全国競技かるた愛知大会(A,B)",2016-12-11,D6,D,28,28,58,5,5,1,0,0,4,4,0,0,0,4,0,0,0,0,0,0,0,0,0,0,0,0,1
2156,324,"第18回全国競技かるた愛知大会(A,B)",2016-12-11,D7,D,26,26,56,5,5,1,0,0,6,6,0,0,0,6,0,0,0,0,0,0,0,0,0,0,0,0,1
2157,324,"第18回全国競技かるた愛知大会(A,B)",2016-12-11,D8,D,27,27,57,5,5,1,0,0,5,5,0,0,0,5,0,0,0,0,0,0,0,0,0,0,0,0,1
2158,324,"第18回全国競技かるた愛知大会(A,B)",2016-12-11,E2,E,14,14,28,4,4,1,0,0,2,2,0,0,0,2,0,0,0,0,0,0,0,0,0,0,0,0,1
2159,324,"第18回全国競技かるた愛知大会(A,B)",2016-12-11,E3,E,14,14,28,4,4,1,0,0,2,2,0,0,0,2,0,0,0,0,0,0,0,0,0,0,0,0,1
2160,324,"第18回全国競技かるた愛知大会(A,B)",2016-12-11,E4,E,14,14,28,4,4,1,0,0,2,2,0,0,0,4,0,2,0,0,0,0,0,0,0,0,0,0,1
2161,324,"第18回全国競技かるた愛知大会(A,B)",2016-12-11,E5,E,15,15,29,4,4,1,0,0,1,1,0,0,0,1,0,0,0,0,0,0,0,0,0,0,0,0,1
2162,324,"第18回全国競技かるた愛知大会(A,B)",2016-12-11,E6,E,15,15,29,4,4,1,0,0,1,1,0,0,0,1,0,0,0,0,0,0,0,0,0,0,0,0,1
2163,324,"第18回全国競技かるた愛知大会(A,B)",2016-12-11,E7,E,15,15,29,4,4,1,0,0,1,1,0,0,0,1,0,0,0,0,0,0,0,0,0,0,0,0,1
2164,324,"第18回全国競技かるた愛知大会(A,B)",2016-12-11,E8,E,13,13,27,4,4,1,0,0,3,3,0,0,0,3,0,0,0,0,0,0,0,0,0,0,0,0,1
2165,324,"第18回全国競技かるた愛知大会(A,B)",2016-12-11,E9,E,14,14,28,4,4,1,0,0,2,2,0,0,0,2,0,0,0,0,0,0,0,0,0,0,0,0,1
2166,324,"第18回全国競技かるた愛知大会(A,B)",2016-12-11,E10,E,14,14,28,4,4,1,0,0,2,2,0,0,0,2,0,0,0,0,0,0,0,0,0,0,0,0,1
2167,324,"第18回全国競技かるた愛知大会(A,B)",2016-12-11,E11,E,14,14,28,4,4,1,0,0,2,2,0,0,0,2,0,0,0,0,0,0,0,0,0,0,0,0,1
2168,324,"第18回全国競技かるた愛知大会(A,B)",2016-12-11,E12,E,14,14,28,4,4,1,0,0,2,2,0,0,0,2,0,2,0,0,0,0,0,0,0,0,0,0,1
2169,324,"第18回全国競技かるた愛知大会(A,B)",2016-12-11,E13,E,13,13,27,4,4,1,0,0,3,3,0,0,0,3,0,0,0,0,0,0,0,0,0,0,0,0,1
2170,325,"第4回全国競技かるた山口大会(A,B,C)",2016-12-24,A,A,39,39,101,6,6,1,0,0,25,25,0,0,0,25,0,0,0,0,0,0,0,0,0,0,0,0,1
2171,325,"第4回全国競技かるた山口大会(A,B,C)",2016-12-24,B1,B,38,38,100,6,6,1,0,0,26,26,0,0,0,26,0,0,0,0,0,0,0,0,0,0,0,0,1
2172,325,"第4回全国競技かるた山口大会(A,B,C)",2016-12-24,C1,C,53,53,115,6,6,1,0,0,11,11,0,0,0,11,0,0,0,0,0,0,0,0,0,0,0,0,1
2173,325,"第4回全国競技かるた山口大会(A,B,C)",2016-12-24,B2,B,35,35,97,6,6,1,0,0,29,29,0,0,0,29,0,0,0,0,0,0,0,0,0,0,0,0,1
2174,325,"第4回全国競技かるた山口大会(A,B,C)",2016-12-24,C2,C,52,52,114,6,6,1,0,0,12,12,0,0,0,12,0,0,0,0,0,0,0,0,0,0,0,0,1
2175,326,"第89回全国競技かるた学生選手権大会(D,E)",2016-08-27,D1,D,57,57,119,6,6,1,0,0,7,7,0,0,0,7,0,0,0,0,0,0,0,0,0,0,0,0,1
2176,326,"第89回全国競技かるた学生選手権大会(D,E)",2016-08-27,E1,E,30,30,60,5,5,1,0,0,2,2,0,0,0,2,0,0,0,0,0,0,0,0,0,0,0,0,1
2177,326,"第89回全国競技かるた学生選手権大会(D,E)",2016-08-27,D2,D,57,57,119,6,6,1,0,0,7,7,0,0,0,9,0,2,0,0,0,0,0,0,0,0,0,0,1
2178,326,"第89回全国競技かるた学生選手権大会(D,E)",2016-08-27,D3,D,58,58,120,6,6,1,0,0,6,6,0,0,0,6,0,0,0,0,0,0,0,0,0,0,0,0,1
2179,326,"第89回全国競技かるた学生選手権大会(D,E)",2016-08-27,D4,D,57,57,119,6,6,1,0,0,7,7,0,0,0,7,0,0,0,0,0,0,0,0,0,0,0,0,1
2180,326,"第89回全国競技かるた学生選手権大会(D,E)",2016-08-27,D5,D,57,57,119,6,6,1,0,0,7,7,0,0,0,9,0,0,0,0,0,0,0,0,0,0,0,0,1
2181,326,"第89回全国競技かるた学生選手権大会(D,E)",2016-08-27,D6,D,60,60,122,6,6,1,0,0,4,4,0,0,0,6,0,0,0,0,0,0,0,0,0,0,0,0,1
2182,326,"第89回全国競技かるた学生選手権大会(D,E)",2016-08-27,D7,D,58,58,120,6,6,1,0,0,6,6,0,0,0,6,0,0,0,0,0,0,0,0,0,0,0,0,1
2183,326,"第89回全国競技かるた学生選手権大会(D,E)",2016-08-27,D8,D,53,53,115,6,6,1,0,0,11,11,0,0,0,11,0,0,0,0,0,0,0,0,0,0,0,0,1
2184,326,"第89回全国競技かるた学生選手権大会(D,E)",2016-08-27,E2,E,30,30,60,5,5,1,0,0,2,2,0,0,0,2,0,0,0,0,0,0,0,0,0,0,0,0,1
2185,326,"第89回全国競技かるた学生選手権大会(D,E)",2016-08-27,E3,E,29,29,59,5,5,1,0,0,3,3,0,0,0,3,0,0,0,0,0,0,0,0,0,0,0,0,1
2186,326,"第89回全国競技かるた学生選手権大会(D,E)",2016-08-27,E4,E,28,28,58,5,5,1,0,0,4,4,0,0,0,4,0,0,0,0,0,0,0,0,0,0,0,0,1
2187,326,"第89回全国競技かるた学生選手権大会(D,E)",2016-08-27,E5,E,27,27,57,5,5,1,0,0,5,5,0,0,0,5,0,0,0,0,0,0,0,0,0,0,0,0,1
2188,326,"第89回全国競技かるた学生選手権大会(D,E)",2016-08-27,E6,E,30,30,60,5,5,1,0,0,2,2,0,0,0,2,0,0,0,0,0,0,0,0,0,0,0,0,1
2189,326,"第89回全国競技かるた学生選手権大会(D,E)",2016-08-27,E7,E,29,29,59,5,5,1,0,0,3,3,0,0,0,3,0,0,0,0,0,0,0,0,0,0,0,0,1
2190,326,"第89回全国競技かるた学生選手権大会(D,E)",2016-08-27,E8,E,28,28,58,5,5,1,0,0,4,4,0,0,0,4,0,0,0,0,0,0,0,0,0,0,0,0,1
2191,326,"第89回全国競技かるた学生選手権大会(D,E)",2016-08-27,E9,E,29,29,59,5,5,1,0,0,3,3,0,0,0,3,0,0,0,0,0,0,0,0,0,0,0,0,1
2192,326,"第89回全国競技かるた学生選手権大会(D,E)",2016-08-27,E10,E,27,27,57,5,5,1,0,0,5,5,0,0,0,5,0,0,0,0,0,0,0,0,0,0,0,0,1
2193,326,"第89回全国競技かるた学生選手権大会(D,E)",2016-08-27,E11,E,30,30,60,5,5,1,0,0,2,2,0,0,0,2,0,4,0,0,0,0,0,0,0,0,0,0,1
2194,326,"第89回全国競技かるた学生選手権大会(D,E)",2016-08-27,E12,E,29,29,59,5,5,1,0,0,3,3,0,0,0,3,0,0,0,0,0,0,0,0,0,0,0,0,1
2195,327,第97回全国百人一首かるた競技横浜大会(E),2016-04-09,E1,E,27,27,57,5,5,1,0,0,5,5,0,0,0,5,0,2,0,0,0,0,0,0,0,0,0,0,1
2196,327,第97回全国百人一首かるた競技横浜大会(E),2016-04-09,E2,E,27,27,57,5,5,1,0,0,5,5,0,0,0,5,0,0,0,0,0,0,0,0,0,0,0,0,1
2197,327,第97回全国百人一首かるた競技横浜大会(E),2016-04-09,E3,E,28,28,58,5,5,1,0,0,4,4,0,0,0,4,0,0,0,0,0,0,0,0,0,0,0,0,1
2198,327,第97回全国百人一首かるた競技横浜大会(E),2016-04-09,E4,E,27,27,57,5,5,1,0,0,5,5,0,0,0,5,0,2,0,0,0,0,0,0,0,0,0,0,1
2199,327,第97回全国百人一首かるた競技横浜大会(E),2016-04-09,E5,E,27,27,57,5,5,1,0,0,5,5,0,0,0,5,0,0,0,0,0,0,0,0,0,0,0,0,1
2200,327,第97回全国百人一首かるた競技横浜大会(E),2016-04-09,E6,E,26,26,56,5,5,1,0,0,6,6,0,0,0,6,0,0,0,0,0,0,0,0,0,0,0,0,1
2201,328,"第27回全国競技かるた広島大会(D,E)",2016-05-03,D1,D,21,21,51,5,5,1,0,0,11,11,0,0,0,11,0,0,0,0,0,0,0,0,0,0,0,0,1
2202,328,"第27回全国競技かるた広島大会(D,E)",2016-05-03,E,E,27,27,57,5,5,1,0,0,5,5,0,0,0,5,0,0,0,0,0,0,0,0,0,0,0,0,1
2203,328,"第27回全国競技かるた広島大会(D,E)",2016-05-03,D2,D,27,27,57,5,5,1,0,0,5,5,0,0,0,5,0,2,0,0,0,0,0,0,0,0,0,0,1
2204,328,"第27回全国競技かるた広島大会(D,E)",2016-05-03,D3,D,19,19,49,5,5,1,0,0,13,13,0,0,0,13,0,0,0,0,0,0,0,0,0,0,0,0,1
2205,328,"第27回全国競技かるた広島大会(D,E)",2016-05-03,D4,D,28,28,58,5,5,1,0,0,4,4,0,0,0,6,0,0,0,0,0,0,0,0,0,0,0,0,1
2206,328,"第27回全国競技かるた広島大会(D,E)",2016-05-03,D5,D,24,24,54,5,5,1,0,0,8,8,0,0,0,8,0,0,0,0,0,0,0,0,0,0,0,0,1
2207,329,"第27回全国競技かるた広島大会(A,B,C)",2016-05-04,A,A,56,56,118,6,6,1,0,0,8,8,0,0,0,8,0,0,0,0,0,0,0,0,0,0,0,0,1
2208,329,"第27回全国競技かるた広島大会(A,B,C)",2016-05-04,B,B,79,79,205,7,7,1,0,0,49,49,0,0,0,49,0,0,0,0,0,0,0,0,0,0,0,0,1
2209,329,"第27回全国競技かるた広島大会(A,B,C)",2016-05-04,C,C,81,81,207,7,7,1,0,0,47,47,0,0,0,47,0,0,0,0,0,0,0,0,0,0,0,0,1
2210,330,第19回神奈川県かるた選手権大会,2016-11-23,D1,D,29,29,59,5,5,1,0,0,3,3,0,0,0,3,0,2,0,0,0,0,0,0,0,0,0,0,1
2211,330,第19回神奈川県かるた選手権大会,2016-11-23,E1,E,31,31,61,5,5,1,0,0,1,1,0,0,0,1,0,0,0,0,0,0,0,0,0,0,0,0,1
2212,330,第19回神奈川県かるた選手権大会,2016-11-23,F1,,27,27,57,5,5,1,0,0,5,5,0,0,0,5,0,0,0,0,0,0,0,0,0,0,0,0,1
2213,330,第19回神奈川県かるた選手権大会,2016-11-23,G1,,24,24,54,5,5,1,0,0,8,8,0,0,0,8,0,0,0,0,0,0,0,0,0,0,0,0,1
2214,330,第19回神奈川県かるた選手権大会,2016-11-23,D2,D,29,29,59,5,5,1,0,0,3,3,0,0,0,3,0,0,0,0,0,0,0,0,0,0,0,0,1
2215,330,第19回神奈川県かるた選手権大会,2016-11-23,D3,D,28,28,58,5,5,1,0,0,4,4,0,0,0,4,0,0,0,0,0,0,0,0,0,0,0,0,1
2216,330,第19回神奈川県かるた選手権大会,2016-11-23,E2,E,32,32,62,5,5,1,0,0,0,0,0,0,0,0,0,0,0,0,0,0,0,0,0,0,0,0,1
2217,330,第19回神奈川県かるた選手権大会,2016-11-23,E3,E,29,29,59,5,5,1,0,0,3,3,0,0,0,3,0,0,0,0,0,0,0,0,0,0,0,0,1
2218,330,第19回神奈川県かるた選手権大会,2016-11-23,F2,,26,26,56,5,5,1,0,0,6,6,0,0,0,6,0,0,0,0,0,0,0,0,0,0,0,0,1
2219,330,第19回神奈川県かるた選手権大会,2016-11-23,F3,,26,26,56,5,5,1,0,0,6,6,0,0,0,6,0,0,0,0,0,0,0,0,0,0,0,0,1
2220,330,第19回神奈川県かるた選手権大会,2016-11-23,G2,,26,26,56,5,5,1,0,0,6,6,0,0,0,6,0,0,0,0,0,0,0,0,0,0,0,0,1
2221,330,第19回神奈川県かるた選手権大会,2016-11-23,G3,,26,26,56,5,5,1,0,0,6,6,0,0,0,6,0,0,0,0,0,0,0,0,0,0,0,0,1
2222,330,第19回神奈川県かるた選手権大会,2016-11-23,G4,,22,22,52,5,5,1,0,0,10,10,0,0,0,10,0,0,0,0,0,0,0,0,0,0,0,0,1
2223,330,第19回神奈川県かるた選手権大会,2016-11-23,G5,,25,25,55,5,5,1,0,0,7,7,0,0,0,7,0,0,0,0,0,0,0,0,0,0,0,0,1
2224,331,"第69回全国競技かるた福井大会(C,D)",2016-06-11,C1,C,26,26,56,5,5,1,0,0,6,6,0,0,0,6,0,0,0,0,0,0,0,0,0,0,0,0,1
2225,331,"第69回全国競技かるた福井大会(C,D)",2016-06-11,D1,D,30,30,60,5,5,1,0,0,2,2,0,0,0,4,0,0,0,0,0,0,0,0,0,0,0,0,1
2226,331,"第69回全国競技かるた福井大会(C,D)",2016-06-11,C2,C,24,24,54,5,5,1,0,0,8,8,0,0,0,8,0,0,0,0,0,0,0,0,0,0,0,0,1
2227,331,"第69回全国競技かるた福井大会(C,D)",2016-06-11,C3,C,26,26,56,5,5,1,0,0,6,6,0,0,0,6,0,0,0,0,0,0,0,0,0,0,0,0,1
2228,331,"第69回全国競技かるた福井大会(C,D)",2016-06-11,C4,C,24,24,54,5,5,1,0,0,8,8,0,0,0,8,0,0,0,0,0,0,0,0,0,0,0,0,1
2229,331,"第69回全国競技かるた福井大会(C,D)",2016-06-11,D2,D,28,28,58,5,5,1,0,0,4,4,0,0,0,4,0,0,0,0,0,0,0,0,0,0,0,0,1
2230,331,"第69回全国競技かるた福井大会(C,D)",2016-06-11,D3,D,30,30,60,5,5,1,0,0,2,2,0,0,0,2,0,0,0,0,0,0,0,0,0,0,0,0,1
2231,331,"第69回全国競技かるた福井大会(C,D)",2016-06-11,D4,D,29,29,59,5,5,1,0,0,3,3,0,0,0,3,0,0,0,0,0,0,0,0,0,0,0,0,1
2232,331,"第69回全国競技かるた福井大会(C,D)",2016-06-11,D5,D,29,29,59,5,5,1,0,0,3,3,0,0,0,3,0,0,0,0,0,0,0,0,0,0,0,0,1
2233,331,"第69回全国競技かるた福井大会(C,D)",2016-06-11,D6,D,28,28,58,5,5,1,0,0,4,4,0,0,0,4,0,0,0,0,0,0,0,0,0,0,0,0,1
2234,332,"第69回全国競技かるた福井大会(A,B)",2016-06-12,A,A,67,67,193,7,7,1,0,2,63,61,0,0,0,61,0,2,0,0,0,0,0,0,0,0,0,0,1
2235,332,"第69回全国競技かるた福井大会(A,B)",2016-06-12,B,B,82,82,208,7,7,1,0,0,46,46,0,0,0,46,0,0,0,0,0,0,0,0,0,0,0,0,1
2236,333,第80回椿杯争奪全国かるた大会,2016-05-28,A,A,64,64,126,6,6,1,0,0,0,0,0,0,0,4,0,0,0,0,0,0,0,0,0,0,0,0,1
2237,333,第80回椿杯争奪全国かるた大会,2016-05-28,B1,B,42,42,104,6,6,1,0,0,22,22,0,0,0,22,0,0,0,0,0,0,0,0,0,0,0,0,1
2238,333,第80回椿杯争奪全国かるた大会,2016-05-28,C1,C,44,44,106,6,6,1,0,0,20,20,0,0,0,20,0,0,0,0,0,0,0,0,0,0,0,0,1
2239,333,第80回椿杯争奪全国かるた大会,2016-05-28,D1,D,35,35,97,6,6,1,0,0,29,29,0,0,0,29,0,0,0,0,0,0,0,0,0,0,0,0,1
2240,333,第80回椿杯争奪全国かるた大会,2016-05-28,E1,E,22,22,52,5,5,1,0,0,10,10,0,0,0,12,0,2,0,0,0,0,0,0,0,0,0,0,1
2241,333,第80回椿杯争奪全国かるた大会,2016-05-28,B2,B,40,40,102,6,6,1,0,0,24,24,0,0,0,26,0,0,0,0,0,0,0,0,0,0,0,0,1
2242,333,第80回椿杯争奪全国かるた大会,2016-05-28,C2,C,45,45,107,6,6,1,0,0,19,19,0,0,0,19,0,2,0,0,0,0,0,0,0,0,0,0,1
2243,333,第80回椿杯争奪全国かるた大会,2016-05-28,D2,D,35,35,97,6,6,1,0,0,29,29,0,0,0,29,0,0,0,0,0,0,0,0,0,0,0,0,1
2244,333,第80回椿杯争奪全国かるた大会,2016-05-28,D3,D,35,35,97,6,6,1,0,0,29,29,0,0,0,29,0,0,0,0,0,0,0,0,0,0,0,0,1
2245,333,第80回椿杯争奪全国かるた大会,2016-05-28,E2,E,21,21,51,5,5,1,0,0,11,11,0,0,0,11,0,0,0,0,0,0,0,0,0,0,0,0,1
2246,333,第80回椿杯争奪全国かるた大会,2016-05-28,E3,E,20,20,50,5,5,1,0,0,12,12,0,0,0,12,0,0,0,0,0,0,0,0,0,0,0,0,1
2247,334,第18回全国競技かるた富山大会,2016-09-17,A,A,47,47,109,6,6,1,0,0,17,17,0,0,0,21,0,0,0,0,0,0,0,0,0,0,0,0,1
2248,334,第18回全国競技かるた富山大会,2016-09-17,B,B,90,90,216,7,7,1,0,0,38,38,0,0,0,38,0,0,0,0,0,0,0,0,0,0,0,0,1
2249,334,第18回全国競技かるた富山大会,2016-09-17,C1,C,36,36,98,6,6,1,0,0,28,28,0,0,0,28,0,0,0,0,0,0,0,0,0,0,0,0,1
2250,334,第18回全国競技かるた富山大会,2016-09-17,D1,D,52,52,114,6,6,1,0,0,12,12,0,0,0,12,0,0,0,0,0,0,0,0,0,0,0,0,1
2251,334,第18回全国競技かるた富山大会,2016-09-17,C2,C,35,35,97,6,6,1,0,0,29,29,0,0,0,29,0,0,0,0,0,0,0,0,0,0,0,0,1
2252,334,第18回全国競技かるた富山大会,2016-09-17,D2,D,52,52,114,6,6,1,0,0,12,12,0,0,0,12,0,0,0,0,0,0,0,0,0,0,0,0,1
2253,334,第18回全国競技かるた富山大会,2016-09-17,D3,D,48,48,110,6,6,1,0,0,16,16,0,0,0,16,0,0,0,0,0,0,0,0,0,0,0,0,1
2254,335,第55回全日本かるた選手権大会,2016-04-17,A,A,93,93,219,7,7,1,0,0,35,35,0,0,0,35,0,0,0,0,0,0,0,0,0,0,0,0,1
2255,336,第30回全国かるたさがみ野大会(E),2016-05-08,E1,E,21,21,51,5,5,1,0,0,11,11,0,0,0,11,0,0,0,0,0,0,0,0,0,0,0,0,1
2256,336,第30回全国かるたさがみ野大会(E),2016-05-08,E2,E,24,24,54,5,5,1,0,0,8,8,0,0,0,8,0,0,0,0,0,0,0,0,0,0,0,0,1
2257,336,第30回全国かるたさがみ野大会(E),2016-05-08,E3,E,21,21,51,5,5,1,0,0,11,11,0,0,0,11,0,2,0,0,0,0,0,0,0,0,0,0,1
2258,336,第30回全国かるたさがみ野大会(E),2016-05-08,E4,E,25,25,55,5,5,1,0,0,7,7,0,0,0,7,0,0,0,0,0,0,0,0,0,0,0,0,1
2259,336,第30回全国かるたさがみ野大会(E),2016-05-08,E5,E,23,23,53,5,5,1,0,0,9,9,0,0,0,11,0,0,0,0,0,0,0,0,0,0,0,0,1
2260,336,第30回全国かるたさがみ野大会(E),2016-05-08,E6,E,20,20,50,5,5,1,0,0,12,12,0,0,0,12,0,0,0,0,0,0,0,0,0,0,0,0,1
2261,337,"第40回宗像大社小倉百人一首競技かるた大会(A,B)",2016-06-26,A,A,56,56,118,6,6,1,0,0,8,8,0,0,0,8,0,0,0,0,0,0,0,0,0,0,0,0,1
2262,337,"第40回宗像大社小倉百人一首競技かるた大会(A,B)",2016-06-26,B1,B,43,43,105,6,6,1,0,0,21,21,0,0,0,21,0,0,0,0,0,0,0,0,0,0,0,0,1
2263,337,"第40回宗像大社小倉百人一首競技かるた大会(A,B)",2016-06-26,B2,B,42,42,104,6,6,1,0,0,22,22,0,0,0,22,0,0,0,0,0,0,0,0,0,0,0,0,1
2264,338,第40回宗像大社小倉百人一首競技かるた大会(D),2016-06-18,D1,D,27,27,57,5,5,1,0,0,5,5,0,0,0,5,0,2,0,0,0,0,0,0,0,0,0,0,1
2265,338,第40回宗像大社小倉百人一首競技かるた大会(D),2016-06-18,D2,D,28,28,58,5,5,1,0,0,4,4,0,0,0,4,0,0,0,0,0,0,0,0,0,0,0,0,1
2266,338,第40回宗像大社小倉百人一首競技かるた大会(D),2016-06-18,D3,D,27,27,57,5,5,1,0,0,5,5,0,0,0,5,0,0,0,0,0,0,0,0,0,0,0,0,1
2267,338,第40回宗像大社小倉百人一首競技かるた大会(D),2016-06-18,D4,D,23,23,53,5,5,1,0,0,9,9,0,0,0,9,0,2,0,0,0,0,0,0,0,0,0,0,1
2268,338,第40回宗像大社小倉百人一首競技かるた大会(D),2016-06-18,D5,D,29,29,59,5,5,1,0,0,3,3,0,0,0,3,0,4,0,0,0,0,0,0,0,0,0,0,1
2269,338,第40回宗像大社小倉百人一首競技かるた大会(D),2016-06-18,D6,D,28,28,58,5,5,1,0,0,4,4,0,0,0,4,0,0,0,0,0,0,0,0,0,0,0,0,1
2270,339,"第45回全国かるた競技宇佐神宮大会(D,E)",2016-11-27,D1,D,29,29,59,5,5,1,0,0,3,3,0,0,0,3,0,0,0,0,0,0,0,0,0,0,0,0,1
2271,339,"第45回全国かるた競技宇佐神宮大会(D,E)",2016-11-27,E1,E,27,27,57,5,5,1,0,0,5,5,0,0,0,5,0,0,0,0,0,0,0,0,0,0,0,0,1
2272,339,"第45回全国かるた競技宇佐神宮大会(D,E)",2016-11-27,D2,D,24,24,54,5,5,1,0,0,8,8,0,0,0,8,0,0,0,0,0,0,0,0,0,0,0,0,1
2273,339,"第45回全国かるた競技宇佐神宮大会(D,E)",2016-11-27,E2,E,25,25,55,5,5,1,0,0,7,7,0,0,0,7,0,0,0,0,0,0,0,0,0,0,0,0,1
2274,339,"第45回全国かるた競技宇佐神宮大会(D,E)",2016-11-27,D3,D,25,25,55,5,5,1,0,0,7,7,0,0,0,7,0,0,0,0,0,0,0,0,0,0,0,0,1
2275,340,第17回百人一首競技かるた杉並大会,2016-06-12,D1,D,29,29,59,5,5,1,0,0,3,3,0,0,0,3,0,0,0,0,0,0,0,0,0,0,0,0,1
2276,340,第17回百人一首競技かるた杉並大会,2016-06-12,E1,E,29,29,59,5,5,1,0,0,3,3,0,0,0,3,0,0,0,0,0,0,0,0,0,0,0,0,1
2277,340,第17回百人一首競技かるた杉並大会,2016-06-12,F1,,37,37,86,6,6,1,0,0,14,14,0,0,0,14,0,0,0,0,0,0,0,0,0,0,0,0,1
2278,340,第17回百人一首競技かるた杉並大会,2016-06-12,D2,D,32,32,62,5,5,1,0,0,0,0,0,0,0,0,0,0,0,0,0,0,0,0,0,0,0,0,1
2279,340,第17回百人一首競技かるた杉並大会,2016-06-12,D3,D,30,30,60,5,5,1,0,0,2,2,0,0,0,2,0,2,0,0,0,0,0,0,0,0,0,0,1
2280,340,第17回百人一首競技かるた杉並大会,2016-06-12,D4,D,29,29,59,5,5,1,0,0,3,3,0,0,0,3,0,0,0,0,0,0,0,0,0,0,0,0,1
2281,340,第17回百人一首競技かるた杉並大会,2016-06-12,E2,E,31,31,61,5,5,1,0,0,1,1,0,0,0,1,0,2,0,0,0,0,0,0,0,0,0,0,1
2282,340,第17回百人一首競技かるた杉並大会,2016-06-12,E3,E,30,30,60,5,5,1,0,0,2,2,0,0,0,2,0,0,0,0,0,0,0,0,0,0,0,0,1
2283,340,第17回百人一首競技かるた杉並大会,2016-06-12,E4,E,28,28,58,5,5,1,0,0,4,4,0,0,0,4,0,0,0,0,0,0,0,0,0,0,0,0,1
2284,340,第17回百人一首競技かるた杉並大会,2016-06-12,F2,,36,36,84,6,6,1,0,0,14,14,0,0,0,14,0,0,0,0,0,0,0,0,0,0,0,0,1
2285,340,第17回百人一首競技かるた杉並大会,2016-06-12,F3,,36,36,84,6,6,1,0,0,14,14,0,0,0,16,0,2,0,0,0,0,0,0,0,0,0,0,1
2286,340,第17回百人一首競技かるた杉並大会,2016-06-12,F4,,37,37,86,6,6,1,0,0,14,14,0,0,0,14,0,0,0,0,0,0,0,0,0,0,0,0,1
2287,341,第24回人麿の里・全国競技かるた益田大会,2016-08-07,A,A,46,46,108,6,6,1,0,0,18,18,0,0,0,18,0,0,0,0,0,0,0,0,0,0,0,0,1
2288,341,第24回人麿の里・全国競技かるた益田大会,2016-08-07,B,B,78,78,204,7,7,1,0,0,50,50,0,0,0,50,0,0,0,0,0,0,0,0,0,0,0,0,1
2289,341,第24回人麿の里・全国競技かるた益田大会,2016-08-07,C,C,74,74,200,7,7,1,0,0,54,54,0,0,0,54,0,0,0,0,0,0,0,0,0,0,0,0,1
2290,341,第24回人麿の里・全国競技かるた益田大会,2016-08-07,D1,D,27,27,57,5,5,1,0,0,5,5,0,0,0,5,0,0,0,0,0,0,0,0,0,0,0,0,1
2291,341,第24回人麿の里・全国競技かるた益田大会,2016-08-07,D2,D,27,27,57,5,5,1,0,0,5,5,0,0,0,5,0,0,0,0,0,0,0,0,0,0,0,0,1
2292,341,第24回人麿の里・全国競技かるた益田大会,2016-08-07,D3,D,26,26,56,5,5,1,0,0,6,6,0,0,0,6,0,0,0,0,0,0,0,0,0,0,0,0,1
2293,341,第24回人麿の里・全国競技かるた益田大会,2016-08-07,D4,D,25,25,55,5,5,1,0,0,7,7,0,0,0,7,0,0,0,0,0,0,0,0,0,0,0,0,1
2294,341,第24回人麿の里・全国競技かるた益田大会,2016-08-07,D5,D,24,24,54,5,5,1,0,0,8,8,0,0,0,8,0,0,0,0,0,0,0,0,0,0,0,0,1
2295,342,第49回神奈川県かるた大会,2016-07-17,F1,,22,22,52,5,5,1,0,0,10,10,0,0,0,10,0,0,0,0,0,0,0,0,0,0,0,0,1
2296,342,第49回神奈川県かるた大会,2016-07-17,G1,,22,22,52,5,5,1,0,0,10,10,0,0,0,10,0,0,0,0,0,0,0,0,0,0,0,0,1
2297,342,第49回神奈川県かるた大会,2016-07-17,F2,,22,22,52,5,5,1,0,0,10,10,0,0,0,10,0,0,0,0,0,0,0,0,0,0,0,0,1
2298,342,第49回神奈川県かるた大会,2016-07-17,F3,,25,25,55,5,5,1,0,0,7,7,0,0,0,7,0,0,0,0,0,0,0,0,0,0,0,0,1
2299,342,第49回神奈川県かるた大会,2016-07-17,F4,,24,24,54,5,5,1,0,0,8,8,0,0,0,8,0,2,0,0,0,0,0,0,0,0,0,0,1
2300,342,第49回神奈川県かるた大会,2016-07-17,G2,,25,25,55,5,5,1,0,0,7,7,0,0,0,7,0,0,0,0,0,0,0,0,0,0,0,0,1
2301,342,第49回神奈川県かるた大会,2016-07-17,G3,,21,21,51,5,5,1,0,0,11,11,0,0,0,11,0,0,0,0,0,0,0,0,0,0,0,0,1
2302,342,第49回神奈川県かるた大会,2016-07-17,G4,,24,24,54,5,5,1,0,0,8,8,0,0,0,8,0,0,0,0,0,0,0,0,0,0,0,0,1
2303,342,第49回神奈川県かるた大会,2016-07-17,G5,,25,25,55,5,5,1,0,0,7,7,0,0,0,7,0,0,0,0,0,0,0,0,0,0,0,0,1
2304,342,第49回神奈川県かるた大会,2016-07-17,G6,,26,26,56,5,5,1,0,0,6,6,0,0,0,8,0,0,0,0,0,0,0,0,0,0,0,0,1
2305,342,第49回神奈川県かるた大会,2016-07-17,G7,,20,20,50,5,5,1,0,0,12,12,0,0,0,12,0,0,0,0,0,0,0,0,0,0,0,0,1
2306,342,第49回神奈川県かるた大会,2016-07-17,G8,,23,23,53,5,5,1,0,0,9,9,0,0,0,9,0,0,0,0,0,0,0,0,0,0,0,0,1
2307,343,"第4回全国競技かるた山口大会(D,E)",2016-12-23,D1,D,28,28,58,5,5,1,0,0,4,4,0,0,0,4,0,0,0,0,0,0,0,0,0,0,0,0,1
2308,343,"第4回全国競技かるた山口大会(D,E)",2016-12-23,E1,E,30,30,60,5,5,1,0,0,2,2,0,0,0,2,0,0,0,0,0,0,0,0,0,0,0,0,1
2309,343,"第4回全国競技かるた山口大会(D,E)",2016-12-23,D2,D,24,24,54,5,5,1,0,0,8,8,0,0,0,8,0,0,0,0,0,0,0,0,0,0,0,0,1
2310,343,"第4回全国競技かるた山口大会(D,E)",2016-12-23,D3,D,28,28,58,5,5,1,0,0,4,4,0,0,0,4,0,0,0,0,0,0,0,0,0,0,0,0,1
2311,343,"第4回全国競技かるた山口大会(D,E)",2016-12-23,D4,D,29,29,59,5,5,1,0,0,3,3,0,0,0,3,0,0,0,0,0,0,0,0,0,0,0,0,1
2312,343,"第4回全国競技かるた山口大会(D,E)",2016-12-23,E2,E,30,30,60,5,5,1,0,0,2,2,0,0,0,2,0,0,0,0,0,0,0,0,0,0,0,0,1
2313,344,第4回渡邊雅大杯争奪かるた競技大会,2016-09-11,E1,E,23,23,53,5,5,1,0,0,9,9,0,0,0,9,0,0,0,0,0,0,0,0,0,0,0,0,1
2314,344,第4回渡邊雅大杯争奪かるた競技大会,2016-09-11,F1,,22,22,49,5,5,1,0,0,7,7,0,0,0,7,0,0,0,0,0,0,0,0,0,0,0,0,1
2315,344,第4回渡邊雅大杯争奪かるた競技大会,2016-09-11,G1,,22,22,52,5,5,1,0,0,10,10,0,0,0,10,0,0,0,0,0,0,0,0,0,0,0,0,1
2316,344,第4回渡邊雅大杯争奪かるた競技大会,2016-09-11,E2,E,19,19,49,5,5,1,0,0,13,13,0,0,0,13,0,0,0,0,0,0,0,0,0,0,0,0,1
2317,344,第4回渡邊雅大杯争奪かるた競技大会,2016-09-11,E3,E,22,22,52,5,5,1,0,0,10,10,0,0,0,10,0,0,0,0,0,0,0,0,0,0,0,0,1
2318,344,第4回渡邊雅大杯争奪かるた競技大会,2016-09-11,E4,E,23,23,53,5,5,1,0,0,9,9,0,0,0,9,0,0,0,0,0,0,0,0,0,0,0,0,1
2319,344,第4回渡邊雅大杯争奪かるた競技大会,2016-09-11,F2,,21,21,51,5,5,1,0,0,11,11,0,0,0,11,0,0,0,0,0,0,0,0,0,0,0,0,1
2320,344,第4回渡邊雅大杯争奪かるた競技大会,2016-09-11,F3,,19,19,48,5,5,1,0,0,12,12,0,0,0,12,0,0,0,0,0,0,0,0,0,0,0,0,1
2321,344,第4回渡邊雅大杯争奪かるた競技大会,2016-09-11,G2,,19,19,49,5,5,1,0,0,13,13,0,0,0,15,0,0,0,0,0,0,0,0,0,0,0,0,1
2322,344,第4回渡邊雅大杯争奪かるた競技大会,2016-09-11,G3,,26,26,56,5,5,1,0,0,6,6,0,0,0,6,0,0,0,0,0,0,0,0,0,0,0,0,1
2323,344,第4回渡邊雅大杯争奪かるた競技大会,2016-09-11,G4,,24,24,54,5,5,1,0,0,8,8,0,0,0,8,0,0,0,0,0,0,0,0,0,0,0,0,1
2324,344,第4回渡邊雅大杯争奪かるた競技大会,2016-09-11,G5,,18,18,48,5,5,1,0,0,14,14,0,0,0,14,0,0,0,0,0,0,0,0,0,0,0,0,1
2325,345,熊本復興支援シャリテ大会(C),2016-09-03,C1,C,59,59,121,6,6,1,0,0,5,5,0,0,0,5,0,0,0,0,0,0,0,0,0,0,0,0,1
2326,345,熊本復興支援シャリテ大会(C),2016-09-03,C2,C,55,55,117,6,6,1,0,0,9,9,0,0,0,9,0,0,0,0,0,0,0,0,0,0,0,0,1
2327,345,熊本復興支援シャリテ大会(C),2016-09-03,C3,C,57,57,119,6,6,1,0,0,7,7,0,0,0,9,0,0,0,0,0,0,0,0,0,0,0,0,1
2328,346,熊本復興支援シャリテ大会(A),2016-09-04,A,A,88,88,214,7,7,1,0,0,40,40,0,0,0,40,0,0,0,0,0,0,0,0,0,0,0,0,1
2329,347,熊本復興支援シャリテ大会(B)(1日目),2016-10-09,B,B,109,109,227,7,7,1,0,0,11,11,0,0,0,11,0,0,0,0,0,0,0,0,0,0,0,0,1
2330,348,熊本復興支援シャリテ大会(B)(2日目),2016-10-10,B,B,88,88,195,7,7,1,0,0,21,21,0,0,0,25,0,0,0,0,0,0,0,0,0,0,0,0,1
2331,349,第27回全国かるた競技水沢大会,2016-09-25,A,A,63,63,125,6,6,1,0,0,1,1,0,0,0,1,0,0,0,0,0,0,0,0,0,0,0,0,1
2332,349,第27回全国かるた競技水沢大会,2016-09-25,B,B,59,59,121,6,6,1,0,0,5,5,0,0,0,5,0,0,0,0,0,0,0,0,0,0,0,0,1
2333,349,第27回全国かるた競技水沢大会,2016-09-25,C,C,48,48,110,6,6,1,0,0,16,16,0,0,0,18,0,0,0,0,0,0,0,0,0,0,0,0,1
2334,349,第27回全国かるた競技水沢大会,2016-09-25,D1,D,30,30,60,5,5,1,0,0,2,2,0,0,0,2,0,0,0,0,0,0,0,0,0,0,0,0,1
2335,349,第27回全国かるた競技水沢大会,2016-09-25,E1,E,23,23,53,5,5,1,0,0,9,9,0,0,0,9,0,0,0,0,0,0,0,0,0,0,0,0,1
2336,349,第27回全国かるた競技水沢大会,2016-09-25,E2,E,24,24,54,5,5,1,0,0,8,8,0,0,0,8,0,2,0,0,0,0,0,0,0,0,0,0,1
2337,349,第27回全国かるた競技水沢大会,2016-09-25,D2,D,31,31,61,5,5,1,0,0,1,1,0,0,0,3,0,0,0,0,0,0,0,0,0,0,0,0,1
2338,349,第27回全国かるた競技水沢大会,2016-09-25,D3,D,31,31,61,5,5,1,0,0,1,1,0,0,0,1,0,0,0,0,0,0,0,0,0,0,0,0,1
2339,350,"第7回全国競技かるた岡山大会(A,B,C)",2016-11-27,A,A,58,58,120,6,6,1,0,0,6,6,0,0,0,6,0,0,0,0,0,0,0,0,0,0,0,0,1
2340,350,"第7回全国競技かるた岡山大会(A,B,C)",2016-11-27,B,B,93,93,219,7,7,1,0,0,35,35,0,0,0,35,0,0,0,0,0,0,0,0,0,0,0,0,1
2341,350,"第7回全国競技かるた岡山大会(A,B,C)",2016-11-27,C1,C,42,42,104,6,6,1,0,0,22,22,0,0,0,22,0,0,0,0,0,0,0,0,0,0,0,0,1
2342,350,"第7回全国競技かるた岡山大会(A,B,C)",2016-11-27,C2,C,40,40,101,6,6,1,0,0,23,23,0,0,0,23,0,0,0,2,0,0,0,0,0,0,0,0,1
2343,351,"第7回全国競技かるた岡山大会(D,E)",2016-11-26,D1,D,32,32,62,5,5,1,0,0,0,0,0,0,0,0,0,2,0,0,0,0,0,0,0,0,0,0,1
2344,351,"第7回全国競技かるた岡山大会(D,E)",2016-11-26,E1,E,24,24,54,5,5,1,0,0,8,8,0,0,0,8,0,2,0,0,0,0,0,0,0,0,0,0,1
2345,351,"第7回全国競技かるた岡山大会(D,E)",2016-11-26,D2,D,33,33,95,6,6,1,0,0,31,31,0,0,0,31,0,0,0,0,0,0,0,0,0,0,0,0,1
2346,351,"第7回全国競技かるた岡山大会(D,E)",2016-11-26,E2,E,22,22,52,5,5,1,0,0,10,10,0,0,0,10,0,0,0,0,0,0,0,0,0,0,0,0,1
2347,351,"第7回全国競技かるた岡山大会(D,E)",2016-11-26,D3,D,32,32,62,5,5,1,0,0,0,0,0,0,0,0,0,0,0,0,0,0,0,0,0,0,0,0,1
2348,351,"第7回全国競技かるた岡山大会(D,E)",2016-11-26,D4,D,32,32,62,5,5,1,0,0,0,0,0,0,0,0,0,0,0,0,0,0,0,0,0,0,0,0,1
2349,352,熊本・大分復興支援シャリテ全国競技かるた酒田大会,2016-11-13,A,A,31,31,61,5,5,1,0,0,1,1,0,0,0,1,0,0,0,0,0,0,0,0,0,0,0,0,1
2350,352,熊本・大分復興支援シャリテ全国競技かるた酒田大会,2016-11-13,B,B,42,42,104,6,6,1,0,0,22,22,0,0,0,22,0,0,0,0,0,0,0,0,0,0,0,0,1
2351,352,熊本・大分復興支援シャリテ全国競技かるた酒田大会,2016-11-13,C,C,39,39,99,6,6,1,0,0,23,23,0,0,0,23,0,0,0,2,0,0,0,0,0,0,0,0,1
2352,352,熊本・大分復興支援シャリテ全国競技かるた酒田大会,2016-11-13,D1,D,25,25,55,5,5,1,0,0,7,7,0,0,0,7,0,0,0,0,0,0,0,0,0,0,0,0,1
2353,352,熊本・大分復興支援シャリテ全国競技かるた酒田大会,2016-11-13,E1,E,16,16,30,4,4,1,0,0,0,0,0,0,0,0,0,0,0,0,0,0,0,0,0,0,0,0,1
2354,352,熊本・大分復興支援シャリテ全国競技かるた酒田大会,2016-11-13,F,,16,16,30,4,4,1,0,0,0,0,0,0,0,0,0,0,0,0,0,0,0,0,0,0,0,0,1
2355,352,熊本・大分復興支援シャリテ全国競技かるた酒田大会,2016-11-13,D2,D,30,30,60,5,5,1,0,0,2,2,0,0,0,2,0,0,0,0,0,0,0,0,0,0,0,0,1
2356,352,熊本・大分復興支援シャリテ全国競技かるた酒田大会,2016-11-13,E2,E,16,16,30,4,4,1,0,0,0,0,0,0,0,0,0,0,0,0,0,0,0,0,0,0,0,0,1
2357,353,第1回全国競技かるた福島大会,2016-12-04,A,A,43,43,105,6,6,1,0,0,21,21,0,0,0,21,0,0,0,0,0,0,0,0,0,0,0,0,1
2358,353,第1回全国競技かるた福島大会,2016-12-04,B,B,62,62,124,6,6,1,0,0,2,2,0,0,0,2,0,0,0,0,0,0,0,0,0,0,0,0,1
2359,353,第1回全国競技かるた福島大会,2016-12-04,C1,C,30,30,60,5,5,1,0,0,2,2,0,0,0,6,0,0,0,0,0,0,0,0,0,0,0,0,1
2360,353,第1回全国競技かるた福島大会,2016-12-04,D1,D,31,31,61,5,5,1,0,0,1,1,0,0,0,1,0,0,0,0,0,0,0,0,0,0,0,0,1
2361,353,第1回全国競技かるた福島大会,2016-12-04,C2,C,32,32,62,5,5,1,0,0,0,0,0,1,0,4,0,0,0,0,0,0,0,1,0,0,0,0,1
2362,353,第1回全国競技かるた福島大会,2016-12-04,D2,D,32,32,62,5,5,1,0,0,0,0,0,4,0,4,0,0,0,0,0,0,0,1,0,0,0,0,1
2363,354,"第67回全国競技かるた東京白妙大会(B,C)",2017-10-28,B1,B,100,100,226,7,7,1,0,0,28,28,0,0,0,30,0,0,0,0,0,0,0,0,0,0,0,0,1
2364,354,"第67回全国競技かるた東京白妙大会(B,C)",2017-10-28,C1,C,51,51,113,6,6,1,0,0,13,13,0,0,0,17,0,0,0,0,0,0,0,0,0,0,0,0,1
2365,354,"第67回全国競技かるた東京白妙大会(B,C)",2017-10-28,B2,B,99,99,225,7,7,1,0,0,29,29,0,0,0,29,0,0,0,0,0,0,0,0,0,0,0,0,1
2366,354,"第67回全国競技かるた東京白妙大会(B,C)",2017-10-28,C2,C,49,49,111,6,6,1,0,0,15,15,0,0,0,15,0,0,0,0,0,0,0,0,0,0,0,0,1
2367,354,"第67回全国競技かるた東京白妙大会(B,C)",2017-10-28,C3,C,52,52,114,6,6,1,0,0,12,12,0,0,0,12,0,0,0,0,0,0,0,0,0,0,0,0,1
2368,354,"第67回全国競技かるた東京白妙大会(B,C)",2017-10-28,C4,C,49,49,111,6,6,1,0,0,15,15,0,0,0,17,0,0,0,0,0,0,0,0,0,0,0,0,1
2369,354,"第67回全国競技かるた東京白妙大会(B,C)",2017-10-28,C5,C,49,49,111,6,6,1,0,0,15,15,0,0,0,15,0,0,0,0,0,0,0,0,0,0,0,0,1
2370,355,第30回全国競技かるた東大阪大会(A),2017-10-01,A,A,61,61,123,6,6,1,0,2,5,3,0,0,0,3,0,2,0,0,0,0,0,0,0,0,0,0,1
2371,356,第2回全国競技かるた福島大会,2017-12-03,A,A,62,62,124,6,6,1,0,0,2,2,0,0,0,2,0,0,0,0,0,0,0,0,0,0,0,0,1
2372,356,第2回全国競技かるた福島大会,2017-12-03,B,B,62,62,124,6,6,1,0,0,2,2,0,0,0,2,0,0,0,0,0,0,0,0,0,0,0,0,1
2373,356,第2回全国競技かるた福島大会,2017-12-03,C1,C,28,28,58,5,5,1,0,0,4,4,0,0,0,6,0,0,0,0,0,0,0,0,0,0,0,0,1
2374,356,第2回全国競技かるた福島大会,2017-12-03,D1,D,31,31,61,5,5,1,0,0,1,1,0,0,0,1,0,0,0,0,0,0,0,0,0,0,0,0,1
2375,356,第2回全国競技かるた福島大会,2017-12-03,C2,C,29,29,59,5,5,1,0,0,3,3,0,0,0,7,0,0,0,0,0,0,0,0,0,0,0,0,1
2376,356,第2回全国競技かるた福島大会,2017-12-03,D2,D,31,31,61,5,5,1,0,0,1,1,0,0,0,1,0,0,0,0,0,0,0,0,0,0,0,0,1
2377,357,第5回渡邉雅大杯競技かるた大会,2017-09-10,E1,E,22,22,52,5,5,1,0,0,10,10,0,0,0,10,0,0,0,0,0,0,0,0,0,0,0,0,1
2378,357,第5回渡邉雅大杯競技かるた大会,2017-09-10,F1,,22,22,52,5,5,1,0,0,10,10,0,0,0,10,0,0,0,0,0,0,0,0,0,0,0,0,1
2379,357,第5回渡邉雅大杯競技かるた大会,2017-09-10,G1,,18,18,48,5,5,1,0,0,14,14,0,0,0,14,0,0,0,0,0,0,0,0,0,0,0,0,1
2380,357,第5回渡邉雅大杯競技かるた大会,2017-09-10,E2,E,21,21,51,5,5,1,0,0,11,11,0,0,0,11,0,0,0,0,0,0,0,0,0,0,0,0,1
2381,357,第5回渡邉雅大杯競技かるた大会,2017-09-10,E3,E,21,21,51,5,5,1,0,0,11,11,0,0,0,11,0,0,0,0,0,0,0,0,0,0,0,0,1
2382,357,第5回渡邉雅大杯競技かるた大会,2017-09-10,F2,,23,23,53,5,5,1,0,0,9,9,0,0,0,9,0,0,0,0,0,0,0,0,0,0,0,0,1
2383,357,第5回渡邉雅大杯競技かるた大会,2017-09-10,G2,,18,18,48,5,5,1,0,0,14,14,0,0,0,14,0,0,0,0,0,0,0,0,0,0,0,0,1
2384,357,第5回渡邉雅大杯競技かるた大会,2017-09-10,G3,,18,18,48,5,5,1,0,0,14,14,0,0,0,14,0,0,0,0,0,0,0,0,0,0,0,0,1
2385,357,第5回渡邉雅大杯競技かるた大会,2017-09-10,G4,,18,18,48,5,5,1,0,0,14,14,0,0,0,14,0,0,0,0,0,0,0,0,0,0,0,0,1
2386,357,第5回渡邉雅大杯競技かるた大会,2017-09-10,G5,,18,18,48,5,5,1,0,0,14,14,0,0,0,14,0,0,0,0,0,0,0,0,0,0,0,0,1
2387,358,"第66回高松宮記念杯近江神宮全国競技かるた大会(A,B)",2017-01-08,A,A,85,85,211,7,7,1,0,0,43,43,0,0,0,43,0,0,0,0,0,0,0,0,0,0,0,0,1
2388,358,"第66回高松宮記念杯近江神宮全国競技かるた大会(A,B)",2017-01-08,B1,B,81,81,207,7,7,1,0,0,47,47,0,0,0,47,0,0,0,0,0,0,0,0,0,0,0,0,1
2389,358,"第66回高松宮記念杯近江神宮全国競技かるた大会(A,B)",2017-01-08,B2,B,78,78,204,7,7,1,0,0,50,50,0,0,0,50,0,0,0,0,0,0,0,0,0,0,0,0,1
2390,358,"第66回高松宮記念杯近江神宮全国競技かるた大会(A,B)",2017-01-08,C1,C,40,40,102,6,6,1,0,0,24,24,0,0,0,24,0,0,0,0,0,0,0,0,0,0,0,0,1
2391,358,"第66回高松宮記念杯近江神宮全国競技かるた大会(A,B)",2017-01-08,C2,C,39,39,101,6,6,1,0,0,25,25,0,0,0,25,0,0,0,0,0,0,0,0,0,0,0,0,1
2392,358,"第66回高松宮記念杯近江神宮全国競技かるた大会(A,B)",2017-01-08,C3,C,43,43,105,6,6,1,0,0,21,21,0,0,0,21,0,0,0,0,0,0,0,0,0,0,0,0,1
2393,358,"第66回高松宮記念杯近江神宮全国競技かるた大会(A,B)",2017-01-08,C4,C,43,43,105,6,6,1,0,0,21,21,0,0,0,21,0,0,0,0,0,0,0,0,0,0,0,0,1
2394,358,"第66回高松宮記念杯近江神宮全国競技かるた大会(A,B)",2017-01-08,C5,C,38,38,100,6,6,1,0,0,26,26,0,0,0,26,0,0,0,0,0,0,0,0,0,0,0,0,1
2395,359,第66回高松宮記念杯近江神宮全国競技かるた大会(D),2017-01-09,D1,D,41,41,103,6,6,1,0,0,23,23,0,0,0,23,0,0,0,0,0,0,0,0,0,0,0,0,1
2396,359,第66回高松宮記念杯近江神宮全国競技かるた大会(D),2017-01-09,D2,D,40,40,102,6,6,1,0,0,24,24,0,0,0,24,0,0,0,0,0,0,0,0,0,0,0,0,1
2397,359,第66回高松宮記念杯近江神宮全国競技かるた大会(D),2017-01-09,D3,D,38,38,100,6,6,1,0,0,26,26,0,0,0,26,0,0,0,0,0,0,0,0,0,0,0,0,1
2398,359,第66回高松宮記念杯近江神宮全国競技かるた大会(D),2017-01-09,D4,D,41,41,103,6,6,1,0,0,23,23,0,0,0,23,0,0,0,0,0,0,0,0,0,0,0,0,1
2399,359,第66回高松宮記念杯近江神宮全国競技かるた大会(D),2017-01-09,D5,D,40,40,102,6,6,1,0,0,24,24,0,0,0,24,0,0,0,0,0,0,0,0,0,0,0,0,1
2400,359,第66回高松宮記念杯近江神宮全国競技かるた大会(D),2017-01-09,D6,D,41,41,103,6,6,1,0,0,23,23,0,0,0,23,0,0,0,0,0,0,0,0,0,0,0,0,1
2401,359,第66回高松宮記念杯近江神宮全国競技かるた大会(D),2017-01-09,D7,D,41,41,103,6,6,1,0,0,23,23,0,0,0,23,0,0,0,0,0,0,0,0,0,0,0,0,1
2402,359,第66回高松宮記念杯近江神宮全国競技かるた大会(D),2017-01-09,D8,D,42,42,104,6,6,1,0,0,22,22,0,0,0,22,0,2,0,0,0,0,0,0,0,0,0,0,1
2403,359,第66回高松宮記念杯近江神宮全国競技かるた大会(D),2017-01-09,E1,E,70,70,194,6,6,1,0,0,58,58,0,0,0,58,0,2,0,0,0,0,0,0,0,0,0,16,0
2404,359,第66回高松宮記念杯近江神宮全国競技かるた大会(D),2017-01-09,E2,E,72,72,162,5,5,1,0,0,24,24,0,0,0,24,0,0,0,0,0,0,0,0,0,0,0,24,0
2405,359,第66回高松宮記念杯近江神宮全国競技かるた大会(D),2017-01-09,E3,E,95,95,217,6,6,1,0,0,33,33,0,0,0,33,0,0,0,0,0,0,0,0,0,0,0,24,0
2406,360,"藤原定家卿小倉百人一首撰定記念第70回全国競技かるた京都大会(C,D,E)",2017-01-15,C1,C,43,43,105,6,6,1,0,0,21,21,0,0,0,23,0,0,0,0,0,0,0,0,0,0,0,0,1
2407,360,"藤原定家卿小倉百人一首撰定記念第70回全国競技かるた京都大会(C,D,E)",2017-01-15,D1,D,38,38,100,6,6,1,0,0,26,26,0,0,0,26,0,0,0,0,0,0,0,0,0,0,0,0,1
2408,360,"藤原定家卿小倉百人一首撰定記念第70回全国競技かるた京都大会(C,D,E)",2017-01-15,E1,E,20,20,50,5,5,1,0,0,12,12,0,0,0,12,0,0,0,0,0,0,0,0,0,0,0,0,1
2409,360,"藤原定家卿小倉百人一首撰定記念第70回全国競技かるた京都大会(C,D,E)",2017-01-15,C2,C,46,46,108,6,6,1,0,0,18,18,0,0,0,20,0,0,0,0,0,0,0,0,0,0,0,0,1
2410,360,"藤原定家卿小倉百人一首撰定記念第70回全国競技かるた京都大会(C,D,E)",2017-01-15,C3,C,43,43,105,6,6,1,0,0,21,21,0,0,0,23,0,0,0,0,0,0,0,0,0,0,0,0,1
2411,360,"藤原定家卿小倉百人一首撰定記念第70回全国競技かるた京都大会(C,D,E)",2017-01-15,D2,D,36,36,98,6,6,1,0,0,28,28,0,0,0,30,0,0,0,0,0,0,0,0,0,0,0,0,1
2412,360,"藤原定家卿小倉百人一首撰定記念第70回全国競技かるた京都大会(C,D,E)",2017-01-15,D3,D,39,39,101,6,6,1,0,0,25,25,0,0,0,29,0,0,0,0,0,0,0,0,0,0,0,0,1
2413,360,"藤原定家卿小倉百人一首撰定記念第70回全国競技かるた京都大会(C,D,E)",2017-01-15,D4,D,41,41,103,6,6,1,0,0,23,23,0,0,0,27,0,0,0,0,0,0,0,0,0,0,0,0,1
2414,360,"藤原定家卿小倉百人一首撰定記念第70回全国競技かるた京都大会(C,D,E)",2017-01-15,D5,D,36,36,98,6,6,1,0,0,28,28,0,0,0,30,0,0,0,0,0,0,0,0,0,0,0,0,1
2415,360,"藤原定家卿小倉百人一首撰定記念第70回全国競技かるた京都大会(C,D,E)",2017-01-15,D6,D,37,37,99,6,6,1,0,0,27,27,0,0,0,29,0,0,0,0,0,0,0,0,0,0,0,0,1
2416,360,"藤原定家卿小倉百人一首撰定記念第70回全国競技かるた京都大会(C,D,E)",2017-01-15,E2,E,24,24,54,5,5,1,0,0,8,8,0,0,0,8,0,0,0,0,0,0,0,0,0,0,0,0,1
2417,360,"藤原定家卿小倉百人一首撰定記念第70回全国競技かるた京都大会(C,D,E)",2017-01-15,E3,E,20,20,50,5,5,1,0,0,12,12,0,0,0,12,0,0,0,0,0,0,0,0,0,0,0,0,1
2418,360,"藤原定家卿小倉百人一首撰定記念第70回全国競技かるた京都大会(C,D,E)",2017-01-15,E4,E,19,19,49,5,5,1,0,0,13,13,0,0,0,13,0,0,0,0,0,0,0,0,0,0,0,0,1
2419,360,"藤原定家卿小倉百人一首撰定記念第70回全国競技かるた京都大会(C,D,E)",2017-01-15,E5,E,18,18,48,5,5,1,0,0,14,14,0,0,0,14,0,0,0,0,0,0,0,0,0,0,0,0,1
2420,361,"第26回全国競技かるた奈良大会(B,C,D,E,ねんりん)",2017-02-19,B1,B,59,59,121,6,6,1,0,0,5,5,0,0,0,5,0,0,0,0,0,0,0,0,0,0,0,0,1
2421,361,"第26回全国競技かるた奈良大会(B,C,D,E,ねんりん)",2017-02-19,C1,C,41,41,103,6,6,1,0,0,23,23,0,0,0,23,0,0,0,0,0,0,0,0,0,0,0,0,1
2422,361,"第26回全国競技かるた奈良大会(B,C,D,E,ねんりん)",2017-02-19,D1,D,42,42,104,6,6,1,0,0,22,22,0,0,0,22,0,0,0,0,0,0,0,0,0,0,0,0,1
2423,361,"第26回全国競技かるた奈良大会(B,C,D,E,ねんりん)",2017-02-19,E1,E,36,36,98,6,6,1,0,0,28,28,0,0,0,28,0,0,0,0,0,0,0,0,0,0,0,0,1
2424,361,"第26回全国競技かるた奈良大会(B,C,D,E,ねんりん)",2017-02-19,B2,B,62,62,124,6,6,1,0,0,2,2,0,0,0,4,0,0,0,0,0,0,0,0,0,0,0,0,1
2425,361,"第26回全国競技かるた奈良大会(B,C,D,E,ねんりん)",2017-02-19,C2,C,44,44,106,6,6,1,0,0,20,20,0,0,0,20,0,0,0,0,0,0,0,0,0,0,0,0,1
2426,361,"第26回全国競技かるた奈良大会(B,C,D,E,ねんりん)",2017-02-19,C3,C,42,42,104,6,6,1,0,0,22,22,0,0,0,22,0,2,0,0,0,0,0,0,0,0,0,0,1
2427,361,"第26回全国競技かるた奈良大会(B,C,D,E,ねんりん)",2017-02-19,D2,D,41,41,103,6,6,1,0,0,23,23,0,0,0,23,0,0,0,0,0,0,0,0,0,0,0,0,1
2428,361,"第26回全国競技かるた奈良大会(B,C,D,E,ねんりん)",2017-02-19,D3,D,41,41,103,6,6,1,0,0,23,23,0,0,0,23,0,0,0,0,0,0,0,0,0,0,0,0,1
2429,361,"第26回全国競技かるた奈良大会(B,C,D,E,ねんりん)",2017-02-19,D4,D,42,42,104,6,6,1,0,0,22,22,0,0,0,22,0,2,0,0,0,0,0,0,0,0,0,0,1
2430,361,"第26回全国競技かるた奈良大会(B,C,D,E,ねんりん)",2017-02-19,E2,E,26,26,56,5,5,1,0,0,6,6,0,0,0,6,0,0,0,0,0,0,0,0,0,0,0,0,1
2431,361,"第26回全国競技かるた奈良大会(B,C,D,E,ねんりん)",2017-02-19,E3,E,38,38,100,6,6,1,0,0,26,26,0,0,0,26,0,0,0,0,0,0,0,0,0,0,0,0,1
2432,361,"第26回全国競技かるた奈良大会(B,C,D,E,ねんりん)",2017-02-19,E4,E,10,10,24,4,4,1,0,0,6,6,0,0,0,6,0,0,0,0,0,0,0,0,0,0,0,0,1
2433,361,"第26回全国競技かるた奈良大会(B,C,D,E,ねんりん)",2017-02-19,E5,E,10,10,24,4,4,1,0,0,6,6,0,0,0,6,0,0,0,0,0,0,0,0,0,0,0,0,1
2434,362,"第75回全国競技かるた桑名大会(A,B)",2017-03-19,A,A,67,67,193,7,7,1,0,2,63,61,0,0,0,61,0,2,0,0,0,0,0,0,0,0,0,0,1
2435,362,"第75回全国競技かるた桑名大会(A,B)",2017-03-19,B1,B,75,75,201,7,7,1,0,0,53,53,0,0,0,53,0,0,0,0,0,0,0,0,0,0,0,0,1
2436,362,"第75回全国競技かるた桑名大会(A,B)",2017-03-19,B2,B,75,75,201,7,7,1,0,0,53,53,0,0,0,53,0,0,0,0,0,0,0,0,0,0,0,0,1
2437,363,第98回全国競技かるた大阪大会(A),2017-01-29,A,A,64,64,126,6,6,1,0,0,0,0,0,0,0,0,0,0,0,0,0,0,0,0,0,0,0,0,1
2438,364,"第98回全国競技かるた大阪大会(B,C)",2017-02-05,B1,B,56,56,118,6,6,1,0,0,8,8,0,0,0,8,0,0,0,0,0,0,0,0,0,0,0,0,1
2439,364,"第98回全国競技かるた大阪大会(B,C)",2017-02-05,C1,C,36,36,98,6,6,1,0,0,28,28,0,0,0,28,0,0,0,0,0,0,0,0,0,0,0,0,1
2440,364,"第98回全国競技かるた大阪大会(B,C)",2017-02-05,B2,B,59,59,121,6,6,1,0,0,5,5,0,0,0,5,0,0,0,0,0,0,0,0,0,0,0,0,1
2441,364,"第98回全国競技かるた大阪大会(B,C)",2017-02-05,C2,C,38,38,100,6,6,1,0,0,26,26,0,0,0,26,0,0,0,0,0,0,0,0,0,0,0,0,1
2442,364,"第98回全国競技かるた大阪大会(B,C)",2017-02-05,C3,C,36,36,98,6,6,1,0,0,28,28,0,0,0,28,0,0,0,0,0,0,0,0,0,0,0,0,1
2443,365,"第98回全国百人一首競技かるた横浜大会(A,B,C)",2017-01-22,A,A,110,110,236,7,7,1,0,0,18,18,0,0,0,18,0,0,0,0,0,0,0,0,0,0,0,0,1
2444,365,"第98回全国百人一首競技かるた横浜大会(A,B,C)",2017-01-22,B1,B,113,113,239,7,7,1,0,0,15,15,0,0,0,15,0,0,0,0,0,0,0,0,0,0,0,0,1
2445,365,"第98回全国百人一首競技かるた横浜大会(A,B,C)",2017-01-22,C1,C,46,46,108,6,6,1,0,0,18,18,0,0,0,20,0,0,0,0,0,0,0,0,0,0,0,0,1
2446,365,"第98回全国百人一首競技かるた横浜大会(A,B,C)",2017-01-22,B2,B,116,116,242,7,7,1,0,0,12,12,0,0,0,12,0,0,0,0,0,0,0,0,0,0,0,0,1
2447,365,"第98回全国百人一首競技かるた横浜大会(A,B,C)",2017-01-22,C2,C,50,50,112,6,6,1,0,0,14,14,0,0,0,14,0,0,0,0,0,0,0,0,0,0,0,0,1
2448,365,"第98回全国百人一首競技かるた横浜大会(A,B,C)",2017-01-22,C3,C,51,51,113,6,6,1,0,0,13,13,0,0,0,13,0,0,0,0,0,0,0,0,0,0,0,0,1
2449,365,"第98回全国百人一首競技かるた横浜大会(A,B,C)",2017-01-22,C4,C,49,49,111,6,6,1,0,0,15,15,0,0,0,15,0,0,0,0,0,0,0,0,0,0,0,0,1
2450,366,第98回全国百人一首競技かるた横浜大会(D),2017-02-05,D1,D,39,39,101,6,6,1,0,0,25,25,0,0,0,27,0,0,0,0,0,0,0,0,0,0,0,0,1
2451,366,第98回全国百人一首競技かるた横浜大会(D),2017-02-05,D2,D,43,43,105,6,6,1,0,0,21,21,0,0,0,21,0,0,0,0,0,0,0,0,0,0,0,0,1
2452,366,第98回全国百人一首競技かるた横浜大会(D),2017-02-05,D3,D,42,42,104,6,6,1,0,0,22,22,0,0,0,24,0,0,0,0,0,0,0,0,0,0,0,0,1
2453,366,第98回全国百人一首競技かるた横浜大会(D),2017-02-05,D4,D,43,43,95,6,6,1,0,0,11,11,0,0,0,11,0,0,0,0,0,0,0,0,0,0,0,0,1
2454,366,第98回全国百人一首競技かるた横浜大会(D),2017-02-05,D5,D,42,42,93,6,6,1,0,0,11,11,0,0,0,11,0,0,0,0,0,0,0,0,0,0,0,0,1
2455,366,第98回全国百人一首競技かるた横浜大会(D),2017-02-05,D6,D,41,41,103,6,6,1,0,0,23,23,0,0,0,23,0,0,0,0,0,0,0,0,0,0,0,0,1
2456,366,第98回全国百人一首競技かるた横浜大会(D),2017-02-05,D7,D,40,40,102,6,6,1,0,0,24,24,0,0,0,24,0,0,0,0,0,0,0,0,0,0,0,0,1
2457,367,"第50回全国競技かるた静岡大会(D,E)",2017-02-18,D1,D,33,33,95,6,6,1,0,0,31,31,0,0,0,31,0,0,0,0,0,0,0,0,0,0,0,0,1
2458,367,"第50回全国競技かるた静岡大会(D,E)",2017-02-18,E1,E,31,31,61,5,5,1,0,0,1,1,0,0,0,1,0,0,0,0,0,0,0,0,0,0,0,0,1
2459,367,"第50回全国競技かるた静岡大会(D,E)",2017-02-18,D2,D,32,32,62,5,5,1,0,0,0,0,0,0,0,0,0,0,0,0,0,0,0,0,0,0,0,0,1
2460,367,"第50回全国競技かるた静岡大会(D,E)",2017-02-18,D3,D,31,31,61,5,5,1,0,0,1,1,0,0,0,1,0,0,0,0,0,0,0,0,0,0,0,0,1
2461,367,"第50回全国競技かるた静岡大会(D,E)",2017-02-18,D4,D,34,34,96,6,6,1,0,0,30,30,0,0,0,30,0,0,0,0,0,0,0,0,0,0,0,0,1
2462,367,"第50回全国競技かるた静岡大会(D,E)",2017-02-18,E2,E,29,29,59,5,5,1,0,0,3,3,0,0,0,3,0,0,0,0,0,0,0,0,0,0,0,0,1
2463,367,"第50回全国競技かるた静岡大会(D,E)",2017-02-18,E3,E,31,31,61,5,5,1,0,0,1,1,0,0,0,1,0,2,0,0,0,0,0,0,0,0,0,0,1
2464,368,"第50回全国競技かるた静岡大会(A,B,C)",2017-02-19,A,A,106,106,232,7,7,1,0,0,22,22,0,0,0,22,0,0,0,0,0,0,0,0,0,0,0,0,1
2465,368,"第50回全国競技かるた静岡大会(A,B,C)",2017-02-19,B1,B,93,93,219,7,7,1,0,0,35,35,0,0,0,35,0,0,0,0,0,0,0,0,0,0,0,0,1
2466,368,"第50回全国競技かるた静岡大会(A,B,C)",2017-02-19,C1,C,38,38,100,6,6,1,0,0,26,26,0,0,0,26,0,0,0,0,0,0,0,0,0,0,0,0,1
2467,368,"第50回全国競技かるた静岡大会(A,B,C)",2017-02-19,B2,B,98,98,224,7,7,1,0,0,30,30,0,0,0,30,0,0,0,0,0,0,0,0,0,0,0,0,1
2468,368,"第50回全国競技かるた静岡大会(A,B,C)",2017-02-19,C2,C,40,40,102,6,6,1,0,0,24,24,0,0,0,24,0,0,0,0,0,0,0,0,0,0,0,0,1
2469,368,"第50回全国競技かるた静岡大会(A,B,C)",2017-02-19,C3,C,37,37,99,6,6,1,0,0,27,27,0,0,0,27,0,0,0,0,0,0,0,0,0,0,0,0,1
2470,368,"第50回全国競技かるた静岡大会(A,B,C)",2017-02-19,C4,C,35,35,97,6,6,1,0,0,29,29,0,0,0,29,0,0,0,0,0,0,0,0,0,0,0,0,1
2471,369,第46回全国競技かるた松山大会,2017-03-20,A,A,49,49,111,6,6,1,0,0,15,15,0,0,0,17,0,0,0,0,0,0,0,0,0,0,0,0,1
2472,369,第46回全国競技かるた松山大会,2017-03-20,B,B,63,63,125,6,6,1,0,0,1,1,0,0,0,1,0,0,0,0,0,0,0,0,0,0,0,0,1
2473,369,第46回全国競技かるた松山大会,2017-03-20,C,C,56,56,118,6,6,1,0,0,8,8,0,0,0,10,0,0,0,0,0,0,0,0,0,0,0,0,1
2474,369,第46回全国競技かるた松山大会,2017-03-20,D1,D,30,30,60,5,5,1,0,0,2,2,0,0,0,2,0,0,0,0,0,0,0,0,0,0,0,0,1
2475,369,第46回全国競技かるた松山大会,2017-03-20,E,E,20,20,50,5,5,1,0,0,12,12,0,0,0,12,0,0,0,0,0,0,0,0,0,0,0,0,1
2476,369,第46回全国競技かるた松山大会,2017-03-20,D2,D,30,30,60,5,5,1,0,0,2,2,0,0,0,2,0,0,0,0,0,0,0,0,0,0,0,0,1
2477,369,第46回全国競技かるた松山大会,2017-03-20,D3,D,30,30,60,5,5,1,0,0,2,2,0,0,0,2,0,2,0,0,0,0,0,0,0,0,0,0,1
2478,370,第67回全国競技かるた東京白妙大会,2017-02-11,A,A,126,126,252,7,7,1,0,0,2,2,0,0,0,4,0,0,0,0,0,0,0,0,0,0,0,0,1
2479,371,"第47回太宰府小倉百人一首競技かるた大会(A,B,シニア)",2017-01-03,A,A,66,66,192,7,7,1,0,0,62,62,0,0,0,62,0,0,0,0,0,0,0,0,0,0,0,0,1
2480,371,"第47回太宰府小倉百人一首競技かるた大会(A,B,シニア)",2017-01-03,B1,B,42,42,104,6,6,1,0,0,22,22,0,0,0,22,0,0,0,0,0,0,0,0,0,0,0,0,1
2481,371,"第47回太宰府小倉百人一首競技かるた大会(A,B,シニア)",2017-01-03,B2,B,42,42,104,6,6,1,0,0,22,22,0,0,0,22,0,0,0,0,0,0,0,0,0,0,0,0,1
2482,372,"第47回太宰府小倉百人一首競技かるた大会(C,E)",2017-01-08,C1,C,45,45,107,6,6,1,0,0,19,19,0,0,0,19,0,0,0,0,0,0,0,0,0,0,0,0,1
2483,372,"第47回太宰府小倉百人一首競技かるた大会(C,E)",2017-01-08,E1,E,26,26,73,6,6,1,0,0,23,23,0,0,0,23,0,0,0,0,0,0,0,0,0,0,0,0,1
2484,372,"第47回太宰府小倉百人一首競技かるた大会(C,E)",2017-01-08,E2,E,24,24,54,5,5,1,0,0,8,8,0,0,0,8,0,0,0,0,0,0,0,0,0,0,0,0,1
2485,372,"第47回太宰府小倉百人一首競技かるた大会(C,E)",2017-01-08,C2,C,44,44,106,6,6,1,0,0,20,20,0,0,0,22,0,0,0,0,0,0,0,0,0,0,0,0,1
2486,373,第47回太宰府小倉百人一首競技かるた大会(D),2017-01-09,D1,D,28,28,58,5,5,1,0,0,4,4,0,0,0,4,0,0,0,0,0,0,0,0,0,0,0,0,1
2487,373,第47回太宰府小倉百人一首競技かるた大会(D),2017-01-09,D2,D,26,26,56,5,5,1,0,0,6,6,0,0,0,6,0,0,0,0,0,0,0,0,0,0,0,0,1
2488,373,第47回太宰府小倉百人一首競技かるた大会(D),2017-01-09,D3,D,27,27,57,5,5,1,0,0,5,5,0,0,0,5,0,0,0,0,0,0,0,0,0,0,0,0,1
2489,373,第47回太宰府小倉百人一首競技かるた大会(D),2017-01-09,D4,D,27,27,57,5,5,1,0,0,5,5,0,0,0,5,0,0,0,0,0,0,0,0,0,0,0,0,1
2490,373,第47回太宰府小倉百人一首競技かるた大会(D),2017-01-09,D5,D,27,27,57,5,5,1,0,0,5,5,0,0,0,5,0,0,0,0,0,0,0,0,0,0,0,0,1
2491,374,"第45回全国競技かるた宇佐神宮大会(A,B,C)",2017-03-12,A,A,53,53,115,6,6,1,0,0,11,11,0,0,0,11,0,0,0,0,0,0,0,0,0,0,0,0,1
2492,374,"第45回全国競技かるた宇佐神宮大会(A,B,C)",2017-03-12,B,B,86,86,212,7,7,1,0,0,42,42,0,0,0,42,0,0,0,0,0,0,0,0,0,0,0,0,1
2493,374,"第45回全国競技かるた宇佐神宮大会(A,B,C)",2017-03-12,C1,C,34,34,96,6,6,1,0,0,30,30,0,0,0,34,0,0,0,0,0,0,0,0,0,0,0,0,1
2494,374,"第45回全国競技かるた宇佐神宮大会(A,B,C)",2017-03-12,C2,C,40,40,102,6,6,1,0,0,24,24,0,0,0,26,0,0,0,0,0,0,0,0,0,0,0,0,1
2495,374,"第45回全国競技かるた宇佐神宮大会(A,B,C)",2017-03-12,C3,C,40,40,102,6,6,1,0,0,24,24,0,0,0,26,0,0,0,0,0,0,0,0,0,0,0,0,1
2496,375,第36回全国競技かるた鹿児島大会,2017-03-19,A,A,40,40,102,6,6,1,0,0,24,24,0,0,0,24,0,0,0,0,0,0,0,0,0,0,0,0,1
2497,375,第36回全国競技かるた鹿児島大会,2017-03-19,B1,B,40,40,102,6,6,1,0,0,24,24,0,0,0,24,0,0,0,0,0,0,0,0,0,0,0,0,1
2498,375,第36回全国競技かるた鹿児島大会,2017-03-19,C1,C,44,44,106,6,6,1,0,0,20,20,0,0,0,20,0,0,0,0,0,0,0,0,0,0,0,0,1
2499,375,第36回全国競技かるた鹿児島大会,2017-03-19,D1,D,20,20,50,5,5,1,0,1,12,11,0,0,0,11,0,0,0,0,0,0,0,0,0,0,0,0,1
2500,375,第36回全国競技かるた鹿児島大会,2017-03-19,E1,E,28,28,58,5,5,1,0,0,4,4,0,0,0,4,0,0,0,0,0,0,0,0,0,0,0,0,1
2501,375,第36回全国競技かるた鹿児島大会,2017-03-19,E2,E,29,29,59,5,5,1,0,0,3,3,0,0,0,3,0,0,0,0,0,0,0,0,0,0,0,0,1
2502,375,第36回全国競技かるた鹿児島大会,2017-03-19,E3,E,29,29,59,5,5,1,0,0,3,3,0,0,0,3,0,0,0,0,0,0,0,0,0,0,0,0,1
2503,375,第36回全国競技かるた鹿児島大会,2017-03-19,D2,D,26,26,56,5,5,1,0,0,6,6,0,0,0,6,0,0,0,0,0,0,0,0,0,0,0,0,1
2504,375,第36回全国競技かるた鹿児島大会,2017-03-19,D3,D,27,27,57,5,5,1,0,0,5,5,0,0,0,5,0,0,0,0,0,0,0,0,0,0,0,0,1
2505,375,第36回全国競技かるた鹿児島大会,2017-03-19,D4,D,26,26,56,5,5,1,0,0,6,6,0,0,0,6,0,0,0,0,0,0,0,0,0,0,0,0,1
2506,375,第36回全国競技かるた鹿児島大会,2017-03-19,B2,B,39,39,101,6,6,1,0,0,25,25,0,0,0,25,0,0,0,0,0,0,0,0,0,0,0,0,1
2507,375,第36回全国競技かるた鹿児島大会,2017-03-19,C2,C,43,43,105,6,6,1,0,0,21,21,0,0,0,21,0,0,0,0,0,0,0,0,0,0,0,0,1
2508,376,"第70回全国競技かるた東京東会大会(A,B,C)",2017-01-15,A,A,101,101,227,7,7,1,0,0,27,27,0,0,0,27,0,0,0,0,0,0,0,0,0,0,0,0,1
2509,376,"第70回全国競技かるた東京東会大会(A,B,C)",2017-01-15,B1,B,112,112,238,7,7,1,0,0,16,16,0,0,0,16,0,0,0,0,0,0,0,0,0,0,0,0,1
2510,376,"第70回全国競技かるた東京東会大会(A,B,C)",2017-01-15,C1,C,44,44,106,6,6,1,0,0,20,20,0,0,0,22,0,0,0,0,0,0,0,0,0,0,0,0,1
2511,376,"第70回全国競技かるた東京東会大会(A,B,C)",2017-01-15,B2,B,109,109,235,7,7,1,0,2,21,19,0,0,0,19,0,2,0,0,0,0,0,0,0,0,0,0,1
2512,376,"第70回全国競技かるた東京東会大会(A,B,C)",2017-01-15,C2,C,42,42,104,6,6,1,0,0,22,22,0,0,0,22,0,0,0,0,0,0,0,0,0,0,0,0,1
2513,376,"第70回全国競技かるた東京東会大会(A,B,C)",2017-01-15,C3,C,44,44,106,6,6,1,0,0,20,20,0,0,0,22,0,0,0,0,0,0,0,0,0,0,0,0,1
2514,376,"第70回全国競技かるた東京東会大会(A,B,C)",2017-01-15,C4,C,44,44,106,6,6,1,0,0,20,20,0,0,0,20,0,0,0,0,0,0,0,0,0,0,0,0,1
2515,376,"第70回全国競技かるた東京東会大会(A,B,C)",2017-01-15,C5,C,41,41,103,6,6,1,0,0,23,23,0,0,0,23,0,0,0,0,0,0,0,0,0,0,0,0,1
2516,377,"第70回全国競技かるた東京東会大会(D,E)",2017-02-19,D1,D,52,52,114,6,6,1,0,0,12,12,0,0,0,14,0,0,0,0,0,0,0,0,0,0,0,0,1
2517,377,"第70回全国競技かるた東京東会大会(D,E)",2017-02-19,E1,E,29,29,59,5,5,1,0,0,3,3,0,0,0,3,0,2,0,0,0,0,0,0,0,0,0,0,1
2518,377,"第70回全国競技かるた東京東会大会(D,E)",2017-02-19,D2,D,51,51,113,6,6,1,0,0,13,13,0,0,0,13,0,2,0,0,0,0,0,0,0,0,0,0,1
2519,377,"第70回全国競技かるた東京東会大会(D,E)",2017-02-19,D3,D,50,50,112,6,6,1,0,0,14,14,0,0,0,16,0,0,0,0,0,0,0,0,0,0,0,0,1
2520,377,"第70回全国競技かるた東京東会大会(D,E)",2017-02-19,D4,D,45,45,107,6,6,1,0,0,19,19,0,0,0,19,0,0,0,0,0,0,0,0,0,0,0,0,1
2521,377,"第70回全国競技かるた東京東会大会(D,E)",2017-02-19,D5,D,50,50,112,6,6,1,0,0,14,14,0,0,0,16,0,0,0,0,0,0,0,0,0,0,0,0,1
2522,377,"第70回全国競技かるた東京東会大会(D,E)",2017-02-19,D6,D,52,52,114,6,6,1,0,0,12,12,0,0,0,12,0,0,0,0,0,0,0,0,0,0,0,0,1
2523,377,"第70回全国競技かるた東京東会大会(D,E)",2017-02-19,D7,D,49,49,111,6,6,1,0,0,15,15,0,0,0,17,0,0,0,0,0,0,0,0,0,0,0,0,1
2524,377,"第70回全国競技かるた東京東会大会(D,E)",2017-02-19,D8,D,49,49,111,6,6,1,0,0,15,15,0,0,0,15,0,0,0,0,0,0,0,0,0,0,0,0,1
2525,377,"第70回全国競技かるた東京東会大会(D,E)",2017-02-19,E2,E,26,26,56,5,5,1,0,0,6,6,0,0,0,6,0,0,0,0,0,0,0,0,0,0,0,0,1
2526,377,"第70回全国競技かるた東京東会大会(D,E)",2017-02-19,E3,E,31,31,61,5,5,1,0,0,1,1,0,0,0,1,0,0,0,0,0,0,0,0,0,0,0,0,1
2527,377,"第70回全国競技かるた東京東会大会(D,E)",2017-02-19,E4,E,26,26,56,5,5,1,0,0,6,6,0,0,0,8,0,0,0,0,0,0,0,0,0,0,0,0,1
2528,377,"第70回全国競技かるた東京東会大会(D,E)",2017-02-19,E5,E,29,29,59,5,5,1,0,0,3,3,0,0,0,3,0,0,0,0,0,0,0,0,0,0,0,0,1
2529,377,"第70回全国競技かるた東京東会大会(D,E)",2017-02-19,E6,E,29,29,59,5,5,1,0,0,3,3,0,0,0,3,0,0,0,0,0,0,0,0,0,0,0,0,1
2530,377,"第70回全国競技かるた東京東会大会(D,E)",2017-02-19,E7,E,30,30,60,5,5,1,0,0,2,2,0,0,0,4,0,0,0,0,0,0,0,0,0,0,0,0,1
2531,377,"第70回全国競技かるた東京東会大会(D,E)",2017-02-19,E8,E,28,28,58,5,5,1,0,0,4,4,0,0,0,4,0,0,0,0,0,0,0,0,0,0,0,0,1
2532,377,"第70回全国競技かるた東京東会大会(D,E)",2017-02-19,E9,E,31,31,61,5,5,1,0,0,1,1,0,0,0,1,0,0,0,0,0,0,0,0,0,0,0,0,1
2533,377,"第70回全国競技かるた東京東会大会(D,E)",2017-02-19,E10,E,32,32,62,5,5,1,0,0,0,0,0,0,0,0,0,2,0,0,0,0,0,0,0,0,0,0,1
2534,377,"第70回全国競技かるた東京東会大会(D,E)",2017-02-19,E11,E,29,29,59,5,5,1,0,0,3,3,0,0,0,5,0,0,0,0,0,0,0,0,0,0,0,0,1
2535,377,"第70回全国競技かるた東京東会大会(D,E)",2017-02-19,E12,E,24,24,54,5,5,1,0,0,8,8,0,0,0,8,0,0,0,0,0,0,0,0,0,0,0,0,1
2536,377,"第70回全国競技かるた東京東会大会(D,E)",2017-02-19,E13,E,27,27,57,5,5,1,0,0,5,5,0,0,0,5,0,2,0,0,0,0,0,0,0,0,0,0,1
2537,377,"第70回全国競技かるた東京東会大会(D,E)",2017-02-19,E14,E,28,28,58,5,5,1,0,0,4,4,0,0,0,4,0,0,0,0,0,0,0,0,0,0,0,0,1
2538,378,"第62回新春全国競技かるた大会(A,B,C)",2017-01-08,A,A,105,105,231,7,7,1,0,0,23,23,0,0,0,23,0,0,0,0,0,0,0,0,0,0,0,0,1
2539,378,"第62回新春全国競技かるた大会(A,B,C)",2017-01-08,B1,B,93,93,219,7,7,1,0,0,35,35,0,0,0,35,0,0,0,0,0,0,0,0,0,0,0,0,1
2540,378,"第62回新春全国競技かるた大会(A,B,C)",2017-01-08,C1,C,51,51,113,6,6,1,0,0,13,13,0,0,0,15,0,0,0,0,0,0,0,0,0,0,0,0,1
2541,378,"第62回新春全国競技かるた大会(A,B,C)",2017-01-08,B2,B,90,90,216,7,7,1,0,0,38,38,0,0,0,38,0,0,0,0,0,0,0,0,0,0,0,0,1
2542,378,"第62回新春全国競技かるた大会(A,B,C)",2017-01-08,C2,C,54,54,116,6,6,1,0,0,10,10,0,0,0,14,0,0,0,0,0,0,0,0,0,0,0,0,1
2543,378,"第62回新春全国競技かるた大会(A,B,C)",2017-01-08,C3,C,51,51,113,6,6,1,0,0,13,13,0,0,0,13,0,0,0,0,0,0,0,0,0,0,0,0,1
2544,378,"第62回新春全国競技かるた大会(A,B,C)",2017-01-08,C4,C,52,52,114,6,6,1,0,0,12,12,0,0,0,12,0,0,0,0,0,0,0,0,0,0,0,0,1
2545,378,"第62回新春全国競技かるた大会(A,B,C)",2017-01-08,C5,C,55,55,117,6,6,1,0,0,9,9,0,0,0,9,0,0,0,0,0,0,0,0,0,0,0,0,1
2546,379,"第33回全国競技かるた熊本大会(D,E)",2017-02-26,D1,D,27,27,57,5,5,1,0,0,5,5,0,0,0,5,0,0,0,0,0,0,0,0,0,0,0,0,1
2547,379,"第33回全国競技かるた熊本大会(D,E)",2017-02-26,E1,E,32,32,62,5,5,1,0,0,0,0,0,0,0,0,0,0,0,0,0,0,0,0,0,0,0,0,1
2548,379,"第33回全国競技かるた熊本大会(D,E)",2017-02-26,E2,E,31,31,61,5,5,1,0,0,1,1,0,0,0,1,0,0,0,0,0,0,0,0,0,0,0,0,1
2549,379,"第33回全国競技かるた熊本大会(D,E)",2017-02-26,D2,D,27,27,57,5,5,1,0,0,5,5,0,0,0,5,0,0,0,0,0,0,0,0,0,0,0,0,1
2550,379,"第33回全国競技かるた熊本大会(D,E)",2017-02-26,D3,D,25,25,55,5,5,1,0,0,7,7,0,0,0,7,0,0,0,0,0,0,0,0,0,0,0,0,1
2551,379,"第33回全国競技かるた熊本大会(D,E)",2017-02-26,D4,D,26,26,56,5,5,1,0,0,6,6,0,0,0,8,0,0,0,0,0,0,0,0,0,0,0,0,1
2552,380,"第28回全国競技かるた広島大会(D,E)",2017-05-03,D1,D,26,26,56,5,5,1,0,0,6,6,0,0,0,6,0,2,0,0,0,0,0,0,0,0,0,0,1
2553,380,"第28回全国競技かるた広島大会(D,E)",2017-05-03,E1,E,29,29,59,5,5,1,0,0,3,3,0,0,0,3,0,0,0,0,0,0,0,0,0,0,0,0,1
2554,380,"第28回全国競技かるた広島大会(D,E)",2017-05-03,D2,D,28,28,58,5,5,1,0,0,4,4,0,0,0,4,0,0,0,0,0,0,0,0,0,0,0,0,1
2555,380,"第28回全国競技かるた広島大会(D,E)",2017-05-03,D3,D,22,22,52,5,5,1,0,0,10,10,0,0,0,10,0,0,0,0,0,0,0,0,0,0,0,0,1
2556,380,"第28回全国競技かるた広島大会(D,E)",2017-05-03,D4,D,21,21,51,5,5,1,0,0,11,11,0,0,0,11,0,0,0,0,0,0,0,0,0,0,0,0,1
2557,380,"第28回全国競技かるた広島大会(D,E)",2017-05-03,D5,D,20,20,50,5,5,1,0,0,12,12,0,0,0,12,0,0,0,0,0,0,0,0,0,0,0,0,1
2558,380,"第28回全国競技かるた広島大会(D,E)",2017-05-03,E2,E,29,29,59,5,5,1,0,0,3,3,0,0,0,3,0,0,0,0,0,0,0,0,0,0,0,0,1
2559,380,"第28回全国競技かるた広島大会(D,E)",2017-05-03,D6,D,29,29,59,5,5,1,0,0,3,3,0,0,0,3,0,0,0,0,0,0,0,0,0,0,0,0,1
2560,381,"第28回全国競技かるた広島大会(A,B,C)",2017-05-04,A,A,57,57,119,6,6,1,0,0,7,7,0,0,0,7,0,0,0,0,0,0,0,0,0,0,0,0,1
2561,381,"第28回全国競技かるた広島大会(A,B,C)",2017-05-04,B,B,77,77,203,7,7,1,0,0,51,51,0,0,0,51,0,0,0,0,0,0,0,0,0,0,0,0,1
2562,381,"第28回全国競技かるた広島大会(A,B,C)",2017-05-04,C1,C,35,35,97,6,6,1,0,0,29,29,0,0,0,31,0,0,0,0,0,0,0,0,0,0,0,0,1
2563,381,"第28回全国競技かるた広島大会(A,B,C)",2017-05-04,C2,C,32,32,62,5,5,1,0,0,0,0,0,0,0,0,0,0,0,0,0,0,0,0,0,0,0,0,1
2564,381,"第28回全国競技かるた広島大会(A,B,C)",2017-05-04,C3,C,33,33,95,6,6,1,0,0,31,31,0,0,0,31,0,0,0,0,0,0,0,0,0,0,0,0,1
2565,382,第25回全国競技かるた多摩大会(E),2017-07-16,E1,E,32,32,62,5,5,1,0,0,0,0,0,0,0,0,0,0,0,0,0,0,0,0,0,0,0,0,1
2566,382,第25回全国競技かるた多摩大会(E),2017-07-16,E2,E,32,32,62,5,5,1,0,0,0,0,0,0,0,4,0,0,0,0,0,0,0,0,0,0,0,0,1
2567,382,第25回全国競技かるた多摩大会(E),2017-07-16,E3,E,31,31,61,5,5,1,0,0,1,1,0,0,0,5,0,0,0,0,0,0,0,0,0,0,0,0,1
2568,382,第25回全国競技かるた多摩大会(E),2017-07-16,E4,E,32,32,62,5,5,1,0,0,0,0,0,0,0,4,0,0,0,0,0,0,0,0,0,0,0,0,1
2569,382,第25回全国競技かるた多摩大会(E),2017-07-16,E5,E,32,32,62,5,5,1,0,0,0,0,0,0,0,2,0,0,0,0,0,0,0,0,0,0,0,0,1
2570,382,第25回全国競技かるた多摩大会(E),2017-07-16,E6,E,31,31,61,5,5,1,0,0,1,1,0,0,0,1,0,0,0,0,0,0,0,0,0,0,0,0,1
2571,382,第25回全国競技かるた多摩大会(E),2017-07-16,E7,E,32,32,62,5,5,1,0,0,0,0,0,0,0,2,0,0,0,0,0,0,0,0,0,0,0,0,1
2572,382,第25回全国競技かるた多摩大会(E),2017-07-16,E8,E,31,31,61,5,5,1,0,0,1,1,0,0,0,1,0,0,0,0,0,0,0,0,0,0,0,0,1
2573,382,第25回全国競技かるた多摩大会(E),2017-07-16,E9,E,32,32,62,5,5,1,0,0,0,0,0,0,0,0,0,0,0,0,0,0,0,0,0,0,0,0,1
2574,382,第25回全国競技かるた多摩大会(E),2017-07-16,E10,E,30,30,60,5,5,1,0,0,2,2,0,0,0,4,0,0,0,0,0,0,0,0,0,0,0,0,1
2575,382,第25回全国競技かるた多摩大会(E),2017-07-16,E11,E,32,32,62,5,5,1,0,0,0,0,0,0,0,0,0,2,0,0,0,0,0,0,0,0,0,0,1
2576,382,第25回全国競技かるた多摩大会(E),2017-07-16,E12,E,32,32,62,5,5,1,0,0,0,0,0,0,0,4,0,0,0,0,0,0,0,0,0,0,0,0,1
2577,382,第25回全国競技かるた多摩大会(E),2017-07-16,E13,E,32,32,62,5,5,1,0,0,0,0,0,0,0,2,0,0,0,0,0,0,0,0,0,0,0,0,1
2578,382,第25回全国競技かるた多摩大会(E),2017-07-16,E14,E,32,32,62,5,5,1,0,0,0,0,0,0,0,2,0,0,0,0,0,0,0,0,0,0,0,0,1
2579,382,第25回全国競技かるた多摩大会(E),2017-07-16,E15,E,31,31,61,5,5,1,0,0,1,1,0,0,0,5,0,0,0,0,0,0,0,0,0,0,0,0,1
2580,383,"第25回全国競技かるた多摩大会(A,B,C)",2017-07-17,A,A,107,107,233,7,7,1,0,0,21,21,0,0,0,25,0,0,0,0,0,0,0,0,0,0,0,0,1
2581,383,"第25回全国競技かるた多摩大会(A,B,C)",2017-07-17,B1,B,112,112,238,7,7,1,0,0,16,16,0,0,0,22,0,0,0,0,0,0,0,0,0,0,0,0,1
2582,383,"第25回全国競技かるた多摩大会(A,B,C)",2017-07-17,C1,C,53,53,115,6,6,1,0,0,11,11,0,0,0,15,0,0,0,0,0,0,0,0,0,0,0,0,1
2583,383,"第25回全国競技かるた多摩大会(A,B,C)",2017-07-17,B2,B,116,116,242,7,7,1,0,0,12,12,0,0,0,24,0,0,0,0,0,0,0,0,0,0,0,0,1
2584,383,"第25回全国競技かるた多摩大会(A,B,C)",2017-07-17,C2,C,52,52,114,6,6,1,0,0,12,12,0,0,0,16,0,0,0,0,0,0,0,0,0,0,0,0,1
2585,383,"第25回全国競技かるた多摩大会(A,B,C)",2017-07-17,C3,C,52,52,114,6,6,1,0,2,14,12,0,0,0,14,0,2,0,0,0,0,0,0,0,0,0,0,1
2586,383,"第25回全国競技かるた多摩大会(A,B,C)",2017-07-17,C4,C,63,63,125,6,6,1,0,0,1,1,0,0,0,1,0,0,0,0,0,0,0,0,0,0,0,0,1
2587,383,"第25回全国競技かるた多摩大会(A,B,C)",2017-07-17,C5,C,46,46,108,6,6,1,0,0,18,18,0,0,0,18,0,0,0,0,0,0,0,0,0,0,0,0,1
2588,384,第25回全国競技かるた多摩大会(D),2017-07-23,D1,D,32,32,62,5,5,1,0,0,0,0,0,0,0,2,0,0,0,0,0,0,0,0,0,0,0,0,1
2589,384,第25回全国競技かるた多摩大会(D),2017-07-23,D2,D,30,30,60,5,5,1,0,0,2,2,0,0,0,2,0,0,0,0,0,0,0,0,0,0,0,0,1
2590,384,第25回全国競技かるた多摩大会(D),2017-07-23,D3,D,32,32,62,5,5,1,0,0,0,0,0,0,0,0,0,0,0,0,0,0,0,0,0,0,0,0,1
2591,384,第25回全国競技かるた多摩大会(D),2017-07-23,D4,D,32,32,62,5,5,1,0,0,0,0,0,0,0,0,0,0,0,0,0,0,0,0,0,0,0,0,1
2592,384,第25回全国競技かるた多摩大会(D),2017-07-23,D5,D,32,32,62,5,5,1,0,0,0,0,0,0,0,2,0,0,0,0,0,0,0,0,0,0,0,0,1
2593,384,第25回全国競技かるた多摩大会(D),2017-07-23,D6,D,32,32,62,5,5,1,0,0,0,0,0,0,0,0,0,0,0,0,0,0,0,0,0,0,0,0,1
2594,384,第25回全国競技かるた多摩大会(D),2017-07-23,D7,D,32,32,62,5,5,1,0,0,0,0,0,0,0,0,0,0,0,0,0,0,0,0,0,0,0,0,1
2595,384,第25回全国競技かるた多摩大会(D),2017-07-23,D8,D,32,32,62,5,5,1,0,0,0,0,0,0,0,0,0,0,0,0,0,0,0,0,0,0,0,0,1
2596,384,第25回全国競技かるた多摩大会(D),2017-07-23,D9,D,32,32,62,5,5,1,0,0,0,0,0,0,0,0,0,0,0,0,0,0,0,0,0,0,0,0,1
2597,384,第25回全国競技かるた多摩大会(D),2017-07-23,D10,D,31,31,61,5,5,1,0,0,1,1,0,0,0,1,0,0,0,0,0,0,0,0,0,0,0,0,1
2598,384,第25回全国競技かるた多摩大会(D),2017-07-23,D11,D,31,31,61,5,5,1,0,0,1,1,0,0,0,1,0,0,0,0,0,0,0,0,0,0,0,0,1
2599,384,第25回全国競技かるた多摩大会(D),2017-07-23,D12,D,32,32,62,5,5,1,0,0,0,0,0,0,0,2,0,0,0,0,0,0,0,0,0,0,0,0,1
2600,385,第27回全国競技かるた奈良大会(A),2017-11-23,A,A,51,51,113,6,6,1,0,0,13,13,0,0,0,13,0,0,0,0,0,0,0,0,0,0,0,0,1
2601,386,"第34回全国競技かるた熊本大会(A,B)",2017-04-29,A,A,36,36,98,6,6,1,0,0,28,28,0,0,0,28,0,0,0,0,0,0,0,0,0,0,0,0,1
2602,386,"第34回全国競技かるた熊本大会(A,B)",2017-04-29,B1,B,34,34,96,6,6,1,0,0,30,30,0,0,0,30,0,0,0,0,0,0,0,0,0,0,0,0,1
2603,386,"第34回全国競技かるた熊本大会(A,B)",2017-04-29,B2,B,36,36,98,6,6,1,0,0,28,28,0,0,0,28,0,0,0,0,0,0,0,0,0,0,0,0,1
2604,387,第34回全国競技かるた熊本大会(C),2017-04-30,C1,C,41,41,103,6,6,1,0,0,23,23,0,0,0,23,0,0,0,0,0,0,0,0,0,0,0,0,1
2605,387,第34回全国競技かるた熊本大会(C),2017-04-30,C2,C,43,43,105,6,6,1,0,0,21,21,0,0,0,21,0,0,0,0,0,0,0,0,0,0,0,0,1
2606,388,"第31回全国競技かるたさがみ野大会(A,B,C)",2017-04-29,A,A,95,95,221,7,7,1,0,0,33,33,0,0,0,33,0,0,0,0,0,0,0,0,0,0,0,0,1
2607,388,"第31回全国競技かるたさがみ野大会(A,B,C)",2017-04-29,B1,B,88,88,214,7,7,1,0,0,40,40,0,0,0,40,0,0,0,0,0,0,0,0,0,0,0,0,1
2608,388,"第31回全国競技かるたさがみ野大会(A,B,C)",2017-04-29,C1,C,38,38,100,6,6,1,0,0,26,26,0,0,0,26,0,0,0,0,0,0,0,0,0,0,0,0,1
2609,388,"第31回全国競技かるたさがみ野大会(A,B,C)",2017-04-29,B2,B,70,70,195,7,7,1,0,0,57,57,0,0,0,57,0,0,0,0,0,0,0,0,0,0,0,0,1
2610,388,"第31回全国競技かるたさがみ野大会(A,B,C)",2017-04-29,C2,C,45,45,107,6,6,1,0,0,19,19,0,0,0,19,0,0,0,0,0,0,0,0,0,0,0,0,1
2611,388,"第31回全国競技かるたさがみ野大会(A,B,C)",2017-04-29,C3,C,32,32,62,5,5,1,0,0,0,0,0,0,0,0,0,0,0,0,0,0,0,0,0,0,0,0,1
2612,388,"第31回全国競技かるたさがみ野大会(A,B,C)",2017-04-29,C4,C,46,46,108,6,6,1,0,0,18,18,0,0,0,22,0,0,0,0,0,0,0,0,0,0,0,0,1
2613,388,"第31回全国競技かるたさがみ野大会(A,B,C)",2017-04-29,C5,C,44,44,106,6,6,1,0,0,20,20,0,0,0,20,0,0,0,0,0,0,0,0,0,0,0,0,1
2614,389,第31回全国競技かるたさがみ野大会(D),2017-06-11,D1,D,36,36,98,6,6,1,0,0,28,28,0,0,0,30,0,0,0,0,0,0,0,0,0,0,0,0,1
2615,389,第31回全国競技かるたさがみ野大会(D),2017-06-11,D2,D,36,36,98,6,6,1,0,0,28,28,0,0,0,30,0,0,0,0,0,0,0,0,0,0,0,0,1
2616,389,第31回全国競技かるたさがみ野大会(D),2017-06-11,D3,D,36,36,98,6,6,1,0,0,28,28,0,0,0,28,0,0,0,0,0,0,0,0,0,0,0,0,1
2617,389,第31回全国競技かるたさがみ野大会(D),2017-06-11,D4,D,34,34,96,6,6,1,0,0,30,30,0,0,0,30,0,0,0,0,0,0,0,0,0,0,0,0,1
2618,389,第31回全国競技かるたさがみ野大会(D),2017-06-11,D5,D,37,37,99,6,6,1,0,0,27,27,0,0,0,27,0,0,0,0,0,0,0,0,0,0,0,0,1
2619,389,第31回全国競技かるたさがみ野大会(D),2017-06-11,D6,D,33,33,95,6,6,1,0,0,31,31,0,0,0,31,0,0,0,0,0,0,0,0,0,0,0,0,1
2620,390,第35回全国競技かるた東京吉野会大会(E),2017-08-05,E1,E,52,52,114,6,6,1,0,0,12,12,0,0,0,12,0,0,0,0,0,0,0,0,0,0,0,0,1
2621,390,第35回全国競技かるた東京吉野会大会(E),2017-08-05,E2,E,51,51,113,6,6,1,0,0,13,13,0,0,0,13,0,0,0,0,0,0,0,0,0,0,0,0,1
2622,390,第35回全国競技かるた東京吉野会大会(E),2017-08-05,E3,E,52,52,114,6,6,1,0,0,12,12,0,0,0,12,0,2,0,0,0,0,0,0,0,0,0,0,1
2623,390,第35回全国競技かるた東京吉野会大会(E),2017-08-05,E4,E,53,53,115,6,6,1,0,0,11,11,0,0,0,11,0,0,0,0,0,0,0,0,0,0,0,0,1
2624,390,第35回全国競技かるた東京吉野会大会(E),2017-08-05,E5,E,51,51,113,6,6,1,0,0,13,13,0,0,0,13,0,0,0,0,0,0,0,0,0,0,0,0,1
2625,390,第35回全国競技かるた東京吉野会大会(E),2017-08-05,E6,E,51,51,113,6,6,1,0,0,13,13,0,0,0,13,0,0,0,0,0,0,0,0,0,0,0,0,1
2626,390,第35回全国競技かるた東京吉野会大会(E),2017-08-05,E7,E,51,51,113,6,6,1,0,0,13,13,0,0,0,13,0,4,0,0,0,0,0,0,0,0,0,0,1
2627,390,第35回全国競技かるた東京吉野会大会(E),2017-08-05,E8,E,50,50,112,6,6,1,0,0,14,14,0,0,0,14,0,0,0,0,0,0,0,0,0,0,0,0,1
2628,391,第35回全国競技かるた東京吉野会大会(D),2017-05-03,D1,D,51,51,113,6,6,1,0,0,13,13,0,0,0,13,0,0,0,0,0,0,0,0,0,0,0,0,1
2629,391,第35回全国競技かるた東京吉野会大会(D),2017-05-03,D2,D,50,50,112,6,6,1,0,0,14,14,0,0,0,14,0,0,0,0,0,0,0,0,0,0,0,0,1
2630,391,第35回全国競技かるた東京吉野会大会(D),2017-05-03,D3,D,52,52,114,6,6,1,0,0,12,12,0,0,0,14,0,0,0,0,0,0,0,0,0,0,0,0,1
2631,391,第35回全国競技かるた東京吉野会大会(D),2017-05-03,D4,D,52,52,114,6,6,1,0,0,12,12,0,0,0,14,0,0,0,0,0,0,0,0,0,0,0,0,1
2632,391,第35回全国競技かるた東京吉野会大会(D),2017-05-03,D5,D,54,54,116,6,6,1,0,0,10,10,0,0,0,12,0,0,0,0,0,0,0,0,0,0,0,0,1
2633,391,第35回全国競技かるた東京吉野会大会(D),2017-05-03,D6,D,50,50,112,6,6,1,0,0,14,14,0,0,0,16,0,0,0,0,0,0,0,0,0,0,0,0,1
2634,391,第35回全国競技かるた東京吉野会大会(D),2017-05-03,D7,D,52,52,114,6,6,1,0,0,12,12,0,0,0,12,0,0,0,0,0,0,0,0,0,0,0,0,1
2635,391,第35回全国競技かるた東京吉野会大会(D),2017-05-03,D8,D,50,50,112,6,6,1,0,0,14,14,0,0,0,14,0,0,0,0,0,0,0,0,0,0,0,0,1
2636,392,第36回全国競技かるた東京吉野会大会(A),2017-09-18,A,A,98,98,224,7,7,1,0,0,30,30,0,0,0,30,0,2,0,0,0,0,0,0,0,0,0,0,1
2637,393,"第36回全国競技かるた東京吉野会大会(B,C)",2017-12-02,B1,B,101,101,227,7,7,1,0,0,27,27,0,0,0,27,0,0,0,0,0,0,0,0,0,0,0,0,1
2638,393,"第36回全国競技かるた東京吉野会大会(B,C)",2017-12-02,C1,C,45,45,107,6,6,1,0,0,19,19,0,0,0,19,0,0,0,0,0,0,0,0,0,0,0,0,1
2639,393,"第36回全国競技かるた東京吉野会大会(B,C)",2017-12-02,B2,B,99,99,225,7,7,1,0,0,29,29,0,0,0,31,0,0,0,0,0,0,0,0,0,0,0,0,1
2640,393,"第36回全国競技かるた東京吉野会大会(B,C)",2017-12-02,C2,C,47,47,109,6,6,1,0,0,17,17,0,0,0,19,0,0,0,0,0,0,0,0,0,0,0,0,1
2641,393,"第36回全国競技かるた東京吉野会大会(B,C)",2017-12-02,C3,C,46,46,108,6,6,1,0,0,18,18,0,0,0,20,0,0,0,0,0,0,0,0,0,0,0,0,1
2642,393,"第36回全国競技かるた東京吉野会大会(B,C)",2017-12-02,C4,C,45,45,107,6,6,1,0,0,19,19,0,0,0,21,0,0,0,0,0,0,0,0,0,0,0,0,1
2643,394,"第20回神奈川県かるた選手権大会(D,E,F,G)",2017-11-23,D1,D,45,45,107,6,6,1,0,0,19,19,0,0,0,19,0,0,0,0,0,0,0,0,0,0,0,0,1
2644,394,"第20回神奈川県かるた選手権大会(D,E,F,G)",2017-11-23,E1,E,28,28,58,5,5,1,0,0,4,4,0,0,0,4,0,0,0,0,0,0,0,0,0,0,0,0,1
2645,394,"第20回神奈川県かるた選手権大会(D,E,F,G)",2017-11-23,F1,,23,23,53,5,5,1,0,0,9,9,0,0,0,9,0,0,0,0,0,0,0,0,0,0,0,0,1
2646,394,"第20回神奈川県かるた選手権大会(D,E,F,G)",2017-11-23,G1,,26,26,56,5,5,1,0,0,6,6,0,0,0,6,0,0,0,0,0,0,0,0,0,0,0,0,1
2647,394,"第20回神奈川県かるた選手権大会(D,E,F,G)",2017-11-23,D2,D,48,48,110,6,6,1,0,0,16,16,0,0,0,16,0,0,0,0,0,0,0,0,0,0,0,0,1
2648,394,"第20回神奈川県かるた選手権大会(D,E,F,G)",2017-11-23,E2,E,29,29,59,5,5,1,0,0,3,3,0,0,0,3,0,0,0,0,0,0,0,0,0,0,0,0,1
2649,394,"第20回神奈川県かるた選手権大会(D,E,F,G)",2017-11-23,E3,E,27,27,57,5,5,1,0,0,5,5,0,0,0,5,0,0,0,0,0,0,0,0,0,0,0,0,1
2650,394,"第20回神奈川県かるた選手権大会(D,E,F,G)",2017-11-23,F2,,26,26,56,5,5,1,0,0,6,6,0,0,0,6,0,2,0,0,0,0,0,0,0,0,0,0,1
2651,394,"第20回神奈川県かるた選手権大会(D,E,F,G)",2017-11-23,F3,,24,24,54,5,5,1,0,0,8,8,0,0,0,8,0,0,0,0,0,0,0,0,0,0,0,0,1
2652,394,"第20回神奈川県かるた選手権大会(D,E,F,G)",2017-11-23,G2,,27,27,57,5,5,1,0,0,5,5,0,0,0,5,0,0,0,0,0,0,0,0,0,0,0,0,1
2653,394,"第20回神奈川県かるた選手権大会(D,E,F,G)",2017-11-23,G3,,27,27,57,5,5,1,0,0,5,5,0,0,0,5,0,0,0,0,0,0,0,0,0,0,0,0,1
2654,394,"第20回神奈川県かるた選手権大会(D,E,F,G)",2017-11-23,G4,,25,25,55,5,5,1,0,0,7,7,0,0,0,7,0,0,0,0,0,0,0,0,0,0,0,0,1
2655,394,"第20回神奈川県かるた選手権大会(D,E,F,G)",2017-11-23,G5,,26,26,56,5,5,1,0,0,6,6,0,0,0,6,0,2,0,0,0,0,0,0,0,0,0,0,1
2656,395,第31回全国競技かるたさがみ野大会(E),2017-05-20,E1,E,24,24,54,5,5,1,0,0,8,8,0,0,0,8,0,2,0,0,0,0,0,0,0,0,0,0,1
2657,395,第31回全国競技かるたさがみ野大会(E),2017-05-20,E2,E,25,25,55,5,5,1,0,0,7,7,0,0,0,7,0,0,0,0,0,0,0,0,0,0,0,0,1
2658,395,第31回全国競技かるたさがみ野大会(E),2017-05-20,E3,E,25,25,55,5,5,1,0,0,7,7,0,0,0,7,0,0,0,0,0,0,0,0,0,0,0,0,1
2659,395,第31回全国競技かるたさがみ野大会(E),2017-05-20,E4,E,25,25,55,5,5,1,0,0,7,7,0,0,0,7,0,0,0,0,0,0,0,0,0,0,0,0,1
2660,395,第31回全国競技かるたさがみ野大会(E),2017-05-20,E5,E,24,24,54,5,5,1,0,0,8,8,0,0,0,8,0,0,0,0,0,0,0,0,0,0,0,0,1
2661,396,"第89回全国競技かるた学生選手権大会(A,B,C)",2017-03-25,A,A,121,121,247,7,7,1,0,0,7,7,0,0,0,7,0,0,0,0,0,0,0,0,0,0,0,0,1
2662,396,"第89回全国競技かるた学生選手権大会(A,B,C)",2017-03-25,B1,B,116,116,242,7,7,1,0,0,12,12,0,0,0,12,0,2,0,0,0,0,0,0,0,0,0,0,1
2663,396,"第89回全国競技かるた学生選手権大会(A,B,C)",2017-03-25,B2,B,117,117,243,7,7,1,0,0,11,11,0,0,0,13,0,0,0,0,0,0,0,0,0,0,0,0,1
2664,396,"第89回全国競技かるた学生選手権大会(A,B,C)",2017-03-25,B3,B,116,116,241,7,7,1,0,0,11,11,0,0,0,11,0,0,0,0,0,0,0,0,0,0,0,0,1
2665,396,"第89回全国競技かるた学生選手権大会(A,B,C)",2017-03-25,C1,C,58,58,120,6,6,1,0,0,6,6,0,1,0,6,0,0,0,0,0,0,0,1,0,0,0,0,1
2666,396,"第89回全国競技かるた学生選手権大会(A,B,C)",2017-03-25,C2,C,58,58,120,6,6,1,0,0,6,6,0,0,0,8,0,0,0,0,0,0,0,0,0,0,0,0,1
2667,396,"第89回全国競技かるた学生選手権大会(A,B,C)",2017-03-25,C3,C,58,58,120,6,6,1,0,0,6,6,0,0,0,6,0,0,0,0,0,0,0,0,0,0,0,0,1
2668,396,"第89回全国競技かるた学生選手権大会(A,B,C)",2017-03-25,C4,C,56,56,118,6,6,1,0,0,8,8,0,0,0,8,0,0,0,0,0,0,0,0,0,0,0,0,1
2669,396,"第89回全国競技かるた学生選手権大会(A,B,C)",2017-03-25,C5,C,58,58,120,6,6,1,0,0,6,6,0,1,0,6,0,0,0,0,0,0,0,1,0,0,0,0,1
2675,398,"第1回全国競技かるた信州大会~in駒ヶ根(B,C,D,E)",2017-11-26,B1,B,37,37,99,6,6,1,0,0,27,27,0,3,0,27,0,0,0,0,0,0,0,2,0,0,0,0,1
2676,398,"第1回全国競技かるた信州大会~in駒ヶ根(B,C,D,E)",2017-11-26,C1,C,38,38,100,6,6,1,0,0,26,26,0,0,0,26,0,0,0,0,0,0,0,0,0,0,0,0,1
2677,398,"第1回全国競技かるた信州大会~in駒ヶ根(B,C,D,E)",2017-11-26,D1,D,51,51,113,6,6,1,0,0,13,13,0,0,0,13,0,0,0,0,0,0,0,0,0,0,0,0,1
2678,398,"第1回全国競技かるた信州大会~in駒ヶ根(B,C,D,E)",2017-11-26,E1,E,24,24,54,5,5,1,0,0,8,8,0,0,0,8,0,0,0,0,0,0,0,0,0,0,0,0,1
2679,398,"第1回全国競技かるた信州大会~in駒ヶ根(B,C,D,E)",2017-11-26,B2,B,33,33,95,6,6,1,0,0,31,31,0,0,0,33,0,0,0,0,0,0,0,0,0,0,0,0,1
2680,398,"第1回全国競技かるた信州大会~in駒ヶ根(B,C,D,E)",2017-11-26,C2,C,40,40,102,6,6,1,0,0,24,24,0,0,0,24,0,0,0,0,0,0,0,0,0,0,0,0,1
2681,398,"第1回全国競技かるた信州大会~in駒ヶ根(B,C,D,E)",2017-11-26,D2,D,51,51,113,6,6,1,0,0,13,13,0,0,0,15,0,0,0,0,0,0,0,0,0,0,0,0,1
2682,398,"第1回全国競技かるた信州大会~in駒ヶ根(B,C,D,E)",2017-11-26,D3,D,50,50,112,6,6,1,0,0,14,14,0,0,0,14,0,0,0,0,0,0,0,0,0,0,0,0,1
2683,398,"第1回全国競技かるた信州大会~in駒ヶ根(B,C,D,E)",2017-11-26,E2,E,23,23,53,5,5,1,0,0,9,9,0,0,0,9,0,0,0,0,0,0,0,0,0,0,0,0,1
2684,398,"第1回全国競技かるた信州大会~in駒ヶ根(B,C,D,E)",2017-11-26,E3,E,23,23,53,5,5,1,0,0,9,9,0,0,0,9,0,0,0,0,0,0,0,0,0,0,0,0,1
2685,399,"藤原定家卿小倉百人一首撰定記念第71回全国競技かるた京都大会(A,B)",2017-05-28,A,A,94,94,220,7,7,1,0,0,34,34,0,0,0,34,0,0,0,0,0,0,0,0,0,0,0,0,1
2686,399,"藤原定家卿小倉百人一首撰定記念第71回全国競技かるた京都大会(A,B)",2017-05-28,B1,B,88,88,214,7,7,1,0,0,40,40,0,0,0,42,0,0,0,0,0,0,0,0,0,0,0,0,1
2687,399,"藤原定家卿小倉百人一首撰定記念第71回全国競技かるた京都大会(A,B)",2017-05-28,B2,B,87,87,213,7,7,1,0,0,41,41,0,0,0,41,0,0,0,0,0,0,0,0,0,0,0,0,1
2688,400,第81回椿杯争奪全国競技かるた大会,2017-05-27,A,A,59,59,121,6,6,1,0,2,7,5,0,0,0,9,0,2,0,0,0,0,0,0,0,0,0,0,1
2689,400,第81回椿杯争奪全国競技かるた大会,2017-05-27,B1,B,55,55,117,6,6,1,0,0,9,9,0,0,0,15,0,0,0,0,0,0,0,0,0,0,0,0,1
2690,400,第81回椿杯争奪全国競技かるた大会,2017-05-27,C1,C,49,49,111,6,6,1,0,0,15,15,0,0,0,15,0,2,0,0,0,0,0,0,0,0,0,0,1
2691,400,第81回椿杯争奪全国競技かるた大会,2017-05-27,D1,D,52,52,114,6,6,1,0,0,12,12,0,0,0,16,0,0,0,0,0,0,0,0,0,0,0,0,1
2692,400,第81回椿杯争奪全国競技かるた大会,2017-05-27,E1,E,27,27,57,5,5,1,0,0,5,5,0,0,0,7,0,0,0,0,0,0,0,0,0,0,0,0,1
2693,400,第81回椿杯争奪全国競技かるた大会,2017-05-27,B2,B,55,55,117,6,6,1,0,0,9,9,0,0,0,15,0,0,0,0,0,0,0,0,0,0,0,0,1
2694,400,第81回椿杯争奪全国競技かるた大会,2017-05-27,C2,C,48,48,110,6,6,1,0,0,16,16,0,0,0,20,0,0,0,0,0,0,0,0,0,0,0,0,1
2695,400,第81回椿杯争奪全国競技かるた大会,2017-05-27,D2,D,52,52,114,6,6,1,0,0,12,12,0,0,0,16,0,2,0,0,0,0,0,0,0,0,0,0,1
2696,400,第81回椿杯争奪全国競技かるた大会,2017-05-27,D3,D,51,51,113,6,6,1,0,2,15,13,0,0,0,19,0,2,0,0,0,0,0,0,0,0,0,0,1
2697,400,第81回椿杯争奪全国競技かるた大会,2017-05-27,E2,E,27,27,57,5,5,1,0,0,5,5,0,0,0,5,0,0,0,0,0,0,0,0,0,0,0,0,1
2698,400,第81回椿杯争奪全国競技かるた大会,2017-05-27,E3,E,25,25,55,5,5,1,0,0,7,7,0,0,0,7,0,0,0,0,0,0,0,0,0,0,0,0,1
2699,401,"第90回全国競技かるた学生選手権大会(D,E)",2017-08-26,D1,D,59,59,121,6,6,1,0,0,5,5,0,0,0,5,0,2,0,0,0,0,0,0,0,0,0,0,1
2700,401,"第90回全国競技かるた学生選手権大会(D,E)",2017-08-26,E1,E,28,28,58,5,5,1,0,0,4,4,0,0,0,4,0,0,0,0,0,0,0,0,0,0,0,0,1
2701,401,"第90回全国競技かるた学生選手権大会(D,E)",2017-08-26,D2,D,59,59,121,6,6,1,0,0,5,5,0,0,0,9,0,0,0,0,0,0,0,0,0,0,0,0,1
2702,401,"第90回全国競技かるた学生選手権大会(D,E)",2017-08-26,D3,D,55,55,117,6,6,1,0,0,9,9,0,0,0,9,0,0,0,0,0,0,0,0,0,0,0,0,1
2703,401,"第90回全国競技かるた学生選手権大会(D,E)",2017-08-26,E2,E,30,30,60,5,5,1,0,0,2,2,0,0,0,2,0,0,0,0,0,0,0,0,0,0,0,0,1
2704,401,"第90回全国競技かるた学生選手権大会(D,E)",2017-08-26,D4,D,58,58,120,6,6,1,0,0,6,6,0,0,0,6,0,2,0,0,0,0,0,0,0,0,0,0,1
2705,401,"第90回全国競技かるた学生選手権大会(D,E)",2017-08-26,D5,D,54,54,116,6,6,1,0,0,10,10,0,0,0,10,0,0,0,0,0,0,0,0,0,0,0,0,1
2706,401,"第90回全国競技かるた学生選手権大会(D,E)",2017-08-26,E3,E,30,30,60,5,5,1,0,0,2,2,0,0,0,2,0,0,0,0,0,0,0,0,0,0,0,0,1
2707,401,"第90回全国競技かるた学生選手権大会(D,E)",2017-08-26,D6,D,58,58,120,6,6,1,0,0,6,6,0,0,0,6,0,0,0,0,0,0,0,0,0,0,0,0,1
2708,401,"第90回全国競技かるた学生選手権大会(D,E)",2017-08-26,E4,E,29,29,59,5,5,1,0,0,3,3,0,0,0,3,0,0,0,0,0,0,0,0,0,0,0,0,1
2709,401,"第90回全国競技かるた学生選手権大会(D,E)",2017-08-26,D7,D,57,57,119,6,6,1,0,0,7,7,0,0,0,9,0,0,0,0,0,0,0,0,0,0,0,0,1
2710,401,"第90回全国競技かるた学生選手権大会(D,E)",2017-08-26,D8,D,57,57,119,6,6,1,0,0,7,7,0,0,0,7,0,0,0,0,0,0,0,0,0,0,0,0,1
2711,401,"第90回全国競技かるた学生選手権大会(D,E)",2017-08-26,E5,E,30,30,60,5,5,1,0,0,2,2,0,0,0,2,0,0,0,0,0,0,0,0,0,0,0,0,1
2712,401,"第90回全国競技かるた学生選手権大会(D,E)",2017-08-26,E6,E,30,30,60,5,5,1,0,0,2,2,0,0,0,2,0,0,0,0,0,0,0,0,0,0,0,0,1
2713,401,"第90回全国競技かるた学生選手権大会(D,E)",2017-08-26,E7,E,26,26,56,5,5,1,0,0,6,6,0,0,0,6,0,0,0,0,0,0,0,0,0,0,0,0,1
2714,401,"第90回全国競技かるた学生選手権大会(D,E)",2017-08-26,E8,E,31,31,61,5,5,1,0,0,1,1,0,0,0,1,0,0,0,0,0,0,0,0,0,0,0,0,1
2715,401,"第90回全国競技かるた学生選手権大会(D,E)",2017-08-26,E9,E,31,31,61,5,5,1,0,0,1,1,0,0,0,1,0,0,0,0,0,0,0,0,0,0,0,0,1
2716,401,"第90回全国競技かるた学生選手権大会(D,E)",2017-08-26,E10,E,31,31,61,5,5,1,0,0,1,1,0,0,0,1,0,2,0,0,0,0,0,0,0,0,0,0,1
2717,401,"第90回全国競技かるた学生選手権大会(D,E)",2017-08-26,E11,E,30,30,60,5,5,1,0,0,2,2,0,0,0,2,0,0,0,0,0,0,0,0,0,0,0,0,1
2718,401,"第90回全国競技かるた学生選手権大会(D,E)",2017-08-26,E12,E,28,28,58,5,5,1,0,0,4,4,0,0,0,4,0,0,0,0,0,0,0,0,0,0,0,0,1
2719,402,第19回全国競技かるた富山大会,2017-09-16,A,A,45,45,107,6,6,1,0,4,23,19,0,0,0,19,0,4,0,0,0,0,0,0,0,0,0,0,1
2720,402,第19回全国競技かるた富山大会,2017-09-16,B,B,88,88,214,7,7,1,0,0,40,40,0,0,0,40,0,0,0,0,0,0,0,0,0,0,0,0,1
2721,402,第19回全国競技かるた富山大会,2017-09-16,C1,C,43,43,105,6,6,1,0,0,21,21,0,0,0,21,0,0,0,0,0,0,0,0,0,0,0,0,1
2722,402,第19回全国競技かるた富山大会,2017-09-16,D1,D,46,46,108,6,6,1,0,0,18,18,0,0,0,18,0,0,0,0,0,0,0,0,0,0,0,0,1
2723,402,第19回全国競技かるた富山大会,2017-09-16,C2,C,42,42,104,6,6,1,0,0,22,22,0,0,0,22,0,0,0,0,0,0,0,0,0,0,0,0,1
2724,402,第19回全国競技かるた富山大会,2017-09-16,D2,D,46,46,108,6,6,1,0,0,18,18,0,0,0,18,0,2,0,0,0,0,0,0,0,0,0,0,1
2725,402,第19回全国競技かるた富山大会,2017-09-16,D3,D,44,44,106,6,6,1,0,0,20,20,0,0,0,20,0,0,0,0,0,0,0,0,0,0,0,0,1
2726,403,第18回上杉杯争奪全国かるた競技大会,2017-04-15,A,A,46,46,108,6,6,1,0,0,18,18,0,0,0,18,0,0,0,0,0,0,0,0,0,0,0,0,1
2727,403,第18回上杉杯争奪全国かるた競技大会,2017-04-15,B,B,64,64,126,6,6,1,0,0,0,0,0,0,0,0,0,0,0,0,0,0,0,0,0,0,0,0,1
2728,403,第18回上杉杯争奪全国かるた競技大会,2017-04-15,C1,C,34,34,96,6,6,1,0,0,30,30,0,0,0,34,0,0,0,0,0,0,0,0,0,0,0,0,1
2729,403,第18回上杉杯争奪全国かるた競技大会,2017-04-15,D1,D,53,53,115,6,6,1,0,0,11,11,0,0,0,11,0,0,0,0,0,0,0,0,0,0,0,0,1
2730,403,第18回上杉杯争奪全国かるた競技大会,2017-04-15,E,E,29,29,59,5,5,1,0,0,3,3,0,0,0,3,0,2,0,0,0,0,0,0,0,0,0,0,1
2731,403,第18回上杉杯争奪全国かるた競技大会,2017-04-15,C2,C,33,33,95,6,6,1,0,0,31,31,0,0,0,33,0,0,0,0,0,0,0,0,0,0,0,0,1
2732,403,第18回上杉杯争奪全国かるた競技大会,2017-04-15,D2,D,51,51,113,6,6,1,0,0,13,13,0,0,0,13,0,2,0,0,0,0,0,0,0,0,0,0,1
2733,404,第39回全国高等学校小倉百人一首かるた選手権大会(個人戦の部),2017-07-23,A,A,62,62,124,6,6,1,0,0,2,2,0,0,0,2,0,0,0,0,0,0,0,0,0,0,0,0,1
2734,404,第39回全国高等学校小倉百人一首かるた選手権大会(個人戦の部),2017-07-23,B1,B,56,56,118,6,6,1,0,0,8,8,0,0,0,8,0,0,0,0,0,0,0,0,0,0,0,0,1
2735,404,第39回全国高等学校小倉百人一首かるた選手権大会(個人戦の部),2017-07-23,C1,C,44,44,106,6,6,1,0,0,20,20,0,0,0,22,0,0,0,0,0,0,0,0,0,0,0,0,1
2736,404,第39回全国高等学校小倉百人一首かるた選手権大会(個人戦の部),2017-07-23,D1,D,46,46,108,6,6,1,0,0,18,18,0,0,0,18,0,2,0,0,0,0,0,0,0,0,0,0,1
2737,404,第39回全国高等学校小倉百人一首かるた選手権大会(個人戦の部),2017-07-23,B2,B,56,56,118,6,6,1,0,0,8,8,0,0,0,8,0,0,0,0,0,0,0,0,0,0,0,0,1
2738,404,第39回全国高等学校小倉百人一首かるた選手権大会(個人戦の部),2017-07-23,B3,B,56,56,118,6,6,1,0,0,8,8,0,0,0,8,0,0,0,0,0,0,0,0,0,0,0,0,1
2739,404,第39回全国高等学校小倉百人一首かるた選手権大会(個人戦の部),2017-07-23,B4,B,55,55,117,6,6,1,0,0,9,9,0,0,0,9,0,0,0,0,0,0,0,0,0,0,0,0,1
2740,404,第39回全国高等学校小倉百人一首かるた選手権大会(個人戦の部),2017-07-23,B5,B,56,56,118,6,6,1,0,0,8,8,0,0,0,8,0,0,0,0,0,0,0,0,0,0,0,0,1
2741,404,第39回全国高等学校小倉百人一首かるた選手権大会(個人戦の部),2017-07-23,C2,C,43,43,105,6,6,1,0,0,21,21,0,0,0,23,0,0,0,0,0,0,0,0,0,0,0,0,1
2742,404,第39回全国高等学校小倉百人一首かるた選手権大会(個人戦の部),2017-07-23,C3,C,45,45,107,6,6,1,0,0,19,19,0,0,0,19,0,0,0,0,0,0,0,0,0,0,0,0,1
2743,404,第39回全国高等学校小倉百人一首かるた選手権大会(個人戦の部),2017-07-23,C4,C,45,45,107,6,6,1,0,0,19,19,0,0,0,19,0,0,0,0,0,0,0,0,0,0,0,0,1
2744,404,第39回全国高等学校小倉百人一首かるた選手権大会(個人戦の部),2017-07-23,C5,C,46,46,108,6,6,1,0,0,18,18,0,0,0,18,0,0,0,0,0,0,0,0,0,0,0,0,1
2745,404,第39回全国高等学校小倉百人一首かるた選手権大会(個人戦の部),2017-07-23,C6,C,46,46,108,6,6,1,0,0,18,18,0,0,0,18,0,0,0,0,0,0,0,0,0,0,0,0,1
2746,404,第39回全国高等学校小倉百人一首かるた選手権大会(個人戦の部),2017-07-23,C7,C,46,46,108,6,6,1,0,0,18,18,0,0,0,18,0,0,0,0,0,0,0,0,0,0,0,0,1
2747,404,第39回全国高等学校小倉百人一首かるた選手権大会(個人戦の部),2017-07-23,C8,C,45,45,107,6,6,1,0,0,19,19,0,0,0,19,0,0,0,0,0,0,0,0,0,0,0,0,1
2748,404,第39回全国高等学校小倉百人一首かるた選手権大会(個人戦の部),2017-07-23,D2,D,47,47,109,6,6,1,0,0,17,17,0,0,0,17,0,0,0,0,0,0,0,0,0,0,0,0,1
2749,404,第39回全国高等学校小倉百人一首かるた選手権大会(個人戦の部),2017-07-23,D3,D,44,44,106,6,6,1,0,0,20,20,0,0,0,20,0,2,0,0,0,0,0,0,0,0,0,0,1
2750,404,第39回全国高等学校小倉百人一首かるた選手権大会(個人戦の部),2017-07-23,D4,D,45,45,107,6,6,1,0,0,19,19,0,0,0,19,0,0,0,0,0,0,0,0,0,0,0,0,1
2751,404,第39回全国高等学校小倉百人一首かるた選手権大会(個人戦の部),2017-07-23,D5,D,45,45,107,6,6,1,0,0,19,19,0,0,0,19,0,0,0,0,0,0,0,0,0,0,0,0,1
2752,404,第39回全国高等学校小倉百人一首かるた選手権大会(個人戦の部),2017-07-23,D6,D,46,46,108,6,6,1,0,0,18,18,0,0,0,18,0,0,0,0,0,0,0,0,0,0,0,0,1
2753,404,第39回全国高等学校小倉百人一首かるた選手権大会(個人戦の部),2017-07-23,D7,D,45,45,107,6,6,1,0,0,19,19,0,0,0,21,0,0,0,0,0,0,0,0,0,0,0,0,1
2754,404,第39回全国高等学校小倉百人一首かるた選手権大会(個人戦の部),2017-07-23,D8,D,45,45,107,6,6,1,0,0,19,19,0,0,0,19,0,0,0,0,0,0,0,0,0,0,0,0,1
2755,404,第39回全国高等学校小倉百人一首かるた選手権大会(個人戦の部),2017-07-23,D9,D,43,43,105,6,6,1,0,0,21,21,0,0,0,23,0,0,0,0,0,0,0,0,0,0,0,0,1
2756,404,第39回全国高等学校小倉百人一首かるた選手権大会(個人戦の部),2017-07-23,D10,D,47,47,109,6,6,1,0,0,17,17,0,0,0,17,0,0,0,0,0,0,0,0,0,0,0,0,1
2757,404,第39回全国高等学校小倉百人一首かるた選手権大会(個人戦の部),2017-07-23,D11,D,44,44,106,6,6,1,0,0,20,20,0,0,0,20,0,0,0,0,0,0,0,0,0,0,0,0,1
2758,404,第39回全国高等学校小倉百人一首かるた選手権大会(個人戦の部),2017-07-23,D12,D,46,46,108,6,6,1,0,0,18,18,0,0,0,18,0,0,0,0,0,0,0,0,0,0,0,0,1
2759,404,第39回全国高等学校小倉百人一首かるた選手権大会(個人戦の部),2017-07-23,D13,D,45,45,107,6,6,1,0,0,19,19,0,0,0,19,0,2,0,0,0,0,0,0,0,0,0,0,1
2760,404,第39回全国高等学校小倉百人一首かるた選手権大会(個人戦の部),2017-07-23,D14,D,47,47,109,6,6,1,0,0,17,17,0,0,0,17,0,2,0,0,0,0,0,0,0,0,0,0,1
2761,404,第39回全国高等学校小倉百人一首かるた選手権大会(個人戦の部),2017-07-23,D15,D,47,47,109,6,6,1,0,0,17,17,0,0,0,19,0,0,0,0,0,0,0,0,0,0,0,0,1
2762,404,第39回全国高等学校小倉百人一首かるた選手権大会(個人戦の部),2017-07-23,D16,D,47,47,109,6,6,1,0,0,17,17,0,0,0,17,0,0,0,0,0,0,0,0,0,0,0,0,1
2763,404,第39回全国高等学校小倉百人一首かるた選手権大会(個人戦の部),2017-07-23,D17,D,47,47,109,6,6,1,0,0,17,17,0,0,0,17,0,0,0,0,0,0,0,0,0,0,0,0,1
2764,404,第39回全国高等学校小倉百人一首かるた選手権大会(個人戦の部),2017-07-23,D18,D,47,47,109,6,6,1,0,0,17,17,0,0,0,17,0,0,0,0,0,0,0,0,0,0,0,0,1
2765,404,第39回全国高等学校小倉百人一首かるた選手権大会(個人戦の部),2017-07-23,D19,D,45,45,107,6,6,1,0,0,19,19,0,0,0,19,0,2,0,0,0,0,0,0,0,0,0,0,1
2766,404,第39回全国高等学校小倉百人一首かるた選手権大会(個人戦の部),2017-07-23,D20,D,46,46,108,6,6,1,0,0,18,18,0,0,0,18,0,2,0,0,0,0,0,0,0,0,0,0,1
2767,405,第56回全日本かるた選手権大会,2017-04-23,A,A,77,77,203,7,7,1,0,2,53,51,0,0,0,51,0,2,0,0,0,0,0,0,0,0,0,0,1
2768,406,第49回全国競技かるた女流選手権大会,2017-06-18,A,A,67,67,193,7,7,1,0,0,61,61,0,0,0,61,0,0,0,0,0,0,0,0,0,0,0,0,1
2769,406,第49回全国競技かるた女流選手権大会,2017-06-18,B,B,115,115,241,7,7,1,0,0,13,13,0,0,0,13,0,0,0,0,0,0,0,0,0,0,0,0,1
2770,406,第49回全国競技かるた女流選手権大会,2017-06-18,C,C,114,114,240,7,7,1,0,0,14,14,0,0,0,14,0,0,0,0,0,0,0,0,0,0,0,0,1
2771,407,蓮生記念第4回全国競技かるた宇都宮大会,2017-10-21,A,A,94,94,220,7,7,1,0,0,34,34,0,0,0,34,0,0,0,0,0,0,0,0,0,0,0,0,1
2772,407,蓮生記念第4回全国競技かるた宇都宮大会,2017-10-21,B1,B,48,48,110,6,6,1,0,0,16,16,0,0,0,16,0,0,0,0,0,0,0,0,0,0,0,0,1
2773,407,蓮生記念第4回全国競技かるた宇都宮大会,2017-10-21,C1,C,48,48,110,6,6,1,0,0,16,16,0,0,0,18,0,0,0,0,0,0,0,0,0,0,0,0,1
2774,407,蓮生記念第4回全国競技かるた宇都宮大会,2017-10-21,D1,D,42,42,104,6,6,1,0,0,22,22,0,0,0,22,0,0,0,0,0,0,0,0,0,0,0,0,1
2775,407,蓮生記念第4回全国競技かるた宇都宮大会,2017-10-21,B2,B,50,50,112,6,6,1,0,0,14,14,0,0,0,14,0,0,0,0,0,0,0,0,0,0,0,0,1
2776,407,蓮生記念第4回全国競技かるた宇都宮大会,2017-10-21,B3,B,48,48,110,6,6,1,0,0,16,16,0,0,0,16,0,0,0,0,0,0,0,0,0,0,0,0,1
2777,407,蓮生記念第4回全国競技かるた宇都宮大会,2017-10-21,B4,B,45,45,107,6,6,1,0,0,19,19,0,0,0,19,0,0,0,0,0,0,0,0,0,0,0,0,1
2778,407,蓮生記念第4回全国競技かるた宇都宮大会,2017-10-21,C2,C,48,48,110,6,6,1,0,0,16,16,0,0,0,16,0,0,0,0,0,0,0,0,0,0,0,0,1
2779,407,蓮生記念第4回全国競技かるた宇都宮大会,2017-10-21,C3,C,48,48,110,6,6,1,0,0,16,16,0,0,0,20,0,0,0,0,0,0,0,0,0,0,0,0,1
2780,407,蓮生記念第4回全国競技かるた宇都宮大会,2017-10-21,C4,C,48,48,110,6,6,1,0,0,16,16,0,0,0,16,0,0,0,0,0,0,0,0,0,0,0,0,1
2781,407,蓮生記念第4回全国競技かるた宇都宮大会,2017-10-21,D2,D,42,42,104,6,6,1,0,0,22,22,0,0,0,22,0,0,0,0,0,0,0,0,0,0,0,0,1
2782,407,蓮生記念第4回全国競技かるた宇都宮大会,2017-10-21,D3,D,45,45,107,6,6,1,0,0,19,19,0,0,0,21,0,0,0,0,0,0,0,0,0,0,0,0,1
2783,407,蓮生記念第4回全国競技かるた宇都宮大会,2017-10-21,D4,D,42,42,104,6,6,1,0,0,22,22,0,0,0,24,0,0,0,0,0,0,0,0,0,0,0,0,1
2784,407,蓮生記念第4回全国競技かるた宇都宮大会,2017-10-21,D5,D,40,40,102,6,6,1,0,0,24,24,0,0,0,24,0,0,0,0,0,0,0,0,0,0,0,0,1
2785,407,蓮生記念第4回全国競技かるた宇都宮大会,2017-10-21,D6,D,44,44,106,6,6,1,0,0,20,20,0,0,0,22,0,0,0,0,0,0,0,0,0,0,0,0,1
2786,407,蓮生記念第4回全国競技かるた宇都宮大会,2017-10-21,D7,D,44,44,106,6,6,1,0,0,20,20,0,0,0,20,0,0,0,0,0,0,0,0,0,0,0,0,1
2787,407,蓮生記念第4回全国競技かるた宇都宮大会,2017-10-21,D8,D,41,41,103,6,6,1,0,0,23,23,0,0,0,25,0,0,0,0,0,0,0,0,0,0,0,0,1
2788,408,第19回全国競技かるた愛知大会(C),2017-12-09,C1,C,59,59,121,6,6,1,0,0,5,5,0,0,0,5,0,0,0,0,0,0,0,0,0,0,0,0,1
2789,408,第19回全国競技かるた愛知大会(C),2017-12-09,C2,C,64,64,126,6,6,1,0,0,0,0,0,0,0,0,0,0,0,0,0,0,0,0,0,0,0,0,1
2790,409,"第19回全国競技かるた愛知大会(A,B)",2017-12-10,A,A,54,54,116,6,6,1,0,0,10,10,0,0,0,10,0,0,0,0,0,0,0,0,0,0,0,0,1
2791,409,"第19回全国競技かるた愛知大会(A,B)",2017-12-10,B1,B,50,50,112,6,6,1,0,0,14,14,0,0,0,14,0,0,0,0,0,0,0,0,0,0,0,0,1
2792,409,"第19回全国競技かるた愛知大会(A,B)",2017-12-10,B2,B,50,50,112,6,6,1,0,0,14,14,0,0,0,14,0,0,0,0,0,0,0,0,0,0,0,0,1
2793,409,"第19回全国競技かるた愛知大会(A,B)",2017-12-10,B3,B,49,49,111,6,6,1,0,0,15,15,0,0,0,15,0,0,0,0,0,0,0,0,0,0,0,0,1
2794,410,"第19回全国競技かるた愛知大会(D,E)",2017-12-03,D1,D,29,29,59,5,5,1,0,0,3,3,0,0,0,3,0,0,0,0,0,0,0,0,0,0,0,0,1
2795,410,"第19回全国競技かるた愛知大会(D,E)",2017-12-03,E1,E,15,15,29,4,4,1,0,0,1,1,0,0,0,1,0,0,0,0,0,0,0,0,0,0,0,0,1
2796,410,"第19回全国競技かるた愛知大会(D,E)",2017-12-03,D2,D,29,29,59,5,5,1,0,0,3,3,0,0,0,3,0,0,0,0,0,0,0,0,0,0,0,0,1
2797,410,"第19回全国競技かるた愛知大会(D,E)",2017-12-03,D3,D,29,29,59,5,5,1,0,0,3,3,0,0,0,3,0,0,0,0,0,0,0,0,0,0,0,0,1
2798,410,"第19回全国競技かるた愛知大会(D,E)",2017-12-03,D4,D,28,28,58,5,5,1,0,0,4,4,0,0,0,4,0,0,0,0,0,0,0,0,0,0,0,0,1
2799,410,"第19回全国競技かるた愛知大会(D,E)",2017-12-03,D5,D,28,28,58,5,5,1,0,2,6,4,0,0,0,4,0,2,0,0,0,0,0,0,0,0,0,0,1
2800,410,"第19回全国競技かるた愛知大会(D,E)",2017-12-03,D6,D,29,29,59,5,5,1,0,0,3,3,0,0,0,3,0,0,0,0,0,0,0,0,0,0,0,0,1
2801,410,"第19回全国競技かるた愛知大会(D,E)",2017-12-03,D7,D,29,29,59,5,5,1,0,0,3,3,0,0,0,3,0,0,0,0,0,0,0,0,0,0,0,0,1
2802,410,"第19回全国競技かるた愛知大会(D,E)",2017-12-03,D8,D,28,28,58,5,5,1,0,0,4,4,0,0,0,4,0,0,0,0,0,0,0,0,0,0,0,0,1
2803,410,"第19回全国競技かるた愛知大会(D,E)",2017-12-03,D9,D,29,29,59,5,5,1,0,0,3,3,0,0,0,3,0,0,0,0,0,0,0,0,0,0,0,0,1
2804,410,"第19回全国競技かるた愛知大会(D,E)",2017-12-03,E2,E,15,15,29,4,4,1,0,0,1,1,0,0,0,1,0,0,0,0,0,0,0,0,0,0,0,0,1
2805,410,"第19回全国競技かるた愛知大会(D,E)",2017-12-03,E3,E,13,13,27,4,4,1,0,0,3,3,0,0,0,3,0,0,0,0,0,0,0,0,0,0,0,0,1
2806,410,"第19回全国競技かるた愛知大会(D,E)",2017-12-03,E4,E,14,14,28,4,4,1,0,0,2,2,0,0,0,2,0,0,0,0,0,0,0,0,0,0,0,0,1
2807,410,"第19回全国競技かるた愛知大会(D,E)",2017-12-03,E5,E,13,13,27,4,4,1,0,0,3,3,0,0,0,3,0,0,0,0,0,0,0,0,0,0,0,0,1
2808,410,"第19回全国競技かるた愛知大会(D,E)",2017-12-03,E6,E,15,15,29,4,4,1,0,0,1,1,0,0,0,1,0,0,0,0,0,0,0,0,0,0,0,0,1
2809,410,"第19回全国競技かるた愛知大会(D,E)",2017-12-03,E7,E,15,15,29,4,4,1,0,0,1,1,0,0,0,1,0,0,0,0,0,0,0,0,0,0,0,0,1
2810,410,"第19回全国競技かるた愛知大会(D,E)",2017-12-03,E8,E,14,14,28,4,4,1,0,0,2,2,0,0,0,2,0,0,0,0,0,0,0,0,0,0,0,0,1
2811,410,"第19回全国競技かるた愛知大会(D,E)",2017-12-03,E9,E,13,13,27,4,4,1,0,0,3,3,0,0,0,3,0,0,0,0,0,0,0,0,0,0,0,0,1
2812,410,"第19回全国競技かるた愛知大会(D,E)",2017-12-03,E10,E,14,14,28,4,4,1,0,0,2,2,0,0,0,2,0,0,0,0,0,0,0,0,0,0,0,0,1
2813,411,第35回小倉百人一首かるた競技宮崎大会,2017-10-29,A,A,28,28,58,5,5,1,0,0,4,4,0,0,0,4,0,0,0,0,0,0,0,0,0,0,0,0,1
2814,411,第35回小倉百人一首かるた競技宮崎大会,2017-10-29,B,B,52,52,114,6,6,1,0,0,12,12,0,0,0,12,0,0,0,0,0,0,0,0,0,0,0,0,1
2815,411,第35回小倉百人一首かるた競技宮崎大会,2017-10-29,C,C,53,53,115,6,6,1,0,2,13,11,0,0,0,11,0,2,0,0,0,0,0,0,0,0,0,0,1
2816,411,第35回小倉百人一首かるた競技宮崎大会,2017-10-29,D1,D,27,27,57,5,5,1,0,0,5,5,0,0,0,5,0,0,0,0,0,0,0,0,0,0,0,0,1
2817,411,第35回小倉百人一首かるた競技宮崎大会,2017-10-29,E1,E,20,20,50,5,5,1,0,0,12,12,0,0,0,12,0,0,0,0,0,0,0,0,0,0,0,0,1
2818,411,第35回小倉百人一首かるた競技宮崎大会,2017-10-29,D2,D,27,27,57,5,5,1,0,0,5,5,0,0,0,5,0,0,0,0,0,0,0,0,0,0,0,0,1
2819,411,第35回小倉百人一首かるた競技宮崎大会,2017-10-29,D3,D,26,26,56,5,5,1,0,0,6,6,0,0,0,6,0,0,0,0,0,0,0,0,0,0,0,0,1
2820,411,第35回小倉百人一首かるた競技宮崎大会,2017-10-29,D4,D,28,28,58,5,5,1,0,0,4,4,0,0,0,4,0,0,0,0,0,0,0,0,0,0,0,0,1
2821,411,第35回小倉百人一首かるた競技宮崎大会,2017-10-29,D5,D,25,25,54,5,5,1,0,2,8,6,0,0,0,6,0,0,0,0,0,0,0,0,0,0,0,0,1
2822,411,第35回小倉百人一首かるた競技宮崎大会,2017-10-29,E2,E,16,16,30,4,4,1,0,0,0,0,0,0,0,0,0,0,0,0,0,0,0,0,0,0,0,0,1
2823,412,"第70回全国競技かるた福井大会(A,B)",2017-08-20,A,A,75,75,201,7,7,1,0,0,53,53,0,0,0,53,0,0,0,0,0,0,0,0,0,0,0,0,1
2824,412,"第70回全国競技かるた福井大会(A,B)",2017-08-20,B,B,101,101,227,7,7,1,0,0,27,27,0,0,0,27,0,0,0,0,0,0,0,0,0,0,0,0,1
2825,413,"第70回全国競技かるた福井大会(C,D)",2017-08-19,D1,D,56,56,118,6,6,1,0,0,8,8,0,0,0,8,0,2,0,0,0,0,0,0,0,0,0,0,1
2826,413,"第70回全国競技かるた福井大会(C,D)",2017-08-19,C1,C,45,45,107,6,6,1,0,0,19,19,0,0,0,19,0,0,0,0,0,0,0,0,0,0,0,0,1
2827,413,"第70回全国競技かるた福井大会(C,D)",2017-08-19,C2,C,46,46,108,6,6,1,0,0,18,18,0,0,0,18,0,0,0,0,0,0,0,0,0,0,0,0,1
2828,413,"第70回全国競技かるた福井大会(C,D)",2017-08-19,C3,C,43,43,105,6,6,1,0,0,21,21,0,0,0,21,0,0,0,0,0,0,0,0,0,0,0,0,1
2829,413,"第70回全国競技かるた福井大会(C,D)",2017-08-19,D2,D,55,55,117,6,6,1,0,0,9,9,0,0,0,9,0,4,0,0,0,0,0,0,0,0,0,0,1
2830,413,"第70回全国競技かるた福井大会(C,D)",2017-08-19,D3,D,55,55,117,6,6,1,0,0,9,9,0,0,0,9,0,0,0,0,0,0,0,0,0,0,0,0,1
2831,413,"第70回全国競技かるた福井大会(C,D)",2017-08-19,D4,D,54,54,116,6,6,1,0,0,10,10,0,0,0,10,0,0,0,0,0,0,0,0,0,0,0,0,1
2832,413,"第70回全国競技かるた福井大会(C,D)",2017-08-19,D5,D,53,53,115,6,6,1,0,0,11,11,0,0,0,11,0,0,0,0,0,0,0,0,0,0,0,0,1
2833,414,第99回全国百人一首競技かるた横浜大会(E),2017-05-21,E1,E,28,28,58,5,5,1,0,0,4,4,0,0,0,4,0,0,0,0,0,0,0,0,0,0,0,0,1
2834,414,第99回全国百人一首競技かるた横浜大会(E),2017-05-21,E2,E,29,29,59,5,5,1,0,0,3,3,0,0,0,3,0,0,0,0,0,0,0,0,0,0,0,0,1
2835,414,第99回全国百人一首競技かるた横浜大会(E),2017-05-21,E3,E,29,29,59,5,5,1,0,0,3,3,0,0,0,3,0,0,0,0,0,0,0,0,0,0,0,0,1
2836,414,第99回全国百人一首競技かるた横浜大会(E),2017-05-21,E4,E,29,29,59,5,5,1,0,0,3,3,0,0,0,3,0,0,0,0,0,0,0,0,0,0,0,0,1
2837,414,第99回全国百人一首競技かるた横浜大会(E),2017-05-21,E5,E,29,29,59,5,5,1,0,0,3,3,0,0,0,3,0,0,0,0,0,0,0,0,0,0,0,0,1
2838,414,第99回全国百人一首競技かるた横浜大会(E),2017-05-21,E6,E,29,29,59,5,5,1,0,0,3,3,0,0,0,3,0,0,0,0,0,0,0,0,0,0,0,0,1
2839,415,"第20回神奈川県かるた選手権大会(A,B,C)",2017-06-18,A,A,16,16,30,4,4,1,0,0,0,0,0,0,0,2,0,0,0,0,0,0,0,0,0,0,0,0,1
2840,415,"第20回神奈川県かるた選手権大会(A,B,C)",2017-06-18,B,B,36,36,98,6,6,1,0,0,28,28,0,0,0,28,0,0,0,0,0,0,0,0,0,0,0,0,1
2841,415,"第20回神奈川県かるた選手権大会(A,B,C)",2017-06-18,C,C,44,44,106,6,6,1,0,0,20,20,0,0,0,20,0,0,0,0,0,0,0,0,0,0,0,0,1
2842,416,第29回全日本競技かるたシニア選手権大会,2017-05-21,A,A,13,13,27,4,4,1,0,0,3,3,0,0,0,3,0,0,0,0,0,0,0,0,0,0,0,0,1
2843,416,第29回全日本競技かるたシニア選手権大会,2017-05-21,B,B,16,16,30,4,4,1,0,0,0,0,0,0,0,0,0,0,0,0,0,0,0,0,0,0,0,0,1
2844,416,第29回全日本競技かるたシニア選手権大会,2017-05-21,C,C,10,10,24,4,4,1,0,0,6,6,0,0,0,6,0,0,0,0,0,0,0,0,0,0,0,0,1
2845,416,第29回全日本競技かるたシニア選手権大会,2017-05-21,D,D,15,15,29,4,4,1,0,0,1,1,0,0,0,1,0,0,0,0,0,0,0,0,0,0,0,0,1
2846,416,第29回全日本競技かるたシニア選手権大会,2017-05-21,G(シニア),,8,8,14,3,3,1,0,0,0,0,0,0,0,0,0,0,0,0,0,0,0,0,0,0,0,0,1
2847,417,第18回百人一首競技かるた杉並大会,2017-09-10,D1,D,42,42,104,6,6,1,0,0,22,22,0,0,0,22,0,0,0,0,0,0,0,0,0,0,0,0,1
2848,417,第18回百人一首競技かるた杉並大会,2017-09-10,E1,E,26,26,56,5,5,1,0,0,6,6,0,0,0,6,0,4,0,0,0,0,0,0,0,0,0,0,1
2849,417,第18回百人一首競技かるた杉並大会,2017-09-10,F1,,29,29,59,5,5,1,0,0,3,3,0,0,0,3,0,0,0,0,0,0,0,0,0,0,0,0,1
2850,417,第18回百人一首競技かるた杉並大会,2017-09-10,D2,D,43,43,105,6,6,1,0,0,21,21,0,0,0,21,0,0,0,0,0,0,0,0,0,0,0,0,1
2851,417,第18回百人一首競技かるた杉並大会,2017-09-10,D3,D,45,45,107,6,6,1,0,0,19,19,0,0,0,19,0,0,0,0,0,0,0,0,0,0,0,0,1
2852,417,第18回百人一首競技かるた杉並大会,2017-09-10,E2,E,29,29,59,5,5,1,0,0,3,3,0,0,0,3,0,0,0,0,0,0,0,0,0,0,0,0,1
2853,417,第18回百人一首競技かるた杉並大会,2017-09-10,E3,E,28,28,58,5,5,1,0,0,4,4,0,0,0,4,0,0,0,0,0,0,0,0,0,0,0,0,1
2854,417,第18回百人一首競技かるた杉並大会,2017-09-10,E4,E,28,28,58,5,5,1,0,0,4,4,0,0,0,4,0,2,0,0,0,0,0,0,0,0,0,0,1
2855,417,第18回百人一首競技かるた杉並大会,2017-09-10,F2,,27,27,57,5,5,1,0,0,5,5,0,0,0,5,0,0,0,0,0,0,0,0,0,0,0,0,1
2856,417,第18回百人一首競技かるた杉並大会,2017-09-10,F3,,25,25,55,5,5,1,0,0,7,7,0,0,0,7,0,0,0,0,0,0,0,0,0,0,0,0,1
2857,417,第18回百人一首競技かるた杉並大会,2017-09-10,F4,,28,28,58,5,5,1,0,0,4,4,0,0,0,4,0,0,0,0,0,0,0,0,0,0,0,0,1
2858,417,第18回百人一首競技かるた杉並大会,2017-09-10,F5,,23,23,53,5,5,1,0,0,9,9,0,0,0,9,0,0,0,0,0,0,0,0,0,0,0,0,1
2859,417,第18回百人一首競技かるた杉並大会,2017-09-10,F6,,25,25,55,5,5,1,0,0,7,7,0,0,0,7,0,0,0,0,0,0,0,0,0,0,0,0,1
2860,417,第18回百人一首競技かるた杉並大会,2017-09-10,F7,,25,25,55,5,5,1,0,0,7,7,0,0,0,7,0,0,0,0,0,0,0,0,0,0,0,0,1
2861,418,第1回全国競技かるた信州大会~in佐久(A),2017-08-06,A,A,52,52,114,6,6,1,0,4,16,12,0,0,0,12,0,4,0,0,0,0,0,0,0,0,0,0,1
2862,419,"第5回全国競技かるた長崎大会(D,E)",2018-01-28,D1,D,24,24,54,5,5,1,0,0,8,8,0,0,0,8,0,0,0,0,0,0,0,0,0,0,0,0,1
2863,419,"第5回全国競技かるた長崎大会(D,E)",2018-01-28,E,E,20,20,50,5,5,1,0,0,12,12,0,0,0,12,0,0,0,0,0,0,0,0,0,0,0,0,1
2864,419,"第5回全国競技かるた長崎大会(D,E)",2018-01-28,D2,D,22,22,52,5,5,1,0,0,10,10,0,0,0,10,0,0,0,0,0,0,0,0,0,0,0,0,1
2865,420,"第29回全国競技かるた広島大会(D,E)",2018-05-03,D1,D,28,28,58,5,5,1,0,0,4,4,0,0,0,4,0,2,0,0,0,0,0,0,0,0,0,0,1
2866,420,"第29回全国競技かるた広島大会(D,E)",2018-05-03,E1,E,21,21,51,5,5,1,0,0,11,11,0,0,0,11,0,4,0,0,0,0,0,0,0,0,0,0,1
2867,420,"第29回全国競技かるた広島大会(D,E)",2018-05-03,D2,D,26,26,56,5,5,1,0,0,6,6,0,0,0,6,0,0,0,0,0,0,0,0,0,0,0,0,1
2868,420,"第29回全国競技かるた広島大会(D,E)",2018-05-03,D3,D,30,30,60,5,5,1,0,0,2,2,0,0,0,2,0,0,0,0,0,0,0,0,0,0,0,0,1
2869,420,"第29回全国競技かるた広島大会(D,E)",2018-05-03,D4,D,27,27,57,5,5,1,0,0,5,5,0,0,0,5,0,2,0,0,0,0,0,0,0,0,0,0,1
2870,420,"第29回全国競技かるた広島大会(D,E)",2018-05-03,D5,D,32,32,62,5,5,1,0,0,0,0,0,0,0,0,0,2,0,0,0,0,0,0,0,0,0,0,1
2871,420,"第29回全国競技かるた広島大会(D,E)",2018-05-03,E2,E,24,24,54,5,5,1,0,0,8,8,0,0,0,8,0,0,0,0,0,0,0,0,0,0,0,0,1
2872,420,"第29回全国競技かるた広島大会(D,E)",2018-05-03,E3,E,21,21,51,5,5,1,0,0,11,11,0,0,0,11,0,2,0,0,0,0,0,0,0,0,0,0,1
2873,421,"第29回全国競技かるた広島大会(A,B,C)",2018-05-04,A,A,68,68,194,7,7,1,0,0,60,60,0,0,0,60,0,0,0,0,0,0,0,0,0,0,0,0,1
2874,421,"第29回全国競技かるた広島大会(A,B,C)",2018-05-04,B1,B,47,47,109,6,6,1,0,0,17,17,0,0,0,17,0,0,0,0,0,0,0,0,0,0,0,0,1
2875,421,"第29回全国競技かるた広島大会(A,B,C)",2018-05-04,C1,C,46,46,108,6,6,1,0,0,18,18,0,0,0,18,0,0,0,0,0,0,0,0,0,0,0,0,1
2876,421,"第29回全国競技かるた広島大会(A,B,C)",2018-05-04,B2,B,38,38,100,6,6,1,0,0,26,26,0,0,0,26,0,0,0,0,0,0,0,0,0,0,0,0,1
2877,421,"第29回全国競技かるた広島大会(A,B,C)",2018-05-04,C2,C,44,44,106,6,6,1,0,0,20,20,0,0,0,20,0,0,0,0,0,0,0,0,0,0,0,0,1
2878,422,"第32回全国競技かるたさがみ野大会(B,C)",2018-04-29,B1,B,118,118,240,7,7,1,0,0,6,6,0,0,0,8,0,0,0,0,0,0,0,0,0,0,0,0,1
2879,422,"第32回全国競技かるたさがみ野大会(B,C)",2018-04-29,C1,C,47,47,109,6,6,1,0,0,17,17,0,0,0,17,0,0,0,0,0,0,0,0,0,0,0,0,1
2880,422,"第32回全国競技かるたさがみ野大会(B,C)",2018-04-29,B2,B,118,118,241,7,7,1,0,0,7,7,0,0,0,7,0,0,0,0,0,0,0,0,0,0,0,0,1
2881,422,"第32回全国競技かるたさがみ野大会(B,C)",2018-04-29,C2,C,45,45,107,6,6,1,0,0,19,19,0,0,0,19,0,0,0,0,0,0,0,0,0,0,0,0,1
2882,422,"第32回全国競技かるたさがみ野大会(B,C)",2018-04-29,C3,C,45,45,107,6,6,1,0,0,19,19,0,0,0,21,0,0,0,0,0,0,0,0,0,0,0,0,1
2883,422,"第32回全国競技かるたさがみ野大会(B,C)",2018-04-29,C4,C,45,45,107,6,6,1,0,0,19,19,0,0,0,19,0,0,0,0,0,0,0,0,0,0,0,0,1
2884,422,"第32回全国競技かるたさがみ野大会(B,C)",2018-04-29,C5,C,46,46,108,6,6,1,0,0,18,18,0,0,0,18,0,0,0,0,0,0,0,0,0,0,0,0,1
2885,422,"第32回全国競技かるたさがみ野大会(B,C)",2018-04-29,C6,C,45,45,107,6,6,1,0,0,19,19,0,0,0,19,0,0,0,0,0,0,0,0,0,0,0,0,1
2886,423,第82回椿杯争奪全国競技かるた大会,2018-05-26,A,A,64,64,126,6,6,1,0,2,2,0,0,0,0,2,0,2,0,0,0,0,0,0,0,0,0,0,1
2887,423,第82回椿杯争奪全国競技かるた大会,2018-05-26,B1,B,58,58,120,6,6,1,0,0,6,6,0,0,0,8,0,0,0,0,0,0,0,0,0,0,0,0,1
2888,423,第82回椿杯争奪全国競技かるた大会,2018-05-26,C1,C,53,53,115,6,6,1,0,0,11,11,0,0,0,19,0,0,0,0,0,0,0,0,0,0,0,0,1
2889,423,第82回椿杯争奪全国競技かるた大会,2018-05-26,D1,D,29,29,59,5,5,1,0,0,3,3,0,0,0,7,0,2,0,0,0,0,0,0,0,0,0,0,1
2890,423,第82回椿杯争奪全国競技かるた大会,2018-05-26,E1,E,27,27,57,5,5,1,0,0,5,5,0,0,0,7,0,0,0,0,0,0,0,0,0,0,0,0,1
2891,423,第82回椿杯争奪全国競技かるた大会,2018-05-26,B2,B,58,58,120,6,6,1,0,0,6,6,0,0,0,10,0,0,0,0,0,0,0,0,0,0,0,0,1
2892,423,第82回椿杯争奪全国競技かるた大会,2018-05-26,C2,C,53,53,115,6,6,1,0,0,11,11,0,0,0,13,0,0,0,0,0,0,0,0,0,0,0,0,1
2893,423,第82回椿杯争奪全国競技かるた大会,2018-05-26,D2,D,29,29,59,5,5,1,0,0,3,3,0,0,0,7,0,0,0,0,0,0,0,0,0,0,0,0,1
2894,423,第82回椿杯争奪全国競技かるた大会,2018-05-26,D3,D,29,29,59,5,5,1,0,0,3,3,0,0,0,7,0,2,0,0,0,0,0,0,0,0,0,0,1
2895,423,第82回椿杯争奪全国競技かるた大会,2018-05-26,D4,D,28,28,58,5,5,1,0,0,4,4,0,0,0,8,0,0,0,0,0,0,0,0,0,0,0,0,1
2896,423,第82回椿杯争奪全国競技かるた大会,2018-05-26,D5,D,28,28,58,5,5,1,0,0,4,4,0,0,0,4,0,0,0,0,0,0,0,0,0,0,0,0,1
2897,423,第82回椿杯争奪全国競技かるた大会,2018-05-26,E2,E,27,27,57,5,5,1,0,0,5,5,0,0,0,9,0,0,0,0,0,0,0,0,0,0,0,0,1
2898,423,第82回椿杯争奪全国競技かるた大会,2018-05-26,E3,E,27,27,57,5,5,1,0,0,5,5,0,0,0,7,0,0,0,0,0,0,0,0,0,0,0,0,1
2899,424,"藤原定家卿小倉百人一首撰定記念第72回全国競技かるた京都大会(A,B)",2018-05-27,A,A,104,104,230,7,7,1,0,0,24,24,0,0,0,24,0,0,0,0,0,0,0,0,0,0,0,0,1
2900,424,"藤原定家卿小倉百人一首撰定記念第72回全国競技かるた京都大会(A,B)",2018-05-27,B1,B,93,93,219,7,7,1,0,0,35,35,0,0,0,37,0,0,0,0,0,0,0,0,0,0,0,0,1
2901,424,"藤原定家卿小倉百人一首撰定記念第72回全国競技かるた京都大会(A,B)",2018-05-27,B2,B,94,94,220,7,7,1,0,0,34,34,0,0,0,34,0,0,0,0,0,0,0,0,0,0,0,0,1
2902,425,第2回全国競技かるた信州大会~in佐久(A),2018-09-02,A,A,52,52,114,6,6,1,0,0,12,12,0,0,0,14,0,0,0,0,0,0,0,0,0,0,0,0,1
2903,426,"第2回全国競技かるた信州大会~in駒ヶ根(B,C,D,E)",2018-11-25,B1,B,52,52,114,6,6,1,0,0,12,12,0,0,0,12,0,0,0,0,0,0,0,0,0,0,0,0,1
2904,426,"第2回全国競技かるた信州大会~in駒ヶ根(B,C,D,E)",2018-11-25,C1,C,51,51,113,6,6,1,0,0,13,13,0,0,0,13,0,0,0,0,0,0,0,0,0,0,0,0,1
2905,426,"第2回全国競技かるた信州大会~in駒ヶ根(B,C,D,E)",2018-11-25,D1,D,44,44,106,6,6,1,0,0,20,20,0,0,0,20,0,0,0,0,0,0,0,0,0,0,0,0,1
2906,426,"第2回全国競技かるた信州大会~in駒ヶ根(B,C,D,E)",2018-11-25,E1,E,22,22,52,5,5,1,0,0,10,10,0,0,0,10,0,0,0,0,0,0,0,0,0,0,0,0,1
2907,426,"第2回全国競技かるた信州大会~in駒ヶ根(B,C,D,E)",2018-11-25,B2,B,53,53,115,6,6,1,0,0,11,11,0,0,0,11,0,0,0,0,0,0,0,0,0,0,0,0,1
2908,426,"第2回全国競技かるた信州大会~in駒ヶ根(B,C,D,E)",2018-11-25,C2,C,48,48,110,6,6,1,0,0,16,16,0,0,0,20,0,0,0,0,0,0,0,0,0,0,0,0,1
2909,426,"第2回全国競技かるた信州大会~in駒ヶ根(B,C,D,E)",2018-11-25,D2,D,45,45,107,6,6,1,0,0,19,19,0,0,0,21,0,0,0,0,0,0,0,0,0,0,0,0,1
2910,426,"第2回全国競技かるた信州大会~in駒ヶ根(B,C,D,E)",2018-11-25,D3,D,45,45,107,6,6,1,0,0,19,19,0,0,0,19,0,0,0,0,0,0,0,0,0,0,0,0,1
2911,426,"第2回全国競技かるた信州大会~in駒ヶ根(B,C,D,E)",2018-11-25,D4,D,43,43,105,6,6,1,0,0,21,21,0,0,0,21,0,2,0,0,0,0,0,0,0,0,0,0,1
2912,426,"第2回全国競技かるた信州大会~in駒ヶ根(B,C,D,E)",2018-11-25,E2,E,21,21,51,5,5,1,0,0,11,11,0,0,0,11,0,0,0,0,0,0,0,0,0,0,0,0,1
2913,426,"第2回全国競技かるた信州大会~in駒ヶ根(B,C,D,E)",2018-11-25,E3,E,21,21,51,5,5,1,0,0,11,11,0,0,0,11,0,2,0,0,0,0,0,0,0,0,0,0,1
2914,426,"第2回全国競技かるた信州大会~in駒ヶ根(B,C,D,E)",2018-11-25,E4,E,20,20,50,5,5,1,0,0,12,12,0,0,0,12,0,0,0,0,0,0,0,0,0,0,0,0,1
2915,427,"藤原定家卿小倉百人一首撰定記念第72回全国競技かるた京都大会(D,E)",2018-12-16,D1,D,44,44,106,6,6,1,0,0,20,20,0,0,0,20,0,0,0,0,0,0,0,0,0,0,0,0,1
2916,427,"藤原定家卿小倉百人一首撰定記念第72回全国競技かるた京都大会(D,E)",2018-12-16,E1,E,31,31,61,5,5,1,0,0,1,1,0,0,0,1,0,0,0,0,0,0,0,0,0,0,0,0,1
2917,427,"藤原定家卿小倉百人一首撰定記念第72回全国競技かるた京都大会(D,E)",2018-12-16,D2,D,46,46,108,6,6,1,0,0,18,18,0,0,0,20,0,0,0,0,0,0,0,0,0,0,0,0,1
2918,427,"藤原定家卿小倉百人一首撰定記念第72回全国競技かるた京都大会(D,E)",2018-12-16,D3,D,43,43,105,6,6,1,0,0,21,21,0,0,0,21,0,0,0,0,0,0,0,0,0,0,0,0,1
2919,427,"藤原定家卿小倉百人一首撰定記念第72回全国競技かるた京都大会(D,E)",2018-12-16,D4,D,47,47,109,6,6,1,0,0,17,17,0,0,0,17,0,0,0,0,0,0,0,0,0,0,0,0,1
2920,427,"藤原定家卿小倉百人一首撰定記念第72回全国競技かるた京都大会(D,E)",2018-12-16,D5,D,46,46,108,6,6,1,0,0,18,18,0,0,0,18,0,0,0,0,0,0,0,0,0,0,0,0,1
2921,427,"藤原定家卿小倉百人一首撰定記念第72回全国競技かるた京都大会(D,E)",2018-12-16,D6,D,46,46,108,6,6,1,0,0,18,18,0,0,0,18,0,0,0,0,0,0,0,0,0,0,0,0,1
2922,427,"藤原定家卿小倉百人一首撰定記念第72回全国競技かるた京都大会(D,E)",2018-12-16,D7,D,45,45,107,6,6,1,0,0,19,19,0,0,0,21,0,0,0,0,0,0,0,0,0,0,0,0,1
2923,427,"藤原定家卿小倉百人一首撰定記念第72回全国競技かるた京都大会(D,E)",2018-12-16,D8,D,42,42,103,6,6,1,0,0,21,21,0,0,0,21,0,0,0,0,0,0,0,0,0,0,0,0,1
2924,427,"藤原定家卿小倉百人一首撰定記念第72回全国競技かるた京都大会(D,E)",2018-12-16,D9,D,44,44,106,6,6,1,0,0,20,20,0,0,0,20,0,0,0,0,0,0,0,0,0,0,0,0,1
2925,427,"藤原定家卿小倉百人一首撰定記念第72回全国競技かるた京都大会(D,E)",2018-12-16,D10,D,44,44,106,6,6,1,0,0,20,20,0,0,0,20,0,0,0,0,0,0,0,0,0,0,0,0,1
2926,427,"藤原定家卿小倉百人一首撰定記念第72回全国競技かるた京都大会(D,E)",2018-12-16,D11,D,45,45,107,6,6,1,0,0,19,19,0,0,0,19,0,0,0,0,0,0,0,0,0,0,0,0,1
2927,427,"藤原定家卿小倉百人一首撰定記念第72回全国競技かるた京都大会(D,E)",2018-12-16,E2,E,32,32,62,5,5,1,0,0,0,0,0,0,0,0,0,0,0,0,0,0,0,0,0,0,0,0,1
2928,427,"藤原定家卿小倉百人一首撰定記念第72回全国競技かるた京都大会(D,E)",2018-12-16,E3,E,33,33,95,6,6,1,0,0,31,31,0,0,0,31,0,0,0,0,0,0,0,0,0,0,0,0,1
2929,427,"藤原定家卿小倉百人一首撰定記念第72回全国競技かるた京都大会(D,E)",2018-12-16,E4,E,30,30,60,5,5,1,0,0,2,2,0,0,0,2,0,0,0,0,0,0,0,0,0,0,0,0,1
2930,427,"藤原定家卿小倉百人一首撰定記念第72回全国競技かるた京都大会(D,E)",2018-12-16,E5,E,31,31,61,5,5,1,0,0,1,1,0,0,0,1,0,0,0,0,0,0,0,0,0,0,0,0,1
2931,427,"藤原定家卿小倉百人一首撰定記念第72回全国競技かるた京都大会(D,E)",2018-12-16,E6,E,31,31,61,5,5,1,0,0,1,1,0,0,0,1,0,0,0,0,0,0,0,0,0,0,0,0,1
2932,427,"藤原定家卿小倉百人一首撰定記念第72回全国競技かるた京都大会(D,E)",2018-12-16,C1,C,48,48,110,6,6,1,0,0,16,16,0,0,0,16,0,0,0,0,0,0,0,0,0,0,0,0,1
2933,427,"藤原定家卿小倉百人一首撰定記念第72回全国競技かるた京都大会(D,E)",2018-12-16,C2,C,47,47,109,6,6,1,0,0,17,17,0,0,0,17,0,0,0,0,0,0,0,0,0,0,0,0,1
2934,427,"藤原定家卿小倉百人一首撰定記念第72回全国競技かるた京都大会(D,E)",2018-12-16,C3,C,45,45,107,6,6,1,0,0,19,19,0,0,0,19,0,0,0,0,0,0,0,0,0,0,0,0,1
2935,427,"藤原定家卿小倉百人一首撰定記念第72回全国競技かるた京都大会(D,E)",2018-12-16,C4,C,48,48,110,6,6,1,0,0,16,16,0,0,0,16,0,0,0,0,0,0,0,0,0,0,0,0,1
2936,427,"藤原定家卿小倉百人一首撰定記念第72回全国競技かるた京都大会(D,E)",2018-12-16,C5,C,45,45,107,6,6,1,0,0,19,19,0,0,0,19,0,0,0,0,0,0,0,0,0,0,0,0,1
2937,428,"第6回奥の細道結びの地全国競技かるた大垣大会(D,E)",2018-05-04,D1,D,27,27,57,5,5,1,0,0,5,5,0,0,0,7,0,0,0,0,0,0,0,0,0,0,0,0,1
2938,428,"第6回奥の細道結びの地全国競技かるた大垣大会(D,E)",2018-05-04,E1,E,26,26,56,5,5,1,0,0,6,6,0,0,0,6,0,0,0,0,0,0,0,0,0,0,0,0,1
2939,428,"第6回奥の細道結びの地全国競技かるた大垣大会(D,E)",2018-05-04,D2,D,29,29,59,5,5,1,0,0,3,3,0,0,0,3,0,0,0,0,0,0,0,0,0,0,0,0,1
2940,428,"第6回奥の細道結びの地全国競技かるた大垣大会(D,E)",2018-05-04,D3,D,28,28,58,5,5,1,0,0,4,4,0,0,0,4,0,0,0,0,0,0,0,0,0,0,0,0,1
2941,428,"第6回奥の細道結びの地全国競技かるた大垣大会(D,E)",2018-05-04,D4,D,31,31,61,5,5,1,0,0,1,1,0,0,0,1,0,0,0,0,0,0,0,0,0,0,0,0,1
2942,428,"第6回奥の細道結びの地全国競技かるた大垣大会(D,E)",2018-05-04,D5,D,27,27,57,5,5,1,0,0,5,5,0,0,0,5,0,0,0,0,0,0,0,0,0,0,0,0,1
2943,428,"第6回奥の細道結びの地全国競技かるた大垣大会(D,E)",2018-05-04,D6,D,29,29,59,5,5,1,0,0,3,3,0,0,0,3,0,0,0,0,0,0,0,0,0,0,0,0,1
2944,428,"第6回奥の細道結びの地全国競技かるた大垣大会(D,E)",2018-05-04,D7,D,30,30,60,5,5,1,0,0,2,2,0,0,0,2,0,0,0,0,0,0,0,0,0,0,0,0,1
2945,428,"第6回奥の細道結びの地全国競技かるた大垣大会(D,E)",2018-05-04,D8,D,29,29,59,5,5,1,0,0,3,3,0,0,0,3,0,0,0,0,0,0,0,0,0,0,0,0,1
2946,428,"第6回奥の細道結びの地全国競技かるた大垣大会(D,E)",2018-05-04,D9,D,30,30,60,5,5,1,0,0,2,2,0,0,0,2,0,0,0,0,0,0,0,0,0,0,0,0,1
2947,428,"第6回奥の細道結びの地全国競技かるた大垣大会(D,E)",2018-05-04,D10,D,27,27,57,5,5,1,0,0,5,5,0,0,0,5,0,0,0,0,0,0,0,0,0,0,0,0,1
2948,428,"第6回奥の細道結びの地全国競技かるた大垣大会(D,E)",2018-05-04,D11,D,30,30,60,5,5,1,0,0,2,2,0,0,0,2,0,0,0,0,0,0,0,0,0,0,0,0,1
2949,428,"第6回奥の細道結びの地全国競技かるた大垣大会(D,E)",2018-05-04,D12,D,25,25,55,5,5,1,0,0,7,7,0,0,0,7,0,0,0,0,0,0,0,0,0,0,0,0,1
2950,428,"第6回奥の細道結びの地全国競技かるた大垣大会(D,E)",2018-05-04,E2,E,27,27,57,5,5,1,0,0,5,5,0,0,0,5,0,0,0,0,0,0,0,0,0,0,0,0,1
2951,428,"第6回奥の細道結びの地全国競技かるた大垣大会(D,E)",2018-05-04,E3,E,28,28,58,5,5,1,0,0,4,4,0,0,0,4,0,0,0,0,0,0,0,0,0,0,0,0,1
2952,428,"第6回奥の細道結びの地全国競技かるた大垣大会(D,E)",2018-05-04,E4,E,26,26,56,5,5,1,0,0,6,6,0,0,0,6,0,0,0,0,0,0,0,0,0,0,0,0,1
2953,428,"第6回奥の細道結びの地全国競技かるた大垣大会(D,E)",2018-05-04,E5,E,25,25,55,5,5,1,0,0,7,7,0,0,0,7,0,2,0,0,0,0,0,0,0,0,0,0,1
2954,428,"第6回奥の細道結びの地全国競技かるた大垣大会(D,E)",2018-05-04,E6,E,25,25,55,5,5,1,0,0,7,7,0,0,0,7,0,0,0,0,0,0,0,0,0,0,0,0,1
2955,428,"第6回奥の細道結びの地全国競技かるた大垣大会(D,E)",2018-05-04,E7,E,25,25,55,5,5,1,0,0,7,7,0,0,0,7,0,0,0,0,0,0,0,0,0,0,0,0,1
2956,429,"第6回奥の細道結びの地全国競技かるた大垣大会(A,B,C)",2018-05-05,A,A,87,87,213,7,7,1,0,4,45,41,0,0,0,41,0,6,0,0,0,0,0,0,0,0,0,0,1
2957,429,"第6回奥の細道結びの地全国競技かるた大垣大会(A,B,C)",2018-05-05,B1,B,61,61,123,6,6,1,0,0,3,3,0,0,0,3,0,0,0,0,0,0,0,0,0,0,0,0,1
2958,429,"第6回奥の細道結びの地全国競技かるた大垣大会(A,B,C)",2018-05-05,C1,C,53,53,115,6,6,1,0,0,11,11,0,0,0,13,0,0,0,0,0,0,0,0,0,0,0,0,1
2959,429,"第6回奥の細道結びの地全国競技かるた大垣大会(A,B,C)",2018-05-05,B2,B,60,60,122,6,6,1,0,0,4,4,0,0,0,4,0,0,0,0,0,0,0,0,0,0,0,0,1
2960,429,"第6回奥の細道結びの地全国競技かるた大垣大会(A,B,C)",2018-05-05,B3,B,58,58,120,6,6,1,0,0,6,6,0,0,0,6,0,0,0,0,0,0,0,0,0,0,0,0,1
2961,429,"第6回奥の細道結びの地全国競技かるた大垣大会(A,B,C)",2018-05-05,C2,C,53,53,115,6,6,1,0,0,11,11,0,0,0,13,0,0,0,0,0,0,0,0,0,0,0,0,1
2962,429,"第6回奥の細道結びの地全国競技かるた大垣大会(A,B,C)",2018-05-05,C3,C,54,54,116,6,6,1,0,0,10,10,0,0,0,10,0,0,0,0,0,0,0,0,0,0,0,0,1
2963,429,"第6回奥の細道結びの地全国競技かるた大垣大会(A,B,C)",2018-05-05,C4,C,55,55,117,6,6,1,0,0,9,9,0,0,0,9,0,0,0,0,0,0,0,0,0,0,0,0,1
2964,430,"第91回全国競技かるた学生選手権大会(D,E)",2018-08-25,D1,D,62,62,124,6,6,1,0,0,2,2,0,0,0,2,0,0,0,0,0,0,0,0,0,0,0,0,1
2965,430,"第91回全国競技かるた学生選手権大会(D,E)",2018-08-25,E1,E,28,28,58,5,5,1,0,0,4,4,0,0,0,4,0,0,0,0,0,0,0,0,0,0,0,0,1
2966,430,"第91回全国競技かるた学生選手権大会(D,E)",2018-08-25,D2,D,62,62,124,6,6,1,0,0,2,2,0,0,0,2,0,0,0,0,0,0,0,0,0,0,0,0,1
2967,430,"第91回全国競技かるた学生選手権大会(D,E)",2018-08-25,D3,D,60,60,122,6,6,1,0,0,4,4,0,0,0,6,0,0,0,0,0,0,0,0,0,0,0,0,1
2968,430,"第91回全国競技かるた学生選手権大会(D,E)",2018-08-25,D4,D,59,59,121,6,6,1,0,0,5,5,0,0,0,5,0,0,0,0,0,0,0,0,0,0,0,0,1
2969,430,"第91回全国競技かるた学生選手権大会(D,E)",2018-08-25,D5,D,62,62,124,6,6,1,0,0,2,2,0,0,0,2,0,0,0,0,0,0,0,0,0,0,0,0,1
2970,430,"第91回全国競技かるた学生選手権大会(D,E)",2018-08-25,D6,D,62,62,124,6,6,1,0,0,2,2,0,0,0,2,0,0,0,0,0,0,0,0,0,0,0,0,1
2971,430,"第91回全国競技かるた学生選手権大会(D,E)",2018-08-25,D7,D,62,62,124,6,6,1,0,0,2,2,0,0,0,2,0,0,0,0,0,0,0,0,0,0,0,0,1
2972,430,"第91回全国競技かるた学生選手権大会(D,E)",2018-08-25,D8,D,60,60,122,6,6,1,0,0,4,4,0,0,0,4,0,0,0,0,0,0,0,0,0,0,0,0,1
2973,430,"第91回全国競技かるた学生選手権大会(D,E)",2018-08-25,E2,E,29,29,59,5,5,1,0,0,3,3,0,0,0,3,0,2,0,0,0,0,0,0,0,0,0,0,1
2974,430,"第91回全国競技かるた学生選手権大会(D,E)",2018-08-25,E3,E,30,30,60,5,5,1,0,0,2,2,0,0,0,2,0,0,0,0,0,0,0,0,0,0,0,0,1
2975,430,"第91回全国競技かるた学生選手権大会(D,E)",2018-08-25,E4,E,29,29,59,5,5,1,0,0,3,3,0,0,0,3,0,0,0,0,0,0,0,0,0,0,0,0,1
2976,430,"第91回全国競技かるた学生選手権大会(D,E)",2018-08-25,E5,E,31,31,61,5,5,1,0,0,1,1,0,0,0,3,0,0,0,0,0,0,0,0,0,0,0,0,1
2977,430,"第91回全国競技かるた学生選手権大会(D,E)",2018-08-25,E6,E,29,29,59,5,5,1,0,0,3,3,0,0,0,5,0,2,0,0,0,0,0,0,0,0,0,0,1
2978,430,"第91回全国競技かるた学生選手権大会(D,E)",2018-08-25,E7,E,31,31,61,5,5,1,0,0,1,1,0,0,0,1,0,0,0,0,0,0,0,0,0,0,0,0,1
2979,430,"第91回全国競技かるた学生選手権大会(D,E)",2018-08-25,E8,E,29,29,59,5,5,1,0,0,3,3,0,0,0,3,0,0,0,0,0,0,0,0,0,0,0,0,1
2980,430,"第91回全国競技かるた学生選手権大会(D,E)",2018-08-25,E9,E,29,29,59,5,5,1,0,0,3,3,0,0,0,5,0,0,0,0,0,0,0,0,0,0,0,0,1
2981,430,"第91回全国競技かるた学生選手権大会(D,E)",2018-08-25,E10,E,29,29,59,5,5,1,0,0,3,3,0,0,0,3,0,0,0,0,0,0,0,0,0,0,0,0,1
2982,430,"第91回全国競技かるた学生選手権大会(D,E)",2018-08-25,E11,E,29,29,59,5,5,1,0,0,3,3,0,0,0,3,0,0,0,0,0,0,0,0,0,0,0,0,1
2983,430,"第91回全国競技かるた学生選手権大会(D,E)",2018-08-25,E12,E,29,29,59,5,5,1,0,0,3,3,0,0,0,5,0,0,0,0,0,0,0,0,0,0,0,0,1
2984,431,第29回全国競技かるた水沢大会,2018-09-23,A,A,63,63,125,6,6,1,0,0,1,1,0,0,0,1,0,0,0,0,0,0,0,0,0,0,0,0,1
2985,431,第29回全国競技かるた水沢大会,2018-09-23,B,B,63,63,125,6,6,1,0,0,1,1,0,0,0,1,0,0,0,0,0,0,0,0,0,0,0,0,1
2986,431,第29回全国競技かるた水沢大会,2018-09-23,C,C,60,60,122,6,6,1,0,0,4,4,0,0,0,4,0,0,0,0,0,0,0,0,0,0,0,0,1
2987,431,第29回全国競技かるた水沢大会,2018-09-23,D1,D,31,31,61,5,5,1,0,2,3,1,0,0,0,1,0,2,0,0,0,0,0,0,0,0,0,0,1
2988,431,第29回全国競技かるた水沢大会,2018-09-23,E1,E,31,31,61,5,5,1,0,0,1,1,0,0,0,1,0,0,0,0,0,0,0,0,0,0,0,0,1
2989,431,第29回全国競技かるた水沢大会,2018-09-23,D2,D,31,31,61,5,5,1,0,0,1,1,0,0,0,1,0,0,0,0,0,0,0,0,0,0,0,0,1
2990,431,第29回全国競技かるた水沢大会,2018-09-23,D3,D,30,30,60,5,5,1,0,0,2,2,0,0,0,4,0,0,0,0,0,0,0,0,0,0,0,0,1
2991,431,第29回全国競技かるた水沢大会,2018-09-23,E2,E,28,28,58,5,5,1,0,0,4,4,0,0,0,4,0,0,0,0,0,0,0,0,0,0,0,0,1
2992,432,第1回全国競技かるた新潟大会,2018-10-14,A,A,59,59,121,6,6,1,0,0,5,5,0,0,0,5,0,0,0,0,0,0,0,0,0,0,0,0,1
2993,432,第1回全国競技かるた新潟大会,2018-10-14,B1,B,44,44,106,6,6,1,0,0,20,20,0,0,0,20,0,0,0,0,0,0,0,0,0,0,0,0,1
2994,432,第1回全国競技かるた新潟大会,2018-10-14,C1,C,41,41,103,6,6,1,0,0,23,23,0,0,0,23,0,0,0,0,0,0,0,0,0,0,0,0,1
2995,432,第1回全国競技かるた新潟大会,2018-10-14,D1,D,27,27,57,5,5,1,0,0,5,5,0,0,0,7,0,0,0,0,0,0,0,0,0,0,0,0,1
2996,432,第1回全国競技かるた新潟大会,2018-10-14,B2,B,44,44,106,6,6,1,0,0,20,20,0,0,0,20,0,0,0,0,0,0,0,0,0,0,0,0,1
2997,432,第1回全国競技かるた新潟大会,2018-10-14,C2,C,34,34,96,6,6,1,0,0,30,30,0,0,0,30,0,0,0,0,0,0,0,0,0,0,0,0,1
2998,432,第1回全国競技かるた新潟大会,2018-10-14,D2,D,29,29,59,5,5,1,0,0,3,3,0,0,0,3,0,0,0,0,0,0,0,0,0,0,0,0,1
2999,432,第1回全国競技かるた新潟大会,2018-10-14,D3,D,29,29,59,5,5,1,0,0,3,3,0,0,0,3,0,0,0,0,0,0,0,0,0,0,0,0,1
3000,432,第1回全国競技かるた新潟大会,2018-10-14,D4,D,30,30,60,5,5,1,0,0,2,2,0,0,0,2,0,0,0,0,0,0,0,0,0,0,0,0,1
3001,432,第1回全国競技かるた新潟大会,2018-10-14,D5,D,28,28,58,5,5,1,0,0,4,4,0,0,0,4,0,0,0,0,0,0,0,0,0,0,0,0,1
3002,433,第1回全国競技かるた秋田大会,2018-09-02,A,A,36,36,98,6,6,1,0,0,28,28,0,0,0,28,0,0,0,0,0,0,0,0,0,0,0,0,1
3003,433,第1回全国競技かるた秋田大会,2018-09-02,B,B,55,55,117,6,6,1,0,0,9,9,0,0,0,9,0,0,0,0,0,0,0,0,0,0,0,0,1
3004,433,第1回全国競技かるた秋田大会,2018-09-02,C,C,53,53,115,6,6,1,0,0,11,11,0,0,0,11,0,0,0,0,0,0,0,0,0,0,0,0,1
3005,433,第1回全国競技かるた秋田大会,2018-09-02,D1,D,29,29,59,5,5,1,0,0,3,3,0,0,0,3,0,0,0,0,0,0,0,0,0,0,0,0,1
3006,433,第1回全国競技かるた秋田大会,2018-09-02,E1,E,16,16,30,4,4,1,0,0,0,0,0,0,0,0,0,0,0,0,0,0,0,0,0,0,0,0,1
3007,433,第1回全国競技かるた秋田大会,2018-09-02,D2,D,29,29,59,5,5,1,0,0,3,3,0,0,0,3,0,0,0,0,0,0,0,0,0,0,0,0,1
3008,433,第1回全国競技かるた秋田大会,2018-09-02,D3,D,28,28,58,5,5,1,0,0,4,4,0,0,0,4,0,0,0,0,0,0,0,0,0,0,0,0,1
3009,433,第1回全国競技かるた秋田大会,2018-09-02,E2,E,16,16,30,4,4,1,0,0,0,0,0,0,0,0,0,2,0,0,0,0,0,0,0,0,0,0,1
3010,433,第1回全国競技かるた秋田大会,2018-09-02,E3,E,16,16,30,4,4,1,0,0,0,0,0,0,0,0,0,0,0,0,0,0,0,0,0,0,0,0,1
3011,433,第1回全国競技かるた秋田大会,2018-09-02,E4,E,15,15,29,4,4,1,0,0,1,1,0,0,0,1,0,0,0,0,0,0,0,0,0,0,0,0,1
3012,434,第30回全国シニアかるた選手権大会,2018-06-16,A,A,12,12,26,4,4,1,0,0,4,4,0,0,0,4,0,0,0,0,0,0,0,0,0,0,0,0,1
3013,434,第30回全国シニアかるた選手権大会,2018-06-16,B,B,22,22,52,5,5,1,0,0,10,10,0,0,0,10,0,0,0,0,0,0,0,0,0,0,0,0,1
3014,434,第30回全国シニアかるた選手権大会,2018-06-16,C,C,14,14,28,4,4,1,0,0,2,2,0,0,0,2,0,0,0,0,0,0,0,0,0,0,0,0,1
3015,434,第30回全国シニアかるた選手権大会,2018-06-16,D,D,15,15,29,4,4,1,0,0,1,1,0,0,0,1,0,0,0,0,0,0,0,0,0,0,0,0,1
3016,434,第30回全国シニアかるた選手権大会,2018-06-16,G,,12,12,26,4,4,1,0,0,4,4,0,0,0,4,0,0,0,0,0,0,0,0,0,0,0,0,1
3017,435,第26回全国競技かるた多摩大会(E),2018-07-15,E1,E,30,30,60,5,5,1,0,0,2,2,0,0,0,4,0,0,0,0,0,0,0,0,0,0,0,0,1
3018,435,第26回全国競技かるた多摩大会(E),2018-07-15,E2,E,29,29,59,5,5,1,0,0,3,3,0,0,0,5,0,0,0,0,0,0,0,0,0,0,0,0,1
3019,435,第26回全国競技かるた多摩大会(E),2018-07-15,E3,E,32,32,62,5,5,1,0,0,0,0,0,0,0,2,0,2,0,0,0,0,0,0,0,0,0,0,1
3020,435,第26回全国競技かるた多摩大会(E),2018-07-15,E4,E,30,30,60,5,5,1,0,0,2,2,0,0,0,6,0,0,0,0,0,0,0,0,0,0,0,0,1
3021,435,第26回全国競技かるた多摩大会(E),2018-07-15,E5,E,27,27,57,5,5,1,0,0,5,5,0,0,0,9,0,0,0,0,0,0,0,0,0,0,0,0,1
3022,435,第26回全国競技かるた多摩大会(E),2018-07-15,E6,E,30,30,60,5,5,1,0,0,2,2,0,0,0,4,0,0,0,0,0,0,0,0,0,0,0,0,1
3023,435,第26回全国競技かるた多摩大会(E),2018-07-15,E7,E,31,31,61,5,5,1,0,0,1,1,0,0,0,3,0,0,0,0,0,0,0,0,0,0,0,0,1
3024,435,第26回全国競技かるた多摩大会(E),2018-07-15,E8,E,31,31,61,5,5,1,0,0,1,1,0,0,0,1,0,0,0,0,0,0,0,0,0,0,0,0,1
3025,435,第26回全国競技かるた多摩大会(E),2018-07-15,E9,E,30,30,60,5,5,1,0,0,2,2,0,0,0,4,0,0,0,0,0,0,0,0,0,0,0,0,1
3026,435,第26回全国競技かるた多摩大会(E),2018-07-15,E10,E,31,31,61,5,5,1,0,0,1,1,0,0,0,1,0,0,0,0,0,0,0,0,0,0,0,0,1
3027,435,第26回全国競技かるた多摩大会(E),2018-07-15,E11,E,30,30,60,5,5,1,0,0,2,2,0,0,0,4,0,0,0,0,0,0,0,0,0,0,0,0,1
3028,435,第26回全国競技かるた多摩大会(E),2018-07-15,E12,E,30,30,60,5,5,1,0,0,2,2,0,0,0,2,0,0,0,0,0,0,0,0,0,0,0,0,1
3029,435,第26回全国競技かるた多摩大会(E),2018-07-15,E13,E,30,30,60,5,5,1,0,0,2,2,0,0,0,4,0,2,0,0,0,0,0,0,0,0,0,0,1
3030,435,第26回全国競技かるた多摩大会(E),2018-07-15,E14,E,31,31,61,5,5,1,0,0,1,1,0,0,0,1,0,0,0,0,0,0,0,0,0,0,0,0,1
3031,435,第26回全国競技かるた多摩大会(E),2018-07-15,E15,E,31,31,61,5,5,1,0,0,1,1,0,0,0,7,0,0,0,0,0,0,0,0,0,0,0,0,1
3032,435,第26回全国競技かるた多摩大会(E),2018-07-15,E16,E,29,29,59,5,5,1,0,0,3,3,0,0,0,3,0,0,0,0,0,0,0,0,0,0,0,0,1
3033,435,第26回全国競技かるた多摩大会(E),2018-07-15,E17,E,30,30,60,5,5,1,0,0,2,2,0,0,0,2,0,0,0,0,0,0,0,0,0,0,0,0,1
3034,436,"第26回全国競技かるた多摩大会(A,B)",2018-07-16,A,A,106,106,232,7,7,1,0,0,22,22,0,0,0,24,0,0,0,0,0,0,0,0,0,0,0,0,1
3035,436,"第26回全国競技かるた多摩大会(A,B)",2018-07-16,B1,B,114,114,240,7,7,1,0,0,14,14,0,0,0,22,0,0,0,0,0,0,0,0,0,0,0,0,1
3036,436,"第26回全国競技かるた多摩大会(A,B)",2018-07-16,B2,B,111,111,237,7,7,1,0,0,17,17,0,0,0,23,0,0,0,0,0,0,0,0,0,0,0,0,1
3037,437,第26回全国競技かるた多摩大会(C),2018-07-21,C1,C,64,64,126,6,6,1,0,0,0,0,0,0,0,8,0,0,0,0,0,0,0,0,0,0,0,0,1
3038,437,第26回全国競技かるた多摩大会(C),2018-07-21,C2,C,63,63,125,6,6,1,0,0,1,1,0,0,0,11,0,0,0,0,0,0,0,0,0,0,0,0,1
3039,437,第26回全国競技かるた多摩大会(C),2018-07-21,C3,C,63,63,125,6,6,1,0,0,1,1,0,0,0,1,0,0,0,0,0,0,0,0,0,0,0,0,1
3040,437,第26回全国競技かるた多摩大会(C),2018-07-21,C4,C,62,62,124,6,6,1,0,0,2,2,0,0,0,2,0,0,0,0,0,0,0,0,0,0,0,0,1
3041,438,第26回全国競技かるた多摩大会(D),2018-07-22,D1,D,60,60,122,6,6,1,0,0,4,4,0,0,0,10,0,0,0,0,0,0,0,0,0,0,0,0,1
3042,438,第26回全国競技かるた多摩大会(D),2018-07-22,D2,D,59,59,121,6,6,1,0,0,5,5,0,0,0,11,0,0,0,0,0,0,0,0,0,0,0,0,1
3043,438,第26回全国競技かるた多摩大会(D),2018-07-22,D3,D,58,58,120,6,6,1,0,0,6,6,0,0,0,6,0,0,0,0,0,0,0,0,0,0,0,0,1
3044,438,第26回全国競技かるた多摩大会(D),2018-07-22,D4,D,60,60,122,6,6,1,0,0,4,4,0,0,0,6,0,0,0,0,0,0,0,0,0,0,0,0,1
3045,438,第26回全国競技かるた多摩大会(D),2018-07-22,D5,D,59,59,121,6,6,1,0,0,5,5,0,0,0,5,0,0,0,0,0,0,0,0,0,0,0,0,1
3046,438,第26回全国競技かるた多摩大会(D),2018-07-22,D6,D,59,59,121,6,6,1,0,0,5,5,0,0,0,9,0,2,0,0,0,0,0,0,0,0,0,0,1
3047,438,第26回全国競技かるた多摩大会(D),2018-07-22,D7,D,57,57,119,6,6,1,0,0,7,7,0,0,0,7,0,0,0,0,0,0,0,0,0,0,0,0,1
3048,438,第26回全国競技かるた多摩大会(D),2018-07-22,D8,D,60,60,122,6,6,1,0,0,4,4,0,0,0,8,0,0,0,0,0,0,0,0,0,0,0,0,1
3049,439,"藤原定家卿小倉百人一首撰定記念第71回全国競技かるた京都大会(C,D,E)",2018-01-21,C1,C,46,46,108,6,6,1,0,0,18,18,0,0,0,18,0,0,0,0,0,0,0,0,0,0,0,0,1
3050,439,"藤原定家卿小倉百人一首撰定記念第71回全国競技かるた京都大会(C,D,E)",2018-01-21,D1,D,42,42,104,6,6,1,0,0,22,22,0,0,0,22,0,0,0,0,0,0,0,0,0,0,0,0,1
3051,439,"藤原定家卿小倉百人一首撰定記念第71回全国競技かるた京都大会(C,D,E)",2018-01-21,E1,E,25,25,55,5,5,1,0,0,7,7,0,0,0,7,0,0,0,0,0,0,0,0,0,0,0,0,1
3052,439,"藤原定家卿小倉百人一首撰定記念第71回全国競技かるた京都大会(C,D,E)",2018-01-21,C2,C,45,45,107,6,6,1,0,0,19,19,0,0,0,19,0,0,0,0,0,0,0,0,0,0,0,0,1
3053,439,"藤原定家卿小倉百人一首撰定記念第71回全国競技かるた京都大会(C,D,E)",2018-01-21,C3,C,47,47,109,6,6,1,0,0,17,17,0,0,0,17,0,0,0,0,0,0,0,0,0,0,0,0,1
3054,439,"藤原定家卿小倉百人一首撰定記念第71回全国競技かるた京都大会(C,D,E)",2018-01-21,D2,D,42,42,104,6,6,1,0,0,22,22,0,0,0,22,0,0,0,0,0,0,0,0,0,0,0,0,1
3055,439,"藤原定家卿小倉百人一首撰定記念第71回全国競技かるた京都大会(C,D,E)",2018-01-21,D3,D,44,44,106,6,6,1,0,0,20,20,0,0,0,20,0,2,0,0,0,0,0,0,0,0,0,0,1
3056,439,"藤原定家卿小倉百人一首撰定記念第71回全国競技かるた京都大会(C,D,E)",2018-01-21,E2,E,20,20,50,5,5,1,0,0,12,12,0,0,0,12,0,0,0,0,0,0,0,0,0,0,0,0,1
3057,439,"藤原定家卿小倉百人一首撰定記念第71回全国競技かるた京都大会(C,D,E)",2018-01-21,E3,E,25,25,55,5,5,1,0,0,7,7,0,0,0,7,0,0,0,0,0,0,0,0,0,0,0,0,1
3058,439,"藤原定家卿小倉百人一首撰定記念第71回全国競技かるた京都大会(C,D,E)",2018-01-21,E4,E,26,26,56,5,5,1,0,0,6,6,0,0,0,6,0,0,0,0,0,0,0,0,0,0,0,0,1
3059,439,"藤原定家卿小倉百人一首撰定記念第71回全国競技かるた京都大会(C,D,E)",2018-01-21,D4,D,42,42,104,6,6,1,0,0,22,22,0,0,0,22,0,0,0,0,0,0,0,0,0,0,0,0,1
3060,439,"藤原定家卿小倉百人一首撰定記念第71回全国競技かるた京都大会(C,D,E)",2018-01-21,D5,D,40,40,102,6,6,1,0,0,24,24,0,0,0,24,0,0,0,0,0,0,0,0,0,0,0,0,1
3061,439,"藤原定家卿小倉百人一首撰定記念第71回全国競技かるた京都大会(C,D,E)",2018-01-21,D6,D,39,39,101,6,6,1,0,0,25,25,0,0,0,25,0,0,0,0,0,0,0,0,0,0,0,0,1
3062,440,"第35回全国競技かるた熊本大会(A,B)",2018-04-29,A,A,58,58,120,6,6,1,0,0,6,6,0,0,0,6,0,0,0,0,0,0,0,0,0,0,0,0,1
3063,440,"第35回全国競技かるた熊本大会(A,B)",2018-04-29,B1,B,43,43,105,6,6,1,0,0,21,21,0,0,0,21,0,0,0,0,0,0,0,0,0,0,0,0,1
3064,440,"第35回全国競技かるた熊本大会(A,B)",2018-04-29,B2,B,45,45,107,6,6,1,0,0,19,19,0,0,0,19,0,0,0,0,0,0,0,0,0,0,0,0,1
3065,441,第35回全国競技かるた熊本大会(C),2018-04-30,C1,C,53,53,115,6,6,1,0,0,11,11,0,0,0,11,0,0,0,0,0,0,0,0,0,0,0,0,1
3066,441,第35回全国競技かるた熊本大会(C),2018-04-30,C2,C,49,49,111,6,6,1,0,0,15,15,0,0,0,15,0,0,0,0,0,0,0,0,0,0,0,0,1
3067,442,"第5回全国競技かるた長崎大会(A,B,C)",2018-11-11,A,A,36,36,98,6,6,1,0,0,28,28,0,0,0,28,0,0,0,0,0,0,0,0,0,0,0,0,1
3068,442,"第5回全国競技かるた長崎大会(A,B,C)",2018-11-11,B1,B,34,34,96,6,6,1,0,0,30,30,0,0,0,30,0,0,0,0,0,0,0,0,0,0,0,0,1
3069,442,"第5回全国競技かるた長崎大会(A,B,C)",2018-11-11,C,C,51,51,113,6,6,1,0,0,13,13,0,0,0,13,0,0,0,0,0,0,0,0,0,0,0,0,1
3070,442,"第5回全国競技かるた長崎大会(A,B,C)",2018-11-11,B2,B,32,32,62,5,5,1,0,0,0,0,0,0,0,0,0,0,0,0,0,0,0,0,0,0,0,0,1
3071,443,"第21回神奈川県かるた選手権大会(E,F,G)",2018-11-23,E1,E,27,27,57,5,5,1,0,0,5,5,0,0,0,5,0,0,0,0,0,0,0,0,0,0,0,0,1
3072,443,"第21回神奈川県かるた選手権大会(E,F,G)",2018-11-23,F1,,29,29,59,5,5,1,0,0,3,3,0,0,0,3,0,0,0,0,0,0,0,0,0,0,0,0,1
3073,443,"第21回神奈川県かるた選手権大会(E,F,G)",2018-11-23,G1,,25,25,55,5,5,1,0,0,7,7,0,0,0,7,0,0,0,0,0,0,0,0,0,0,0,0,1
3074,443,"第21回神奈川県かるた選手権大会(E,F,G)",2018-11-23,E2,E,29,29,59,5,5,1,0,0,3,3,0,0,0,3,0,2,0,0,0,0,0,0,0,0,0,0,1
3075,443,"第21回神奈川県かるた選手権大会(E,F,G)",2018-11-23,E3,E,27,27,57,5,5,1,0,0,5,5,0,0,0,5,0,0,0,0,0,0,0,0,0,0,0,0,1
3076,443,"第21回神奈川県かるた選手権大会(E,F,G)",2018-11-23,E4,E,28,28,58,5,5,1,0,0,4,4,0,0,0,4,0,2,0,0,0,0,0,0,0,0,0,0,1
3077,443,"第21回神奈川県かるた選手権大会(E,F,G)",2018-11-23,E5,E,28,28,58,5,5,1,0,0,4,4,0,0,0,4,0,0,0,0,0,0,0,0,0,0,0,0,1
3078,443,"第21回神奈川県かるた選手権大会(E,F,G)",2018-11-23,F2,,28,28,58,5,5,1,0,0,4,4,0,0,0,4,0,0,0,0,0,0,0,0,0,0,0,0,1
3079,443,"第21回神奈川県かるた選手権大会(E,F,G)",2018-11-23,F3,,27,27,57,5,5,1,0,0,5,5,0,0,0,5,0,0,0,0,0,0,0,0,0,0,0,0,1
3080,443,"第21回神奈川県かるた選手権大会(E,F,G)",2018-11-23,G2,,30,30,60,5,5,1,0,0,2,2,0,0,0,2,0,0,0,0,0,0,0,0,0,0,0,0,1
3081,443,"第21回神奈川県かるた選手権大会(E,F,G)",2018-11-23,G3,,28,28,58,5,5,1,0,0,4,4,0,0,0,4,0,0,0,0,0,0,0,0,0,0,0,0,1
3082,443,"第21回神奈川県かるた選手権大会(E,F,G)",2018-11-23,G4,,28,28,58,5,5,1,0,0,4,4,0,0,0,4,0,0,0,0,0,0,0,0,0,0,0,0,1
3083,443,"第21回神奈川県かるた選手権大会(E,F,G)",2018-11-23,G5,,29,29,59,5,5,1,0,0,3,3,0,0,0,3,0,0,0,0,0,0,0,0,0,0,0,0,1
3084,443,"第21回神奈川県かるた選手権大会(E,F,G)",2018-11-23,G6,,27,27,57,5,5,1,0,0,5,5,0,0,0,5,0,0,0,0,0,0,0,0,0,0,0,0,1
3085,444,第32回全国競技かるたさがみ野大会(A),2018-06-10,A,A,111,111,237,7,7,1,0,0,17,17,0,0,0,17,0,0,0,0,0,0,0,0,0,0,0,0,1
3086,445,第37回全国競技かるた東京吉野会大会(A),2018-10-08,A,A,118,118,244,7,7,1,0,0,10,10,0,0,0,10,0,0,0,0,0,0,0,0,0,0,0,0,1
3087,446,"第37回全国競技かるた東京吉野会大会(B,C)",2018-12-24,B1,B,118,118,244,7,7,1,0,0,10,10,0,0,0,10,0,0,0,0,0,0,0,0,0,0,0,0,1
3088,446,"第37回全国競技かるた東京吉野会大会(B,C)",2018-12-24,C1,C,47,47,109,6,6,1,0,0,17,17,0,0,0,17,0,0,0,0,0,0,0,0,0,0,0,0,1
3089,446,"第37回全国競技かるた東京吉野会大会(B,C)",2018-12-24,B2,B,117,117,243,7,7,1,0,0,11,11,0,0,0,11,0,0,0,0,0,0,0,0,0,0,0,0,1
3090,446,"第37回全国競技かるた東京吉野会大会(B,C)",2018-12-24,C2,C,45,45,107,6,6,1,0,0,19,19,0,0,0,19,0,0,0,0,0,0,0,0,0,0,0,0,1
3091,446,"第37回全国競技かるた東京吉野会大会(B,C)",2018-12-24,C3,C,45,45,107,6,6,1,0,0,19,19,0,0,0,19,0,0,0,0,0,0,0,0,0,0,0,0,1
3092,446,"第37回全国競技かるた東京吉野会大会(B,C)",2018-12-24,C4,C,44,44,106,6,6,1,0,0,20,20,0,0,0,20,0,0,0,0,0,0,0,0,0,0,0,0,1
3093,446,"第37回全国競技かるた東京吉野会大会(B,C)",2018-12-24,C5,C,45,45,107,6,6,1,0,0,19,19,0,0,0,19,0,0,0,0,0,0,0,0,0,0,0,0,1
3094,446,"第37回全国競技かるた東京吉野会大会(B,C)",2018-12-24,C6,C,44,44,106,6,6,1,0,0,20,20,0,0,0,20,0,0,0,0,0,0,0,0,0,0,0,0,1
3095,447,第99全国百人一首競技かるた横浜大会(D),2018-03-31,D1,D,45,45,107,6,6,1,0,0,19,19,0,0,0,19,0,0,0,0,0,0,0,0,0,0,0,0,1
3096,447,第99全国百人一首競技かるた横浜大会(D),2018-03-31,D2,D,46,46,108,6,6,1,0,0,18,18,0,0,0,18,0,0,0,0,0,0,0,0,0,0,0,0,1
3097,447,第99全国百人一首競技かるた横浜大会(D),2018-03-31,D3,D,45,45,107,6,6,1,0,0,19,19,0,0,0,19,0,0,0,0,0,0,0,0,0,0,0,0,1
3098,447,第99全国百人一首競技かるた横浜大会(D),2018-03-31,D4,D,47,47,109,6,6,1,0,0,17,17,0,0,0,17,0,0,0,0,0,0,0,0,0,0,0,0,1
3099,447,第99全国百人一首競技かるた横浜大会(D),2018-03-31,D5,D,49,49,111,6,6,1,0,0,15,15,0,0,0,15,0,0,0,0,0,0,0,0,0,0,0,0,1
3100,447,第99全国百人一首競技かるた横浜大会(D),2018-03-31,D6,D,47,47,109,6,6,1,0,0,17,17,0,0,0,17,0,0,0,0,0,0,0,0,0,0,0,0,1
3101,447,第99全国百人一首競技かるた横浜大会(D),2018-03-31,D7,D,46,46,108,6,6,1,0,0,18,18,0,0,0,18,0,0,0,0,0,0,0,0,0,0,0,0,1
3102,447,第99全国百人一首競技かるた横浜大会(D),2018-03-31,D8,D,47,47,109,6,6,1,0,0,17,17,0,0,0,17,0,0,0,0,0,0,0,0,0,0,0,0,1
3103,447,第99全国百人一首競技かるた横浜大会(D),2018-03-31,D9,D,47,47,109,6,6,1,0,0,17,17,0,0,0,17,0,0,0,0,0,0,0,0,0,0,0,0,1
3104,447,第99全国百人一首競技かるた横浜大会(D),2018-03-31,D10,D,44,44,106,6,6,1,0,0,20,20,0,0,0,20,0,0,0,0,0,0,0,0,0,0,0,0,1
3105,448,第36全国競技かるた東京吉野会大会(D),2018-05-13,D1,D,54,54,116,6,6,1,0,0,10,10,0,0,0,10,0,0,0,0,0,0,0,0,0,0,0,0,1
3106,448,第36全国競技かるた東京吉野会大会(D),2018-05-13,D2,D,53,53,115,6,6,1,0,0,11,11,0,0,0,11,0,0,0,0,0,0,0,0,0,0,0,0,1
3107,448,第36全国競技かるた東京吉野会大会(D),2018-05-13,D3,D,50,50,112,6,6,1,0,0,14,14,0,0,0,14,0,0,0,0,0,0,0,0,0,0,0,0,1
3108,448,第36全国競技かるた東京吉野会大会(D),2018-05-13,D4,D,51,51,113,6,6,1,0,0,13,13,0,0,0,13,0,0,0,0,0,0,0,0,0,0,0,0,1
3109,448,第36全国競技かるた東京吉野会大会(D),2018-05-13,D5,D,52,52,114,6,6,1,0,0,12,12,0,0,0,12,0,0,0,0,0,0,0,0,0,0,0,0,1
3110,448,第36全国競技かるた東京吉野会大会(D),2018-05-13,D6,D,55,55,117,6,6,1,0,0,9,9,0,0,0,11,0,0,0,0,0,0,0,0,0,0,0,0,1
3111,448,第36全国競技かるた東京吉野会大会(D),2018-05-13,D7,D,51,51,113,6,6,1,0,0,13,13,0,0,0,13,0,0,0,0,0,0,0,0,0,0,0,0,1
3112,449,第36全国競技かるた東京吉野会大会(E),2018-06-03,E1,E,52,52,114,6,6,1,0,0,12,12,0,0,0,12,0,0,0,0,0,0,0,0,0,0,0,0,1
3113,449,第36全国競技かるた東京吉野会大会(E),2018-06-03,E2,E,50,50,112,6,6,1,0,0,14,14,0,0,0,14,0,0,0,0,0,0,0,0,0,0,0,0,1
3114,449,第36全国競技かるた東京吉野会大会(E),2018-06-03,E3,E,50,50,112,6,6,1,0,0,14,14,0,0,0,14,0,2,0,0,0,0,0,0,0,0,0,0,1
3115,449,第36全国競技かるた東京吉野会大会(E),2018-06-03,E4,E,54,54,116,6,6,1,0,0,10,10,0,0,0,10,0,0,0,0,0,0,0,0,0,0,0,0,1
3116,449,第36全国競技かるた東京吉野会大会(E),2018-06-03,E5,E,53,53,115,6,6,1,0,0,11,11,0,0,0,13,0,0,0,0,0,0,0,0,0,0,0,0,1
3117,449,第36全国競技かるた東京吉野会大会(E),2018-06-03,E6,E,52,52,114,6,6,1,0,0,12,12,0,0,0,12,0,0,0,0,0,0,0,0,0,0,0,0,1
3118,449,第36全国競技かるた東京吉野会大会(E),2018-06-03,E7,E,53,53,115,6,6,1,0,0,11,11,0,0,0,11,0,0,0,0,0,0,0,0,0,0,0,0,1
3119,449,第36全国競技かるた東京吉野会大会(E),2018-06-03,E8,E,51,51,113,6,6,1,0,0,13,13,0,0,0,13,0,0,0,0,0,0,0,0,0,0,0,0,1
3120,449,第36全国競技かるた東京吉野会大会(E),2018-06-03,E9,E,53,53,115,6,6,1,0,0,11,11,0,0,0,11,0,0,0,0,0,0,0,0,0,0,0,0,1
3121,450,第72回全国競技かるた東京東会大会(E),2018-04-30,E1,E,30,30,60,5,5,1,0,0,2,2,0,0,0,2,0,0,0,0,0,0,0,0,0,0,0,0,1
3122,450,第72回全国競技かるた東京東会大会(E),2018-04-30,E2,E,31,31,61,5,5,1,0,0,1,1,0,0,0,1,0,0,0,0,0,0,0,0,0,0,0,0,1
3123,450,第72回全国競技かるた東京東会大会(E),2018-04-30,E3,E,31,31,61,5,5,1,0,0,1,1,0,0,0,1,0,0,0,0,0,0,0,0,0,0,0,0,1
3124,450,第72回全国競技かるた東京東会大会(E),2018-04-30,E4,E,31,31,61,5,5,1,0,0,1,1,0,0,0,1,0,0,0,0,0,0,0,0,0,0,0,0,1
3125,450,第72回全国競技かるた東京東会大会(E),2018-04-30,E5,E,31,31,61,5,5,1,0,0,1,1,0,0,0,1,0,0,0,0,0,0,0,0,0,0,0,0,1
3126,450,第72回全国競技かるた東京東会大会(E),2018-04-30,E6,E,31,31,61,5,5,1,0,0,1,1,0,0,0,1,0,0,0,0,0,0,0,0,0,0,0,0,1
3127,450,第72回全国競技かるた東京東会大会(E),2018-04-30,E7,E,31,31,61,5,5,1,0,0,1,1,0,0,0,1,0,0,0,0,0,0,0,0,0,0,0,0,1
3128,450,第72回全国競技かるた東京東会大会(E),2018-04-30,E8,E,29,29,59,5,5,1,0,0,3,3,0,0,0,3,0,0,0,0,0,0,0,0,0,0,0,0,1
3129,450,第72回全国競技かるた東京東会大会(E),2018-04-30,E9,E,31,31,61,5,5,1,0,0,1,1,0,0,0,1,0,2,0,0,0,0,0,0,0,0,0,0,1
3130,450,第72回全国競技かるた東京東会大会(E),2018-04-30,E10,E,31,31,61,5,5,1,0,0,1,1,0,0,0,1,0,0,0,0,0,0,0,0,0,0,0,0,1
3131,450,第72回全国競技かるた東京東会大会(E),2018-04-30,E11,E,31,31,61,5,5,1,0,0,1,1,0,0,0,1,0,0,0,0,0,0,0,0,0,0,0,0,1
3132,450,第72回全国競技かるた東京東会大会(E),2018-04-30,E12,E,31,31,61,5,5,1,0,0,1,1,0,0,0,1,0,0,0,0,0,0,0,0,0,0,0,0,1
3133,450,第72回全国競技かるた東京東会大会(E),2018-04-30,E13,E,32,32,62,5,5,1,0,0,0,0,0,0,0,0,0,0,0,0,0,0,0,0,0,0,0,0,1
3134,451,第57回全日本かるた選手権大会,2018-04-22,A,A,81,81,207,7,7,1,0,0,47,47,0,0,0,47,0,0,0,0,0,0,0,0,0,0,0,0,1
3135,452,"蓮生記念第5回全国競技かるた宇都宮大会(B,C,D)",2018-10-27,B1,B,58,58,120,6,6,1,0,0,6,6,0,0,0,6,0,0,0,0,0,0,0,0,0,0,0,0,1
3136,452,"蓮生記念第5回全国競技かるた宇都宮大会(B,C,D)",2018-10-27,C1,C,48,48,110,6,6,1,0,0,16,16,0,0,0,16,0,0,0,0,0,0,0,0,0,0,0,0,1
3137,452,"蓮生記念第5回全国競技かるた宇都宮大会(B,C,D)",2018-10-27,D1,D,42,42,104,6,6,1,0,0,22,22,0,0,0,24,0,2,0,0,0,0,0,0,0,0,0,0,1
3138,452,"蓮生記念第5回全国競技かるた宇都宮大会(B,C,D)",2018-10-27,B2,B,56,56,118,6,6,1,0,0,8,8,0,0,0,8,0,0,0,0,0,0,0,0,0,0,0,0,1
3139,452,"蓮生記念第5回全国競技かるた宇都宮大会(B,C,D)",2018-10-27,B3,B,57,57,119,6,6,1,0,0,7,7,0,0,0,7,0,0,0,0,0,0,0,0,0,0,0,0,1
3140,452,"蓮生記念第5回全国競技かるた宇都宮大会(B,C,D)",2018-10-27,B4,B,53,53,115,6,6,1,0,0,11,11,0,0,0,11,0,0,0,0,0,0,0,0,0,0,0,0,1
3141,452,"蓮生記念第5回全国競技かるた宇都宮大会(B,C,D)",2018-10-27,C2,C,50,50,112,6,6,1,0,0,14,14,0,0,0,14,0,0,0,0,0,0,0,0,0,0,0,0,1
3142,452,"蓮生記念第5回全国競技かるた宇都宮大会(B,C,D)",2018-10-27,C3,C,48,48,110,6,6,1,0,0,16,16,0,0,0,18,0,0,0,0,0,0,0,0,0,0,0,0,1
3143,452,"蓮生記念第5回全国競技かるた宇都宮大会(B,C,D)",2018-10-27,C4,C,46,46,108,6,6,1,0,0,18,18,0,0,0,20,0,0,0,0,0,0,0,0,0,0,0,0,1
3144,452,"蓮生記念第5回全国競技かるた宇都宮大会(B,C,D)",2018-10-27,C5,C,47,47,109,6,6,1,0,0,17,17,0,0,0,17,0,0,0,0,0,0,0,0,0,0,0,0,1
3145,452,"蓮生記念第5回全国競技かるた宇都宮大会(B,C,D)",2018-10-27,D2,D,40,40,102,6,6,1,0,0,24,24,0,0,0,24,0,0,0,0,0,0,0,0,0,0,0,0,1
3146,452,"蓮生記念第5回全国競技かるた宇都宮大会(B,C,D)",2018-10-27,D3,D,38,38,100,6,6,1,0,0,26,26,0,0,0,26,0,0,0,0,0,0,0,0,0,0,0,0,1
3147,452,"蓮生記念第5回全国競技かるた宇都宮大会(B,C,D)",2018-10-27,D4,D,39,39,101,6,6,1,0,0,25,25,0,0,0,27,0,0,0,0,0,0,0,0,0,0,0,0,1
3148,452,"蓮生記念第5回全国競技かるた宇都宮大会(B,C,D)",2018-10-27,D5,D,40,40,102,6,6,1,0,0,24,24,0,0,0,26,0,0,0,0,0,0,0,0,0,0,0,0,1
3149,452,"蓮生記念第5回全国競技かるた宇都宮大会(B,C,D)",2018-10-27,D6,D,41,41,103,6,6,1,0,0,23,23,0,0,0,25,0,0,0,0,0,0,0,0,0,0,0,0,1
3150,452,"蓮生記念第5回全国競技かるた宇都宮大会(B,C,D)",2018-10-27,D7,D,42,42,104,6,6,1,0,0,22,22,0,0,0,22,0,0,0,0,0,0,0,0,0,0,0,0,1
3151,452,"蓮生記念第5回全国競技かるた宇都宮大会(B,C,D)",2018-10-27,D8,D,40,40,102,6,6,1,0,0,24,24,0,0,0,28,0,2,0,0,0,0,0,0,0,0,0,0,1
3152,452,"蓮生記念第5回全国競技かるた宇都宮大会(B,C,D)",2018-10-27,D9,D,38,38,100,6,6,1,0,0,26,26,0,0,0,28,0,0,0,0,0,0,0,0,0,0,0,0,1
3153,452,"蓮生記念第5回全国競技かるた宇都宮大会(B,C,D)",2018-10-27,D10,D,40,40,102,6,6,1,0,0,24,24,0,0,0,24,0,0,0,0,0,0,0,0,0,0,0,0,1
3154,453,"第20回全国競技かるた愛知大会(D,E)",2018-12-02,D1,D,31,31,61,5,5,1,0,0,1,1,0,0,0,1,0,0,0,0,0,0,0,0,0,0,0,0,1
3155,453,"第20回全国競技かるた愛知大会(D,E)",2018-12-02,E1,E,14,14,28,4,4,1,0,0,2,2,0,0,0,2,0,0,0,0,0,0,0,0,0,0,0,0,1
3156,453,"第20回全国競技かるた愛知大会(D,E)",2018-12-02,D2,D,28,28,58,5,5,1,0,0,4,4,0,0,0,4,0,0,0,0,0,0,0,0,0,0,0,0,1
3157,453,"第20回全国競技かるた愛知大会(D,E)",2018-12-02,D3,D,29,29,59,5,5,1,0,0,3,3,0,0,0,3,0,0,0,0,0,0,0,0,0,0,0,0,1
3158,453,"第20回全国競技かるた愛知大会(D,E)",2018-12-02,D4,D,30,30,60,5,5,1,0,0,2,2,0,0,0,4,0,0,0,0,0,0,0,0,0,0,0,0,1
3159,453,"第20回全国競技かるた愛知大会(D,E)",2018-12-02,D5,D,30,30,60,5,5,1,0,0,2,2,0,0,0,2,0,0,0,0,0,0,0,0,0,0,0,0,1
3160,453,"第20回全国競技かるた愛知大会(D,E)",2018-12-02,D6,D,27,27,57,5,5,1,0,0,5,5,0,0,0,5,0,0,0,0,0,0,0,0,0,0,0,0,1
3161,453,"第20回全国競技かるた愛知大会(D,E)",2018-12-02,D7,D,29,29,59,5,5,1,0,0,3,3,0,0,0,3,0,0,0,0,0,0,0,0,0,0,0,0,1
3162,453,"第20回全国競技かるた愛知大会(D,E)",2018-12-02,D8,D,27,27,57,5,5,1,0,0,5,5,0,0,0,5,0,0,0,0,0,0,0,0,0,0,0,0,1
3163,453,"第20回全国競技かるた愛知大会(D,E)",2018-12-02,D9,D,30,30,60,5,5,1,0,0,2,2,0,0,0,2,0,0,0,0,0,0,0,0,0,0,0,0,1
3164,453,"第20回全国競技かるた愛知大会(D,E)",2018-12-02,D10,D,30,30,60,5,5,1,0,0,2,2,0,0,0,2,0,0,0,0,0,0,0,0,0,0,0,0,1
3165,453,"第20回全国競技かるた愛知大会(D,E)",2018-12-02,E2,E,15,15,29,4,4,1,0,0,1,1,0,0,0,1,0,2,0,0,0,0,0,0,0,0,0,0,1
3166,453,"第20回全国競技かるた愛知大会(D,E)",2018-12-02,E3,E,15,15,29,4,4,1,0,0,1,1,0,0,0,1,0,0,0,0,0,0,0,0,0,0,0,0,1
3167,453,"第20回全国競技かるた愛知大会(D,E)",2018-12-02,E4,E,15,15,29,4,4,1,0,0,1,1,0,0,0,1,0,0,0,0,0,0,0,0,0,0,0,0,1
3168,453,"第20回全国競技かるた愛知大会(D,E)",2018-12-02,E5,E,14,14,28,4,4,1,0,0,2,2,0,0,0,2,0,0,0,0,0,0,0,0,0,0,0,0,1
3169,453,"第20回全国競技かるた愛知大会(D,E)",2018-12-02,E6,E,15,15,29,4,4,1,0,0,1,1,0,0,0,1,0,0,0,0,0,0,0,0,0,0,0,0,1
3170,453,"第20回全国競技かるた愛知大会(D,E)",2018-12-02,E7,E,15,15,29,4,4,1,0,0,1,1,0,0,0,1,0,0,0,0,0,0,0,0,0,0,0,0,1
3171,453,"第20回全国競技かるた愛知大会(D,E)",2018-12-02,E8,E,14,14,28,4,4,1,0,0,2,2,0,0,0,2,0,0,0,0,0,0,0,0,0,0,0,0,1
3172,453,"第20回全国競技かるた愛知大会(D,E)",2018-12-02,E9,E,15,15,29,4,4,1,0,0,1,1,0,0,0,1,0,0,0,0,0,0,0,0,0,0,0,0,1
3173,453,"第20回全国競技かるた愛知大会(D,E)",2018-12-02,E10,E,15,15,29,4,4,1,0,0,1,1,0,0,0,1,0,0,0,0,0,0,0,0,0,0,0,0,1
3174,453,"第20回全国競技かるた愛知大会(D,E)",2018-12-02,E11,E,15,15,29,4,4,1,0,0,1,1,0,0,0,1,0,0,0,0,0,0,0,0,0,0,0,0,1
3175,454,第20回全国競技かるた愛知大会(C),2018-12-08,C1,C,47,47,109,6,6,1,0,0,17,17,0,0,0,17,0,0,0,0,0,0,0,0,0,0,0,0,1
3176,454,第20回全国競技かるた愛知大会(C),2018-12-08,C2,C,49,49,111,6,6,1,0,0,15,15,0,0,0,15,0,0,0,0,0,0,0,0,0,0,0,0,1
3177,454,第20回全国競技かるた愛知大会(C),2018-12-08,C3,C,49,49,111,6,6,1,0,0,15,15,0,0,0,15,0,0,0,0,0,0,0,0,0,0,0,0,1
3178,455,"第20回全国競技かるた愛知大会(A,B)",2018-12-09,A,A,56,56,118,6,6,1,0,0,8,8,0,0,0,8,0,0,0,0,0,0,0,0,0,0,0,0,1
3179,455,"第20回全国競技かるた愛知大会(A,B)",2018-12-09,B1,B,51,51,113,6,6,1,0,0,13,13,0,0,0,13,0,0,0,0,0,0,0,0,0,0,0,0,1
3180,455,"第20回全国競技かるた愛知大会(A,B)",2018-12-09,B2,B,50,50,112,6,6,1,0,0,14,14,0,0,0,14,0,0,0,0,0,0,0,0,0,0,0,0,1
3181,455,"第20回全国競技かるた愛知大会(A,B)",2018-12-09,B3,B,48,48,110,6,6,1,0,0,16,16,0,0,0,16,0,0,0,0,0,0,0,0,0,0,0,0,1
3182,456,第32回全国競技かるたさがみ野大会(D),2018-05-19,D1,D,41,41,103,6,6,1,0,0,23,23,0,0,0,23,0,0,0,0,0,0,0,0,0,0,0,0,1
3183,456,第32回全国競技かるたさがみ野大会(D),2018-05-19,D2,D,43,43,105,6,6,1,0,0,21,21,0,0,0,21,0,0,0,0,0,0,0,0,0,0,0,0,1
3184,456,第32回全国競技かるたさがみ野大会(D),2018-05-19,D3,D,44,44,106,6,6,1,0,0,20,20,0,0,0,20,0,0,0,0,0,0,0,0,0,0,0,0,1
3185,456,第32回全国競技かるたさがみ野大会(D),2018-05-19,D4,D,45,45,107,6,6,1,0,0,19,19,0,0,0,19,0,0,0,0,0,0,0,0,0,0,0,0,1
3186,457,"第26回人麿の里・全国競技かるた益田大会(D,E)",2018-08-04,D1,D,27,27,57,5,5,1,0,0,5,5,0,0,0,5,0,0,0,0,0,0,0,0,0,0,0,0,1
3187,457,"第26回人麿の里・全国競技かるた益田大会(D,E)",2018-08-04,E1,E,23,23,53,5,5,1,0,0,9,9,0,0,0,9,0,0,0,0,0,0,0,0,0,0,0,0,1
3188,457,"第26回人麿の里・全国競技かるた益田大会(D,E)",2018-08-04,D2,D,29,29,59,5,5,1,0,0,3,3,0,0,0,3,0,0,0,0,0,0,0,0,0,0,0,0,1
3189,457,"第26回人麿の里・全国競技かるた益田大会(D,E)",2018-08-04,D3,D,28,28,58,5,5,1,0,0,4,4,0,0,0,4,0,0,0,0,0,0,0,0,0,0,0,0,1
3190,457,"第26回人麿の里・全国競技かるた益田大会(D,E)",2018-08-04,D4,D,28,28,58,5,5,1,0,0,4,4,0,0,0,4,0,0,0,0,0,0,0,0,0,0,0,0,1
3191,457,"第26回人麿の里・全国競技かるた益田大会(D,E)",2018-08-04,D5,D,28,28,58,5,5,1,0,0,4,4,0,0,0,4,0,0,0,0,0,0,0,0,0,0,0,0,1
3192,457,"第26回人麿の里・全国競技かるた益田大会(D,E)",2018-08-04,E2,E,22,22,52,5,5,1,0,0,10,10,0,0,0,10,0,0,0,0,0,0,0,0,0,0,0,0,1
3193,458,"第26回人麿の里・全国競技かるた益田大会(A,B,C)",2018-08-05,A,A,66,66,192,7,7,1,0,0,62,62,0,0,0,62,0,0,0,0,0,0,0,0,0,0,0,0,1
3194,458,"第26回人麿の里・全国競技かるた益田大会(A,B,C)",2018-08-05,B1,B,45,45,107,6,6,1,0,0,19,19,0,0,0,19,0,0,0,0,0,0,0,0,0,0,0,0,1
3195,458,"第26回人麿の里・全国競技かるた益田大会(A,B,C)",2018-08-05,C,C,60,60,122,6,6,1,0,0,4,4,0,0,0,6,0,0,0,0,0,0,0,0,0,0,0,0,1
3196,458,"第26回人麿の里・全国競技かるた益田大会(A,B,C)",2018-08-05,B2,B,45,45,107,6,6,1,0,0,19,19,0,0,0,19,0,0,0,0,0,0,0,0,0,0,0,0,1
3197,459,"第15回全国競技かるた香川大会(D,E)",2018-09-16,D1,D,45,45,107,6,6,1,0,0,19,19,0,0,0,21,0,0,0,0,0,0,0,0,0,0,0,0,1
3198,459,"第15回全国競技かるた香川大会(D,E)",2018-09-16,E,E,38,38,100,6,6,1,0,0,26,26,0,0,0,26,0,0,0,0,0,0,0,0,0,0,0,0,1
3199,459,"第15回全国競技かるた香川大会(D,E)",2018-09-16,D2,D,46,46,108,6,6,1,0,0,18,18,0,0,0,18,0,0,0,0,0,0,0,0,0,0,0,0,1
3200,459,"第15回全国競技かるた香川大会(D,E)",2018-09-16,D3,D,47,47,109,6,6,1,0,0,17,17,0,0,0,17,0,2,0,0,0,0,0,0,0,0,0,0,1
3201,459,"第15回全国競技かるた香川大会(D,E)",2018-09-16,D4,D,49,49,111,6,6,1,0,0,15,15,0,0,0,15,0,0,0,0,0,0,0,0,0,0,0,0,1
3202,459,"第15回全国競技かるた香川大会(D,E)",2018-09-16,D5,D,45,45,107,6,6,1,0,0,19,19,0,0,0,19,0,0,0,0,0,0,0,0,0,0,0,0,1
3203,460,"第15回全国競技かるた香川大会(A,B,C)",2018-09-17,A,A,60,60,122,6,6,1,0,0,4,4,0,0,0,4,0,0,0,0,0,0,0,0,0,0,0,0,1
3204,460,"第15回全国競技かるた香川大会(A,B,C)",2018-09-17,B,B,95,95,221,7,7,1,0,0,33,33,0,0,0,33,0,0,0,0,0,0,0,0,0,0,0,0,1
3205,460,"第15回全国競技かるた香川大会(A,B,C)",2018-09-17,C1,C,44,44,106,6,6,1,0,0,20,20,0,0,0,20,0,0,0,0,0,0,0,0,0,0,0,0,1
3206,460,"第15回全国競技かるた香川大会(A,B,C)",2018-09-17,C2,C,45,45,107,6,6,1,0,0,19,19,0,0,0,19,0,0,0,0,0,0,0,0,0,0,0,0,1
3207,461,"第9回全国競技かるた岡山大会(D,E)",2018-10-13,D1,D,31,31,61,5,5,1,0,0,1,1,0,0,0,1,0,2,0,0,0,0,0,0,0,0,0,0,1
3208,461,"第9回全国競技かるた岡山大会(D,E)",2018-10-13,E,E,29,29,59,5,5,1,0,0,3,3,0,0,0,3,0,0,0,0,0,0,0,0,0,0,0,0,1
3209,461,"第9回全国競技かるた岡山大会(D,E)",2018-10-13,D2,D,29,29,59,5,5,1,0,0,3,3,0,0,0,3,0,0,0,0,0,0,0,0,0,0,0,0,1
3210,461,"第9回全国競技かるた岡山大会(D,E)",2018-10-13,D3,D,31,31,61,5,5,1,0,0,1,1,0,0,0,1,0,2,0,0,0,0,0,0,0,0,0,0,1
3211,461,"第9回全国競技かるた岡山大会(D,E)",2018-10-13,D4,D,31,31,61,5,5,1,0,0,1,1,0,0,0,1,0,0,0,0,0,0,0,0,0,0,0,0,1
3212,461,"第9回全国競技かるた岡山大会(D,E)",2018-10-13,D5,D,28,28,58,5,5,1,0,0,4,4,0,0,0,4,0,2,0,0,0,0,0,0,0,0,0,0,1
3213,462,"第9回全国競技かるた岡山大会(A,B,C)",2018-10-14,A,A,53,53,115,6,6,1,0,0,11,11,0,0,0,11,0,0,0,0,0,0,0,0,0,0,0,0,1
3214,462,"第9回全国競技かるた岡山大会(A,B,C)",2018-10-14,B1,B,46,46,108,6,6,1,0,0,18,18,0,0,0,18,0,0,0,0,0,0,0,0,0,0,0,0,1
3215,462,"第9回全国競技かるた岡山大会(A,B,C)",2018-10-14,C1,C,44,44,106,6,6,1,0,0,20,20,0,0,0,20,0,0,0,0,0,0,0,0,0,0,0,0,1
3216,462,"第9回全国競技かるた岡山大会(A,B,C)",2018-10-14,B2,B,45,45,107,6,6,1,0,0,19,19,0,0,0,19,0,2,0,0,0,0,0,0,0,0,0,0,1
3217,462,"第9回全国競技かるた岡山大会(A,B,C)",2018-10-14,C2,C,46,46,108,6,6,1,0,0,18,18,0,0,0,18,0,0,0,0,0,0,0,0,0,0,0,0,1
3218,463,"第71回全国競技かるた福井大会(C,D)",2018-07-01,D1,D,50,50,112,6,6,1,0,0,14,14,0,0,0,14,0,0,0,0,0,0,0,0,0,0,0,0,1
3219,463,"第71回全国競技かるた福井大会(C,D)",2018-07-01,C1,C,54,54,116,6,6,1,0,0,10,10,0,0,0,10,0,0,0,0,0,0,0,0,0,0,0,0,1
3220,463,"第71回全国競技かるた福井大会(C,D)",2018-07-01,C2,C,53,53,115,6,6,1,0,0,11,11,0,0,0,13,0,0,0,0,0,0,0,0,0,0,0,0,1
3221,463,"第71回全国競技かるた福井大会(C,D)",2018-07-01,D2,D,50,50,112,6,6,1,0,0,14,14,0,0,0,14,0,0,0,0,0,0,0,0,0,0,0,0,1
3222,463,"第71回全国競技かるた福井大会(C,D)",2018-07-01,D3,D,49,49,111,6,6,1,0,0,15,15,0,0,0,15,0,0,0,0,0,0,0,0,0,0,0,0,1
3223,463,"第71回全国競技かるた福井大会(C,D)",2018-07-01,D4,D,43,43,105,6,6,1,0,0,21,21,0,0,0,21,0,0,0,0,0,0,0,0,0,0,0,0,1
3224,464,"第71回全国競技かるた福井大会(A,B)",2018-06-24,A,A,74,74,200,7,7,1,0,4,58,54,0,0,0,54,0,4,0,0,0,0,0,0,0,0,0,0,1
3225,464,"第71回全国競技かるた福井大会(A,B)",2018-06-24,B1,B,50,50,112,6,6,1,0,0,14,14,0,0,0,14,0,0,0,0,0,0,0,0,0,0,0,0,1
3226,464,"第71回全国競技かるた福井大会(A,B)",2018-06-24,B2,B,47,47,109,6,6,1,0,0,17,17,0,0,0,17,0,0,0,0,0,0,0,0,0,0,0,0,1
3227,465,"第36回全国競技かるた宮崎大会(A,B,C)",2018-07-15,A,A,47,47,109,6,6,1,0,0,17,17,0,0,0,19,0,0,0,0,0,0,0,0,0,0,0,0,1
3228,465,"第36回全国競技かるた宮崎大会(A,B,C)",2018-07-15,B,B,64,64,126,6,6,1,0,0,0,0,0,0,0,0,0,0,0,0,0,0,0,0,0,0,0,0,1
3229,465,"第36回全国競技かるた宮崎大会(A,B,C)",2018-07-15,C,C,52,52,114,6,6,1,0,0,12,12,0,0,0,12,0,0,0,0,0,0,0,0,0,0,0,0,1
3230,466,"第36回全国競技かるた宮崎大会(D,E)",2018-12-23,D1,D,29,29,59,5,5,1,0,0,3,3,0,0,0,3,0,0,0,0,0,0,0,0,0,0,0,0,1
3231,466,"第36回全国競技かるた宮崎大会(D,E)",2018-12-23,E1,E,19,19,49,5,5,1,0,0,13,13,0,0,0,13,0,0,0,0,0,0,0,0,0,0,0,0,1
3232,466,"第36回全国競技かるた宮崎大会(D,E)",2018-12-23,E2,E,18,18,48,5,5,1,0,0,14,14,0,0,0,14,0,0,0,0,0,0,0,0,0,0,0,0,1
3233,466,"第36回全国競技かるた宮崎大会(D,E)",2018-12-23,D2,D,30,30,60,5,5,1,0,0,2,2,0,0,0,2,0,0,0,0,0,0,0,0,0,0,0,0,1
3234,466,"第36回全国競技かるた宮崎大会(D,E)",2018-12-23,D3,D,29,29,59,5,5,1,0,0,3,3,0,0,0,3,0,0,0,0,0,0,0,0,0,0,0,0,1
3235,466,"第36回全国競技かるた宮崎大会(D,E)",2018-12-23,D4,D,32,32,62,5,5,1,0,0,0,0,0,0,0,0,0,0,0,0,0,0,0,0,0,0,0,0,1
3236,466,"第36回全国競技かるた宮崎大会(D,E)",2018-12-23,D5,D,30,30,60,5,5,1,0,0,2,2,0,0,0,2,0,0,0,0,0,0,0,0,0,0,0,0,1
3237,467,第40回全国高等学校小倉百人一首かるた選手権大会(個人戦の部),2018-07-29,A,A,68,68,194,7,7,1,0,0,60,60,0,0,0,60,0,0,0,0,0,0,0,0,0,0,0,0,1
3238,467,第40回全国高等学校小倉百人一首かるた選手権大会(個人戦の部),2018-07-29,B1,B,58,58,120,6,6,1,0,0,6,6,0,0,0,6,0,0,0,0,0,0,0,0,0,0,0,0,1
3239,467,第40回全国高等学校小倉百人一首かるた選手権大会(個人戦の部),2018-07-29,C1,C,45,45,107,6,6,1,0,0,19,19,0,0,0,21,0,0,0,0,0,0,0,0,0,0,0,0,1
3240,467,第40回全国高等学校小倉百人一首かるた選手権大会(個人戦の部),2018-07-29,D1,D,43,43,105,6,6,1,0,0,21,21,0,0,0,25,0,0,0,0,0,0,0,0,0,0,0,0,1
3241,467,第40回全国高等学校小倉百人一首かるた選手権大会(個人戦の部),2018-07-29,D2,D,44,44,106,6,6,1,0,0,20,20,0,0,0,24,0,0,0,0,0,0,0,0,0,0,0,0,1
3242,467,第40回全国高等学校小倉百人一首かるた選手権大会(個人戦の部),2018-07-29,D3,D,44,44,106,6,6,1,0,0,20,20,0,0,0,22,0,2,0,0,0,0,0,0,0,0,0,0,1
3243,467,第40回全国高等学校小倉百人一首かるた選手権大会(個人戦の部),2018-07-29,D4,D,43,43,105,6,6,1,0,0,21,21,0,0,0,23,0,0,0,0,0,0,0,0,0,0,0,0,1
3244,467,第40回全国高等学校小倉百人一首かるた選手権大会(個人戦の部),2018-07-29,D5,D,43,43,105,6,6,1,0,0,21,21,0,0,0,21,0,2,0,0,0,0,0,0,0,0,0,0,1
3245,467,第40回全国高等学校小倉百人一首かるた選手権大会(個人戦の部),2018-07-29,D6,D,42,42,104,6,6,1,0,0,22,22,0,0,0,22,0,0,0,0,0,0,0,0,0,0,0,0,1
3246,467,第40回全国高等学校小倉百人一首かるた選手権大会(個人戦の部),2018-07-29,D7,D,43,43,105,6,6,1,0,0,21,21,0,0,0,23,0,0,0,0,0,0,0,0,0,0,0,0,1
3247,467,第40回全国高等学校小倉百人一首かるた選手権大会(個人戦の部),2018-07-29,D8,D,41,41,103,6,6,1,0,0,23,23,0,0,0,23,0,2,0,0,0,0,0,0,0,0,0,0,1
3248,467,第40回全国高等学校小倉百人一首かるた選手権大会(個人戦の部),2018-07-29,D9,D,41,41,103,6,6,1,0,0,23,23,0,0,0,23,0,0,0,0,0,0,0,0,0,0,0,0,1
3249,467,第40回全国高等学校小倉百人一首かるた選手権大会(個人戦の部),2018-07-29,D10,D,42,42,104,6,6,1,0,0,22,22,0,0,0,24,0,0,0,0,0,0,0,0,0,0,0,0,1
3250,467,第40回全国高等学校小倉百人一首かるた選手権大会(個人戦の部),2018-07-29,D11,D,43,43,105,6,6,1,0,0,21,21,0,0,0,23,0,0,0,0,0,0,0,0,0,0,0,0,1
3251,467,第40回全国高等学校小倉百人一首かるた選手権大会(個人戦の部),2018-07-29,D12,D,44,44,106,6,6,1,0,0,20,20,0,0,0,20,0,0,0,0,0,0,0,0,0,0,0,0,1
3252,467,第40回全国高等学校小倉百人一首かるた選手権大会(個人戦の部),2018-07-29,D13,D,43,43,105,6,6,1,0,0,21,21,0,0,0,21,0,0,0,0,0,0,0,0,0,0,0,0,1
3253,467,第40回全国高等学校小倉百人一首かるた選手権大会(個人戦の部),2018-07-29,D14,D,44,44,106,6,6,1,0,0,20,20,0,0,0,20,0,0,0,0,0,0,0,0,0,0,0,0,1
3254,467,第40回全国高等学校小倉百人一首かるた選手権大会(個人戦の部),2018-07-29,D15,D,38,38,100,6,6,1,0,0,26,26,0,0,0,26,0,0,0,0,0,0,0,0,0,0,0,0,1
3255,467,第40回全国高等学校小倉百人一首かるた選手権大会(個人戦の部),2018-07-29,D16,D,40,40,102,6,6,1,0,0,24,24,0,0,0,24,0,0,0,0,0,0,0,0,0,0,0,0,1
3256,467,第40回全国高等学校小倉百人一首かるた選手権大会(個人戦の部),2018-07-29,D17,D,41,41,103,6,6,1,0,0,23,23,0,0,0,23,0,0,0,0,0,0,0,0,0,0,0,0,1
3257,467,第40回全国高等学校小倉百人一首かるた選手権大会(個人戦の部),2018-07-29,D18,D,40,40,102,6,6,1,0,0,24,24,0,0,0,24,0,0,0,0,0,0,0,0,0,0,0,0,1
3258,467,第40回全国高等学校小倉百人一首かるた選手権大会(個人戦の部),2018-07-29,D19,D,38,38,100,6,6,1,0,0,26,26,0,0,0,26,0,0,0,0,0,0,0,0,0,0,0,0,1
3259,467,第40回全国高等学校小倉百人一首かるた選手権大会(個人戦の部),2018-07-29,D20,D,38,38,100,6,6,1,0,0,26,26,0,0,0,28,0,0,0,0,0,0,0,0,0,0,0,0,1
3260,467,第40回全国高等学校小倉百人一首かるた選手権大会(個人戦の部),2018-07-29,D21,D,40,40,102,6,6,1,0,0,24,24,0,0,0,26,0,0,0,0,0,0,0,0,0,0,0,0,1
3261,467,第40回全国高等学校小倉百人一首かるた選手権大会(個人戦の部),2018-07-29,D22,D,39,39,101,6,6,1,0,0,25,25,0,0,0,25,0,0,0,0,0,0,0,0,0,0,0,0,1
3262,467,第40回全国高等学校小倉百人一首かるた選手権大会(個人戦の部),2018-07-29,D23,D,40,40,102,6,6,1,0,0,24,24,0,0,0,28,0,2,0,0,0,0,0,0,0,0,0,0,1
3263,467,第40回全国高等学校小倉百人一首かるた選手権大会(個人戦の部),2018-07-29,D24,D,38,38,100,6,6,1,0,0,26,26,0,0,0,26,0,0,0,0,0,0,0,0,0,0,0,0,1
3264,467,第40回全国高等学校小倉百人一首かるた選手権大会(個人戦の部),2018-07-29,D25,D,39,39,101,6,6,1,0,0,25,25,0,0,0,27,0,0,0,0,0,0,0,0,0,0,0,0,1
3265,467,第40回全国高等学校小倉百人一首かるた選手権大会(個人戦の部),2018-07-29,D26,D,39,39,101,6,6,1,0,0,25,25,0,0,0,29,0,2,0,0,0,0,0,0,0,0,0,0,1
3266,467,第40回全国高等学校小倉百人一首かるた選手権大会(個人戦の部),2018-07-29,D27,D,41,41,103,6,6,1,0,0,23,23,0,0,0,27,0,0,0,0,0,0,0,0,0,0,0,0,1
3267,467,第40回全国高等学校小倉百人一首かるた選手権大会(個人戦の部),2018-07-29,B2,B,58,58,120,6,6,1,0,0,6,6,0,0,0,6,0,0,0,0,0,0,0,0,0,0,0,0,1
3268,467,第40回全国高等学校小倉百人一首かるた選手権大会(個人戦の部),2018-07-29,B3,B,56,56,118,6,6,1,0,0,8,8,0,0,0,8,0,0,0,0,0,0,0,0,0,0,0,0,1
3269,467,第40回全国高等学校小倉百人一首かるた選手権大会(個人戦の部),2018-07-29,B4,B,62,62,124,6,6,1,0,0,2,2,0,0,0,2,0,0,0,0,0,0,0,0,0,0,0,0,1
3270,467,第40回全国高等学校小倉百人一首かるた選手権大会(個人戦の部),2018-07-29,B5,B,60,60,122,6,6,1,0,0,4,4,0,0,0,4,0,0,0,0,0,0,0,0,0,0,0,0,1
3271,467,第40回全国高等学校小倉百人一首かるた選手権大会(個人戦の部),2018-07-29,C2,C,46,46,108,6,6,1,0,0,18,18,0,0,0,18,0,0,0,0,0,0,0,0,0,0,0,0,1
3272,467,第40回全国高等学校小倉百人一首かるた選手権大会(個人戦の部),2018-07-29,C3,C,44,44,106,6,6,1,0,0,20,20,0,0,0,20,0,0,0,0,0,0,0,0,0,0,0,0,1
3273,467,第40回全国高等学校小倉百人一首かるた選手権大会(個人戦の部),2018-07-29,C4,C,45,45,107,6,6,1,0,0,19,19,0,0,0,19,0,0,0,0,0,0,0,0,0,0,0,0,1
3274,467,第40回全国高等学校小倉百人一首かるた選手権大会(個人戦の部),2018-07-29,C5,C,43,43,105,6,6,1,0,0,21,21,0,0,0,21,0,2,0,0,0,0,0,0,0,0,0,0,1
3275,467,第40回全国高等学校小倉百人一首かるた選手権大会(個人戦の部),2018-07-29,C6,C,45,45,107,6,6,1,0,0,19,19,0,0,0,19,0,0,0,0,0,0,0,0,0,0,0,0,1
3276,467,第40回全国高等学校小倉百人一首かるた選手権大会(個人戦の部),2018-07-29,C7,C,47,47,109,6,6,1,0,0,17,17,0,0,0,17,0,0,0,0,0,0,0,0,0,0,0,0,1
3277,467,第40回全国高等学校小倉百人一首かるた選手権大会(個人戦の部),2018-07-29,C8,C,47,47,109,6,6,1,0,0,17,17,0,0,0,17,0,0,0,0,0,0,0,0,0,0,0,0,1
3278,467,第40回全国高等学校小倉百人一首かるた選手権大会(個人戦の部),2018-07-29,C9,C,46,46,108,6,6,1,0,0,18,18,0,0,0,18,0,0,0,0,0,0,0,0,0,0,0,0,1
3279,468,"第100回全国競技かるた大阪大会(B,C)",2018-10-07,B1,B,59,59,121,6,6,1,0,0,5,5,0,0,0,5,0,0,0,0,0,0,0,0,0,0,0,0,1
3280,468,"第100回全国競技かるた大阪大会(B,C)",2018-10-07,C1,C,53,53,115,6,6,1,0,0,11,11,0,0,0,11,0,0,0,0,0,0,0,0,0,0,0,0,1
3281,468,"第100回全国競技かるた大阪大会(B,C)",2018-10-07,B2,B,59,59,121,6,6,1,0,0,5,5,0,0,0,5,0,0,0,0,0,0,0,0,0,0,0,0,1
3282,468,"第100回全国競技かるた大阪大会(B,C)",2018-10-07,B3,B,63,63,125,6,6,1,0,0,1,1,0,0,0,1,0,0,0,0,0,0,0,0,0,0,0,0,1
3283,468,"第100回全国競技かるた大阪大会(B,C)",2018-10-07,C2,C,48,48,110,6,6,1,0,0,16,16,0,0,0,16,0,0,0,0,0,0,0,0,0,0,0,0,1
3284,468,"第100回全国競技かるた大阪大会(B,C)",2018-10-07,C3,C,53,53,115,6,6,1,0,0,11,11,0,0,0,11,0,0,0,0,0,0,0,0,0,0,0,0,1
3285,468,"第100回全国競技かるた大阪大会(B,C)",2018-10-07,C4,C,56,56,118,6,6,1,0,0,8,8,0,0,0,8,0,0,0,0,0,0,0,0,0,0,0,0,1
3286,469,第19回百人一首競技かるた杉並大会,2018-06-10,D1,D,55,55,117,6,6,1,0,0,9,9,0,0,0,9,0,0,0,0,0,0,0,0,0,0,0,0,1
3287,469,第19回百人一首競技かるた杉並大会,2018-06-10,E1,E,30,30,60,5,5,1,0,0,2,2,0,0,0,2,0,0,0,0,0,0,0,0,0,0,0,0,1
3288,469,第19回百人一首競技かるた杉並大会,2018-06-10,F1,,28,28,58,5,5,1,0,0,4,4,0,0,0,4,0,2,0,0,0,0,0,0,0,0,0,0,1
3289,469,第19回百人一首競技かるた杉並大会,2018-06-10,D2,D,48,48,110,6,6,1,0,0,16,16,0,0,0,16,0,0,0,0,0,0,0,0,0,0,0,0,1
3290,469,第19回百人一首競技かるた杉並大会,2018-06-10,D3,D,50,50,112,6,6,1,0,0,14,14,0,0,0,14,0,0,0,0,0,0,0,0,0,0,0,0,1
3291,469,第19回百人一首競技かるた杉並大会,2018-06-10,E2,E,26,26,56,5,5,1,0,0,6,6,0,0,0,6,0,0,0,0,0,0,0,0,0,0,0,0,1
3292,469,第19回百人一首競技かるた杉並大会,2018-06-10,E3,E,31,31,61,5,5,1,0,0,1,1,0,0,0,1,0,0,0,0,0,0,0,0,0,0,0,0,1
3293,469,第19回百人一首競技かるた杉並大会,2018-06-10,E4,E,30,30,60,5,5,1,0,0,2,2,0,0,0,2,0,2,0,0,0,0,0,0,0,0,0,0,1
3294,469,第19回百人一首競技かるた杉並大会,2018-06-10,E5,E,30,30,60,5,5,1,0,0,2,2,0,0,0,2,0,0,0,0,0,0,0,0,0,0,0,0,1
3295,469,第19回百人一首競技かるた杉並大会,2018-06-10,F2,,30,30,60,5,5,1,0,0,2,2,0,0,0,2,0,0,0,0,0,0,0,0,0,0,0,0,1
3296,469,第19回百人一首競技かるた杉並大会,2018-06-10,F3,,28,28,58,5,5,1,0,0,4,4,0,0,0,4,0,0,0,0,0,0,0,0,0,0,0,0,1
3297,469,第19回百人一首競技かるた杉並大会,2018-06-10,F4,,27,27,57,5,5,1,0,0,5,5,0,0,0,5,0,4,0,0,0,0,0,0,0,0,0,0,1
3298,469,第19回百人一首競技かるた杉並大会,2018-06-10,F5,,26,26,56,5,5,1,0,0,6,6,0,0,0,6,0,2,0,0,0,0,0,0,0,0,0,0,1
3299,469,第19回百人一首競技かるた杉並大会,2018-06-10,F6,,28,28,58,5,5,1,0,0,4,4,0,0,0,4,0,0,0,0,0,0,0,0,0,0,0,0,1
3300,470,"第21回神奈川県かるた選手権大会(A,B,C,D)",2018-05-06,A,A,18,18,48,5,5,1,0,0,14,14,0,0,0,14,0,0,0,0,0,0,0,0,0,0,0,0,1
3301,470,"第21回神奈川県かるた選手権大会(A,B,C,D)",2018-05-06,B,B,43,43,105,6,6,1,0,0,21,21,0,0,0,21,0,0,0,0,0,0,0,0,0,0,0,0,1
3302,470,"第21回神奈川県かるた選手権大会(A,B,C,D)",2018-05-06,C,C,54,54,116,6,6,1,0,0,10,10,0,0,0,10,0,0,0,0,0,0,0,0,0,0,0,0,1
3303,470,"第21回神奈川県かるた選手権大会(A,B,C,D)",2018-05-06,D1,D,46,46,108,6,6,1,0,0,18,18,0,0,0,18,0,0,0,0,0,0,0,0,0,0,0,0,1
3304,470,"第21回神奈川県かるた選手権大会(A,B,C,D)",2018-05-06,D2,D,48,48,110,6,6,1,0,0,16,16,0,0,0,16,0,0,0,0,0,0,0,0,0,0,0,0,1
3305,471,第25回東京都かるた大会,2018-06-16,E1,E,47,47,109,6,6,1,0,0,17,17,0,0,0,17,0,0,0,0,0,0,0,0,0,0,0,0,1
3306,471,第25回東京都かるた大会,2018-06-16,F1,,40,40,102,6,6,1,0,0,24,24,0,0,0,26,0,0,0,0,0,0,0,0,0,0,0,0,1
3307,471,第25回東京都かるた大会,2018-06-16,E2,E,46,46,108,6,6,1,0,0,18,18,0,0,0,18,0,4,0,0,0,0,0,0,0,0,0,0,1
3308,471,第25回東京都かるた大会,2018-06-16,E3,E,40,40,102,6,6,1,0,0,24,24,0,0,0,24,0,0,0,0,0,0,0,0,0,0,0,0,1
3309,471,第25回東京都かるた大会,2018-06-16,F2,,44,44,106,6,6,1,0,0,20,20,0,0,0,20,0,0,0,0,0,0,0,0,0,0,0,0,1
3310,471,第25回東京都かるた大会,2018-06-16,F3,,40,40,102,6,6,1,0,0,24,24,0,0,0,28,0,0,0,0,0,0,0,0,0,0,0,0,1
3311,472,第19回上杉杯争奪全国かるた競技大会,2018-04-14,A,A,62,62,124,6,6,1,0,0,2,2,0,0,0,2,0,0,0,0,0,0,0,0,0,0,0,0,1
3312,472,第19回上杉杯争奪全国かるた競技大会,2018-04-14,B,B,64,64,126,6,6,1,0,2,2,0,0,0,0,0,0,2,0,0,0,0,0,0,0,0,0,0,1
3313,472,第19回上杉杯争奪全国かるた競技大会,2018-04-14,C,C,61,61,122,6,6,1,0,0,2,2,0,0,0,2,0,0,0,0,0,0,0,0,0,0,0,0,1
3314,472,第19回上杉杯争奪全国かるた競技大会,2018-04-14,D1,D,28,28,58,5,5,1,0,0,4,4,0,0,0,4,0,0,0,0,0,0,0,0,0,0,0,0,1
3315,472,第19回上杉杯争奪全国かるた競技大会,2018-04-14,E1,E,28,28,56,5,5,1,0,0,2,2,0,0,0,2,0,2,0,0,0,0,0,0,0,0,0,0,1
3316,472,第19回上杉杯争奪全国かるた競技大会,2018-04-14,D2,D,29,29,59,5,5,1,0,0,3,3,0,0,0,3,0,0,0,0,0,0,0,0,0,0,0,0,1
3317,472,第19回上杉杯争奪全国かるた競技大会,2018-04-14,D3,D,30,30,60,5,5,1,0,2,4,2,0,0,0,2,0,2,0,0,0,0,0,0,0,0,0,0,1
3318,472,第19回上杉杯争奪全国かるた競技大会,2018-04-14,E2,E,29,29,59,5,5,1,0,0,3,3,0,0,0,3,0,2,0,0,0,0,0,0,0,0,0,0,1
3319,473,第3回全国競技かるた福島大会,2018-12-02,A,A,61,61,123,6,6,1,0,0,3,3,0,0,0,3,0,0,0,0,0,0,0,0,0,0,0,0,1
3320,473,第3回全国競技かるた福島大会,2018-12-02,B,B,61,61,123,6,6,1,0,0,3,3,0,0,0,3,0,0,0,0,0,0,0,0,0,0,0,0,1
3321,473,第3回全国競技かるた福島大会,2018-12-02,C1,C,32,32,62,5,5,1,0,0,0,0,0,0,0,0,0,0,0,0,0,0,0,0,0,0,0,0,1
3322,473,第3回全国競技かるた福島大会,2018-12-02,D1,D,30,30,60,5,5,1,0,0,2,2,0,0,0,2,0,0,0,0,0,0,0,0,0,0,0,0,1
3323,473,第3回全国競技かるた福島大会,2018-12-02,D2,D,29,29,59,5,5,1,0,0,3,3,0,0,0,5,0,0,0,0,0,0,0,0,0,0,0,0,1
3324,473,第3回全国競技かるた福島大会,2018-12-02,C2,C,32,32,62,5,5,1,0,0,0,0,0,0,0,4,0,0,0,0,0,0,0,0,0,0,0,0,1
3325,474,"第100回全国競技かるた大阪大会(D,E)",2018-10-08,D1,D,51,51,113,6,6,1,0,0,13,13,0,0,0,13,0,0,0,0,0,0,0,0,0,0,0,0,1
3326,474,"第100回全国競技かるた大阪大会(D,E)",2018-10-08,E1,E,30,30,60,5,5,1,0,0,2,2,0,0,0,4,0,0,0,0,0,0,0,0,0,0,0,0,1
3327,474,"第100回全国競技かるた大阪大会(D,E)",2018-10-08,D2,D,50,50,112,6,6,1,0,0,14,14,0,0,0,14,0,0,0,0,0,0,0,0,0,0,0,0,1
3328,474,"第100回全国競技かるた大阪大会(D,E)",2018-10-08,D3,D,46,46,108,6,6,1,0,0,18,18,0,0,0,18,0,0,0,0,0,0,0,0,0,0,0,0,1
3329,474,"第100回全国競技かるた大阪大会(D,E)",2018-10-08,D4,D,47,47,109,6,6,1,0,0,17,17,0,0,0,17,0,0,0,0,0,0,0,0,0,0,0,0,1
3330,474,"第100回全国競技かるた大阪大会(D,E)",2018-10-08,D5,D,48,48,110,6,6,1,0,0,16,16,0,0,0,16,0,0,0,0,0,0,0,0,0,0,0,0,1
3331,474,"第100回全国競技かるた大阪大会(D,E)",2018-10-08,D6,D,48,48,110,6,6,1,0,0,16,16,0,0,0,16,0,0,0,0,0,0,0,0,0,0,0,0,1
3332,474,"第100回全国競技かるた大阪大会(D,E)",2018-10-08,D7,D,46,46,108,6,6,1,0,0,18,18,0,0,0,18,0,0,0,0,0,0,0,0,0,0,0,0,1
3333,474,"第100回全国競技かるた大阪大会(D,E)",2018-10-08,D8,D,50,50,112,6,6,1,0,0,14,14,0,0,0,14,0,0,0,0,0,0,0,0,0,0,0,0,1
3334,474,"第100回全国競技かるた大阪大会(D,E)",2018-10-08,D9,D,50,50,112,6,6,1,0,0,14,14,0,0,0,14,0,0,0,0,0,0,0,0,0,0,0,0,1
3335,474,"第100回全国競技かるた大阪大会(D,E)",2018-10-08,E2,E,27,27,57,5,5,1,0,0,5,5,0,0,0,5,0,0,0,0,0,0,0,0,0,0,0,0,1
3336,474,"第100回全国競技かるた大阪大会(D,E)",2018-10-08,E3,E,27,27,57,5,5,1,0,0,5,5,0,0,0,5,0,0,0,0,0,0,0,0,0,0,0,0,1
3337,474,"第100回全国競技かるた大阪大会(D,E)",2018-10-08,E4,E,21,21,51,5,5,1,0,0,11,11,0,0,0,13,0,0,0,0,0,0,0,0,0,0,0,0,1
3338,474,"第100回全国競技かるた大阪大会(D,E)",2018-10-08,E5,E,28,28,58,5,5,1,0,0,4,4,0,0,0,4,0,0,0,0,0,0,0,0,0,0,0,0,1
3339,475,第50全国競技かるた女流選手権大会,2018-06-10,A,A,50,50,112,6,6,1,0,0,14,14,0,0,0,14,0,0,0,0,0,0,0,0,0,0,0,0,1
3340,475,第50全国競技かるた女流選手権大会,2018-06-10,B1,B,64,64,126,6,6,1,0,0,0,0,0,0,0,0,0,0,0,0,0,0,0,0,0,0,0,0,1
3341,475,第50全国競技かるた女流選手権大会,2018-06-10,C1,C,65,65,191,7,7,1,0,0,63,63,0,0,0,63,0,0,0,0,0,0,0,0,0,0,0,0,1
3342,475,第50全国競技かるた女流選手権大会,2018-06-10,シニア,,5,5,11,3,3,1,0,0,3,3,0,0,0,3,0,0,0,0,0,0,0,0,0,0,0,0,1
3343,475,第50全国競技かるた女流選手権大会,2018-06-10,B2,B,64,64,126,6,6,1,0,0,0,0,0,0,0,0,0,0,0,0,0,0,0,0,0,0,0,0,1
3344,475,第50全国競技かるた女流選手権大会,2018-06-10,C2,C,64,64,126,6,6,1,0,0,0,0,0,0,0,0,0,0,0,0,0,0,0,0,0,0,0,0,1
3345,476,第64回新春全国競技かるた大会(E),2018-12-09,E1,E,32,32,62,5,5,1,0,0,0,0,0,0,0,0,0,0,0,0,0,0,0,0,0,0,0,0,1
3346,476,第64回新春全国競技かるた大会(E),2018-12-09,E2,E,32,32,62,5,5,1,0,0,0,0,0,0,0,0,0,0,0,0,0,0,0,0,0,0,0,0,1
3347,476,第64回新春全国競技かるた大会(E),2018-12-09,E3,E,30,30,60,5,5,1,0,0,2,2,0,0,0,2,0,0,0,0,0,0,0,0,0,0,0,0,1
3348,476,第64回新春全国競技かるた大会(E),2018-12-09,E4,E,32,32,62,5,5,1,0,0,0,0,0,0,0,0,0,0,0,0,0,0,0,0,0,0,0,0,1
3349,476,第64回新春全国競技かるた大会(E),2018-12-09,E5,E,31,31,61,5,5,1,0,0,1,1,0,0,0,1,0,0,0,0,0,0,0,0,0,0,0,0,1
3350,476,第64回新春全国競技かるた大会(E),2018-12-09,E6,E,31,31,61,5,5,1,0,0,1,1,0,0,0,1,0,0,0,0,0,0,0,0,0,0,0,0,1
3351,476,第64回新春全国競技かるた大会(E),2018-12-09,E7,E,30,30,60,5,5,1,0,0,2,2,0,0,0,2,0,0,0,0,0,0,0,0,0,0,0,0,1
3352,476,第64回新春全国競技かるた大会(E),2018-12-09,E8,E,30,30,60,5,5,1,0,0,2,2,0,0,0,2,0,0,0,0,0,0,0,0,0,0,0,0,1
3353,476,第64回新春全国競技かるた大会(E),2018-12-09,E9,E,32,32,62,5,5,1,0,0,0,0,0,0,0,0,0,0,0,0,0,0,0,0,0,0,0,0,1
3354,477,蓮生記念第5回全国競技かるた宇都宮大会(A),2018-10-07,A,A,90,90,216,7,7,1,0,0,38,38,0,0,0,38,0,0,0,0,0,0,0,0,0,0,0,0,1
3355,478,第71回全国競技かるた福井大会(E),2018-09-02,E1,E,26,26,56,5,5,1,0,0,6,6,0,0,0,6,0,0,0,0,0,0,0,0,0,0,0,0,1
3356,478,第71回全国競技かるた福井大会(E),2018-09-02,E2,E,24,24,54,5,5,1,0,0,8,8,0,0,0,8,0,0,0,0,0,0,0,0,0,0,0,0,1
3357,478,第71回全国競技かるた福井大会(E),2018-09-02,E3,E,26,26,56,5,5,1,0,0,6,6,0,0,0,6,0,0,0,0,0,0,0,0,0,0,0,0,1
3358,478,第71回全国競技かるた福井大会(E),2018-09-02,E4,E,24,24,54,5,5,1,0,0,8,8,0,0,0,8,0,0,0,0,0,0,0,0,0,0,0,0,1
3359,479,"第51回全国競技かるた静岡大会(C,D,E)",2018-02-17,D1,D,28,28,58,5,5,1,0,0,4,4,0,0,0,4,0,2,0,0,0,0,0,0,0,0,0,0,1
3360,479,"第51回全国競技かるた静岡大会(C,D,E)",2018-02-17,E1,E,23,23,53,5,5,1,0,0,9,9,0,0,0,9,0,0,0,0,0,0,0,0,0,0,0,0,1
3361,479,"第51回全国競技かるた静岡大会(C,D,E)",2018-02-17,C1,C,43,43,105,6,6,1,0,0,21,21,0,0,0,21,0,0,0,0,0,0,0,0,0,0,0,0,1
3362,479,"第51回全国競技かるた静岡大会(C,D,E)",2018-02-17,C2,C,43,43,105,6,6,1,0,0,21,21,0,0,0,21,0,0,0,0,0,0,0,0,0,0,0,0,1
3363,479,"第51回全国競技かるた静岡大会(C,D,E)",2018-02-17,C3,C,42,42,104,6,6,1,0,0,22,22,0,0,0,22,0,0,0,0,0,0,0,0,0,0,0,0,1
3364,479,"第51回全国競技かるた静岡大会(C,D,E)",2018-02-17,D2,D,26,26,56,5,5,1,0,0,6,6,0,0,0,6,0,0,0,0,0,0,0,0,0,0,0,0,1
3365,479,"第51回全国競技かるた静岡大会(C,D,E)",2018-02-17,D3,D,31,31,61,5,5,1,0,0,1,1,0,0,0,1,0,0,0,0,0,0,0,0,0,0,0,0,1
3366,479,"第51回全国競技かるた静岡大会(C,D,E)",2018-02-17,D4,D,27,27,57,5,5,1,0,0,5,5,0,0,0,5,0,0,0,0,0,0,0,0,0,0,0,0,1
3367,479,"第51回全国競技かるた静岡大会(C,D,E)",2018-02-17,D5,D,26,26,56,5,5,1,0,0,6,6,0,0,0,6,0,0,0,0,0,0,0,0,0,0,0,0,1
3368,479,"第51回全国競技かるた静岡大会(C,D,E)",2018-02-17,D6,D,29,29,59,5,5,1,0,0,3,3,0,0,0,5,0,0,0,0,0,0,0,0,0,0,0,0,1
3369,479,"第51回全国競技かるた静岡大会(C,D,E)",2018-02-17,E2,E,24,24,54,5,5,1,0,0,8,8,0,0,0,8,0,0,0,0,0,0,0,0,0,0,0,0,1
3370,479,"第51回全国競技かるた静岡大会(C,D,E)",2018-02-17,E3,E,26,26,56,5,5,1,0,0,6,6,0,0,0,6,0,0,0,0,0,0,0,0,0,0,0,0,1
3371,479,"第51回全国競技かるた静岡大会(C,D,E)",2018-02-17,E4,E,26,26,56,5,5,1,0,0,6,6,0,0,0,6,0,0,0,0,0,0,0,0,0,0,0,0,1
3372,480,"第51回全国競技かるた静岡大会(A,B)",2018-02-18,A,A,116,116,242,7,7,1,0,0,12,12,0,0,0,12,0,0,0,0,0,0,0,0,0,0,0,0,1
3373,480,"第51回全国競技かるた静岡大会(A,B)",2018-02-18,B1,B,49,49,111,6,6,1,0,0,15,15,0,0,0,15,0,0,0,0,0,0,0,0,0,0,0,0,1
3374,480,"第51回全国競技かるた静岡大会(A,B)",2018-02-18,B2,B,45,45,107,6,6,1,0,0,19,19,0,0,0,19,0,0,0,0,0,0,0,0,0,0,0,0,1
3375,480,"第51回全国競技かるた静岡大会(A,B)",2018-02-18,B3,B,49,49,111,6,6,1,0,0,15,15,0,0,0,15,0,0,0,0,0,0,0,0,0,0,0,0,1
3376,480,"第51回全国競技かるた静岡大会(A,B)",2018-02-18,B4,B,44,44,106,6,6,1,0,0,20,20,0,0,0,20,0,0,0,0,0,0,0,0,0,0,0,0,1
3377,481,"第67回高松宮記念杯近江神宮全国競技かるた大会(A,B,C)",2018-01-07,A,A,93,93,219,7,7,1,0,0,35,35,0,0,0,35,0,0,0,0,0,0,0,0,0,0,0,0,1
3378,481,"第67回高松宮記念杯近江神宮全国競技かるた大会(A,B,C)",2018-01-07,B1,B,52,52,114,6,6,1,0,0,12,12,0,0,0,12,0,0,0,0,0,0,0,0,0,0,0,0,1
3379,481,"第67回高松宮記念杯近江神宮全国競技かるた大会(A,B,C)",2018-01-07,C1,C,54,54,116,6,6,1,0,0,10,10,0,0,0,10,0,0,0,0,0,0,0,0,0,0,0,0,1
3380,481,"第67回高松宮記念杯近江神宮全国競技かるた大会(A,B,C)",2018-01-07,B2,B,50,50,112,6,6,1,0,0,14,14,0,0,0,14,0,0,0,0,0,0,0,0,0,0,0,0,1
3381,481,"第67回高松宮記念杯近江神宮全国競技かるた大会(A,B,C)",2018-01-07,B3,B,51,51,113,6,6,1,0,0,13,13,0,0,0,13,0,0,0,0,0,0,0,0,0,0,0,0,1
3382,481,"第67回高松宮記念杯近江神宮全国競技かるた大会(A,B,C)",2018-01-07,C2,C,53,53,115,6,6,1,0,0,11,11,0,0,0,11,0,0,0,0,0,0,0,0,0,0,0,0,1
3383,481,"第67回高松宮記念杯近江神宮全国競技かるた大会(A,B,C)",2018-01-07,B4,B,54,54,116,6,6,1,0,0,10,10,0,0,0,10,0,0,0,0,0,0,0,0,0,0,0,0,1
3384,481,"第67回高松宮記念杯近江神宮全国競技かるた大会(A,B,C)",2018-01-07,C3,C,52,52,114,6,6,1,0,0,12,12,0,0,0,12,0,0,0,0,0,0,0,0,0,0,0,0,1
3385,481,"第67回高松宮記念杯近江神宮全国競技かるた大会(A,B,C)",2018-01-07,C4,C,54,54,116,6,6,1,0,0,10,10,0,0,0,10,0,0,0,0,0,0,0,0,0,0,0,0,1
3386,482,"第67回高松宮記念杯近江神宮全国競技かるた大会(D,E)",2018-01-08,D1,D,30,30,60,5,5,1,0,0,2,2,0,0,0,2,0,0,0,0,0,0,0,0,0,0,0,0,1
3387,482,"第67回高松宮記念杯近江神宮全国競技かるた大会(D,E)",2018-01-08,E1,E,36,36,98,6,6,1,0,0,28,28,0,0,0,28,0,0,0,0,0,0,0,0,0,0,0,0,1
3388,482,"第67回高松宮記念杯近江神宮全国競技かるた大会(D,E)",2018-01-08,D2,D,32,32,62,5,5,1,0,0,0,0,0,0,0,0,0,0,0,0,0,0,0,0,0,0,0,0,1
3389,482,"第67回高松宮記念杯近江神宮全国競技かるた大会(D,E)",2018-01-08,D3,D,30,30,60,5,5,1,0,0,2,2,0,0,0,2,0,0,0,0,0,0,0,0,0,0,0,0,1
3390,482,"第67回高松宮記念杯近江神宮全国競技かるた大会(D,E)",2018-01-08,D4,D,30,30,60,5,5,1,0,0,2,2,0,0,0,2,0,0,0,0,0,0,0,0,0,0,0,0,1
3391,482,"第67回高松宮記念杯近江神宮全国競技かるた大会(D,E)",2018-01-08,D5,D,32,32,62,5,5,1,0,0,0,0,0,0,0,0,0,0,0,0,0,0,0,0,0,0,0,0,1
3392,482,"第67回高松宮記念杯近江神宮全国競技かるた大会(D,E)",2018-01-08,D6,D,28,28,58,5,5,1,0,0,4,4,0,0,0,4,0,0,0,0,0,0,0,0,0,0,0,0,1
3393,482,"第67回高松宮記念杯近江神宮全国競技かるた大会(D,E)",2018-01-08,D7,D,31,31,61,5,5,1,0,0,1,1,0,0,0,1,0,0,0,0,0,0,0,0,0,0,0,0,1
3394,482,"第67回高松宮記念杯近江神宮全国競技かるた大会(D,E)",2018-01-08,D8,D,29,29,59,5,5,1,0,0,3,3,0,0,0,3,0,0,0,0,0,0,0,0,0,0,0,0,1
3395,482,"第67回高松宮記念杯近江神宮全国競技かるた大会(D,E)",2018-01-08,D9,D,30,30,60,5,5,1,0,0,2,2,0,0,0,2,0,0,0,0,0,0,0,0,0,0,0,0,1
3396,482,"第67回高松宮記念杯近江神宮全国競技かるた大会(D,E)",2018-01-08,D10,D,29,29,59,5,5,1,0,0,3,3,0,0,0,3,0,2,0,0,0,0,0,0,0,0,0,0,1
3397,482,"第67回高松宮記念杯近江神宮全国競技かるた大会(D,E)",2018-01-08,D11,D,30,30,60,5,5,1,0,0,2,2,0,0,0,2,0,0,0,0,0,0,0,0,0,0,0,0,1
3398,482,"第67回高松宮記念杯近江神宮全国競技かるた大会(D,E)",2018-01-08,D12,D,30,30,60,5,5,1,0,0,2,2,0,0,0,2,0,0,0,0,0,0,0,0,0,0,0,0,1
3399,482,"第67回高松宮記念杯近江神宮全国競技かるた大会(D,E)",2018-01-08,D13,D,29,29,59,5,5,1,0,0,3,3,0,0,0,3,0,0,0,0,0,0,0,0,0,0,0,0,1
3400,482,"第67回高松宮記念杯近江神宮全国競技かるた大会(D,E)",2018-01-08,D14,D,31,31,61,5,5,1,0,0,1,1,0,0,0,1,0,0,0,0,0,0,0,0,0,0,0,0,1
3401,482,"第67回高松宮記念杯近江神宮全国競技かるた大会(D,E)",2018-01-08,E2,E,37,37,99,6,6,1,0,0,27,27,0,0,0,27,0,0,0,0,0,0,0,0,0,0,0,0,1
3402,482,"第67回高松宮記念杯近江神宮全国競技かるた大会(D,E)",2018-01-08,E3,E,34,34,96,6,6,1,0,0,30,30,0,0,0,30,0,0,0,0,0,0,0,0,0,0,0,0,1
3403,482,"第67回高松宮記念杯近江神宮全国競技かるた大会(D,E)",2018-01-08,E4,E,26,26,56,5,5,1,0,0,6,6,0,0,0,6,0,0,0,0,0,0,0,0,0,0,0,0,1
3404,482,"第67回高松宮記念杯近江神宮全国競技かるた大会(D,E)",2018-01-08,E5,E,25,25,55,5,5,1,0,0,7,7,0,0,0,7,0,0,0,0,0,0,0,0,0,0,0,0,1
3405,482,"第67回高松宮記念杯近江神宮全国競技かるた大会(D,E)",2018-01-08,E6,E,27,27,57,5,5,1,0,0,5,5,0,0,0,5,0,0,0,0,0,0,0,0,0,0,0,0,1
3406,482,"第67回高松宮記念杯近江神宮全国競技かるた大会(D,E)",2018-01-08,E7,E,28,28,58,5,5,1,0,0,4,4,0,0,0,4,0,0,0,0,0,0,0,0,0,0,0,0,1
3407,482,"第67回高松宮記念杯近江神宮全国競技かるた大会(D,E)",2018-01-08,E8,E,27,27,57,5,5,1,0,0,5,5,0,0,0,5,0,0,0,0,0,0,0,0,0,0,0,0,1
3408,482,"第67回高松宮記念杯近江神宮全国競技かるた大会(D,E)",2018-01-08,E9,E,27,27,57,5,5,1,0,0,5,5,0,0,0,5,0,0,0,0,0,0,0,0,0,0,0,0,1
3409,483,第63回新春全国競技かるた大会(A),2018-01-07,A,A,125,125,251,7,7,1,0,0,3,3,0,0,0,3,0,0,0,0,0,0,0,0,0,0,0,0,1
3410,484,"第63回新春全国競技かるた大会(B,C)",2018-01-13,B1,B,85,85,211,7,7,1,0,0,43,43,0,0,0,43,0,0,0,0,0,0,0,0,0,0,0,0,1
3411,484,"第63回新春全国競技かるた大会(B,C)",2018-01-13,C1,C,51,51,113,6,6,1,0,0,13,13,0,0,0,13,0,0,0,0,0,0,0,0,0,0,0,0,1
3412,484,"第63回新春全国競技かるた大会(B,C)",2018-01-13,B2,B,81,81,207,7,7,1,0,0,47,47,0,0,0,47,0,0,0,0,0,0,0,0,0,0,0,0,1
3413,484,"第63回新春全国競技かるた大会(B,C)",2018-01-13,B3,B,82,82,208,7,7,1,0,0,46,46,0,0,0,46,0,0,0,0,0,0,0,0,0,0,0,0,1
3414,484,"第63回新春全国競技かるた大会(B,C)",2018-01-13,C2,C,53,53,115,6,6,1,0,0,11,11,0,0,0,11,0,0,0,0,0,0,0,0,0,0,0,0,1
3415,484,"第63回新春全国競技かるた大会(B,C)",2018-01-13,C3,C,50,50,112,6,6,1,0,0,14,14,0,0,0,14,0,0,0,0,0,0,0,0,0,0,0,0,1
3416,484,"第63回新春全国競技かるた大会(B,C)",2018-01-13,C4,C,50,50,112,6,6,1,0,0,14,14,0,0,0,16,0,0,0,0,0,0,0,0,0,0,0,0,1
3417,484,"第63回新春全国競技かるた大会(B,C)",2018-01-13,C5,C,48,48,110,6,6,1,0,0,16,16,0,0,0,16,0,0,0,0,0,0,0,0,0,0,0,0,1
3418,485,"第63回新春全国競技かるた大会(D,E)",2018-01-27,D1,D,49,49,111,6,6,1,0,0,15,15,0,0,0,15,0,0,0,0,0,0,0,0,0,0,0,0,1
3419,485,"第63回新春全国競技かるた大会(D,E)",2018-01-27,E1,E,27,27,57,5,5,1,0,0,5,5,0,0,0,5,0,0,0,0,0,0,0,0,0,0,0,0,1
3420,485,"第63回新春全国競技かるた大会(D,E)",2018-01-27,D2,D,51,51,113,6,6,1,0,0,13,13,0,0,0,13,0,0,0,0,0,0,0,0,0,0,0,0,1
3421,485,"第63回新春全国競技かるた大会(D,E)",2018-01-27,D3,D,50,50,112,6,6,1,0,0,14,14,0,0,0,14,0,0,0,0,0,0,0,0,0,0,0,0,1
3422,485,"第63回新春全国競技かるた大会(D,E)",2018-01-27,D4,D,51,51,113,6,6,1,0,0,13,13,0,0,0,13,0,0,0,0,0,0,0,0,0,0,0,0,1
3423,485,"第63回新春全国競技かるた大会(D,E)",2018-01-27,D5,D,46,46,108,6,6,1,0,0,18,18,0,0,0,18,0,0,0,0,0,0,0,0,0,0,0,0,1
3424,485,"第63回新春全国競技かるた大会(D,E)",2018-01-27,D6,D,49,49,111,6,6,1,0,0,15,15,0,0,0,17,0,0,0,0,0,0,0,0,0,0,0,0,1
3425,485,"第63回新春全国競技かるた大会(D,E)",2018-01-27,D7,D,47,47,109,6,6,1,0,0,17,17,0,0,0,17,0,0,0,0,0,0,0,0,0,0,0,0,1
3426,485,"第63回新春全国競技かるた大会(D,E)",2018-01-27,D8,D,49,49,111,6,6,1,0,0,15,15,0,0,0,15,0,0,0,0,0,0,0,0,0,0,0,0,1
3427,485,"第63回新春全国競技かるた大会(D,E)",2018-01-27,D9,D,49,49,111,6,6,1,0,0,15,15,0,0,0,15,0,0,0,0,0,0,0,0,0,0,0,0,1
3428,485,"第63回新春全国競技かるた大会(D,E)",2018-01-27,D10,D,50,50,112,6,6,1,0,0,14,14,0,0,0,16,0,0,0,0,0,0,0,0,0,0,0,0,1
3429,485,"第63回新春全国競技かるた大会(D,E)",2018-01-27,E2,E,28,28,58,5,5,1,0,0,4,4,0,0,0,4,0,0,0,0,0,0,0,0,0,0,0,0,1
3430,485,"第63回新春全国競技かるた大会(D,E)",2018-01-27,E3,E,28,28,58,5,5,1,0,0,4,4,0,0,0,4,0,0,0,0,0,0,0,0,0,0,0,0,1
3431,485,"第63回新春全国競技かるた大会(D,E)",2018-01-27,E4,E,25,25,55,5,5,1,0,0,7,7,0,0,0,7,0,0,0,0,0,0,0,0,0,0,0,0,1
3432,485,"第63回新春全国競技かるた大会(D,E)",2018-01-27,E5,E,29,29,59,5,5,1,0,0,3,3,0,0,0,3,0,0,0,0,0,0,0,0,0,0,0,0,1
3433,485,"第63回新春全国競技かるた大会(D,E)",2018-01-27,E6,E,28,28,58,5,5,1,0,0,4,4,0,0,0,4,0,0,0,0,0,0,0,0,0,0,0,0,1
3434,485,"第63回新春全国競技かるた大会(D,E)",2018-01-27,E7,E,26,26,56,5,5,1,0,0,6,6,0,0,0,6,0,0,0,0,0,0,0,0,0,0,0,0,1
3435,485,"第63回新春全国競技かるた大会(D,E)",2018-01-27,E8,E,25,25,55,5,5,1,0,0,7,7,0,0,0,7,0,0,0,0,0,0,0,0,0,0,0,0,1
3436,485,"第63回新春全国競技かるた大会(D,E)",2018-01-27,E9,E,29,29,59,5,5,1,0,0,3,3,0,0,0,3,0,0,0,0,0,0,0,0,0,0,0,0,1
3437,485,"第63回新春全国競技かるた大会(D,E)",2018-01-27,E10,E,30,30,60,5,5,1,0,0,2,2,0,0,0,2,0,0,0,0,0,0,0,0,0,0,0,0,1
3438,485,"第63回新春全国競技かるた大会(D,E)",2018-01-27,E11,E,29,29,59,5,5,1,0,0,3,3,0,0,0,3,0,0,0,0,0,0,0,0,0,0,0,0,1
3439,485,"第63回新春全国競技かるた大会(D,E)",2018-01-27,E12,E,27,27,57,5,5,1,0,0,5,5,0,0,0,5,0,0,0,0,0,0,0,0,0,0,0,0,1
3440,485,"第63回新春全国競技かるた大会(D,E)",2018-01-27,E13,E,28,28,58,5,5,1,0,0,4,4,0,0,0,4,0,0,0,0,0,0,0,0,0,0,0,0,1
3441,485,"第63回新春全国競技かるた大会(D,E)",2018-01-27,E14,E,27,27,57,5,5,1,0,0,5,5,0,0,0,5,0,0,0,0,0,0,0,0,0,0,0,0,1
3442,485,"第63回新春全国競技かるた大会(D,E)",2018-01-27,E15,E,29,29,59,5,5,1,0,0,3,3,0,0,0,3,0,2,0,0,0,0,0,0,0,0,0,0,1
3443,486,"第46回全国競技かるた大分大会(A,B,C)",2018-03-11,A,A,66,66,192,7,7,1,0,0,62,62,0,0,0,62,0,0,0,0,0,0,0,0,0,0,0,0,1
3444,486,"第46回全国競技かるた大分大会(A,B,C)",2018-03-11,B1,B,55,55,117,6,6,1,0,0,9,9,0,0,0,9,0,0,0,0,0,0,0,0,0,0,0,0,1
3445,486,"第46回全国競技かるた大分大会(A,B,C)",2018-03-11,C1,C,56,56,118,6,6,1,0,0,8,8,0,0,0,8,0,0,0,0,0,0,0,0,0,0,0,0,1
3446,486,"第46回全国競技かるた大分大会(A,B,C)",2018-03-11,B2,B,57,57,119,6,6,1,0,0,7,7,0,0,0,7,0,0,0,0,0,0,0,0,0,0,0,0,1
3447,486,"第46回全国競技かるた大分大会(A,B,C)",2018-03-11,C2,C,55,55,117,6,6,1,0,0,9,9,0,0,0,9,0,0,0,0,0,0,0,0,0,0,0,0,1
3448,487,第68回全国競技かるた東京白妙大会(A),2018-02-12,A,A,126,126,252,7,7,1,0,0,2,2,0,0,0,2,0,0,0,0,0,0,0,0,0,0,0,0,1
3449,488,"第99回全国百人一首競技かるた横浜大会(A,B,C)",2018-01-28,A,A,117,117,243,7,7,1,0,0,11,11,0,0,0,13,0,0,0,0,0,0,0,0,0,0,0,0,1
3450,488,"第99回全国百人一首競技かるた横浜大会(A,B,C)",2018-01-28,B1,B,81,81,186,7,7,1,0,0,26,26,0,0,0,26,0,0,0,0,0,0,0,0,0,0,0,0,1
3451,488,"第99回全国百人一首競技かるた横浜大会(A,B,C)",2018-01-28,C1,C,54,54,113,6,6,1,0,0,7,7,0,0,0,7,0,0,0,0,0,0,0,0,0,0,0,0,1
3452,488,"第99回全国百人一首競技かるた横浜大会(A,B,C)",2018-01-28,B2,B,85,85,192,7,7,1,0,0,24,24,0,0,0,24,0,0,0,0,0,0,0,0,0,0,0,0,1
3453,488,"第99回全国百人一首競技かるた横浜大会(A,B,C)",2018-01-28,C2,C,51,51,108,6,6,1,0,0,8,8,0,0,0,8,0,0,0,0,0,0,0,0,0,0,0,0,1
3454,488,"第99回全国百人一首競技かるた横浜大会(A,B,C)",2018-01-28,C3,C,49,49,106,6,6,1,0,0,10,10,0,0,0,10,0,0,0,0,0,0,0,0,0,0,0,0,1
3455,488,"第99回全国百人一首競技かるた横浜大会(A,B,C)",2018-01-28,C4,C,51,51,109,6,6,1,0,0,9,9,0,0,0,9,0,0,0,0,0,0,0,0,0,0,0,0,1
3456,488,"第99回全国百人一首競技かるた横浜大会(A,B,C)",2018-01-28,B3,B,82,82,188,7,7,1,0,0,26,26,0,0,0,26,0,0,0,0,0,0,0,0,0,0,0,0,1
3457,489,"第90回全国競技かるた学生選手権大会(A,B,C)",2018-03-24,A,A,124,124,250,7,7,1,0,0,4,4,0,0,0,4,0,0,0,0,0,0,0,0,0,0,0,0,1
3458,489,"第90回全国競技かるた学生選手権大会(A,B,C)",2018-03-24,B1,B,114,114,240,7,7,1,0,0,14,14,0,0,0,14,0,0,0,0,0,0,0,0,0,0,0,0,1
3459,489,"第90回全国競技かるた学生選手権大会(A,B,C)",2018-03-24,C1,C,58,58,120,6,6,1,0,0,6,6,0,0,0,6,0,0,0,0,0,0,0,0,0,0,0,0,1
3460,489,"第90回全国競技かるた学生選手権大会(A,B,C)",2018-03-24,B2,B,114,114,240,7,7,1,0,0,14,14,0,0,0,14,0,0,0,0,0,0,0,0,0,0,0,0,1
3461,489,"第90回全国競技かるた学生選手権大会(A,B,C)",2018-03-24,B3,B,115,115,241,7,7,1,0,0,13,13,0,0,0,13,0,0,0,0,0,0,0,0,0,0,0,0,1
3462,489,"第90回全国競技かるた学生選手権大会(A,B,C)",2018-03-24,C2,C,57,57,119,6,6,1,0,0,7,7,0,0,0,9,0,0,0,0,0,0,0,0,0,0,0,0,1
3463,489,"第90回全国競技かるた学生選手権大会(A,B,C)",2018-03-24,C3,C,58,58,120,6,6,1,0,0,6,6,0,0,0,8,0,0,0,0,0,0,0,0,0,0,0,0,1
3464,489,"第90回全国競技かるた学生選手権大会(A,B,C)",2018-03-24,C4,C,55,55,117,6,6,1,0,0,9,9,0,0,0,9,0,0,0,0,0,0,0,0,0,0,0,0,1
3465,489,"第90回全国競技かるた学生選手権大会(A,B,C)",2018-03-24,C5,C,58,58,120,6,6,1,0,0,6,6,0,0,0,6,0,0,0,0,0,0,0,0,0,0,0,0,1
3466,490,"第71回全国競技かるた東京東会大会(A,B,C)",2018-01-21,A,A,119,119,245,7,7,1,0,0,9,9,0,0,0,9,0,0,0,0,0,0,0,0,0,0,0,0,1
3467,490,"第71回全国競技かるた東京東会大会(A,B,C)",2018-01-21,B1,B,85,85,209,7,7,1,0,0,41,41,0,0,0,41,0,0,0,0,0,0,0,0,0,0,0,0,1
3468,490,"第71回全国競技かるた東京東会大会(A,B,C)",2018-01-21,C1,C,52,52,114,6,6,1,0,0,12,12,0,0,0,12,0,0,0,0,0,0,0,0,0,0,0,0,1
3469,490,"第71回全国競技かるた東京東会大会(A,B,C)",2018-01-21,B2,B,82,82,207,7,7,1,0,0,45,45,0,0,0,45,0,0,0,0,0,0,0,0,0,0,0,0,1
3470,490,"第71回全国競技かるた東京東会大会(A,B,C)",2018-01-21,B3,B,79,79,200,7,7,1,0,0,44,44,0,0,0,44,0,0,0,0,0,0,0,0,0,0,0,0,1
3471,490,"第71回全国競技かるた東京東会大会(A,B,C)",2018-01-21,C2,C,53,53,113,6,6,1,0,0,9,9,0,0,0,11,0,0,0,0,0,0,0,0,0,0,0,0,1
3472,490,"第71回全国競技かるた東京東会大会(A,B,C)",2018-01-21,C3,C,54,54,116,6,6,1,0,0,10,10,0,0,0,10,0,0,0,0,0,0,0,0,0,0,0,0,1
3473,490,"第71回全国競技かるた東京東会大会(A,B,C)",2018-01-21,C4,C,47,47,108,6,6,1,0,0,16,16,0,0,0,16,0,0,0,0,0,0,0,0,0,0,0,0,1
3474,491,"第34回全国競技かるた熊本大会(D,E)",2018-02-25,D1,D,29,29,59,5,5,1,0,0,3,3,0,0,0,3,0,0,0,0,0,0,0,0,0,0,0,0,1
3475,491,"第34回全国競技かるた熊本大会(D,E)",2018-02-25,E1,E,28,28,58,5,5,1,0,0,4,4,0,0,0,6,0,0,0,0,0,0,0,0,0,0,0,0,1
3476,491,"第34回全国競技かるた熊本大会(D,E)",2018-02-25,D2,D,27,27,57,5,5,1,0,0,5,5,0,0,0,5,0,0,0,0,0,0,0,0,0,0,0,0,1
3477,491,"第34回全国競技かるた熊本大会(D,E)",2018-02-25,D3,D,26,26,56,5,5,1,0,0,6,6,0,0,0,6,0,0,0,0,0,0,0,0,0,0,0,0,1
3478,491,"第34回全国競技かるた熊本大会(D,E)",2018-02-25,E2,E,27,27,57,5,5,1,0,0,5,5,0,0,0,5,0,0,0,0,0,0,0,0,0,0,0,0,1
3479,492,"第37回全国競技かるた鹿児島大会(A,B)",2018-03-18,A,A,49,49,111,6,6,1,0,0,15,15,0,0,0,15,0,0,0,0,0,0,0,0,0,0,0,0,1
3480,492,"第37回全国競技かるた鹿児島大会(A,B)",2018-03-18,B1,B,38,38,100,6,6,1,0,0,26,26,0,0,0,26,0,0,0,0,0,0,0,0,0,0,0,0,1
3481,492,"第37回全国競技かるた鹿児島大会(A,B)",2018-03-18,B2,B,37,37,99,6,6,1,0,0,27,27,0,0,0,27,0,0,0,0,0,0,0,0,0,0,0,0,1
3482,493,第71回全国競技かるた東京東会大会(D),2018-02-18,D1,D,59,59,121,6,6,1,0,0,5,5,0,0,0,5,0,0,0,0,0,0,0,0,0,0,0,0,1
3483,493,第71回全国競技かるた東京東会大会(D),2018-02-18,D2,D,59,59,121,6,6,1,0,0,5,5,0,0,0,5,0,0,0,0,0,0,0,0,0,0,0,0,1
3484,493,第71回全国競技かるた東京東会大会(D),2018-02-18,D3,D,56,56,117,6,6,1,0,0,7,7,0,0,0,7,0,0,0,0,0,0,0,0,0,0,0,0,1
3485,493,第71回全国競技かるた東京東会大会(D),2018-02-18,D4,D,54,54,116,6,6,1,0,0,10,10,0,0,0,10,0,0,0,0,0,0,0,0,0,0,0,0,1
3486,493,第71回全国競技かるた東京東会大会(D),2018-02-18,D5,D,59,59,121,6,6,1,0,0,5,5,0,0,0,7,0,0,0,0,0,0,0,0,0,0,0,0,1
3487,493,第71回全国競技かるた東京東会大会(D),2018-02-18,D6,D,55,55,117,6,6,1,0,0,9,9,0,0,0,9,0,0,0,0,0,0,0,0,0,0,0,0,1
3488,493,第71回全国競技かるた東京東会大会(D),2018-02-18,D7,D,52,52,112,6,6,1,0,0,10,10,0,0,0,10,0,0,0,0,0,0,0,0,0,0,0,0,1
3489,493,第71回全国競技かるた東京東会大会(D),2018-02-18,D8,D,62,62,124,6,6,1,0,0,2,2,0,0,0,2,0,0,0,0,0,0,0,0,0,0,0,0,1
3490,494,第99回全国競技かるた大阪大会(A),2018-01-28,A,A,73,73,199,7,7,1,0,0,55,55,0,0,0,55,0,0,0,0,0,0,0,0,0,0,0,0,1
3491,495,"第99回全国競技かるた大阪大会(B,C,D,E)",2018-02-11,B1,B,62,62,124,6,6,1,0,0,2,2,0,0,0,2,0,0,0,0,0,0,0,0,0,0,0,0,1
3492,495,"第99回全国競技かるた大阪大会(B,C,D,E)",2018-02-11,C1,C,33,33,95,6,6,1,0,0,31,31,0,0,0,31,0,0,0,0,0,0,0,0,0,0,0,0,1
3493,495,"第99回全国競技かるた大阪大会(B,C,D,E)",2018-02-11,D1,D,25,25,55,5,5,1,0,0,7,7,0,0,0,7,0,0,0,0,0,0,0,0,0,0,0,0,1
3494,495,"第99回全国競技かるた大阪大会(B,C,D,E)",2018-02-11,E1,E,22,22,52,5,5,1,0,0,10,10,0,0,0,12,0,0,0,0,0,0,0,0,0,0,0,0,1
3495,495,"第99回全国競技かるた大阪大会(B,C,D,E)",2018-02-11,B2,B,62,62,124,6,6,1,0,0,2,2,0,0,0,2,0,0,0,0,0,0,0,0,0,0,0,0,1
3496,495,"第99回全国競技かるた大阪大会(B,C,D,E)",2018-02-11,C2,C,34,34,96,6,6,1,0,0,30,30,0,0,0,30,0,0,0,0,0,0,0,0,0,0,0,0,1
3497,495,"第99回全国競技かるた大阪大会(B,C,D,E)",2018-02-11,C3,C,37,37,99,6,6,1,0,0,27,27,0,0,0,27,0,0,0,0,0,0,0,0,0,0,0,0,1
3498,495,"第99回全国競技かるた大阪大会(B,C,D,E)",2018-02-11,C4,C,36,36,98,6,6,1,0,0,28,28,0,0,0,28,0,0,0,0,0,0,0,0,0,0,0,0,1
3499,495,"第99回全国競技かるた大阪大会(B,C,D,E)",2018-02-11,D2,D,29,29,59,5,5,1,0,0,3,3,0,0,0,3,0,0,0,0,0,0,0,0,0,0,0,0,1
3500,495,"第99回全国競技かるた大阪大会(B,C,D,E)",2018-02-11,D3,D,31,31,61,5,5,1,0,0,1,1,0,0,0,1,0,0,0,0,0,0,0,0,0,0,0,0,1
3501,495,"第99回全国競技かるた大阪大会(B,C,D,E)",2018-02-11,D4,D,25,25,55,5,5,1,0,0,7,7,0,0,0,9,0,0,0,0,0,0,0,0,0,0,0,0,1
3502,495,"第99回全国競技かるた大阪大会(B,C,D,E)",2018-02-11,D5,D,27,27,57,5,5,1,0,0,5,5,0,0,0,5,0,2,0,0,0,0,0,0,0,0,0,0,1
3503,495,"第99回全国競技かるた大阪大会(B,C,D,E)",2018-02-11,D6,D,23,23,53,5,5,1,0,0,9,9,0,0,0,9,0,0,0,0,0,0,0,0,0,0,0,0,1
3504,495,"第99回全国競技かるた大阪大会(B,C,D,E)",2018-02-11,D7,D,28,28,58,5,5,1,0,0,4,4,0,0,0,4,0,0,0,0,0,0,0,0,0,0,0,0,1
3505,495,"第99回全国競技かるた大阪大会(B,C,D,E)",2018-02-11,D8,D,24,24,54,5,5,1,0,0,8,8,0,0,0,8,0,0,0,0,0,0,0,0,0,0,0,0,1
3506,495,"第99回全国競技かるた大阪大会(B,C,D,E)",2018-02-11,D9,D,29,29,59,5,5,1,0,0,3,3,0,0,0,3,0,0,0,0,0,0,0,0,0,0,0,0,1
3507,495,"第99回全国競技かるた大阪大会(B,C,D,E)",2018-02-11,D10,D,29,29,59,5,5,1,0,0,3,3,0,0,0,3,0,0,0,0,0,0,0,0,0,0,0,0,1
3508,495,"第99回全国競技かるた大阪大会(B,C,D,E)",2018-02-11,E2,E,18,18,48,5,5,1,0,0,14,14,0,0,0,14,0,0,0,0,0,0,0,0,0,0,0,0,1
3509,495,"第99回全国競技かるた大阪大会(B,C,D,E)",2018-02-11,E3,E,29,29,59,5,5,1,0,0,3,3,0,0,0,3,0,0,0,0,0,0,0,0,0,0,0,0,1
3510,496,"第37回全国競技かるた鹿児島大会(C,D,E)",2018-03-21,D1,D,23,23,53,5,5,1,0,0,9,9,0,0,0,9,0,0,0,0,0,0,0,0,0,0,0,0,1
3511,496,"第37回全国競技かるた鹿児島大会(C,D,E)",2018-03-21,E1,E,25,25,55,5,5,1,0,0,7,7,0,0,0,7,0,0,0,0,0,0,0,0,0,0,0,0,1
3512,496,"第37回全国競技かるた鹿児島大会(C,D,E)",2018-03-21,C1,C,39,39,101,6,6,1,0,0,25,25,0,0,0,25,0,0,0,0,0,0,0,0,0,0,0,0,1
3513,496,"第37回全国競技かるた鹿児島大会(C,D,E)",2018-03-21,C2,C,45,45,106,6,6,1,0,1,18,17,0,0,0,17,0,0,0,0,0,0,0,0,0,0,0,0,1
3514,496,"第37回全国競技かるた鹿児島大会(C,D,E)",2018-03-21,D2,D,24,24,54,5,5,1,0,0,8,8,0,0,0,8,0,0,0,0,0,0,0,0,0,0,0,0,1
3515,496,"第37回全国競技かるた鹿児島大会(C,D,E)",2018-03-21,D3,D,26,26,56,5,5,1,0,0,6,6,0,0,0,6,0,0,0,0,0,0,0,0,0,0,0,0,1
3516,496,"第37回全国競技かるた鹿児島大会(C,D,E)",2018-03-21,D4,D,26,26,56,5,5,1,0,0,6,6,0,0,0,8,0,0,0,0,0,0,0,0,0,0,0,0,1
3517,496,"第37回全国競技かるた鹿児島大会(C,D,E)",2018-03-21,E2,E,25,25,55,5,5,1,0,0,7,7,0,0,0,7,0,0,0,0,0,0,0,0,0,0,0,0,1
3518,496,"第37回全国競技かるた鹿児島大会(C,D,E)",2018-03-21,E3,E,28,28,58,5,5,1,0,0,4,4,0,0,0,4,0,0,0,0,0,0,0,0,0,0,0,0,1
3519,497,"第52回全国競技かるた静岡大会(C,D,E)",2019-02-16,C1,C,48,48,110,6,6,1,0,0,16,16,0,0,0,16,0,0,0,0,0,0,0,0,0,0,0,0,1
3520,497,"第52回全国競技かるた静岡大会(C,D,E)",2019-02-16,D1,D,29,29,59,5,5,1,0,0,3,3,0,0,0,3,0,0,0,0,0,0,0,0,0,0,0,0,1
3521,497,"第52回全国競技かるた静岡大会(C,D,E)",2019-02-16,E1,E,27,27,57,5,5,1,0,0,5,5,0,0,0,5,0,2,0,0,0,0,0,0,0,0,0,0,1
3522,497,"第52回全国競技かるた静岡大会(C,D,E)",2019-02-16,C2,C,51,51,113,6,6,1,0,0,13,13,0,0,0,13,0,0,0,0,0,0,0,0,0,0,0,0,1
3523,497,"第52回全国競技かるた静岡大会(C,D,E)",2019-02-16,C3,C,49,49,111,6,6,1,0,0,15,15,0,0,0,19,0,0,0,0,0,0,0,0,0,0,0,0,1
3524,497,"第52回全国競技かるた静岡大会(C,D,E)",2019-02-16,D2,D,27,27,57,5,5,1,0,0,5,5,0,0,0,5,0,0,0,0,0,0,0,0,0,0,0,0,1
3525,497,"第52回全国競技かるた静岡大会(C,D,E)",2019-02-16,D3,D,28,28,58,5,5,1,0,0,4,4,0,0,0,4,0,0,0,0,0,0,0,0,0,0,0,0,1
3526,497,"第52回全国競技かるた静岡大会(C,D,E)",2019-02-16,D4,D,27,27,57,5,5,1,0,0,5,5,0,0,0,5,0,0,0,0,0,0,0,0,0,0,0,0,1
3527,497,"第52回全国競技かるた静岡大会(C,D,E)",2019-02-16,D5,D,26,26,56,5,5,1,0,0,6,6,0,0,0,6,0,0,0,0,0,0,0,0,0,0,0,0,1
3528,497,"第52回全国競技かるた静岡大会(C,D,E)",2019-02-16,D6,D,29,29,59,5,5,1,0,0,3,3,0,0,0,5,0,0,0,0,0,0,0,0,0,0,0,0,1
3529,497,"第52回全国競技かるた静岡大会(C,D,E)",2019-02-16,D7,D,27,27,57,5,5,1,0,0,5,5,0,0,0,7,0,0,0,0,0,0,0,0,0,0,0,0,1
3530,497,"第52回全国競技かるた静岡大会(C,D,E)",2019-02-16,E2,E,28,28,58,5,5,1,0,0,4,4,0,0,0,4,0,0,0,0,0,0,0,0,0,0,0,0,1
3531,497,"第52回全国競技かるた静岡大会(C,D,E)",2019-02-16,E3,E,29,29,59,5,5,1,0,0,3,3,0,0,0,3,0,0,0,0,0,0,0,0,0,0,0,0,1
3532,497,"第52回全国競技かるた静岡大会(C,D,E)",2019-02-16,E4,E,26,26,56,5,5,1,0,0,6,6,0,0,0,8,0,0,0,0,0,0,0,0,0,0,0,0,1
3533,497,"第52回全国競技かるた静岡大会(C,D,E)",2019-02-16,E5,E,26,26,56,5,5,1,0,0,6,6,0,0,0,6,0,0,0,0,0,0,0,0,0,0,0,0,1
3534,498,"第52回全国競技かるた静岡大会(A,B)",2019-02-17,A,A,117,117,243,7,7,1,0,2,13,11,0,0,0,11,0,2,0,0,0,0,0,0,0,0,0,0,1
3535,498,"第52回全国競技かるた静岡大会(A,B)",2019-02-17,B1,B,59,59,121,6,6,1,0,0,5,5,0,0,0,5,0,0,0,0,0,0,0,0,0,0,0,0,1
3536,498,"第52回全国競技かるた静岡大会(A,B)",2019-02-17,B2,B,56,56,118,6,6,1,0,2,10,8,0,0,0,8,0,2,0,0,0,0,0,0,0,0,0,0,1
3537,498,"第52回全国競技かるた静岡大会(A,B)",2019-02-17,B3,B,61,61,123,6,6,1,0,2,5,3,0,0,0,3,0,2,0,0,0,0,0,0,0,0,0,0,1
3538,499,"第72回全国競技かるた東京東会大会(A,B,C)",2019-01-20,A,A,128,128,254,7,7,1,0,0,0,0,0,0,0,0,0,0,0,0,0,0,0,0,0,0,0,0,1
3539,499,"第72回全国競技かるた東京東会大会(A,B,C)",2019-01-20,B1,B,55,55,117,6,6,1,0,0,9,9,0,0,0,9,0,0,0,0,0,0,0,0,0,0,0,0,1
3540,499,"第72回全国競技かるた東京東会大会(A,B,C)",2019-01-20,C1,C,48,48,108,6,6,1,0,0,14,14,0,0,0,14,0,0,0,2,0,0,0,0,0,0,0,0,1
3541,499,"第72回全国競技かるた東京東会大会(A,B,C)",2019-01-20,B2,B,55,55,117,6,6,1,0,0,9,9,0,0,0,9,0,0,0,0,0,0,0,0,0,0,0,0,1
3542,499,"第72回全国競技かるた東京東会大会(A,B,C)",2019-01-20,B3,B,55,55,116,6,6,1,0,0,8,8,0,0,0,8,0,0,0,0,0,0,0,0,0,0,0,0,1
3543,499,"第72回全国競技かるた東京東会大会(A,B,C)",2019-01-20,B4,B,58,58,120,6,6,1,0,0,6,6,0,0,0,6,0,0,0,0,0,0,0,0,0,0,0,0,1
3544,499,"第72回全国競技かるた東京東会大会(A,B,C)",2019-01-20,C2,C,48,48,110,6,6,1,0,0,16,16,0,0,0,16,0,2,0,0,0,0,0,0,0,0,0,0,1
3545,499,"第72回全国競技かるた東京東会大会(A,B,C)",2019-01-20,C3,C,53,53,115,6,6,1,0,0,11,11,0,0,0,11,0,0,0,0,0,0,0,0,0,0,0,0,1
3546,499,"第72回全国競技かるた東京東会大会(A,B,C)",2019-01-20,C4,C,51,51,112,6,6,1,0,0,12,12,0,0,0,12,0,0,0,0,0,0,0,0,0,0,0,0,1
3547,500,"第35回全国競技かるた熊本大会(D,E)",2019-02-24,D1,D,30,30,60,5,5,1,0,2,4,2,0,0,0,2,0,4,0,0,0,0,0,0,0,0,0,0,1
3548,500,"第35回全国競技かるた熊本大会(D,E)",2019-02-24,E1,E,32,32,62,5,5,1,0,0,0,0,0,0,0,0,0,0,0,0,0,0,0,0,0,0,0,0,1
3549,500,"第35回全国競技かるた熊本大会(D,E)",2019-02-24,D2,D,31,31,61,5,5,1,0,0,1,1,0,0,0,1,0,0,0,0,0,0,0,0,0,0,0,0,1
3550,500,"第35回全国競技かるた熊本大会(D,E)",2019-02-24,D3,D,31,31,61,5,5,1,0,0,1,1,0,0,0,1,0,0,0,0,0,0,0,0,0,0,0,0,1
3551,500,"第35回全国競技かるた熊本大会(D,E)",2019-02-24,D4,D,26,26,56,5,5,1,0,0,6,6,0,0,0,6,0,0,0,0,0,0,0,0,0,0,0,0,1
3552,500,"第35回全国競技かるた熊本大会(D,E)",2019-02-24,D5,D,27,27,57,5,5,1,0,0,5,5,0,0,0,5,0,0,0,0,0,0,0,0,0,0,0,0,1
3553,500,"第35回全国競技かるた熊本大会(D,E)",2019-02-24,E2,E,31,31,61,5,5,1,0,0,1,1,0,0,0,1,0,0,0,0,0,0,0,0,0,0,0,0,1
3554,501,第64回新春全国競技かるた大会(D),2019-01-26,D1,D,53,53,115,6,6,1,0,0,11,11,0,0,0,11,0,0,0,0,0,0,0,0,0,0,0,0,1
3555,501,第64回新春全国競技かるた大会(D),2019-01-26,D2,D,50,50,112,6,6,1,0,0,14,14,0,0,0,14,0,0,0,0,0,0,0,0,0,0,0,0,1
3556,501,第64回新春全国競技かるた大会(D),2019-01-26,D3,D,49,49,111,6,6,1,0,0,15,15,0,0,0,15,0,0,0,0,0,0,0,0,0,0,0,0,1
3557,501,第64回新春全国競技かるた大会(D),2019-01-26,D4,D,55,55,117,6,6,1,0,0,9,9,0,0,0,9,0,0,0,0,0,0,0,0,0,0,0,0,1
3558,501,第64回新春全国競技かるた大会(D),2019-01-26,D5,D,50,50,112,6,6,1,0,0,14,14,0,0,0,16,0,0,0,0,0,0,0,0,0,0,0,0,1
3559,501,第64回新春全国競技かるた大会(D),2019-01-26,D6,D,51,51,113,6,6,1,0,0,13,13,0,0,0,15,0,0,0,0,0,0,0,0,0,0,0,0,1
3560,501,第64回新春全国競技かるた大会(D),2019-01-26,D7,D,53,53,115,6,6,1,0,0,11,11,0,0,0,11,0,0,0,0,0,0,0,0,0,0,0,0,1
3561,501,第64回新春全国競技かるた大会(D),2019-01-26,D8,D,51,51,113,6,6,1,0,0,13,13,0,0,0,13,0,2,0,0,0,0,0,0,0,0,0,0,1
3562,501,第64回新春全国競技かるた大会(D),2019-01-26,D9,D,52,52,114,6,6,1,0,0,12,12,0,0,0,14,0,0,0,0,0,0,0,0,0,0,0,0,1
3563,501,第64回新春全国競技かるた大会(D),2019-01-26,D10,D,51,51,113,6,6,1,0,0,13,13,0,0,0,13,0,0,0,0,0,0,0,0,0,0,0,0,1
3564,501,第64回新春全国競技かるた大会(D),2019-01-26,D11,D,54,54,116,6,6,1,0,0,10,10,0,0,0,10,0,0,0,0,0,0,0,0,0,0,0,0,1
3565,501,第64回新春全国競技かるた大会(D),2019-01-26,D12,D,52,52,114,6,6,1,0,0,12,12,0,0,0,12,0,0,0,0,0,0,0,0,0,0,0,0,1
3566,502,"第68回高松宮記念杯近江神宮全国競技かるた大会(A,B)",2019-01-06,A,A,105,105,231,7,7,1,0,0,23,23,0,0,0,23,0,0,0,0,0,0,0,0,0,0,0,0,1
3567,502,"第68回高松宮記念杯近江神宮全国競技かるた大会(A,B)",2019-01-06,B1,B,54,54,116,6,6,1,0,0,10,10,0,0,0,10,0,0,0,0,0,0,0,0,0,0,0,0,1
3568,502,"第68回高松宮記念杯近江神宮全国競技かるた大会(A,B)",2019-01-06,B2,B,56,56,118,6,6,1,0,0,8,8,0,0,0,8,0,0,0,0,0,0,0,0,0,0,0,0,1
3569,502,"第68回高松宮記念杯近江神宮全国競技かるた大会(A,B)",2019-01-06,B3,B,56,56,118,6,6,1,0,0,8,8,0,0,0,8,0,0,0,0,0,0,0,0,0,0,0,0,1
3570,502,"第68回高松宮記念杯近江神宮全国競技かるた大会(A,B)",2019-01-06,B4,B,55,55,117,6,6,1,0,0,9,9,0,0,0,9,0,0,0,0,0,0,0,0,0,0,0,0,1
3571,503,"第68回高松宮記念杯近江神宮全国競技かるた大会(C,D,E)",2019-01-13,D1,D,29,29,59,5,5,1,0,0,3,3,0,0,0,3,0,0,0,0,0,0,0,0,0,0,0,0,1
3572,503,"第68回高松宮記念杯近江神宮全国競技かるた大会(C,D,E)",2019-01-13,E1,E,23,23,53,5,5,1,0,0,9,9,0,0,0,9,0,0,0,0,0,0,0,0,0,0,0,0,1
3573,503,"第68回高松宮記念杯近江神宮全国競技かるた大会(C,D,E)",2019-01-13,C1,C,50,50,112,6,6,1,0,0,14,14,0,0,0,16,0,0,0,0,0,0,0,0,0,0,0,0,1
3574,503,"第68回高松宮記念杯近江神宮全国競技かるた大会(C,D,E)",2019-01-13,C2,C,47,47,109,6,6,1,0,0,17,17,0,0,0,17,0,0,0,0,0,0,0,0,0,0,0,0,1
3575,503,"第68回高松宮記念杯近江神宮全国競技かるた大会(C,D,E)",2019-01-13,C3,C,47,47,109,6,6,1,0,0,17,17,0,0,0,17,0,0,0,0,0,0,0,0,0,0,0,0,1
3576,503,"第68回高松宮記念杯近江神宮全国競技かるた大会(C,D,E)",2019-01-13,C4,C,49,49,111,6,6,1,0,0,15,15,0,0,0,15,0,0,0,0,0,0,0,0,0,0,0,0,1
3577,503,"第68回高松宮記念杯近江神宮全国競技かるた大会(C,D,E)",2019-01-13,C5,C,48,48,110,6,6,1,0,0,16,16,0,0,0,16,0,0,0,0,0,0,0,0,0,0,0,0,1
3578,503,"第68回高松宮記念杯近江神宮全国競技かるた大会(C,D,E)",2019-01-13,D2,D,27,27,57,5,5,1,0,0,5,5,0,0,0,5,0,2,0,0,0,0,0,0,0,0,0,0,1
3579,503,"第68回高松宮記念杯近江神宮全国競技かるた大会(C,D,E)",2019-01-13,D3,D,29,29,59,5,5,1,0,0,3,3,0,0,0,3,0,0,0,0,0,0,0,0,0,0,0,0,1
3580,503,"第68回高松宮記念杯近江神宮全国競技かるた大会(C,D,E)",2019-01-13,D4,D,27,27,57,5,5,1,0,0,5,5,0,0,0,5,0,0,0,0,0,0,0,0,0,0,0,0,1
3581,503,"第68回高松宮記念杯近江神宮全国競技かるた大会(C,D,E)",2019-01-13,D5,D,30,30,60,5,5,1,0,0,2,2,0,0,0,4,0,0,0,0,0,0,0,0,0,0,0,0,1
3582,503,"第68回高松宮記念杯近江神宮全国競技かるた大会(C,D,E)",2019-01-13,D6,D,29,29,59,5,5,1,0,0,3,3,0,0,0,3,0,0,0,0,0,0,0,0,0,0,0,0,1
3583,503,"第68回高松宮記念杯近江神宮全国競技かるた大会(C,D,E)",2019-01-13,D7,D,30,30,60,5,5,1,0,0,2,2,0,0,0,4,0,0,0,0,0,0,0,0,0,0,0,0,1
3584,503,"第68回高松宮記念杯近江神宮全国競技かるた大会(C,D,E)",2019-01-13,D8,D,30,30,60,5,5,1,0,0,2,2,0,0,0,4,0,0,0,0,0,0,0,0,0,0,0,0,1
3585,503,"第68回高松宮記念杯近江神宮全国競技かるた大会(C,D,E)",2019-01-13,D9,D,30,30,60,5,5,1,0,0,2,2,0,0,0,2,0,0,0,0,0,0,0,0,0,0,0,0,1
3586,503,"第68回高松宮記念杯近江神宮全国競技かるた大会(C,D,E)",2019-01-13,D10,D,29,29,59,5,5,1,0,0,3,3,0,0,0,3,0,0,0,0,0,0,0,0,0,0,0,0,1
3587,503,"第68回高松宮記念杯近江神宮全国競技かるた大会(C,D,E)",2019-01-13,D11,D,30,30,60,5,5,1,0,0,2,2,0,0,0,2,0,0,0,0,0,0,0,0,0,0,0,0,1
3588,503,"第68回高松宮記念杯近江神宮全国競技かるた大会(C,D,E)",2019-01-13,D12,D,29,29,59,5,5,1,0,0,3,3,0,0,0,3,0,0,0,0,0,0,0,0,0,0,0,0,1
3589,503,"第68回高松宮記念杯近江神宮全国競技かるた大会(C,D,E)",2019-01-13,D13,D,30,30,60,5,5,1,0,0,2,2,0,0,0,2,0,0,0,0,0,0,0,0,0,0,0,0,1
3590,503,"第68回高松宮記念杯近江神宮全国競技かるた大会(C,D,E)",2019-01-13,D14,D,30,30,60,5,5,1,0,0,2,2,0,0,0,2,0,0,0,0,0,0,0,0,0,0,0,0,1
3591,503,"第68回高松宮記念杯近江神宮全国競技かるた大会(C,D,E)",2019-01-13,D15,D,29,29,59,5,5,1,0,0,3,3,0,0,0,3,0,2,0,0,0,0,0,0,0,0,0,0,1
3592,503,"第68回高松宮記念杯近江神宮全国競技かるた大会(C,D,E)",2019-01-13,D16,D,27,27,57,5,5,1,0,0,5,5,0,0,0,5,0,2,0,0,0,0,0,0,0,0,0,0,1
3593,503,"第68回高松宮記念杯近江神宮全国競技かるた大会(C,D,E)",2019-01-13,D17,D,30,30,60,5,5,1,0,0,2,2,0,0,0,2,0,0,0,0,0,0,0,0,0,0,0,0,1
3594,503,"第68回高松宮記念杯近江神宮全国競技かるた大会(C,D,E)",2019-01-13,D18,D,28,28,58,5,5,1,0,0,4,4,0,0,0,4,0,0,0,0,0,0,0,0,0,0,0,0,1
3595,503,"第68回高松宮記念杯近江神宮全国競技かるた大会(C,D,E)",2019-01-13,E2,E,22,22,52,5,5,1,0,0,10,10,0,0,0,10,0,0,0,0,0,0,0,0,0,0,0,0,1
3596,503,"第68回高松宮記念杯近江神宮全国競技かるた大会(C,D,E)",2019-01-13,E3,E,24,24,54,5,5,1,0,0,8,8,0,0,0,8,0,0,0,0,0,0,0,0,0,0,0,0,1
3597,503,"第68回高松宮記念杯近江神宮全国競技かるた大会(C,D,E)",2019-01-13,E4,E,27,27,57,5,5,1,0,0,5,5,0,0,0,5,0,0,0,0,0,0,0,0,0,0,0,0,1
3598,503,"第68回高松宮記念杯近江神宮全国競技かるた大会(C,D,E)",2019-01-13,E5,E,27,27,57,5,5,1,0,0,5,5,0,0,0,5,0,0,0,0,0,0,0,0,0,0,0,0,1
3599,503,"第68回高松宮記念杯近江神宮全国競技かるた大会(C,D,E)",2019-01-13,E6,E,26,26,56,5,5,1,0,0,6,6,0,0,0,6,0,0,0,0,0,0,0,0,0,0,0,0,1
3600,503,"第68回高松宮記念杯近江神宮全国競技かるた大会(C,D,E)",2019-01-13,E7,E,29,29,59,5,5,1,0,0,3,3,0,0,0,3,0,0,0,0,0,0,0,0,0,0,0,0,1
3601,503,"第68回高松宮記念杯近江神宮全国競技かるた大会(C,D,E)",2019-01-13,E8,E,29,29,59,5,5,1,0,0,3,3,0,0,0,3,0,0,0,0,0,0,0,0,0,0,0,0,1
3602,503,"第68回高松宮記念杯近江神宮全国競技かるた大会(C,D,E)",2019-01-13,E9,E,27,27,57,5,5,1,0,0,5,5,0,0,0,5,0,0,0,0,0,0,0,0,0,0,0,0,1
3603,503,"第68回高松宮記念杯近江神宮全国競技かるた大会(C,D,E)",2019-01-13,E10,E,26,26,56,5,5,1,0,0,6,6,0,0,0,6,0,0,0,0,0,0,0,0,0,0,0,0,1
3604,503,"第68回高松宮記念杯近江神宮全国競技かるた大会(C,D,E)",2019-01-13,E11,E,27,27,57,5,5,1,0,0,5,5,0,0,0,5,0,0,0,0,0,0,0,0,0,0,0,0,1
3605,503,"第68回高松宮記念杯近江神宮全国競技かるた大会(C,D,E)",2019-01-13,E12,E,27,27,57,5,5,1,0,0,5,5,0,0,0,5,0,0,0,0,0,0,0,0,0,0,0,0,1
3606,504,"第28回全国競技かるた奈良大会(B,C,D,E,ねんりん)",2019-02-17,B1,B,49,49,111,6,6,1,0,0,15,15,0,0,0,15,0,0,0,0,0,0,0,0,0,0,0,0,1
3607,504,"第28回全国競技かるた奈良大会(B,C,D,E,ねんりん)",2019-02-17,C1,C,39,39,101,6,6,1,0,0,25,25,0,0,0,25,0,0,0,0,0,0,0,0,0,0,0,0,1
3608,504,"第28回全国競技かるた奈良大会(B,C,D,E,ねんりん)",2019-02-17,D1,D,43,43,105,6,6,1,0,0,21,21,0,0,0,21,0,2,0,0,0,0,0,0,0,0,0,0,1
3609,504,"第28回全国競技かるた奈良大会(B,C,D,E,ねんりん)",2019-02-17,E1,E,29,29,59,5,5,1,0,0,3,3,0,0,0,3,0,0,0,0,0,0,0,0,0,0,0,0,1
3610,504,"第28回全国競技かるた奈良大会(B,C,D,E,ねんりん)",2019-02-17,ねんりん,,8,8,14,3,3,1,0,0,0,0,0,0,0,0,0,0,0,0,0,0,0,0,0,0,0,0,1
3611,504,"第28回全国競技かるた奈良大会(B,C,D,E,ねんりん)",2019-02-17,B2,B,47,47,109,6,6,1,0,0,17,17,0,0,0,17,0,0,0,0,0,0,0,0,0,0,0,0,1
3612,504,"第28回全国競技かるた奈良大会(B,C,D,E,ねんりん)",2019-02-17,B3,B,51,51,113,6,6,1,0,0,13,13,0,0,0,13,0,0,0,0,0,0,0,0,0,0,0,0,1
3613,504,"第28回全国競技かるた奈良大会(B,C,D,E,ねんりん)",2019-02-17,D2,D,40,40,102,6,6,1,0,0,24,24,0,0,0,24,0,0,0,0,0,0,0,0,0,0,0,0,1
3614,504,"第28回全国競技かるた奈良大会(B,C,D,E,ねんりん)",2019-02-17,D3,D,39,39,101,6,6,1,0,0,25,25,0,0,0,25,0,0,0,0,0,0,0,0,0,0,0,0,1
3615,504,"第28回全国競技かるた奈良大会(B,C,D,E,ねんりん)",2019-02-17,D4,D,41,41,103,6,6,1,0,0,23,23,0,0,0,23,0,0,0,0,0,0,0,0,0,0,0,0,1
3616,504,"第28回全国競技かるた奈良大会(B,C,D,E,ねんりん)",2019-02-17,D5,D,43,43,105,6,6,1,0,0,21,21,0,0,0,21,0,0,0,0,0,0,0,0,0,0,0,0,1
3617,504,"第28回全国競技かるた奈良大会(B,C,D,E,ねんりん)",2019-02-17,E2,E,30,30,60,5,5,1,0,0,2,2,0,0,0,2,0,0,0,0,0,0,0,0,0,0,0,0,1
3618,504,"第28回全国競技かるた奈良大会(B,C,D,E,ねんりん)",2019-02-17,E3,E,29,29,59,5,5,1,0,0,3,3,0,0,0,3,0,2,0,0,0,0,0,0,0,0,0,0,1
3619,504,"第28回全国競技かるた奈良大会(B,C,D,E,ねんりん)",2019-02-17,E4,E,32,32,62,5,5,1,0,0,0,0,0,0,0,0,0,0,0,0,0,0,0,0,0,0,0,0,1
3620,504,"第28回全国競技かるた奈良大会(B,C,D,E,ねんりん)",2019-02-17,C2,C,41,41,103,6,6,1,0,0,23,23,0,0,0,23,0,0,0,0,0,0,0,0,0,0,0,0,1
3621,504,"第28回全国競技かるた奈良大会(B,C,D,E,ねんりん)",2019-02-17,C3,C,39,39,101,6,6,1,0,0,25,25,0,0,0,25,0,0,0,0,0,0,0,0,0,0,0,0,1
3622,504,"第28回全国競技かるた奈良大会(B,C,D,E,ねんりん)",2019-02-17,C4,C,40,40,102,6,6,1,0,0,24,24,0,0,0,24,0,0,0,0,0,0,0,0,0,0,0,0,1
3623,504,"第28回全国競技かるた奈良大会(B,C,D,E,ねんりん)",2019-02-17,E5,E,14,14,28,4,4,1,0,0,2,2,0,0,0,2,0,0,0,0,0,0,0,0,0,0,0,0,1
3624,505,"第100回全国百人一首競技かるた横浜大会(A,B,C)",2019-01-27,A,A,124,124,250,7,7,1,0,0,4,4,0,0,0,4,0,0,0,0,0,0,0,0,0,0,0,0,1
3625,505,"第100回全国百人一首競技かるた横浜大会(A,B,C)",2019-01-27,B1,B,119,119,243,7,7,1,0,0,7,7,0,0,0,7,0,0,0,0,0,0,0,0,0,0,0,0,1
3626,505,"第100回全国百人一首競技かるた横浜大会(A,B,C)",2019-01-27,C1,C,52,52,109,6,6,1,0,0,7,7,0,0,0,7,0,0,0,0,0,0,0,0,0,0,0,0,1
3627,505,"第100回全国百人一首競技かるた横浜大会(A,B,C)",2019-01-27,B2,B,121,121,247,7,7,1,0,0,7,7,0,0,0,7,0,0,0,0,0,0,0,0,0,0,0,0,1
3628,505,"第100回全国百人一首競技かるた横浜大会(A,B,C)",2019-01-27,C2,C,53,53,112,6,6,1,0,0,8,8,0,0,0,8,0,0,0,0,0,0,0,0,0,0,0,0,1
3629,505,"第100回全国百人一首競技かるた横浜大会(A,B,C)",2019-01-27,C3,C,53,53,111,6,6,1,0,0,7,7,0,0,0,7,0,0,0,0,0,0,0,0,0,0,0,0,1
3630,506,第72回全国競技かるた東京東会大会(D),2019-03-16,D1,D,31,31,61,5,5,1,0,0,1,1,0,0,0,1,0,0,0,0,0,0,0,0,0,0,0,0,1
3631,506,第72回全国競技かるた東京東会大会(D),2019-03-16,D2,D,30,30,60,5,5,1,0,0,2,2,0,0,0,2,0,0,0,0,0,0,0,0,0,0,0,0,1
3632,506,第72回全国競技かるた東京東会大会(D),2019-03-16,D3,D,31,31,61,5,5,1,0,0,1,1,0,0,0,1,0,0,0,0,0,0,0,0,0,0,0,0,1
3633,506,第72回全国競技かるた東京東会大会(D),2019-03-16,D4,D,30,30,60,5,5,1,0,0,2,2,0,0,0,2,0,0,0,0,0,0,0,0,0,0,0,0,1
3634,506,第72回全国競技かるた東京東会大会(D),2019-03-16,D5,D,29,29,59,5,5,1,0,0,3,3,0,0,0,3,0,0,0,0,0,0,0,0,0,0,0,0,1
3635,506,第72回全国競技かるた東京東会大会(D),2019-03-16,D6,D,31,31,61,5,5,1,0,0,1,1,0,0,0,1,0,0,0,0,0,0,0,0,0,0,0,0,1
3636,506,第72回全国競技かるた東京東会大会(D),2019-03-16,D7,D,31,31,61,5,5,1,0,0,1,1,0,0,0,1,0,0,0,0,0,0,0,0,0,0,0,0,1
3637,506,第72回全国競技かるた東京東会大会(D),2019-03-16,D8,D,31,31,61,5,5,1,0,0,1,1,0,0,0,3,0,0,0,0,0,0,0,0,0,0,0,0,1
3638,506,第72回全国競技かるた東京東会大会(D),2019-03-16,D9,D,29,29,59,5,5,1,0,0,3,3,0,0,0,3,0,0,0,0,0,0,0,0,0,0,0,0,1
3639,506,第72回全国競技かるた東京東会大会(D),2019-03-16,D10,D,29,29,59,5,5,1,0,0,3,3,0,0,0,3,0,0,0,0,0,0,0,0,0,0,0,0,1
3640,506,第72回全国競技かるた東京東会大会(D),2019-03-16,D11,D,25,25,54,5,5,1,0,0,6,6,0,0,0,6,0,0,0,0,0,0,0,0,0,0,0,0,1
3641,506,第72回全国競技かるた東京東会大会(D),2019-03-16,D12,D,30,30,60,5,5,1,0,0,2,2,0,0,0,2,0,0,0,0,0,0,0,0,0,0,0,0,1
3642,506,第72回全国競技かるた東京東会大会(D),2019-03-16,D13,D,29,29,59,5,5,1,0,0,3,3,0,0,0,3,0,0,0,0,0,0,0,0,0,0,0,0,1
3643,506,第72回全国競技かるた東京東会大会(D),2019-03-16,D14,D,28,28,58,5,5,1,0,0,4,4,0,0,0,4,0,0,0,0,0,0,0,0,0,0,0,0,1
3644,506,第72回全国競技かるた東京東会大会(D),2019-03-16,D15,D,30,30,60,5,5,1,0,0,2,2,0,0,0,2,0,0,0,0,0,0,0,0,0,0,0,0,1
3645,506,第72回全国競技かるた東京東会大会(D),2019-03-16,D16,D,30,30,60,5,5,1,0,0,2,2,0,0,0,2,0,0,0,0,0,0,0,0,0,0,0,0,1
3646,506,第72回全国競技かるた東京東会大会(D),2019-03-16,D17,D,26,26,56,5,5,1,0,0,6,6,0,0,0,6,0,0,0,0,0,0,0,0,0,0,0,0,1
3647,506,第72回全国競技かるた東京東会大会(D),2019-03-16,D18,D,29,29,59,5,5,1,0,0,3,3,0,0,0,3,0,0,0,0,0,0,0,0,0,0,0,0,1
3648,507,第77回全国競技かるた桑名大会(D),2019-03-10,D1,D,31,31,61,5,5,1,0,0,1,1,0,0,0,1,0,0,0,0,0,0,0,0,0,0,0,0,1
3649,507,第77回全国競技かるた桑名大会(D),2019-03-10,D2,D,31,31,61,5,5,1,0,0,1,1,0,0,0,3,0,0,0,0,0,0,0,0,0,0,0,0,1
3650,507,第77回全国競技かるた桑名大会(D),2019-03-10,D3,D,31,31,61,5,5,1,0,0,1,1,0,0,0,1,0,0,0,0,0,0,0,0,0,0,0,0,1
3651,507,第77回全国競技かるた桑名大会(D),2019-03-10,D4,D,29,29,59,5,5,1,0,0,3,3,0,0,0,3,0,0,0,0,0,0,0,0,0,0,0,0,1
3652,507,第77回全国競技かるた桑名大会(D),2019-03-10,D5,D,30,30,60,5,5,1,0,0,2,2,0,0,0,2,0,0,0,0,0,0,0,0,0,0,0,0,1
3653,507,第77回全国競技かるた桑名大会(D),2019-03-10,D6,D,31,31,61,5,5,1,0,0,1,1,0,0,0,1,0,0,0,0,0,0,0,0,0,0,0,0,1
3654,507,第77回全国競技かるた桑名大会(D),2019-03-10,D7,D,30,30,60,5,5,1,0,0,2,2,0,0,0,2,0,2,0,0,0,0,0,0,0,0,0,0,1
3655,507,第77回全国競技かるた桑名大会(D),2019-03-10,D8,D,31,31,61,5,5,1,0,0,1,1,0,0,0,1,0,0,0,0,0,0,0,0,0,0,0,0,1
3656,507,第77回全国競技かるた桑名大会(D),2019-03-10,D9,D,31,31,61,5,5,1,0,0,1,1,0,0,0,1,0,0,0,0,0,0,0,0,0,0,0,0,1
3657,507,第77回全国競技かるた桑名大会(D),2019-03-10,D10,D,31,31,61,5,5,1,0,0,1,1,0,0,0,1,0,0,0,0,0,0,0,0,0,0,0,0,1
3658,507,第77回全国競技かるた桑名大会(D),2019-03-10,D11,D,30,30,60,5,5,1,0,0,2,2,0,0,0,2,0,0,0,0,0,0,0,0,0,0,0,0,1
3659,508,"第77回全国競技かるた桑名大会(A,B)",2019-03-17,A,A,90,90,216,7,7,1,0,0,38,38,0,0,0,38,0,0,0,0,0,0,0,0,0,0,0,0,1
3660,508,"第77回全国競技かるた桑名大会(A,B)",2019-03-17,B1,B,57,57,119,6,6,1,0,0,7,7,0,0,0,7,0,0,0,0,0,0,0,0,0,0,0,0,1
3661,508,"第77回全国競技かるた桑名大会(A,B)",2019-03-17,B2,B,58,58,120,6,6,1,0,0,6,6,0,0,0,6,0,0,0,0,0,0,0,0,0,0,0,0,1
3662,508,"第77回全国競技かるた桑名大会(A,B)",2019-03-17,B3,B,55,55,117,6,6,1,0,0,9,9,0,0,0,9,0,0,0,0,0,0,0,0,0,0,0,0,1
3663,509,"第91回全国競技かるた学生選手権大会(A,B,C)",2019-03-23,A,A,150,150,404,8,8,1,0,0,106,106,0,0,0,116,0,0,0,0,0,0,0,0,0,0,0,0,1
3664,509,"第91回全国競技かるた学生選手権大会(A,B,C)",2019-03-23,B1,B,115,115,241,7,7,1,0,0,13,13,0,0,0,13,0,0,0,0,0,0,0,0,0,0,0,0,1
3665,509,"第91回全国競技かるた学生選手権大会(A,B,C)",2019-03-23,C1,C,61,61,123,6,6,1,0,0,3,3,0,0,0,3,0,0,0,0,0,0,0,0,0,0,0,0,1
3666,509,"第91回全国競技かるた学生選手権大会(A,B,C)",2019-03-23,B2,B,116,116,242,7,7,1,0,0,12,12,0,0,0,14,0,0,0,0,0,0,0,0,0,0,0,0,1
3667,509,"第91回全国競技かるた学生選手権大会(A,B,C)",2019-03-23,B3,B,115,115,241,7,7,1,0,0,13,13,0,0,0,13,0,0,0,0,0,0,0,0,0,0,0,0,1
3668,509,"第91回全国競技かるた学生選手権大会(A,B,C)",2019-03-23,C2,C,61,61,123,6,6,1,0,0,3,3,0,0,0,7,0,0,0,0,0,0,0,0,0,0,0,0,1
3669,509,"第91回全国競技かるた学生選手権大会(A,B,C)",2019-03-23,C3,C,63,63,125,6,6,1,0,2,3,1,0,0,0,1,0,2,0,0,0,0,0,0,0,0,0,0,1
3670,509,"第91回全国競技かるた学生選手権大会(A,B,C)",2019-03-23,C4,C,62,62,124,6,6,1,0,0,2,2,0,0,0,2,0,0,0,0,0,0,0,0,0,0,0,0,1
3671,510,第31回全国競技かるた東大阪大会(A),2019-02-10,A,A,79,79,205,7,7,1,0,0,49,49,0,0,0,49,0,0,0,0,0,0,0,0,0,0,0,0,1
3672,511,第100回全国競技かるた大阪大会(A),2019-01-27,A,A,89,89,215,7,7,1,0,0,39,39,0,0,0,39,0,0,0,0,0,0,0,0,0,0,0,0,1
3673,512,第48回全国競技かるた松山大会,2019-03-21,A,A,61,61,123,6,6,1,0,0,3,3,0,0,0,3,0,0,0,0,0,0,0,0,0,0,0,0,1
3674,512,第48回全国競技かるた松山大会,2019-03-21,B1,B,48,48,110,6,6,1,0,0,16,16,0,0,0,16,0,0,0,0,0,0,0,0,0,0,0,0,1
3675,512,第48回全国競技かるた松山大会,2019-03-21,C1,C,47,47,109,6,6,1,0,0,17,17,0,0,0,17,0,0,0,0,0,0,0,0,0,0,0,0,1
3676,512,第48回全国競技かるた松山大会,2019-03-21,D1,D,30,30,60,5,5,1,0,0,2,2,0,0,0,2,0,0,0,0,0,0,0,0,0,0,0,0,1
3677,512,第48回全国競技かるた松山大会,2019-03-21,E,E,23,23,53,5,5,1,0,0,9,9,0,0,0,11,0,0,0,0,0,0,0,0,0,0,0,0,1
3678,512,第48回全国競技かるた松山大会,2019-03-21,B2,B,42,42,104,6,6,1,0,0,22,22,0,0,0,22,0,0,0,0,0,0,0,0,0,0,0,0,1
3679,512,第48回全国競技かるた松山大会,2019-03-21,C2,C,44,44,106,6,6,1,0,0,20,20,0,0,0,20,0,0,0,0,0,0,0,0,0,0,0,0,1
3680,512,第48回全国競技かるた松山大会,2019-03-21,D2,D,30,30,60,5,5,1,0,0,2,2,0,0,0,2,0,0,0,0,0,0,0,0,0,0,0,0,1
3681,512,第48回全国競技かるた松山大会,2019-03-21,D3,D,29,29,59,5,5,1,0,0,3,3,0,0,0,3,0,0,0,0,0,0,0,0,0,0,0,0,1
3682,512,第48回全国競技かるた松山大会,2019-03-21,D4,D,31,31,61,5,5,1,0,0,1,1,0,0,0,1,0,0,0,0,0,0,0,0,0,0,0,0,1
3683,512,第48回全国競技かるた松山大会,2019-03-21,D5,D,30,30,60,5,5,1,0,0,2,2,0,0,0,2,0,0,0,0,0,0,0,0,0,0,0,0,1
3684,512,第48回全国競技かるた松山大会,2019-03-21,D6,D,28,28,58,5,5,1,0,0,4,4,0,0,0,4,0,0,0,0,0,0,0,0,0,0,0,0,1
3685,513,第27回全国競技かるた多摩大会(C),2019-03-30,C1,C,49,49,111,6,6,1,0,0,15,15,0,0,0,15,0,0,0,0,0,0,0,0,0,0,0,0,1
3686,513,第27回全国競技かるた多摩大会(C),2019-03-30,C2,C,49,49,111,6,6,1,0,0,15,15,0,0,0,15,0,0,0,0,0,0,0,0,0,0,0,0,1
3687,513,第27回全国競技かるた多摩大会(C),2019-03-30,C3,C,51,51,113,6,6,1,0,0,13,13,0,0,0,13,0,0,0,0,0,0,0,0,0,0,0,0,1
3688,513,第27回全国競技かるた多摩大会(C),2019-03-30,C4,C,50,50,112,6,6,1,0,0,14,14,0,0,0,16,0,2,0,0,0,0,0,0,0,0,0,0,1
3689,513,第27回全国競技かるた多摩大会(C),2019-03-30,C5,C,48,48,110,6,6,1,0,0,16,16,0,0,0,16,0,0,0,0,0,0,0,0,0,0,0,0,1
3690,514,第27回全国競技かるた多摩大会(D),2019-03-31,D1,D,57,57,116,6,6,1,0,0,4,4,0,0,0,6,0,0,0,0,0,0,0,0,0,0,0,0,1
3691,514,第27回全国競技かるた多摩大会(D),2019-03-31,D2,D,57,57,116,6,6,1,0,0,4,4,0,0,0,8,0,0,0,0,0,0,0,0,0,0,0,0,1
3692,514,第27回全国競技かるた多摩大会(D),2019-03-31,D3,D,58,58,117,6,6,1,0,0,3,3,0,0,0,3,0,0,0,0,0,0,0,0,0,0,0,0,1
3693,514,第27回全国競技かるた多摩大会(D),2019-03-31,D4,D,59,59,119,6,6,1,0,0,3,3,0,0,0,7,0,0,0,0,0,0,0,0,0,0,0,0,1
3694,514,第27回全国競技かるた多摩大会(D),2019-03-31,D5,D,61,61,122,6,6,1,0,0,2,2,0,0,0,4,0,0,0,0,0,0,0,0,0,0,0,0,1
3695,514,第27回全国競技かるた多摩大会(D),2019-03-31,D6,D,56,56,114,6,6,1,0,0,4,4,0,0,0,8,0,0,0,0,0,0,0,0,0,0,0,0,1
3696,514,第27回全国競技かるた多摩大会(D),2019-03-31,D7,D,60,60,120,6,6,1,0,0,2,2,0,0,0,2,0,0,0,0,0,0,0,0,0,0,0,0,1
3697,514,第27回全国競技かるた多摩大会(D),2019-03-31,D8,D,49,49,104,6,6,1,0,0,8,8,0,0,0,10,0,0,0,0,0,0,0,0,0,0,0,0,1
3698,515,第64回新春全国競技かるた大会(C),2019-01-12,C1,C,51,51,113,6,6,1,0,0,13,13,0,0,0,13,0,0,0,0,0,0,0,0,0,0,0,0,1
3699,515,第64回新春全国競技かるた大会(C),2019-01-12,C2,C,51,51,113,6,6,1,0,0,13,13,0,0,0,13,0,0,0,0,0,0,0,0,0,0,0,0,1
3700,515,第64回新春全国競技かるた大会(C),2019-01-12,C3,C,46,46,108,6,6,1,0,0,18,18,0,0,0,18,0,0,0,0,0,0,0,0,0,0,0,0,1
3701,515,第64回新春全国競技かるた大会(C),2019-01-12,C4,C,44,44,106,6,6,1,0,0,20,20,0,0,0,20,0,0,0,0,0,0,0,0,0,0,0,0,1
3702,515,第64回新春全国競技かるた大会(C),2019-01-12,C5,C,52,52,114,6,6,1,0,0,12,12,0,0,0,12,0,0,0,0,0,0,0,0,0,0,0,0,1
3703,516,第100回全国百人一首競技かるた横浜大会(D),2019-02-16,D1,D,55,55,117,6,6,1,0,0,9,9,0,0,0,9,0,2,0,0,0,0,0,0,0,0,0,0,1
3704,516,第100回全国百人一首競技かるた横浜大会(D),2019-02-16,D2,D,51,51,113,6,6,1,0,0,13,13,0,0,0,13,0,0,0,0,0,0,0,0,0,0,0,0,1
3705,516,第100回全国百人一首競技かるた横浜大会(D),2019-02-16,D3,D,53,53,115,6,6,1,0,0,11,11,0,0,0,13,0,0,0,0,0,0,0,0,0,0,0,0,1
3706,516,第100回全国百人一首競技かるた横浜大会(D),2019-02-16,D4,D,55,55,117,6,6,1,0,0,9,9,0,0,0,9,0,0,0,0,0,0,0,0,0,0,0,0,1
3707,516,第100回全国百人一首競技かるた横浜大会(D),2019-02-16,D5,D,55,55,117,6,6,1,0,0,9,9,0,0,0,11,0,0,0,0,0,0,0,0,0,0,0,0,1
3708,516,第100回全国百人一首競技かるた横浜大会(D),2019-02-16,D6,D,55,55,117,6,6,1,0,0,9,9,0,0,0,9,0,0,0,0,0,0,0,0,0,0,0,0,1
3709,517,"第69回全国競技かるた東京白妙大会(A,B,C)",2019-02-11,A,A,128,128,254,7,7,1,0,0,0,0,0,0,0,0,0,0,0,0,0,0,0,0,0,0,0,0,1
3710,517,"第69回全国競技かるた東京白妙大会(A,B,C)",2019-02-11,B1,B,59,59,121,6,6,1,0,0,5,5,0,0,0,5,0,0,0,0,0,0,0,0,0,0,0,0,1
3711,517,"第69回全国競技かるた東京白妙大会(A,B,C)",2019-02-11,C1,C,50,50,112,6,6,1,0,0,14,14,0,0,0,16,0,0,0,0,0,0,0,0,0,0,0,0,1
3712,517,"第69回全国競技かるた東京白妙大会(A,B,C)",2019-02-11,B2,B,59,59,121,6,6,1,0,0,5,5,0,0,0,5,0,0,0,0,0,0,0,0,0,0,0,0,1
3713,517,"第69回全国競技かるた東京白妙大会(A,B,C)",2019-02-11,B3,B,57,57,119,6,6,1,0,0,7,7,0,0,0,7,0,0,0,0,0,0,0,0,0,0,0,0,1
3714,517,"第69回全国競技かるた東京白妙大会(A,B,C)",2019-02-11,B4,B,56,56,118,6,6,1,0,0,8,8,0,0,0,8,0,0,0,0,0,0,0,0,0,0,0,0,1
3715,517,"第69回全国競技かるた東京白妙大会(A,B,C)",2019-02-11,C2,C,49,49,111,6,6,1,0,0,15,15,0,0,0,15,0,0,0,0,0,0,0,0,0,0,0,0,1
3716,517,"第69回全国競技かるた東京白妙大会(A,B,C)",2019-02-11,C3,C,50,50,112,6,6,1,0,0,14,14,0,0,0,14,0,0,0,0,0,0,0,0,0,0,0,0,1
3717,517,"第69回全国競技かるた東京白妙大会(A,B,C)",2019-02-11,C4,C,45,45,107,6,6,1,0,0,19,19,0,0,0,19,0,0,0,0,0,0,0,0,0,0,0,0,1
3718,518,第58回全日本かるた選手権大会(2日目),2019-04-21,A,A,46,46,108,6,6,1,0,0,18,18,0,0,0,18,0,0,0,0,0,0,0,0,0,0,0,0,1
3719,519,第31回全日本競技かるたシニア選手権大会,2019-06-08,A,A,15,15,29,4,4,1,0,0,1,1,0,0,0,1,0,0,0,0,0,0,0,0,0,0,0,0,1
3720,519,第31回全日本競技かるたシニア選手権大会,2019-06-08,B,B,23,23,53,5,5,1,0,0,9,9,0,0,0,9,0,0,0,0,0,0,0,0,0,0,0,0,1
3721,519,第31回全日本競技かるたシニア選手権大会,2019-06-08,C,C,15,15,29,4,4,1,0,0,1,1,0,0,0,3,0,0,0,0,0,0,0,0,0,0,0,0,1
3722,519,第31回全日本競技かるたシニア選手権大会,2019-06-08,D,D,15,15,29,4,4,1,0,0,1,1,0,0,0,1,0,0,0,0,0,0,0,0,0,0,0,0,1
3723,519,第31回全日本競技かるたシニア選手権大会,2019-06-08,G,,16,16,30,4,4,1,0,0,0,0,0,0,0,0,0,0,0,0,0,0,0,0,0,0,0,0,1
3724,520,第20回上杉杯争奪全国競技かるた大会,2019-04-13,A,A,50,50,111,6,6,1,0,0,13,13,0,0,0,13,0,0,0,0,0,0,0,0,0,0,0,0,1
3725,520,第20回上杉杯争奪全国競技かるた大会,2019-04-13,B,B,60,60,122,6,6,1,0,0,4,4,0,0,0,4,0,0,0,0,0,0,0,0,0,0,0,0,1
3726,520,第20回上杉杯争奪全国競技かるた大会,2019-04-13,C,C,60,60,122,6,6,1,0,0,4,4,0,0,0,4,0,0,0,0,0,0,0,0,0,0,0,0,1
3727,520,第20回上杉杯争奪全国競技かるた大会,2019-04-13,D1,D,26,26,56,5,5,1,0,0,6,6,0,0,0,6,0,0,0,0,0,0,0,0,0,0,0,0,1
3728,520,第20回上杉杯争奪全国競技かるた大会,2019-04-13,E1,E,26,26,55,5,5,1,0,0,5,5,0,0,0,5,0,0,0,0,0,0,0,0,0,0,0,0,1
3729,520,第20回上杉杯争奪全国競技かるた大会,2019-04-13,D2,D,27,27,57,5,5,1,0,0,5,5,0,0,0,5,0,0,0,0,0,0,0,0,0,0,0,0,1
3730,520,第20回上杉杯争奪全国競技かるた大会,2019-04-13,D3,D,27,27,57,5,5,1,0,2,7,5,0,0,0,5,0,2,0,0,0,0,0,0,0,0,0,0,1
3731,520,第20回上杉杯争奪全国競技かるた大会,2019-04-13,D4,D,27,27,57,5,5,1,0,0,5,5,0,0,0,5,0,0,0,0,0,0,0,0,0,0,0,0,1
3732,520,第20回上杉杯争奪全国競技かるた大会,2019-04-13,D5,D,26,26,56,5,5,1,0,0,6,6,0,0,0,6,0,0,0,0,0,0,0,0,0,0,0,0,1
3733,520,第20回上杉杯争奪全国競技かるた大会,2019-04-13,E2,E,26,26,56,5,5,1,0,0,6,6,0,0,0,6,0,0,0,0,0,0,0,0,0,0,0,0,1
3734,521,"第36回全国競技かるた熊本大会(A,B)",2019-04-28,A,A,55,55,117,6,6,1,0,0,9,9,0,0,0,9,0,0,0,0,0,0,0,0,0,0,0,0,1
3735,521,"第36回全国競技かるた熊本大会(A,B)",2019-04-28,B1,B,55,55,117,6,6,1,0,0,9,9,0,0,0,9,0,0,0,0,0,0,0,0,0,0,0,0,1
3736,521,"第36回全国競技かるた熊本大会(A,B)",2019-04-28,B2,B,52,52,114,6,6,1,0,0,12,12,0,0,0,12,0,0,0,0,0,0,0,0,0,0,0,0,1
3737,522,第36回全国競技かるた熊本大会(C),2019-04-29,C1,C,42,42,104,6,6,1,0,0,22,22,0,0,0,24,0,0,0,0,0,0,0,0,0,0,0,0,1
3738,522,第36回全国競技かるた熊本大会(C),2019-04-29,C2,C,50,50,112,6,6,1,0,0,14,14,0,0,0,14,0,0,0,0,0,0,0,0,0,0,0,0,1
3739,523,"第33回全国競技かるたさがみ野大会(B,C)",2019-04-29,B1,B,120,120,242,7,7,1,0,0,4,4,0,0,0,8,0,0,0,0,0,0,0,0,0,0,0,0,1
3740,523,"第33回全国競技かるたさがみ野大会(B,C)",2019-04-29,C1,C,43,43,105,6,6,1,0,0,21,21,0,0,0,21,0,0,0,0,0,0,0,0,0,0,0,0,1
3741,523,"第33回全国競技かるたさがみ野大会(B,C)",2019-04-29,B2,B,120,120,242,7,7,1,0,0,4,4,0,2,0,8,0,0,0,0,0,0,0,2,0,0,0,0,1
3742,523,"第33回全国競技かるたさがみ野大会(B,C)",2019-04-29,C2,C,41,41,103,6,6,1,0,0,23,23,0,0,0,25,0,0,0,0,0,0,0,0,0,0,0,0,1
3743,523,"第33回全国競技かるたさがみ野大会(B,C)",2019-04-29,C3,C,44,44,106,6,6,1,0,0,20,20,0,0,0,20,0,0,0,0,0,0,0,0,0,0,0,0,1
3744,523,"第33回全国競技かるたさがみ野大会(B,C)",2019-04-29,C4,C,43,43,105,6,6,1,0,0,21,21,0,0,0,23,0,0,0,0,0,0,0,0,0,0,0,0,1
3745,523,"第33回全国競技かるたさがみ野大会(B,C)",2019-04-29,C5,C,44,44,106,6,6,1,0,0,20,20,0,0,0,20,0,0,0,0,0,0,0,0,0,0,0,0,1
3746,523,"第33回全国競技かるたさがみ野大会(B,C)",2019-04-29,C6,C,44,44,106,6,6,1,0,0,20,20,0,0,0,20,0,0,0,0,0,0,0,0,0,0,0,0,1
3747,524,"第30回全国競技かるた広島大会(A,B,C)",2019-05-03,A,A,69,69,195,7,7,1,0,0,59,59,0,0,0,61,0,0,0,0,0,0,0,0,0,0,0,0,1
3748,524,"第30回全国競技かるた広島大会(A,B,C)",2019-05-03,B1,B,34,34,96,6,6,1,0,0,30,30,0,0,0,30,0,0,0,0,0,0,0,0,0,0,0,0,1
3749,524,"第30回全国競技かるた広島大会(A,B,C)",2019-05-03,C1,C,35,35,97,6,6,1,0,0,29,29,0,0,0,29,0,0,0,0,0,0,0,0,0,0,0,0,1
3750,524,"第30回全国競技かるた広島大会(A,B,C)",2019-05-03,C2,C,36,36,98,6,6,1,0,0,28,28,0,0,0,28,0,0,0,0,0,0,0,0,0,0,0,0,1
3751,524,"第30回全国競技かるた広島大会(A,B,C)",2019-05-03,B2,B,41,41,103,6,6,1,0,0,23,23,0,0,0,23,0,0,0,0,0,0,0,0,0,0,0,0,1
3752,525,"第30回全国競技かるた広島大会(D,E)",2019-05-04,D1,D,30,30,60,5,5,1,0,0,2,2,0,0,0,2,0,0,0,0,0,0,0,0,0,0,0,0,1
3753,525,"第30回全国競技かるた広島大会(D,E)",2019-05-04,E1,E,23,23,53,5,5,1,0,0,9,9,0,0,0,9,0,2,0,0,0,0,0,0,0,0,0,0,1
3754,525,"第30回全国競技かるた広島大会(D,E)",2019-05-04,D2,D,29,29,59,5,5,1,0,0,3,3,0,0,0,3,0,0,0,0,0,0,0,0,0,0,0,0,1
3755,525,"第30回全国競技かるた広島大会(D,E)",2019-05-04,D3,D,32,32,62,5,5,1,0,0,0,0,0,0,0,0,0,0,0,0,0,0,0,0,0,0,0,0,1
3756,525,"第30回全国競技かるた広島大会(D,E)",2019-05-04,D4,D,28,28,58,5,5,1,0,0,4,4,0,0,0,8,0,0,0,0,0,0,0,0,0,0,0,0,1
3757,525,"第30回全国競技かるた広島大会(D,E)",2019-05-04,E2,E,22,22,52,5,5,1,0,0,10,10,0,0,0,10,0,0,0,0,0,0,0,0,0,0,0,0,1
3758,525,"第30回全国競技かるた広島大会(D,E)",2019-05-04,E3,E,21,21,51,5,5,1,0,0,11,11,0,0,0,11,0,0,0,0,0,0,0,0,0,0,0,0,1
3759,526,第33回全国競技かるたさがみ野大会(D),2019-05-11,D1,D,47,47,109,6,6,1,0,0,17,17,0,0,0,17,0,0,0,0,0,0,0,0,0,0,0,0,1
3760,526,第33回全国競技かるたさがみ野大会(D),2019-05-11,D2,D,45,45,107,6,6,1,0,0,19,19,0,0,0,19,0,0,0,0,0,0,0,0,0,0,0,0,1
3761,526,第33回全国競技かるたさがみ野大会(D),2019-05-11,D3,D,48,48,110,6,6,1,0,0,16,16,0,0,0,16,0,0,0,0,0,0,0,0,0,0,0,0,1
3762,526,第33回全国競技かるたさがみ野大会(D),2019-05-11,D4,D,50,50,112,6,6,1,0,0,14,14,0,0,0,14,0,0,0,0,0,0,0,0,0,0,0,0,1
3763,526,第33回全国競技かるたさがみ野大会(D),2019-05-11,D5,D,50,50,112,6,6,1,0,0,14,14,0,0,0,14,0,0,0,0,0,0,0,0,0,0,0,0,1
3764,526,第33回全国競技かるたさがみ野大会(D),2019-05-11,D6,D,50,50,112,6,6,1,0,0,14,14,0,0,0,14,0,0,0,0,0,0,0,0,0,0,0,0,1
3765,527,第33回全国競技かるたさがみ野大会(A),2019-06-16,A,A,125,125,251,7,7,1,0,0,3,3,0,0,0,3,0,0,0,0,0,0,0,0,0,0,0,0,1
3766,528,"第72回全国競技かるた福井大会(C,D)",2019-06-29,C1,C,57,57,119,6,6,1,0,0,7,7,0,0,0,7,0,0,0,0,0,0,0,0,0,0,0,0,1
3767,528,"第72回全国競技かるた福井大会(C,D)",2019-06-29,D1,D,54,54,116,6,6,1,0,0,10,10,0,0,0,10,0,0,0,0,0,0,0,0,0,0,0,0,1
3768,528,"第72回全国競技かるた福井大会(C,D)",2019-06-29,C2,C,58,58,120,6,6,1,0,0,6,6,0,0,0,6,0,0,0,0,0,0,0,0,0,0,0,0,1
3769,528,"第72回全国競技かるた福井大会(C,D)",2019-06-29,D2,D,54,54,116,6,6,1,0,0,10,10,0,0,0,10,0,0,0,0,0,0,0,0,0,0,0,0,1
3770,528,"第72回全国競技かるた福井大会(C,D)",2019-06-29,D3,D,53,53,115,6,6,1,0,0,11,11,0,0,0,11,0,0,0,0,0,0,0,0,0,0,0,0,1
3771,529,"第72回全国競技かるた福井大会(A,B)",2019-06-30,A,A,75,75,201,7,7,1,0,0,53,53,0,0,0,53,0,0,0,0,0,0,0,0,0,0,0,0,1
3772,529,"第72回全国競技かるた福井大会(A,B)",2019-06-30,B1,B,59,59,121,6,6,1,0,0,5,5,0,0,0,5,0,0,0,0,0,0,0,0,0,0,0,0,1
3773,529,"第72回全国競技かるた福井大会(A,B)",2019-06-30,B2,B,59,59,121,6,6,1,0,0,5,5,0,0,0,5,0,0,0,0,0,0,0,0,0,0,0,0,1
3774,530,"第27回人麿の里・全国競技かるた益田大会(D,E)",2019-08-03,D1,D,29,29,59,5,5,1,0,0,3,3,0,0,0,3,0,0,0,0,0,0,0,0,0,0,0,0,1
3775,530,"第27回人麿の里・全国競技かるた益田大会(D,E)",2019-08-03,E1,E,23,23,53,5,5,1,0,0,9,9,0,0,0,9,0,2,0,0,0,0,0,0,0,0,0,0,1
3776,530,"第27回人麿の里・全国競技かるた益田大会(D,E)",2019-08-03,D2,D,28,28,58,5,5,1,0,0,4,4,0,0,0,4,0,0,0,0,0,0,0,0,0,0,0,0,1
3777,530,"第27回人麿の里・全国競技かるた益田大会(D,E)",2019-08-03,D3,D,29,29,59,5,5,1,0,0,3,3,0,0,0,3,0,0,0,0,0,0,0,0,0,0,0,0,1
3778,530,"第27回人麿の里・全国競技かるた益田大会(D,E)",2019-08-03,D4,D,27,27,57,5,5,1,0,0,5,5,0,0,0,5,0,0,0,0,0,0,0,0,0,0,0,0,1
3779,530,"第27回人麿の里・全国競技かるた益田大会(D,E)",2019-08-03,D5,D,28,28,58,5,5,1,0,0,4,4,0,0,0,6,0,0,0,0,0,0,0,0,0,0,0,0,1
3780,530,"第27回人麿の里・全国競技かるた益田大会(D,E)",2019-08-03,D6,D,29,29,59,5,5,1,0,0,3,3,0,0,0,3,0,0,0,0,0,0,0,0,0,0,0,0,1
3781,530,"第27回人麿の里・全国競技かるた益田大会(D,E)",2019-08-03,E2,E,22,22,52,5,5,1,0,0,10,10,0,0,0,10,0,0,0,0,0,0,0,0,0,0,0,0,1
3782,530,"第27回人麿の里・全国競技かるた益田大会(D,E)",2019-08-03,E3,E,22,22,52,5,5,1,0,0,10,10,0,0,0,10,0,0,0,0,0,0,0,0,0,0,0,0,1
3783,531,"第27回人麿の里・全国競技かるた益田大会(A,B,C)",2019-08-04,A,A,68,68,194,7,7,1,0,0,60,60,0,0,0,60,0,0,0,0,0,0,0,0,0,0,0,0,1
3784,531,"第27回人麿の里・全国競技かるた益田大会(A,B,C)",2019-08-04,B1,B,50,50,112,6,6,1,0,0,14,14,0,0,0,16,0,0,0,0,0,0,0,0,0,0,0,0,1
3785,531,"第27回人麿の里・全国競技かるた益田大会(A,B,C)",2019-08-04,C1,C,45,45,107,6,6,1,0,0,19,19,0,0,0,19,0,0,0,0,0,0,0,0,0,0,0,0,1
3786,531,"第27回人麿の里・全国競技かるた益田大会(A,B,C)",2019-08-04,B2,B,52,52,114,6,6,1,0,0,12,12,0,0,0,12,0,0,0,0,0,0,0,0,0,0,0,0,1
3787,531,"第27回人麿の里・全国競技かるた益田大会(A,B,C)",2019-08-04,C2,C,46,46,108,6,6,1,0,0,18,18,0,0,0,18,0,0,0,0,0,0,0,0,0,0,0,0,1
3788,532,第3回全国競技かるた信州大会~in佐久(A),2019-09-01,A,A,82,82,208,7,7,1,0,0,46,46,0,0,0,48,0,0,0,0,0,0,0,0,0,0,0,0,1
3789,533,"第16回全国競技かるた香川大会(D,E)",2019-09-15,D1,D,28,28,58,5,5,1,0,0,4,4,0,0,0,4,0,0,0,0,0,0,0,0,0,0,0,0,1
3790,533,"第16回全国競技かるた香川大会(D,E)",2019-09-15,E1,E,23,23,53,5,5,1,0,0,9,9,0,0,0,9,0,0,0,0,0,0,0,0,0,0,0,0,1
3791,533,"第16回全国競技かるた香川大会(D,E)",2019-09-15,D2,D,28,28,58,5,5,1,0,0,4,4,0,0,0,4,0,0,0,0,0,0,0,0,0,0,0,0,1
3792,533,"第16回全国競技かるた香川大会(D,E)",2019-09-15,D3,D,30,30,60,5,5,1,0,0,2,2,0,0,0,2,0,0,0,0,0,0,0,0,0,0,0,0,1
3793,533,"第16回全国競技かるた香川大会(D,E)",2019-09-15,D4,D,31,31,61,5,5,1,0,0,1,1,0,0,0,3,0,0,0,0,0,0,0,0,0,0,0,0,1
3794,533,"第16回全国競技かるた香川大会(D,E)",2019-09-15,D5,D,31,31,61,5,5,1,0,0,1,1,0,0,0,3,0,0,0,0,0,0,0,0,0,0,0,0,1
3795,533,"第16回全国競技かるた香川大会(D,E)",2019-09-15,D6,D,31,31,61,5,5,1,0,0,1,1,0,0,0,1,0,0,0,0,0,0,0,0,0,0,0,0,1
3796,533,"第16回全国競技かるた香川大会(D,E)",2019-09-15,D7,D,31,31,61,5,5,1,0,0,1,1,0,0,0,1,0,0,0,0,0,0,0,0,0,0,0,0,1
3797,533,"第16回全国競技かるた香川大会(D,E)",2019-09-15,D8,D,31,31,61,5,5,1,0,0,1,1,0,0,0,1,0,0,0,0,0,0,0,0,0,0,0,0,1
3798,533,"第16回全国競技かるた香川大会(D,E)",2019-09-15,D9,D,30,30,60,5,5,1,0,0,2,2,0,0,0,2,0,0,0,0,0,0,0,0,0,0,0,0,1
3799,533,"第16回全国競技かるた香川大会(D,E)",2019-09-15,E2,E,20,20,50,5,5,1,0,0,12,12,0,0,0,12,0,2,0,0,0,0,0,0,0,0,0,0,1
3800,534,"第16回全国競技かるた香川大会(A,B,C)",2019-09-16,A,A,86,86,212,7,7,1,0,0,42,42,0,0,0,42,0,0,0,0,0,0,0,0,0,0,0,0,1
3801,534,"第16回全国競技かるた香川大会(A,B,C)",2019-09-16,B1,B,60,60,122,6,6,1,0,0,4,4,0,0,0,4,0,0,0,0,0,0,0,0,0,0,0,0,1
3802,534,"第16回全国競技かるた香川大会(A,B,C)",2019-09-16,C1,C,63,63,125,6,6,1,0,0,1,1,0,0,0,3,0,0,0,0,0,0,0,0,0,0,0,0,1
3803,534,"第16回全国競技かるた香川大会(A,B,C)",2019-09-16,B2,B,61,61,123,6,6,1,0,0,3,3,0,0,0,5,0,0,0,0,0,0,0,0,0,0,0,0,1
3804,534,"第16回全国競技かるた香川大会(A,B,C)",2019-09-16,C2,C,64,64,126,6,6,1,0,0,0,0,0,0,0,0,0,0,0,0,0,0,0,0,0,0,0,0,1
3805,535,"第20回全国競技かるた富山大会(B,D,E)",2019-09-21,B1,B,55,55,117,6,6,1,0,0,9,9,0,0,0,9,0,0,0,0,0,0,0,0,0,0,0,0,1
3806,535,"第20回全国競技かるた富山大会(B,D,E)",2019-09-21,D1,D,51,51,113,6,6,1,0,0,13,13,0,0,0,13,0,0,0,0,0,0,0,0,0,0,0,0,1
3807,535,"第20回全国競技かるた富山大会(B,D,E)",2019-09-21,E1,E,30,30,60,5,5,1,0,0,2,2,0,0,0,2,0,0,0,0,0,0,0,0,0,0,0,0,1
3808,535,"第20回全国競技かるた富山大会(B,D,E)",2019-09-21,B2,B,50,50,112,6,6,1,0,0,14,14,0,0,0,14,0,0,0,0,0,0,0,0,0,0,0,0,1
3809,535,"第20回全国競技かるた富山大会(B,D,E)",2019-09-21,D2,D,55,55,117,6,6,1,0,0,9,9,0,0,0,9,0,0,0,0,0,0,0,0,0,0,0,0,1
3810,535,"第20回全国競技かるた富山大会(B,D,E)",2019-09-21,D3,D,55,55,117,6,6,1,0,0,9,9,0,0,0,9,0,0,0,0,0,0,0,0,0,0,0,0,1
3811,535,"第20回全国競技かるた富山大会(B,D,E)",2019-09-21,E2,E,29,29,59,5,5,1,0,0,3,3,0,0,0,3,0,0,0,0,0,0,0,0,0,0,0,0,1
3812,536,"第20回全国競技かるた富山大会(A,C)",2019-09-22,A,A,54,54,116,6,6,1,0,0,10,10,0,0,0,10,0,0,0,0,0,0,0,0,0,0,0,0,1
3813,536,"第20回全国競技かるた富山大会(A,C)",2019-09-22,C1,C,48,48,110,6,6,1,0,0,16,16,0,0,0,16,0,0,0,0,0,0,0,0,0,0,0,0,1
3814,536,"第20回全国競技かるた富山大会(A,C)",2019-09-22,C2,C,47,47,109,6,6,1,0,0,17,17,0,0,0,17,0,0,0,0,0,0,0,0,0,0,0,0,1
3815,537,第30回全国競技かるた水沢大会,2019-09-22,A,A,53,53,115,6,6,1,0,2,13,11,0,0,0,11,0,2,0,0,0,0,0,0,0,0,0,0,1
3816,537,第30回全国競技かるた水沢大会,2019-09-22,B,B,64,64,126,6,6,1,0,0,0,0,0,0,0,0,0,0,0,0,0,0,0,0,0,0,0,0,1
3817,537,第30回全国競技かるた水沢大会,2019-09-22,C,C,58,58,120,6,6,1,0,2,8,6,0,0,0,6,0,2,0,0,0,0,0,0,0,0,0,0,1
3818,537,第30回全国競技かるた水沢大会,2019-09-22,D1,D,28,28,58,5,5,1,0,0,4,4,0,0,0,10,0,0,0,0,0,0,0,0,0,0,0,0,1
3819,537,第30回全国競技かるた水沢大会,2019-09-22,E1,E,19,19,49,5,5,1,0,0,13,13,0,0,0,13,0,0,0,0,0,0,0,0,0,0,0,0,1
3820,537,第30回全国競技かるた水沢大会,2019-09-22,D2,D,31,31,61,5,5,1,0,0,1,1,0,0,0,3,0,0,0,0,0,0,0,0,0,0,0,0,1
3821,537,第30回全国競技かるた水沢大会,2019-09-22,D3,D,31,31,61,5,5,1,0,0,1,1,0,0,0,3,0,2,0,0,0,0,0,0,0,0,0,0,1
3822,537,第30回全国競技かるた水沢大会,2019-09-22,E2,E,19,19,49,5,5,1,0,0,13,13,0,0,0,13,0,0,0,0,0,0,0,0,0,0,0,0,1
3823,538,第32回全国競技かるた東大阪大会(A),2019-09-29,A,A,78,78,204,7,7,1,0,0,50,50,0,0,0,50,0,0,0,0,0,0,0,0,0,0,0,0,1
3824,539,"第81回全国競技かるた北國大会(D,E)",2019-10-05,D1,D,61,61,123,6,6,1,0,0,3,3,0,0,0,3,0,0,0,0,0,0,0,0,0,0,0,0,1
3825,539,"第81回全国競技かるた北國大会(D,E)",2019-10-05,E1,E,29,29,59,5,5,1,0,0,3,3,0,0,0,3,0,0,0,0,0,0,0,0,0,0,0,0,1
3826,539,"第81回全国競技かるた北國大会(D,E)",2019-10-05,D2,D,61,61,123,6,6,1,0,0,3,3,0,0,0,3,0,0,0,0,0,0,0,0,0,0,0,0,1
3827,539,"第81回全国競技かるた北國大会(D,E)",2019-10-05,E2,E,27,27,57,5,5,1,0,0,5,5,0,0,0,5,0,0,0,0,0,0,0,0,0,0,0,0,1
3828,539,"第81回全国競技かるた北國大会(D,E)",2019-10-05,E3,E,28,28,58,5,5,1,0,0,4,4,0,0,0,4,0,0,0,0,0,0,0,0,0,0,0,0,1
3829,539,"第81回全国競技かるた北國大会(D,E)",2019-10-05,E4,E,25,25,55,5,5,1,0,0,7,7,0,0,0,7,0,0,0,0,0,0,0,0,0,0,0,0,1
3830,540,"第81回全国競技かるた北國大会(A,B,C)",2019-10-06,A,A,77,77,203,7,7,1,0,0,51,51,0,0,0,51,0,0,0,0,0,0,0,0,0,0,0,0,1
3831,540,"第81回全国競技かるた北國大会(A,B,C)",2019-10-06,B1,B,45,45,107,6,6,1,0,0,19,19,0,0,0,19,0,0,0,0,0,0,0,0,0,0,0,0,1
3832,540,"第81回全国競技かるた北國大会(A,B,C)",2019-10-06,C1,C,57,57,119,6,6,1,0,0,7,7,0,0,0,7,0,0,0,0,0,0,0,0,0,0,0,0,1
3833,540,"第81回全国競技かるた北國大会(A,B,C)",2019-10-06,B2,B,47,47,109,6,6,1,0,0,17,17,0,0,0,17,0,0,0,0,0,0,0,0,0,0,0,0,1
3834,540,"第81回全国競技かるた北國大会(A,B,C)",2019-10-06,B3,B,46,46,108,6,6,1,0,0,18,18,0,0,0,18,0,0,0,0,0,0,0,0,0,0,0,0,1
3835,540,"第81回全国競技かるた北國大会(A,B,C)",2019-10-06,C2,C,56,56,118,6,6,1,0,0,8,8,0,0,0,8,0,0,0,0,0,0,0,0,0,0,0,0,1
3836,541,第38回全国競技かるた東京吉野会大会(A),2019-10-14,A,A,125,125,251,7,7,1,0,0,3,3,0,0,0,3,0,0,0,0,0,0,0,0,0,0,0,0,1
3837,542,蓮生記念第6回全国競技かるた宇都宮大会,2019-10-26,A,A,107,107,233,7,7,1,0,0,21,21,0,0,0,21,0,0,0,0,0,0,0,0,0,0,0,0,1
3838,542,蓮生記念第6回全国競技かるた宇都宮大会,2019-10-26,B1,B,62,62,124,6,6,1,0,0,2,2,0,0,0,2,0,0,0,0,0,0,0,0,0,0,0,0,1
3839,542,蓮生記念第6回全国競技かるた宇都宮大会,2019-10-26,C1,C,47,47,109,6,6,1,0,0,17,17,0,0,0,17,0,0,0,0,0,0,0,0,0,0,0,0,1
3840,542,蓮生記念第6回全国競技かるた宇都宮大会,2019-10-26,D1,D,45,45,107,6,6,1,0,0,19,19,0,0,0,19,0,0,0,0,0,0,0,0,0,0,0,0,1
3841,542,蓮生記念第6回全国競技かるた宇都宮大会,2019-10-26,B2,B,59,59,121,6,6,1,0,0,5,5,0,0,0,5,0,0,0,0,0,0,0,0,0,0,0,0,1
3842,542,蓮生記念第6回全国競技かるた宇都宮大会,2019-10-26,B3,B,60,60,122,6,6,1,0,0,4,4,0,0,0,4,0,0,0,0,0,0,0,0,0,0,0,0,1
3843,542,蓮生記念第6回全国競技かるた宇都宮大会,2019-10-26,B4,B,59,59,121,6,6,1,0,0,5,5,0,0,0,5,0,0,0,0,0,0,0,0,0,0,0,0,1
3844,542,蓮生記念第6回全国競技かるた宇都宮大会,2019-10-26,C2,C,47,47,109,6,6,1,0,0,17,17,0,0,0,19,0,0,0,0,0,0,0,0,0,0,0,0,1
3845,542,蓮生記念第6回全国競技かるた宇都宮大会,2019-10-26,C3,C,50,50,112,6,6,1,0,0,14,14,0,0,0,14,0,0,0,0,0,0,0,0,0,0,0,0,1
3846,542,蓮生記念第6回全国競技かるた宇都宮大会,2019-10-26,C4,C,48,48,110,6,6,1,0,0,16,16,0,0,0,16,0,0,0,0,0,0,0,0,0,0,0,0,1
3847,542,蓮生記念第6回全国競技かるた宇都宮大会,2019-10-26,C5,C,47,47,128,7,7,1,0,0,36,36,0,0,0,40,0,0,0,0,0,0,0,0,0,0,0,0,1
3848,542,蓮生記念第6回全国競技かるた宇都宮大会,2019-10-26,D2,D,45,45,107,6,6,1,0,0,19,19,0,0,0,21,0,0,0,0,0,0,0,0,0,0,0,0,1
3849,542,蓮生記念第6回全国競技かるた宇都宮大会,2019-10-26,D3,D,44,44,106,6,6,1,0,0,20,20,0,0,0,20,0,0,0,0,0,0,0,0,0,0,0,0,1
3850,542,蓮生記念第6回全国競技かるた宇都宮大会,2019-10-26,D4,D,46,46,108,6,6,1,0,0,18,18,0,0,0,18,0,0,0,0,0,0,0,0,0,0,0,0,1
3851,542,蓮生記念第6回全国競技かるた宇都宮大会,2019-10-26,D5,D,44,44,106,6,6,1,0,0,20,20,0,0,0,20,0,2,0,0,0,0,0,0,0,0,0,0,1
3852,542,蓮生記念第6回全国競技かるた宇都宮大会,2019-10-26,D6,D,44,44,106,6,6,1,0,0,20,20,0,0,0,20,0,0,0,0,0,0,0,0,0,0,0,0,1
3853,542,蓮生記念第6回全国競技かるた宇都宮大会,2019-10-26,D7,D,43,43,105,6,6,1,0,0,21,21,0,0,0,23,0,0,0,0,0,0,0,0,0,0,0,0,1
3854,542,蓮生記念第6回全国競技かるた宇都宮大会,2019-10-26,D8,D,46,46,108,6,6,1,0,0,18,18,0,0,0,18,0,0,0,0,0,0,0,0,0,0,0,0,1
3855,542,蓮生記念第6回全国競技かるた宇都宮大会,2019-10-26,D9,D,42,42,104,6,6,1,0,0,22,22,0,0,0,22,0,0,0,0,0,0,0,0,0,0,0,0,1
3856,542,蓮生記念第6回全国競技かるた宇都宮大会,2019-10-26,D10,D,45,45,107,6,6,1,0,0,19,19,0,0,0,21,0,0,0,0,0,0,0,0,0,0,0,0,1
3857,543,第29回全国競技かるた奈良大会(A),2019-11-23,A,A,78,78,204,7,7,1,0,0,50,50,0,0,0,50,0,0,0,0,0,0,0,0,0,0,0,0,1
3858,544,"第10回全国競技かるた岡山大会(D,E)",2019-11-23,D1,D,28,28,58,5,5,1,0,0,4,4,0,0,0,6,0,0,0,0,0,0,0,0,0,0,0,0,1
3859,544,"第10回全国競技かるた岡山大会(D,E)",2019-11-23,E1,E,25,25,55,5,5,1,0,0,7,7,0,0,0,7,0,0,0,0,0,0,0,0,0,0,0,0,1
3860,544,"第10回全国競技かるた岡山大会(D,E)",2019-11-23,E2,E,24,24,54,5,5,1,0,0,8,8,0,0,0,8,0,0,0,0,0,0,0,0,0,0,0,0,1
3861,544,"第10回全国競技かるた岡山大会(D,E)",2019-11-23,D2,D,29,29,59,5,5,1,0,0,3,3,0,0,0,3,0,0,0,0,0,0,0,0,0,0,0,0,1
3862,544,"第10回全国競技かるた岡山大会(D,E)",2019-11-23,D3,D,29,29,59,5,5,1,0,0,3,3,0,0,0,3,0,0,0,0,0,0,0,0,0,0,0,0,1
3863,544,"第10回全国競技かるた岡山大会(D,E)",2019-11-23,D4,D,28,28,58,5,5,1,0,0,4,4,0,0,0,6,0,0,0,0,0,0,0,0,0,0,0,0,1
3864,544,"第10回全国競技かるた岡山大会(D,E)",2019-11-23,D5,D,28,28,58,5,5,1,0,0,4,4,0,0,0,6,0,0,0,0,0,0,0,0,0,0,0,0,1
3865,544,"第10回全国競技かるた岡山大会(D,E)",2019-11-23,D6,D,27,27,57,5,5,1,0,0,5,5,0,0,0,7,0,0,0,0,0,0,0,0,0,0,0,0,1
3866,544,"第10回全国競技かるた岡山大会(D,E)",2019-11-23,D7,D,29,29,59,5,5,1,0,0,3,3,0,0,0,3,0,0,0,0,0,0,0,0,0,0,0,0,1
3867,544,"第10回全国競技かるた岡山大会(D,E)",2019-11-23,D8,D,28,28,58,5,5,1,0,0,4,4,0,0,0,4,0,0,0,0,0,0,0,0,0,0,0,0,1
3868,545,"第10回全国競技かるた岡山大会(A,B,C)",2019-11-24,A,A,60,60,122,6,6,1,0,0,4,4,0,0,0,4,0,0,0,0,0,0,0,0,0,0,0,0,1
3869,545,"第10回全国競技かるた岡山大会(A,B,C)",2019-11-24,B1,B,48,48,110,6,6,1,0,0,16,16,0,0,0,16,0,0,0,0,0,0,0,0,0,0,0,0,1
3870,545,"第10回全国競技かるた岡山大会(A,B,C)",2019-11-24,C1,C,45,45,107,6,6,1,0,0,19,19,0,0,0,19,0,0,0,0,0,0,0,0,0,0,0,0,1
3871,545,"第10回全国競技かるた岡山大会(A,B,C)",2019-11-24,B2,B,46,46,108,6,6,1,0,0,18,18,0,0,0,18,0,0,0,0,0,0,0,0,0,0,0,0,1
3872,545,"第10回全国競技かるた岡山大会(A,B,C)",2019-11-24,C2,C,44,44,106,6,6,1,0,0,20,20,0,0,0,20,0,0,0,0,0,0,0,0,0,0,0,0,1
3873,546,"第3回全国競技かるた信州大会~in駒ヶ根(B,C,D,E)",2019-11-24,B1,B,54,54,116,6,6,1,0,0,10,10,0,0,0,10,0,0,0,0,0,0,0,0,0,0,0,0,1
3874,546,"第3回全国競技かるた信州大会~in駒ヶ根(B,C,D,E)",2019-11-24,C1,C,57,57,119,6,6,1,0,0,7,7,0,0,0,9,0,0,0,0,0,0,0,0,0,0,0,0,1
3875,546,"第3回全国競技かるた信州大会~in駒ヶ根(B,C,D,E)",2019-11-24,D1,D,35,35,97,6,6,1,0,0,29,29,0,0,0,29,0,0,0,0,0,0,0,0,0,0,0,0,1
3876,546,"第3回全国競技かるた信州大会~in駒ヶ根(B,C,D,E)",2019-11-24,E1,E,23,23,53,5,5,1,0,0,9,9,0,0,0,9,0,0,0,0,0,0,0,0,0,0,0,0,1
3877,546,"第3回全国競技かるた信州大会~in駒ヶ根(B,C,D,E)",2019-11-24,B2,B,55,55,117,6,6,1,0,0,9,9,0,0,0,9,0,0,0,0,0,0,0,0,0,0,0,0,1
3878,546,"第3回全国競技かるた信州大会~in駒ヶ根(B,C,D,E)",2019-11-24,C2,C,59,59,121,6,6,1,0,0,5,5,0,0,0,5,0,0,0,0,0,0,0,0,0,0,0,0,1
3879,546,"第3回全国競技かるた信州大会~in駒ヶ根(B,C,D,E)",2019-11-24,D2,D,36,36,98,6,6,1,0,0,28,28,0,0,0,28,0,0,0,0,0,0,0,0,0,0,0,0,1
3880,546,"第3回全国競技かるた信州大会~in駒ヶ根(B,C,D,E)",2019-11-24,D3,D,33,33,95,6,6,1,0,0,31,31,0,0,0,31,0,0,0,0,0,0,0,0,0,0,0,0,1
3881,546,"第3回全国競技かるた信州大会~in駒ヶ根(B,C,D,E)",2019-11-24,D4,D,34,34,96,6,6,1,0,0,30,30,0,0,0,30,0,0,0,0,0,0,0,0,0,0,0,0,1
3882,546,"第3回全国競技かるた信州大会~in駒ヶ根(B,C,D,E)",2019-11-24,D5,D,31,31,61,5,5,1,0,0,1,1,0,0,0,3,0,4,0,0,0,0,0,0,0,0,0,0,1
3883,546,"第3回全国競技かるた信州大会~in駒ヶ根(B,C,D,E)",2019-11-24,E2,E,22,22,52,5,5,1,0,0,10,10,0,0,0,10,0,0,0,0,0,0,0,0,0,0,0,0,1
3884,546,"第3回全国競技かるた信州大会~in駒ヶ根(B,C,D,E)",2019-11-24,E3,E,22,22,52,5,5,1,0,0,10,10,0,0,0,10,0,0,0,0,0,0,0,0,0,0,0,0,1
3885,546,"第3回全国競技かるた信州大会~in駒ヶ根(B,C,D,E)",2019-11-24,E4,E,22,22,52,5,5,1,0,0,10,10,0,0,0,10,0,0,0,0,0,0,0,0,0,0,0,0,1
3886,547,第61回全国競技かるた和歌山大会,2019-11-24,A,A,58,58,120,6,6,1,0,0,6,6,0,0,0,6,0,0,0,0,0,0,0,0,0,0,0,0,1
3887,547,第61回全国競技かるた和歌山大会,2019-11-24,B,B,93,93,219,7,7,1,0,0,35,35,0,0,0,37,0,0,0,0,0,0,0,0,0,0,0,0,1
3888,547,第61回全国競技かるた和歌山大会,2019-11-24,C1,C,45,45,107,6,6,1,0,0,19,19,0,0,0,19,0,0,0,0,0,0,0,0,0,0,0,0,1
3889,547,第61回全国競技かるた和歌山大会,2019-11-24,D1,D,50,50,112,6,6,1,0,0,14,14,0,0,0,16,0,2,0,0,0,0,0,0,0,0,0,0,1
3890,547,第61回全国競技かるた和歌山大会,2019-11-24,C2,C,46,46,108,6,6,1,0,0,18,18,0,0,0,18,0,0,0,0,0,0,0,0,0,0,0,0,1
3891,547,第61回全国競技かるた和歌山大会,2019-11-24,D2,D,47,47,109,6,6,1,0,0,17,17,0,0,0,19,0,0,0,0,0,0,0,0,0,0,0,0,1
3892,547,第61回全国競技かるた和歌山大会,2019-11-24,D3,D,49,49,111,6,6,1,0,0,15,15,0,0,0,15,0,0,0,0,0,0,0,0,0,0,0,0,1
3893,548,"第48回全国競技かるた大分大会(D,E)",2019-11-24,D1,D,25,25,55,5,5,1,0,0,7,7,0,0,0,7,0,0,0,0,0,0,0,0,0,0,0,0,1
3894,548,"第48回全国競技かるた大分大会(D,E)",2019-11-24,E1,E,19,19,49,5,5,1,0,0,13,13,0,0,0,13,0,0,0,0,0,0,0,0,0,0,0,0,1
3895,548,"第48回全国競技かるた大分大会(D,E)",2019-11-24,D2,D,23,23,53,5,5,1,0,0,9,9,0,0,0,9,0,0,0,0,0,0,0,0,0,0,0,0,1
3896,548,"第48回全国競技かるた大分大会(D,E)",2019-11-24,E2,E,19,19,49,5,5,1,0,0,13,13,0,0,0,13,0,0,0,0,0,0,0,0,0,0,0,0,1
3897,548,"第48回全国競技かるた大分大会(D,E)",2019-11-24,D3,D,23,23,53,5,5,1,0,0,9,9,0,0,0,9,0,0,0,0,0,0,0,0,0,0,0,0,1
3898,549,"第83回椿杯争奪全国競技かるた大会(D,E,F)",2019-12-01,D1,D,32,32,62,5,5,1,0,0,0,0,0,0,0,4,0,0,0,0,0,0,0,0,0,0,0,0,1
3899,549,"第83回椿杯争奪全国競技かるた大会(D,E,F)",2019-12-01,E1,E,28,28,58,5,5,1,0,0,4,4,0,0,0,8,0,2,0,0,0,0,0,0,0,0,0,0,1
3900,549,"第83回椿杯争奪全国競技かるた大会(D,E,F)",2019-12-01,F,,29,29,59,5,5,1,0,0,3,3,0,0,0,7,0,0,0,0,0,0,0,0,0,0,0,0,1
3901,549,"第83回椿杯争奪全国競技かるた大会(D,E,F)",2019-12-01,D2,D,32,32,62,5,5,1,0,0,0,0,0,0,0,10,0,0,0,0,0,0,0,0,0,0,0,0,1
3902,549,"第83回椿杯争奪全国競技かるた大会(D,E,F)",2019-12-01,D3,D,32,32,62,5,5,1,0,0,0,0,0,0,0,4,0,0,0,0,0,0,0,0,0,0,0,0,1
3903,549,"第83回椿杯争奪全国競技かるた大会(D,E,F)",2019-12-01,D4,D,32,32,62,5,5,1,0,0,0,0,0,0,0,0,0,0,0,0,0,0,0,0,0,0,0,0,1
3904,549,"第83回椿杯争奪全国競技かるた大会(D,E,F)",2019-12-01,D5,D,32,32,62,5,5,1,0,0,0,0,0,0,0,6,0,0,0,0,0,0,0,0,0,0,0,0,1
3905,549,"第83回椿杯争奪全国競技かるた大会(D,E,F)",2019-12-01,E2,E,27,27,57,5,5,1,0,0,5,5,0,0,0,7,0,0,0,0,0,0,0,0,0,0,0,0,1
3906,550,第21回全国競技かるた愛知大会(A),2019-12-08,A,A,86,86,212,7,7,1,0,0,42,42,0,0,0,42,0,0,0,0,0,0,0,0,0,0,0,0,1
3907,551,"第38回全国競技かるた東京吉野会大会(B,C)",2019-12-14,B1,B,81,81,207,7,7,1,0,0,47,47,0,0,0,47,0,0,0,0,0,0,0,0,0,0,0,0,1
3908,551,"第38回全国競技かるた東京吉野会大会(B,C)",2019-12-14,C1,C,53,53,115,6,6,1,0,0,11,11,0,0,0,11,0,0,0,0,0,0,0,0,0,0,0,0,1
3909,551,"第38回全国競技かるた東京吉野会大会(B,C)",2019-12-14,B2,B,83,83,209,7,7,1,0,0,45,45,0,0,0,45,0,0,0,0,0,0,0,0,0,0,0,0,1
3910,551,"第38回全国競技かるた東京吉野会大会(B,C)",2019-12-14,B3,B,83,83,209,7,7,1,0,0,45,45,0,0,0,45,0,0,0,0,0,0,0,0,0,0,0,0,1
3911,551,"第38回全国競技かるた東京吉野会大会(B,C)",2019-12-14,C2,C,53,53,115,6,6,1,0,0,11,11,0,0,0,11,0,0,0,0,0,0,0,0,0,0,0,0,1
3912,551,"第38回全国競技かるた東京吉野会大会(B,C)",2019-12-14,C3,C,54,54,116,6,6,1,0,0,10,10,0,0,0,12,0,0,0,0,0,0,0,0,0,0,0,0,1
3913,551,"第38回全国競技かるた東京吉野会大会(B,C)",2019-12-14,C4,C,56,56,118,6,6,1,0,0,8,8,0,0,0,8,0,0,0,0,0,0,0,0,0,0,0,0,1
3914,551,"第38回全国競技かるた東京吉野会大会(B,C)",2019-12-14,C5,C,53,53,115,6,6,1,0,0,11,11,0,0,0,13,0,0,0,0,0,0,0,0,0,0,0,0,1
3915,552,"藤原定家卿小倉百人一首撰定記念第73回全国競技かるた京都大会(D,E)",2019-12-14,D1,D,48,48,110,6,6,1,0,0,16,16,0,0,0,16,0,0,0,0,0,0,0,0,0,0,0,0,1
3916,552,"藤原定家卿小倉百人一首撰定記念第73回全国競技かるた京都大会(D,E)",2019-12-14,E1,E,31,31,61,5,5,1,0,0,1,1,0,0,0,1,0,0,0,0,0,0,0,0,0,0,0,0,1
3917,552,"藤原定家卿小倉百人一首撰定記念第73回全国競技かるた京都大会(D,E)",2019-12-14,D2,D,47,47,109,6,6,1,0,0,17,17,0,0,0,17,0,0,0,0,0,0,0,0,0,0,0,0,1
3918,552,"藤原定家卿小倉百人一首撰定記念第73回全国競技かるた京都大会(D,E)",2019-12-14,D3,D,46,46,108,6,6,1,0,0,18,18,0,0,0,18,0,0,0,0,0,0,0,0,0,0,0,0,1
3919,552,"藤原定家卿小倉百人一首撰定記念第73回全国競技かるた京都大会(D,E)",2019-12-14,D4,D,49,49,111,6,6,1,0,0,15,15,0,0,0,15,0,0,0,0,0,0,0,0,0,0,0,0,1
3920,552,"藤原定家卿小倉百人一首撰定記念第73回全国競技かるた京都大会(D,E)",2019-12-14,D5,D,47,47,109,6,6,1,0,0,17,17,0,0,0,17,0,0,0,0,0,0,0,0,0,0,0,0,1
3921,552,"藤原定家卿小倉百人一首撰定記念第73回全国競技かるた京都大会(D,E)",2019-12-14,D6,D,47,47,109,6,6,1,0,0,17,17,0,0,0,17,0,2,0,0,0,0,0,0,0,0,0,0,1
3922,552,"藤原定家卿小倉百人一首撰定記念第73回全国競技かるた京都大会(D,E)",2019-12-14,D7,D,47,47,109,6,6,1,0,0,17,17,0,0,0,17,0,2,0,0,0,0,0,0,0,0,0,0,1
3923,552,"藤原定家卿小倉百人一首撰定記念第73回全国競技かるた京都大会(D,E)",2019-12-14,D8,D,45,45,107,6,6,1,0,0,19,19,0,0,0,19,0,0,0,0,0,0,0,0,0,0,0,0,1
3924,552,"藤原定家卿小倉百人一首撰定記念第73回全国競技かるた京都大会(D,E)",2019-12-14,D9,D,47,47,109,6,6,1,0,0,17,17,0,0,0,17,0,0,0,0,0,0,0,0,0,0,0,0,1
3925,552,"藤原定家卿小倉百人一首撰定記念第73回全国競技かるた京都大会(D,E)",2019-12-14,D10,D,43,43,105,6,6,1,0,0,21,21,0,0,0,21,0,0,0,0,0,0,0,0,0,0,0,0,1
3926,552,"藤原定家卿小倉百人一首撰定記念第73回全国競技かるた京都大会(D,E)",2019-12-14,E2,E,31,31,61,5,5,1,0,0,1,1,0,0,0,1,0,0,0,0,0,0,0,0,0,0,0,0,1
3927,552,"藤原定家卿小倉百人一首撰定記念第73回全国競技かるた京都大会(D,E)",2019-12-14,E3,E,33,33,95,6,6,1,0,0,31,31,0,0,0,31,0,0,0,0,0,0,0,0,0,0,0,0,1
3928,552,"藤原定家卿小倉百人一首撰定記念第73回全国競技かるた京都大会(D,E)",2019-12-14,E4,E,32,32,62,5,5,1,0,0,0,0,0,0,0,0,0,0,0,0,0,0,0,0,0,0,0,0,1
3929,552,"藤原定家卿小倉百人一首撰定記念第73回全国競技かるた京都大会(D,E)",2019-12-14,E5,E,30,30,60,5,5,1,0,0,2,2,0,0,0,2,0,0,0,0,0,0,0,0,0,0,0,0,1
3930,552,"藤原定家卿小倉百人一首撰定記念第73回全国競技かるた京都大会(D,E)",2019-12-14,E6,E,33,33,95,6,6,1,0,0,31,31,0,0,0,31,0,0,0,0,0,0,0,0,0,0,0,0,1
3931,553,"藤原定家卿小倉百人一首撰定記念第73回全国競技かるた京都大会(B,C)",2019-12-15,B1,B,105,105,231,7,7,1,0,0,23,23,0,0,0,23,0,0,0,0,0,0,0,0,0,0,0,0,1
3932,553,"藤原定家卿小倉百人一首撰定記念第73回全国競技かるた京都大会(B,C)",2019-12-15,C1,C,51,51,113,6,6,1,0,0,13,13,0,0,0,13,0,0,0,0,0,0,0,0,0,0,0,0,1
3933,553,"藤原定家卿小倉百人一首撰定記念第73回全国競技かるた京都大会(B,C)",2019-12-15,B2,B,99,99,225,7,7,1,0,0,29,29,0,0,0,29,0,0,0,0,0,0,0,0,0,0,0,0,1
3934,553,"藤原定家卿小倉百人一首撰定記念第73回全国競技かるた京都大会(B,C)",2019-12-15,C2,C,51,51,113,6,6,1,0,0,13,13,0,0,0,13,0,0,0,0,0,0,0,0,0,0,0,0,1
3935,553,"藤原定家卿小倉百人一首撰定記念第73回全国競技かるた京都大会(B,C)",2019-12-15,C3,C,53,53,115,6,6,1,0,0,11,11,0,0,0,11,0,0,0,0,0,0,0,0,0,0,0,0,1
3936,553,"藤原定家卿小倉百人一首撰定記念第73回全国競技かるた京都大会(B,C)",2019-12-15,C4,C,50,50,112,6,6,1,0,0,14,14,0,0,0,14,0,0,0,0,0,0,0,0,0,0,0,0,1
3937,553,"藤原定家卿小倉百人一首撰定記念第73回全国競技かるた京都大会(B,C)",2019-12-15,C5,C,52,52,114,6,6,1,0,0,12,12,0,0,0,12,0,0,0,0,0,0,0,0,0,0,0,0,1
3938,554,第6回渡邉雅大杯競技かるた大会(EFG),2019-03-03,E1,E,23,23,53,5,5,1,0,0,9,9,0,0,0,11,0,0,0,0,0,0,0,0,0,0,0,0,1
3939,554,第6回渡邉雅大杯競技かるた大会(EFG),2019-03-03,F1,,23,23,53,5,5,1,0,0,9,9,0,0,0,9,0,0,0,0,0,0,0,0,0,0,0,0,1
3940,554,第6回渡邉雅大杯競技かるた大会(EFG),2019-03-03,G1,,27,27,57,5,5,1,0,0,5,5,0,0,0,5,0,0,0,0,0,0,0,0,0,0,0,0,1
3941,554,第6回渡邉雅大杯競技かるた大会(EFG),2019-03-03,E2,E,24,24,53,5,5,1,0,0,7,7,0,0,0,7,0,0,0,0,0,0,0,0,0,0,0,0,1
3942,554,第6回渡邉雅大杯競技かるた大会(EFG),2019-03-03,F2,,23,23,53,5,5,1,0,0,9,9,0,0,0,9,0,0,0,0,0,0,0,0,0,0,0,0,1
3943,554,第6回渡邉雅大杯競技かるた大会(EFG),2019-03-03,G2,,26,26,56,5,5,1,0,0,6,6,0,0,0,6,0,0,0,0,0,0,0,0,0,0,0,0,1
3944,554,第6回渡邉雅大杯競技かるた大会(EFG),2019-03-03,G3,,27,27,57,5,5,1,0,0,5,5,0,0,0,5,0,0,0,0,0,0,0,0,0,0,0,0,1
3945,554,第6回渡邉雅大杯競技かるた大会(EFG),2019-03-03,G4,,27,27,57,5,5,1,0,0,5,5,0,0,0,5,0,2,0,0,0,0,0,0,0,0,0,0,1
3946,554,第6回渡邉雅大杯競技かるた大会(EFG),2019-03-03,G5,,27,27,57,5,5,1,0,0,5,5,0,0,0,5,0,0,0,0,0,0,0,0,0,0,0,0,1
3947,555,"第37回全国競技かるた宮崎大会(A,B,C)",2019-07-14,A,A,64,64,126,6,6,1,0,0,0,0,0,0,0,0,0,0,0,0,0,0,0,0,0,0,0,0,1
3948,555,"第37回全国競技かるた宮崎大会(A,B,C)",2019-07-14,B1,B,41,41,103,6,6,1,0,0,23,23,0,0,0,23,0,0,0,0,0,0,0,0,0,0,0,0,1
3949,555,"第37回全国競技かるた宮崎大会(A,B,C)",2019-07-14,C1,C,45,45,107,6,6,1,0,0,19,19,0,0,0,19,0,0,0,0,0,0,0,0,0,0,0,0,1
3950,555,"第37回全国競技かるた宮崎大会(A,B,C)",2019-07-14,B2,B,49,49,111,6,6,1,0,0,15,15,0,0,0,15,0,0,0,0,0,0,0,0,0,0,0,0,1
3951,555,"第37回全国競技かるた宮崎大会(A,B,C)",2019-07-14,C2,C,45,45,107,6,6,1,0,0,19,19,0,0,0,19,0,0,0,0,0,0,0,0,0,0,0,0,1
3952,556,"第37回全国競技かるた宮崎大会(D,E)",2019-11-17,D1,D,28,28,58,5,5,1,0,0,4,4,0,0,0,4,0,0,0,0,0,0,0,0,0,0,0,0,1
3953,556,"第37回全国競技かるた宮崎大会(D,E)",2019-11-17,E,E,25,25,55,5,5,1,0,0,7,7,0,0,0,7,0,0,0,0,0,0,0,0,0,0,0,0,1
3954,556,"第37回全国競技かるた宮崎大会(D,E)",2019-11-17,D2,D,29,29,59,5,5,1,0,0,3,3,0,0,0,3,0,2,0,0,0,0,0,0,0,0,0,0,1
3955,556,"第37回全国競技かるた宮崎大会(D,E)",2019-11-17,D3,D,27,27,57,5,5,1,0,0,5,5,0,0,0,5,0,0,0,0,0,0,0,0,0,0,0,0,1
3956,556,"第37回全国競技かるた宮崎大会(D,E)",2019-11-17,D4,D,29,29,59,5,5,1,0,0,3,3,0,0,0,3,0,0,0,0,0,0,0,0,0,0,0,0,1
3957,557,"第101回全国競技かるた大阪大会(D,E)",2019-12-21,D1,D,28,28,58,5,5,1,0,0,4,4,0,0,0,4,0,0,0,0,0,0,0,0,0,0,0,0,1
3958,557,"第101回全国競技かるた大阪大会(D,E)",2019-12-21,E1,E,32,32,62,5,5,1,0,0,0,0,0,0,0,0,0,0,0,0,0,0,0,0,0,0,0,0,1
3959,557,"第101回全国競技かるた大阪大会(D,E)",2019-12-21,D2,D,29,29,59,5,5,1,0,0,3,3,0,0,0,3,0,0,0,0,0,0,0,0,0,0,0,0,1
3960,557,"第101回全国競技かるた大阪大会(D,E)",2019-12-21,D3,D,29,29,59,5,5,1,0,0,3,3,0,0,0,3,0,0,0,0,0,0,0,0,0,0,0,0,1
3961,557,"第101回全国競技かるた大阪大会(D,E)",2019-12-21,D4,D,30,30,60,5,5,1,0,0,2,2,0,0,0,2,0,0,0,0,0,0,0,0,0,0,0,0,1
3962,557,"第101回全国競技かるた大阪大会(D,E)",2019-12-21,D5,D,30,30,60,5,5,1,0,0,2,2,0,0,0,2,0,0,0,0,0,0,0,0,0,0,0,0,1
3963,557,"第101回全国競技かるた大阪大会(D,E)",2019-12-21,D6,D,30,30,60,5,5,1,0,0,2,2,0,0,0,2,0,0,0,0,0,0,0,0,0,0,0,0,1
3964,557,"第101回全国競技かるた大阪大会(D,E)",2019-12-21,D7,D,28,28,58,5,5,1,0,0,4,4,0,0,0,4,0,0,0,0,0,0,0,0,0,0,0,0,1
3965,557,"第101回全国競技かるた大阪大会(D,E)",2019-12-21,D8,D,31,31,61,5,5,1,0,0,1,1,0,0,0,1,0,0,0,0,0,0,0,0,0,0,0,0,1
3966,557,"第101回全国競技かるた大阪大会(D,E)",2019-12-21,D9,D,25,25,55,5,5,1,0,0,7,7,0,0,0,7,0,0,0,0,0,0,0,0,0,0,0,0,1
3967,557,"第101回全国競技かるた大阪大会(D,E)",2019-12-21,D10,D,32,32,62,5,5,1,0,0,0,0,0,0,0,0,0,0,0,0,0,0,0,0,0,0,0,0,1
3968,557,"第101回全国競技かるた大阪大会(D,E)",2019-12-21,D11,D,28,28,58,5,5,1,0,0,4,4,0,0,0,4,0,0,0,0,0,0,0,0,0,0,0,0,1
3969,557,"第101回全国競技かるた大阪大会(D,E)",2019-12-21,D12,D,29,29,59,5,5,1,0,0,3,3,0,0,0,3,0,4,0,0,0,0,0,0,0,0,0,0,1
3970,557,"第101回全国競技かるた大阪大会(D,E)",2019-12-21,E2,E,28,28,58,5,5,1,0,0,4,4,0,0,0,4,0,0,0,0,0,0,0,0,0,0,0,0,1
3971,557,"第101回全国競技かるた大阪大会(D,E)",2019-12-21,E3,E,29,29,59,5,5,1,0,0,3,3,0,0,0,3,0,0,0,0,0,0,0,0,0,0,0,0,1
3972,557,"第101回全国競技かるた大阪大会(D,E)",2019-12-21,E4,E,29,29,59,5,5,1,0,0,3,3,0,0,0,3,0,0,0,0,0,0,0,0,0,0,0,0,1
3973,557,"第101回全国競技かるた大阪大会(D,E)",2019-12-21,E5,E,32,32,62,5,5,1,0,0,0,0,0,0,0,0,0,0,0,0,0,0,0,0,0,0,0,0,1
3974,557,"第101回全国競技かるた大阪大会(D,E)",2019-12-21,E6,E,31,31,61,5,5,1,0,0,1,1,0,0,0,1,0,0,0,0,0,0,0,0,0,0,0,0,1
3975,558,"第101回全国競技かるた大阪大会(B,C)",2019-12-22,B1,B,58,58,120,6,6,1,0,0,6,6,0,0,0,6,0,0,0,0,0,0,0,0,0,0,0,0,1
3976,558,"第101回全国競技かるた大阪大会(B,C)",2019-12-22,C1,C,55,55,117,6,6,1,0,0,9,9,0,0,0,9,0,0,0,0,0,0,0,0,0,0,0,0,1
3977,558,"第101回全国競技かるた大阪大会(B,C)",2019-12-22,B2,B,60,60,122,6,6,1,0,0,4,4,0,0,0,4,0,0,0,0,0,0,0,0,0,0,0,0,1
3978,558,"第101回全国競技かるた大阪大会(B,C)",2019-12-22,B3,B,55,55,117,6,6,1,0,0,9,9,0,0,0,9,0,0,0,0,0,0,0,0,0,0,0,0,1
3979,558,"第101回全国競技かるた大阪大会(B,C)",2019-12-22,C2,C,52,52,114,6,6,1,0,2,14,12,0,0,0,12,0,2,0,0,0,0,0,0,0,0,0,0,1
3980,558,"第101回全国競技かるた大阪大会(B,C)",2019-12-22,C3,C,58,58,120,6,6,1,0,0,6,6,0,0,0,6,0,0,0,0,0,0,0,0,0,0,0,0,1
3981,558,"第101回全国競技かるた大阪大会(B,C)",2019-12-22,C4,C,56,56,118,6,6,1,0,0,8,8,0,0,0,8,0,0,0,0,0,0,0,0,0,0,0,0,1
3982,559,第37回全国競技かるた東京吉野会大会(D),2019-06-02,D1,D,56,56,118,6,6,1,0,0,8,8,0,0,0,8,0,0,0,0,0,0,0,0,0,0,0,0,1
3983,559,第37回全国競技かるた東京吉野会大会(D),2019-06-02,D2,D,58,58,120,6,6,1,0,0,6,6,0,0,0,8,0,0,0,0,0,0,0,0,0,0,0,0,1
3984,559,第37回全国競技かるた東京吉野会大会(D),2019-06-02,D3,D,55,55,117,6,6,1,0,0,9,9,0,0,0,9,0,0,0,0,0,0,0,0,0,0,0,0,1
3985,559,第37回全国競技かるた東京吉野会大会(D),2019-06-02,D4,D,55,55,117,6,6,1,0,0,9,9,0,0,0,9,0,0,0,0,0,0,0,0,0,0,0,0,1
3986,559,第37回全国競技かるた東京吉野会大会(D),2019-06-02,D5,D,56,56,118,6,6,1,0,0,8,8,0,0,0,10,0,0,0,0,0,0,0,0,0,0,0,0,1
3987,560,第37回全国競技かるた東京吉野会大会(E),2019-08-31,E1,E,50,50,112,6,6,1,0,0,14,14,0,0,0,14,0,2,0,0,0,0,0,0,0,0,0,0,1
3988,560,第37回全国競技かるた東京吉野会大会(E),2019-08-31,E2,E,51,51,113,6,6,1,0,0,13,13,0,0,0,13,0,0,0,0,0,0,0,0,0,0,0,0,1
3989,560,第37回全国競技かるた東京吉野会大会(E),2019-08-31,E3,E,46,46,108,6,6,1,0,0,18,18,0,0,0,18,0,0,0,0,0,0,0,0,0,0,0,0,1
3990,560,第37回全国競技かるた東京吉野会大会(E),2019-08-31,E4,E,44,44,106,6,6,1,0,0,20,20,0,0,0,20,0,2,0,0,0,0,0,0,0,0,0,0,1
3991,560,第37回全国競技かるた東京吉野会大会(E),2019-08-31,E5,E,45,45,107,6,6,1,0,0,19,19,0,0,0,19,0,0,0,0,0,0,0,0,0,0,0,0,1
3992,560,第37回全国競技かるた東京吉野会大会(E),2019-08-31,E6,E,49,49,111,6,6,1,0,0,15,15,0,0,0,15,0,0,0,0,0,0,0,0,0,0,0,0,1
3993,560,第37回全国競技かるた東京吉野会大会(E),2019-08-31,E7,E,47,47,109,6,6,1,0,0,17,17,0,0,0,17,0,0,0,0,0,0,0,0,0,0,0,0,1
3994,560,第37回全国競技かるた東京吉野会大会(E),2019-08-31,E8,E,44,44,106,6,6,1,0,0,20,20,0,0,0,20,0,2,0,0,0,0,0,0,0,0,0,0,1
3995,560,第37回全国競技かるた東京吉野会大会(E),2019-08-31,E9,E,46,46,108,6,6,1,0,0,18,18,0,0,0,18,0,2,0,0,0,0,0,0,0,0,0,0,1
3996,560,第37回全国競技かるた東京吉野会大会(E),2019-08-31,E10,E,46,46,108,6,6,1,0,0,18,18,0,0,0,18,0,0,0,0,0,0,0,0,0,0,0,0,1
3997,560,第37回全国競技かるた東京吉野会大会(E),2019-08-31,E11,E,44,44,106,6,6,1,0,0,20,20,0,0,0,20,0,0,0,0,0,0,0,0,0,0,0,0,1
3998,560,第37回全国競技かるた東京吉野会大会(E),2019-08-31,E12,E,49,49,111,6,6,1,0,0,15,15,0,0,0,15,0,0,0,0,0,0,0,0,0,0,0,0,1
3999,561,第20回百人一首競技かるた杉並大会,2019-06-09,D1,D,62,62,124,6,6,1,0,0,2,2,0,0,0,4,0,0,0,0,0,0,0,0,0,0,0,0,1
4000,561,第20回百人一首競技かるた杉並大会,2019-06-09,E1,E,27,27,57,5,5,1,0,0,5,5,0,0,0,5,0,0,0,0,0,0,0,0,0,0,0,0,1
4001,561,第20回百人一首競技かるた杉並大会,2019-06-09,F1,,27,27,57,5,5,1,0,0,5,5,0,0,0,5,0,0,0,0,0,0,0,0,0,0,0,0,1
4002,561,第20回百人一首競技かるた杉並大会,2019-06-09,D2,D,61,61,123,6,6,1,0,0,3,3,0,0,0,3,0,0,0,0,0,0,0,0,0,0,0,0,1
4003,561,第20回百人一首競技かるた杉並大会,2019-06-09,E2,E,29,29,59,5,5,1,0,0,3,3,0,0,0,3,0,0,0,0,0,0,0,0,0,0,0,0,1
4004,561,第20回百人一首競技かるた杉並大会,2019-06-09,E3,E,29,29,59,5,5,1,0,0,3,3,0,0,0,3,0,0,0,0,0,0,0,0,0,0,0,0,1
4005,561,第20回百人一首競技かるた杉並大会,2019-06-09,E4,E,29,29,59,5,5,1,0,0,3,3,0,0,0,3,0,0,0,0,0,0,0,0,0,0,0,0,1
4006,561,第20回百人一首競技かるた杉並大会,2019-06-09,E5,E,29,29,59,5,5,1,0,0,3,3,0,0,0,3,0,0,0,0,0,0,0,0,0,0,0,0,1
4007,561,第20回百人一首競技かるた杉並大会,2019-06-09,E6,E,28,28,58,5,5,1,0,0,4,4,0,0,0,4,0,0,0,0,0,0,0,0,0,0,0,0,1
4008,561,第20回百人一首競技かるた杉並大会,2019-06-09,E7,E,27,27,57,5,5,1,0,0,5,5,0,0,0,5,0,0,0,0,0,0,0,0,0,0,0,0,1
4009,561,第20回百人一首競技かるた杉並大会,2019-06-09,E8,E,29,29,59,5,5,1,0,0,3,3,0,0,0,3,0,0,0,0,0,0,0,0,0,0,0,0,1
4010,561,第20回百人一首競技かるた杉並大会,2019-06-09,F2,,29,29,59,5,5,1,0,0,3,3,0,0,0,5,0,2,0,0,0,0,0,0,0,0,0,0,1
4011,561,第20回百人一首競技かるた杉並大会,2019-06-09,F3,,27,27,57,5,5,1,0,0,5,5,0,0,0,5,0,2,0,0,0,0,0,0,0,0,0,0,1
4012,561,第20回百人一首競技かるた杉並大会,2019-06-09,F4,,27,27,57,5,5,1,0,0,5,5,0,0,0,5,0,0,0,0,0,0,0,0,0,0,0,0,1
4013,561,第20回百人一首競技かるた杉並大会,2019-06-09,F5,,28,28,58,5,5,1,0,0,4,4,0,0,0,4,0,0,0,0,0,0,0,0,0,0,0,0,1
4014,561,第20回百人一首競技かるた杉並大会,2019-06-09,F6,,25,25,55,5,5,1,0,0,7,7,0,0,0,7,0,0,0,0,0,0,0,0,0,0,0,0,1
4015,561,第20回百人一首競技かるた杉並大会,2019-06-09,F7,,28,28,58,5,5,1,0,0,4,4,0,0,0,4,0,0,0,0,0,0,0,0,0,0,0,0,1
4016,561,第20回百人一首競技かるた杉並大会,2019-06-09,F8,,28,28,58,5,5,1,0,0,4,4,0,0,0,4,0,0,0,0,0,0,0,0,0,0,0,0,1
4017,562,第69回全国競技かるた東京白妙大会(D),2019-06-08,D1,D,49,49,111,6,6,1,0,0,15,15,0,0,0,15,0,0,0,0,0,0,0,0,0,0,0,0,1
4018,562,第69回全国競技かるた東京白妙大会(D),2019-06-08,D2,D,49,49,111,6,6,1,0,0,15,15,0,0,0,15,0,0,0,0,0,0,0,0,0,0,0,0,1
4019,562,第69回全国競技かるた東京白妙大会(D),2019-06-08,D3,D,49,49,111,6,6,1,0,0,15,15,0,0,0,15,0,0,0,0,0,0,0,0,0,0,0,0,1
4020,562,第69回全国競技かるた東京白妙大会(D),2019-06-08,D4,D,51,51,113,6,6,1,0,0,13,13,0,0,0,15,0,0,0,0,0,0,0,0,0,0,0,0,1
4021,562,第69回全国競技かるた東京白妙大会(D),2019-06-08,D5,D,50,50,112,6,6,1,0,0,14,14,0,0,0,14,0,0,0,0,0,0,0,0,0,0,0,0,1
4022,562,第69回全国競技かるた東京白妙大会(D),2019-06-08,D6,D,50,50,112,6,6,1,0,0,14,14,0,0,0,14,0,0,0,0,0,0,0,0,0,0,0,0,1
4023,563,藤原定家卿小倉百人一首撰定記念第73回全国競技かるた京都大会(A),2019-05-26,A,A,106,106,232,7,7,1,0,0,22,22,0,0,0,22,0,0,0,0,0,0,0,0,0,0,0,0,1
4024,564,"第73回全国競技かるた東京東会大会(B,C)",2019-06-15,B1,B,65,65,161,7,7,1,0,0,33,33,0,0,0,33,0,0,0,0,0,0,0,0,0,0,0,0,1
4025,564,"第73回全国競技かるた東京東会大会(B,C)",2019-06-15,C1,C,58,58,119,6,6,1,0,0,5,5,0,0,0,5,0,0,0,0,0,0,0,0,0,0,0,0,1
4026,564,"第73回全国競技かるた東京東会大会(B,C)",2019-06-15,B2,B,67,67,163,7,7,1,0,0,31,31,0,0,0,33,0,0,0,0,0,0,0,0,0,0,0,0,1
4027,564,"第73回全国競技かるた東京東会大会(B,C)",2019-06-15,B3,B,67,67,163,7,7,1,0,0,31,31,0,0,0,31,0,0,0,0,0,0,0,0,0,0,0,0,1
4028,564,"第73回全国競技かるた東京東会大会(B,C)",2019-06-15,B4,B,65,65,161,7,7,1,0,0,33,33,0,0,0,33,0,0,0,0,0,0,0,0,0,0,0,0,1
4029,564,"第73回全国競技かるた東京東会大会(B,C)",2019-06-15,C2,C,57,57,119,6,6,1,0,0,7,7,0,0,0,7,0,0,0,0,0,0,0,0,0,0,0,0,1
4030,564,"第73回全国競技かるた東京東会大会(B,C)",2019-06-15,C3,C,59,59,121,6,6,1,0,0,5,5,0,0,0,5,0,0,0,0,0,0,0,0,0,0,0,0,1
4031,564,"第73回全国競技かるた東京東会大会(B,C)",2019-06-15,C4,C,61,61,123,6,6,1,0,0,3,3,0,0,0,3,0,0,0,0,0,0,0,0,0,0,0,0,1
4032,565,第6回全国競技かるた長崎大会,2019-11-10,A,A,40,40,102,6,6,1,0,0,24,24,0,0,0,24,0,0,0,0,0,0,0,0,0,0,0,0,1
4033,565,第6回全国競技かるた長崎大会,2019-11-10,B1,B,38,38,100,6,6,1,0,0,26,26,0,0,0,26,0,0,0,0,0,0,0,0,0,0,0,0,1
4034,565,第6回全国競技かるた長崎大会,2019-11-10,C1,C,35,35,97,6,6,1,0,0,29,29,0,0,0,29,0,0,0,0,0,0,0,0,0,0,0,0,1
4035,565,第6回全国競技かるた長崎大会,2019-11-10,D1,D,28,28,58,5,5,1,0,0,4,4,0,0,0,4,0,0,0,0,0,0,0,0,0,0,0,0,1
4036,565,第6回全国競技かるた長崎大会,2019-11-10,E1,E,32,32,62,5,5,1,0,0,0,0,0,0,0,0,0,0,0,0,0,0,0,0,0,0,0,0,1
4037,565,第6回全国競技かるた長崎大会,2019-11-10,B2,B,39,39,101,6,6,1,0,0,25,25,0,0,0,25,0,0,0,0,0,0,0,0,0,0,0,0,1
4038,565,第6回全国競技かるた長崎大会,2019-11-10,E2,E,32,32,62,5,5,1,0,0,0,0,0,0,0,0,0,0,0,0,0,0,0,0,0,0,0,0,1
4039,565,第6回全国競技かるた長崎大会,2019-11-10,D2,D,25,25,55,5,5,1,0,0,7,7,0,0,0,9,0,0,0,0,0,0,0,0,0,0,0,0,1
4040,565,第6回全国競技かるた長崎大会,2019-11-10,C2,C,39,39,101,6,6,1,0,0,25,25,0,0,0,27,0,0,0,0,0,0,0,0,0,0,0,0,1
4041,565,第6回全国競技かるた長崎大会,2019-11-10,D3,D,27,27,57,5,5,1,0,0,5,5,0,0,0,5,0,0,0,0,0,0,0,0,0,0,0,0,1
4042,565,第6回全国競技かるた長崎大会,2019-11-10,D4,D,22,22,52,5,5,1,0,0,10,10,0,0,0,10,0,0,0,0,0,0,0,0,0,0,0,0,1
4043,566,第52回神奈川県かるた大会,2019-07-07,F1,,25,25,55,5,5,1,0,0,7,7,0,0,0,7,0,0,0,0,0,0,0,0,0,0,0,0,1
4044,566,第52回神奈川県かるた大会,2019-07-07,G1,,27,27,57,5,5,1,0,0,5,5,0,0,0,5,0,0,0,0,0,0,0,0,0,0,0,0,1
4045,566,第52回神奈川県かるた大会,2019-07-07,F2,,22,22,52,5,5,1,0,0,10,10,0,0,0,10,0,0,0,0,0,0,0,0,0,0,0,0,1
4046,566,第52回神奈川県かるた大会,2019-07-07,F3,,23,23,53,5,5,1,0,0,9,9,0,0,0,9,0,0,0,0,0,0,0,0,0,0,0,0,1
4047,566,第52回神奈川県かるた大会,2019-07-07,F4,,24,24,54,5,5,1,0,0,8,8,0,0,0,8,0,0,0,0,0,0,0,0,0,0,0,0,1
4048,566,第52回神奈川県かるた大会,2019-07-07,G2,,26,26,56,5,5,1,0,0,6,6,0,0,0,6,0,2,0,0,0,0,0,0,0,0,0,0,1
4049,566,第52回神奈川県かるた大会,2019-07-07,G3,,27,27,57,5,5,1,0,0,5,5,0,0,0,5,0,0,0,0,0,0,0,0,0,0,0,0,1
4050,566,第52回神奈川県かるた大会,2019-07-07,G4,,26,26,56,5,5,1,0,0,6,6,0,0,0,6,0,0,0,0,0,0,0,0,0,0,0,0,1
4051,566,第52回神奈川県かるた大会,2019-07-07,G5,,27,27,57,5,5,1,0,0,5,5,0,0,0,5,0,2,0,0,0,0,0,0,0,0,0,0,1
4052,566,第52回神奈川県かるた大会,2019-07-07,G6,,25,25,55,5,5,1,0,0,7,7,0,0,0,7,0,0,0,0,0,0,0,0,0,0,0,0,1
4053,566,第52回神奈川県かるた大会,2019-07-07,G7,,26,26,56,5,5,1,0,0,6,6,0,0,0,6,0,0,0,0,0,0,0,0,0,0,0,0,1
4054,566,第52回神奈川県かるた大会,2019-07-07,G8,,29,29,59,5,5,1,0,0,3,3,0,0,0,3,0,0,0,0,0,0,0,0,0,0,0,0,1
4055,567,第4回全国競技かるた福島大会,2019-12-21,A,A,59,59,121,6,6,1,0,0,5,5,0,0,0,15,0,0,0,0,0,0,0,0,0,0,0,0,1
4056,567,第4回全国競技かるた福島大会,2019-12-21,B,B,64,64,126,6,6,1,0,0,0,0,0,0,0,2,0,0,0,0,0,0,0,0,0,0,0,0,1
4057,567,第4回全国競技かるた福島大会,2019-12-21,C1,C,33,33,95,6,6,1,0,0,31,31,0,0,0,31,0,0,0,0,0,0,0,0,0,0,0,0,1
4058,567,第4回全国競技かるた福島大会,2019-12-21,D1,D,32,32,62,5,5,1,0,0,0,0,0,0,0,4,0,0,0,0,0,0,0,0,0,0,0,0,1
4059,567,第4回全国競技かるた福島大会,2019-12-21,E,E,23,23,53,5,5,1,0,0,9,9,0,0,0,9,0,0,0,0,0,0,0,0,0,0,0,0,1
4060,567,第4回全国競技かるた福島大会,2019-12-21,C2,C,31,31,61,5,5,1,0,0,1,1,0,0,0,1,0,0,0,0,0,0,0,0,0,0,0,0,1
4061,567,第4回全国競技かるた福島大会,2019-12-21,D2,D,32,32,62,5,5,1,0,0,0,0,0,0,0,2,0,0,0,0,0,0,0,0,0,0,0,0,1
4062,567,第4回全国競技かるた福島大会,2019-12-21,D3,D,30,30,60,5,5,1,0,0,2,2,0,0,0,4,0,2,0,0,0,0,0,0,0,0,0,0,1
4063,568,"第22回神奈川県かるた選手権大会(A,B,C,D)",2019-09-23,A,A,17,17,47,5,5,1,0,0,15,15,0,0,0,15,0,0,0,0,0,0,0,0,0,0,0,0,1
4064,568,"第22回神奈川県かるた選手権大会(A,B,C,D)",2019-09-23,B,B,32,32,62,5,5,1,0,0,0,0,0,0,0,0,0,0,0,0,0,0,0,0,0,0,0,0,1
4065,568,"第22回神奈川県かるた選手権大会(A,B,C,D)",2019-09-23,C,C,60,60,122,6,6,1,0,0,4,4,0,0,0,4,0,0,0,0,0,0,0,0,0,0,0,0,1
4066,568,"第22回神奈川県かるた選手権大会(A,B,C,D)",2019-09-23,D1,D,52,52,114,6,6,1,0,0,12,12,0,0,0,14,0,0,0,0,0,0,0,0,0,0,0,0,1
4067,568,"第22回神奈川県かるた選手権大会(A,B,C,D)",2019-09-23,D2,D,52,52,114,6,6,1,0,0,12,12,0,0,0,12,0,0,0,0,0,0,0,0,0,0,0,0,1
4068,568,"第22回神奈川県かるた選手権大会(A,B,C,D)",2019-09-23,D3,D,51,51,113,6,6,1,0,0,13,13,0,0,0,13,0,0,0,0,0,0,0,0,0,0,0,0,1
4069,569,小倉百人一首競技かるた第65回新春全国大会(E),2019-12-29,E1,E,28,28,58,5,5,1,0,0,4,4,0,0,0,4,0,0,0,0,0,0,0,0,0,0,0,0,1
4070,569,小倉百人一首競技かるた第65回新春全国大会(E),2019-12-29,E2,E,26,26,56,5,5,1,0,0,6,6,0,0,0,6,0,0,0,0,0,0,0,0,0,0,0,0,1
4071,569,小倉百人一首競技かるた第65回新春全国大会(E),2019-12-29,E3,E,27,27,57,5,5,1,0,0,5,5,0,0,0,5,0,0,0,0,0,0,0,0,0,0,0,0,1
4072,569,小倉百人一首競技かるた第65回新春全国大会(E),2019-12-29,E4,E,27,27,57,5,5,1,0,0,5,5,0,0,0,5,0,0,0,0,0,0,0,0,0,0,0,0,1
4073,569,小倉百人一首競技かるた第65回新春全国大会(E),2019-12-29,E5,E,28,28,58,5,5,1,0,0,4,4,0,0,0,4,0,0,0,0,0,0,0,0,0,0,0,0,1
4074,569,小倉百人一首競技かるた第65回新春全国大会(E),2019-12-29,E6,E,26,26,56,5,5,1,0,0,6,6,0,0,0,6,0,0,0,0,0,0,0,0,0,0,0,0,1
4075,569,小倉百人一首競技かるた第65回新春全国大会(E),2019-12-29,E7,E,28,28,58,5,5,1,0,0,4,4,0,0,0,4,0,0,0,0,0,0,0,0,0,0,0,0,1
4076,569,小倉百人一首競技かるた第65回新春全国大会(E),2019-12-29,E8,E,27,27,57,5,5,1,0,0,5,5,0,0,0,5,0,0,0,0,0,0,0,0,0,0,0,0,1
4077,569,小倉百人一首競技かるた第65回新春全国大会(E),2019-12-29,E9,E,28,28,58,5,5,1,0,0,4,4,0,0,0,4,0,0,0,0,0,0,0,0,0,0,0,0,1
4078,569,小倉百人一首競技かるた第65回新春全国大会(E),2019-12-29,E10,E,27,27,57,5,5,1,0,0,5,5,0,0,0,5,0,0,0,0,0,0,0,0,0,0,0,0,1
4079,569,小倉百人一首競技かるた第65回新春全国大会(E),2019-12-29,E11,E,27,27,57,5,5,1,0,0,5,5,0,0,0,5,0,0,0,0,0,0,0,0,0,0,0,0,1
4080,569,小倉百人一首競技かるた第65回新春全国大会(E),2019-12-29,E12,E,27,27,57,5,5,1,0,0,5,5,0,0,0,7,0,0,0,0,0,0,0,0,0,0,0,0,1
4081,569,小倉百人一首競技かるた第65回新春全国大会(E),2019-12-29,E13,E,27,27,57,5,5,1,0,0,5,5,0,0,0,5,0,0,0,0,0,0,0,0,0,0,0,0,1
4082,569,小倉百人一首競技かるた第65回新春全国大会(E),2019-12-29,E14,E,28,28,58,5,5,1,0,0,4,4,0,0,0,4,0,0,0,0,0,0,0,0,0,0,0,0,1
4083,569,小倉百人一首競技かるた第65回新春全国大会(E),2019-12-29,E15,E,28,28,58,5,5,1,0,0,4,4,0,0,0,4,0,0,0,0,0,0,0,0,0,0,0,0,1
4084,569,小倉百人一首競技かるた第65回新春全国大会(E),2019-12-29,E16,E,27,27,57,5,5,1,0,0,5,5,0,0,0,5,0,0,0,0,0,0,0,0,0,0,0,0,1
4085,569,小倉百人一首競技かるた第65回新春全国大会(E),2019-12-29,E17,E,26,26,56,5,5,1,0,0,6,6,0,0,0,6,0,0,0,0,0,0,0,0,0,0,0,0,1
4086,569,小倉百人一首競技かるた第65回新春全国大会(E),2019-12-29,E18,E,27,27,57,5,5,1,0,0,5,5,0,0,0,5,0,0,0,0,0,0,0,0,0,0,0,0,1
4087,569,小倉百人一首競技かるた第65回新春全国大会(E),2019-12-29,E19,E,27,27,57,5,5,1,0,0,5,5,0,0,0,5,0,0,0,0,0,0,0,0,0,0,0,0,1
4088,569,小倉百人一首競技かるた第65回新春全国大会(E),2019-12-29,E20,E,28,28,58,5,5,1,0,0,4,4,0,0,0,4,0,0,0,0,0,0,0,0,0,0,0,0,1
4089,569,小倉百人一首競技かるた第65回新春全国大会(E),2019-12-29,E21,E,27,27,57,5,5,1,0,0,5,5,0,0,0,5,0,0,0,0,0,0,0,0,0,0,0,0,1
4090,569,小倉百人一首競技かるた第65回新春全国大会(E),2019-12-29,E22,E,27,27,57,5,5,1,0,0,5,5,0,0,0,5,0,0,0,0,0,0,0,0,0,0,0,0,1
4091,569,小倉百人一首競技かるた第65回新春全国大会(E),2019-12-29,E24,E,26,26,56,5,5,1,0,0,6,6,0,0,0,8,0,0,0,0,0,0,0,0,0,0,0,0,1
4092,570,第72回全国競技かるた福井大会(E),2019-09-08,E1,E,28,28,58,5,5,1,0,0,4,4,0,0,0,4,0,0,0,0,0,0,0,0,0,0,0,0,1
4093,570,第72回全国競技かるた福井大会(E),2019-09-08,E2,E,29,29,59,5,5,1,0,0,3,3,0,0,0,3,0,0,0,0,0,0,0,0,0,0,0,0,1
4094,570,第72回全国競技かるた福井大会(E),2019-09-08,E3,E,28,28,58,5,5,1,0,0,4,4,0,0,0,4,0,0,0,0,0,0,0,0,0,0,0,0,1
4095,570,第72回全国競技かるた福井大会(E),2019-09-08,E4,E,27,27,57,5,5,1,0,0,5,5,0,0,0,5,0,0,0,0,0,0,0,0,0,0,0,0,1
4096,571,第26回東京都かるた大会,2019-09-07,E1,E,26,26,56,5,5,1,0,0,6,6,0,0,0,6,0,0,0,0,0,0,0,0,0,0,0,0,1
4097,571,第26回東京都かるた大会,2019-09-07,F1,,31,31,61,5,5,1,0,0,1,1,0,0,0,1,0,0,0,0,0,0,0,0,0,0,0,0,1
4098,571,第26回東京都かるた大会,2019-09-07,E2,E,24,24,54,5,5,1,0,0,8,8,0,0,0,8,0,0,0,0,0,0,0,0,0,0,0,0,1
4099,571,第26回東京都かるた大会,2019-09-07,E3,E,25,25,55,5,5,1,0,0,7,7,0,0,0,7,0,0,0,0,0,0,0,0,0,0,0,0,1
4100,571,第26回東京都かるた大会,2019-09-07,E4,E,23,23,53,5,5,1,0,0,9,9,0,0,0,9,0,0,0,0,0,0,0,0,0,0,0,0,1
4101,571,第26回東京都かるた大会,2019-09-07,F2,,30,30,60,5,5,1,0,0,2,2,0,0,0,2,0,0,0,0,0,0,0,0,0,0,0,0,1
4102,571,第26回東京都かるた大会,2019-09-07,F3,,31,31,61,5,5,1,0,0,1,1,0,0,0,1,0,0,0,0,0,0,0,0,0,0,0,0,1
4103,572,"第7回渡邉雅大杯競技かるた大会(E,F,G)",2019-09-08,E1,E,19,19,49,5,5,1,0,0,13,13,0,0,0,13,0,0,0,0,0,0,0,0,0,0,0,0,1
4104,572,"第7回渡邉雅大杯競技かるた大会(E,F,G)",2019-09-08,F1,,27,27,57,5,5,1,0,0,5,5,0,0,0,5,0,0,0,0,0,0,0,0,0,0,0,0,1
4105,572,"第7回渡邉雅大杯競技かるた大会(E,F,G)",2019-09-08,G1,,28,28,58,5,5,1,0,0,4,4,0,0,0,4,0,0,0,0,0,0,0,0,0,0,0,0,1
4106,572,"第7回渡邉雅大杯競技かるた大会(E,F,G)",2019-09-08,E2,E,22,22,52,5,5,1,0,0,10,10,0,0,0,10,0,0,0,0,0,0,0,0,0,0,0,0,1
4107,572,"第7回渡邉雅大杯競技かるた大会(E,F,G)",2019-09-08,E3,E,20,20,50,5,5,1,0,0,12,12,0,0,0,12,0,0,0,0,0,0,0,0,0,0,0,0,1
4108,572,"第7回渡邉雅大杯競技かるた大会(E,F,G)",2019-09-08,F2,,29,29,59,5,5,1,0,0,3,3,0,0,0,3,0,0,0,0,0,0,0,0,0,0,0,0,1
4109,572,"第7回渡邉雅大杯競技かるた大会(E,F,G)",2019-09-08,G2,,25,25,55,5,5,1,0,0,7,7,0,0,0,7,0,0,0,0,0,0,0,0,0,0,0,0,1
4110,572,"第7回渡邉雅大杯競技かるた大会(E,F,G)",2019-09-08,G3,,26,26,56,5,5,1,0,0,6,6,0,0,0,6,0,2,0,0,0,0,0,0,0,0,0,0,1
4111,572,"第7回渡邉雅大杯競技かるた大会(E,F,G)",2019-09-08,G4,,23,23,53,5,5,1,0,0,9,9,0,0,0,9,0,2,0,0,0,0,0,0,0,0,0,0,1
4112,573,"府中白妙会結成30周年記念全国競技かるた府中大会(A,B,C)",2019-09-15,A,A,106,106,232,7,7,1,0,0,22,22,0,0,0,22,0,0,0,0,0,0,0,0,0,0,0,0,1
4113,573,"府中白妙会結成30周年記念全国競技かるた府中大会(A,B,C)",2019-09-15,B1,B,125,125,251,7,7,1,0,0,3,3,0,0,0,3,0,0,0,0,0,0,0,0,0,0,0,0,1
4114,573,"府中白妙会結成30周年記念全国競技かるた府中大会(A,B,C)",2019-09-15,C1,C,64,64,126,6,6,1,0,0,0,0,0,0,0,2,0,2,0,0,0,0,0,0,0,0,0,0,1
4115,573,"府中白妙会結成30周年記念全国競技かるた府中大会(A,B,C)",2019-09-15,B2,B,122,122,248,7,7,1,0,0,6,6,0,0,0,6,0,0,0,0,0,0,0,0,0,0,0,0,1
4116,573,"府中白妙会結成30周年記念全国競技かるた府中大会(A,B,C)",2019-09-15,C2,C,61,61,123,6,6,1,0,0,3,3,0,0,0,3,0,0,0,0,0,0,0,0,0,0,0,0,1
4117,573,"府中白妙会結成30周年記念全国競技かるた府中大会(A,B,C)",2019-09-15,C3,C,59,59,121,6,6,1,0,0,5,5,0,0,0,7,0,0,0,0,0,0,0,0,0,0,0,0,1
4118,573,"府中白妙会結成30周年記念全国競技かるた府中大会(A,B,C)",2019-09-15,C4,C,62,62,124,6,6,1,0,0,2,2,0,0,0,2,0,0,0,0,0,0,0,0,0,0,0,0,1
4119,573,"府中白妙会結成30周年記念全国競技かるた府中大会(A,B,C)",2019-09-15,D1,D,64,64,126,6,6,1,0,2,2,0,0,0,0,0,0,2,0,0,0,0,0,0,0,0,0,0,1
4120,573,"府中白妙会結成30周年記念全国競技かるた府中大会(A,B,C)",2019-09-15,E1,E,52,52,114,6,6,1,0,0,12,12,0,0,0,14,0,0,0,0,0,0,0,0,0,0,0,0,1
4121,573,"府中白妙会結成30周年記念全国競技かるた府中大会(A,B,C)",2019-09-15,D2,D,62,62,124,6,6,1,0,0,2,2,0,0,0,6,0,0,0,0,0,0,0,0,0,0,0,0,1
4122,573,"府中白妙会結成30周年記念全国競技かるた府中大会(A,B,C)",2019-09-15,D3,D,64,64,126,6,6,1,0,0,0,0,0,0,0,0,0,0,0,0,0,0,0,0,0,0,0,0,1
4123,573,"府中白妙会結成30周年記念全国競技かるた府中大会(A,B,C)",2019-09-15,D4,D,63,63,125,6,6,1,0,0,1,1,0,0,0,7,0,0,0,0,0,0,0,0,0,0,0,0,1
4124,573,"府中白妙会結成30周年記念全国競技かるた府中大会(A,B,C)",2019-09-15,D5,D,63,63,125,6,6,1,0,0,1,1,0,0,0,3,0,0,0,0,0,0,0,0,0,0,0,0,1
4125,573,"府中白妙会結成30周年記念全国競技かるた府中大会(A,B,C)",2019-09-15,E2,E,54,54,116,6,6,1,0,0,10,10,0,0,0,10,0,0,0,0,0,0,0,0,0,0,0,0,1
4126,573,"府中白妙会結成30周年記念全国競技かるた府中大会(A,B,C)",2019-09-15,E3,E,51,51,113,6,6,1,0,0,13,13,0,0,0,15,0,0,0,0,0,0,0,0,0,0,0,0,1
4127,573,"府中白妙会結成30周年記念全国競技かるた府中大会(A,B,C)",2019-09-15,E4,E,52,52,114,6,6,1,0,0,12,12,0,0,0,12,0,0,0,0,0,0,0,0,0,0,0,0,1
4128,573,"府中白妙会結成30周年記念全国競技かるた府中大会(A,B,C)",2019-09-15,E5,E,52,52,114,6,6,1,0,0,12,12,0,0,0,14,0,0,0,0,0,0,0,0,0,0,0,0,1
4129,574,小倉百人一首競技かるた第65回新春全国大会(A),2020-01-05,A,A,127,127,253,7,7,1,0,0,1,1,0,0,0,7,0,0,0,0,0,0,0,0,0,0,0,0,1
4130,574,小倉百人一首競技かるた第65回新春全国大会(A),2020-01-05,B1,B,100,100,226,7,7,1,0,0,28,28,0,0,0,28,0,0,0,0,0,0,0,0,0,0,0,0,1
4131,574,小倉百人一首競技かるた第65回新春全国大会(A),2020-01-05,C1,C,58,58,120,6,6,1,0,0,6,6,0,0,0,6,0,0,0,0,0,0,0,0,0,0,0,0,1
4132,574,小倉百人一首競技かるた第65回新春全国大会(A),2020-01-05,B2,B,100,100,226,7,7,1,0,0,28,28,0,0,0,30,0,0,0,0,0,0,0,0,0,0,0,0,1
4133,574,小倉百人一首競技かるた第65回新春全国大会(A),2020-01-05,B3,B,99,99,225,7,7,1,0,0,29,29,0,0,0,31,0,0,0,0,0,0,0,0,0,0,0,0,1
4134,574,小倉百人一首競技かるた第65回新春全国大会(A),2020-01-05,C2,C,59,59,121,6,6,1,0,0,5,5,0,0,0,5,0,0,0,0,0,0,0,0,0,0,0,0,1
4135,574,小倉百人一首競技かるた第65回新春全国大会(A),2020-01-05,C3,C,57,57,119,6,6,1,0,0,7,7,0,0,0,7,0,0,0,0,0,0,0,0,0,0,0,0,1
4136,574,小倉百人一首競技かるた第65回新春全国大会(A),2020-01-05,C4,C,57,57,119,6,6,1,0,0,7,7,0,0,0,9,0,0,0,0,0,0,0,0,0,0,0,0,1
4137,574,小倉百人一首競技かるた第65回新春全国大会(A),2020-01-05,C5,C,59,59,121,6,6,1,0,0,5,5,0,0,0,9,0,0,0,0,0,0,0,0,0,0,0,0,1
4138,574,小倉百人一首競技かるた第65回新春全国大会(A),2020-01-05,C6,C,58,58,120,6,6,1,0,0,6,6,0,0,0,6,0,0,0,0,0,0,0,0,0,0,0,0,1
4139,575,小倉百人一首競技かるた第65回新春全国大会(D),2020-01-04,D1,D,56,56,118,6,6,1,0,0,8,8,0,0,0,8,0,0,0,0,0,0,0,0,0,0,0,0,1
4140,575,小倉百人一首競技かるた第65回新春全国大会(D),2020-01-04,D2,D,55,55,117,6,6,1,0,0,9,9,0,0,0,9,0,0,0,0,0,0,0,0,0,0,0,0,1
4141,575,小倉百人一首競技かるた第65回新春全国大会(D),2020-01-04,D3,D,53,53,115,6,6,1,0,0,11,11,0,0,0,11,0,0,0,0,0,0,0,0,0,0,0,0,1
4142,575,小倉百人一首競技かるた第65回新春全国大会(D),2020-01-04,D4,D,54,54,116,6,6,1,0,0,10,10,0,0,0,10,0,0,0,0,0,0,0,0,0,0,0,0,1
4143,575,小倉百人一首競技かるた第65回新春全国大会(D),2020-01-04,D5,D,59,59,121,6,6,1,0,0,5,5,0,0,0,5,0,0,0,0,0,0,0,0,0,0,0,0,1
4144,575,小倉百人一首競技かるた第65回新春全国大会(D),2020-01-04,D6,D,56,56,118,6,6,1,0,0,8,8,0,0,0,8,0,0,0,0,0,0,0,0,0,0,0,0,1
4145,575,小倉百人一首競技かるた第65回新春全国大会(D),2020-01-04,D7,D,56,56,118,6,6,1,0,0,8,8,0,0,0,8,0,0,0,0,0,0,0,0,0,0,0,0,1
4146,575,小倉百人一首競技かるた第65回新春全国大会(D),2020-01-04,D8,D,57,57,119,6,6,1,0,0,7,7,0,0,0,7,0,0,0,0,0,0,0,0,0,0,0,0,1
4147,575,小倉百人一首競技かるた第65回新春全国大会(D),2020-01-04,D9,D,58,58,120,6,6,1,0,0,6,6,0,0,0,6,0,0,0,0,0,0,0,0,0,0,0,0,1
4148,575,小倉百人一首競技かるた第65回新春全国大会(D),2020-01-04,D10,D,57,57,119,6,6,1,0,0,7,7,0,0,0,7,0,0,0,0,0,0,0,0,0,0,0,0,1
4149,575,小倉百人一首競技かるた第65回新春全国大会(D),2020-01-04,D11,D,57,57,119,6,6,1,0,0,7,7,0,0,0,7,0,0,0,0,0,0,0,0,0,0,0,0,1
4150,575,小倉百人一首競技かるた第65回新春全国大会(D),2020-01-04,D12,D,57,57,119,6,6,1,0,0,7,7,0,0,0,7,0,0,0,0,0,0,0,0,0,0,0,0,1
4151,576,"第69回高松宮記念杯近江神宮全国競技かるた大会(A,D)",2020-01-12,A,A,126,126,252,7,7,1,0,0,2,2,0,0,0,2,0,0,0,0,0,0,0,0,0,0,0,0,1
4152,576,"第69回高松宮記念杯近江神宮全国競技かるた大会(A,D)",2020-01-12,D1,D,27,27,57,5,5,1,0,0,5,5,0,0,0,5,0,0,0,0,0,0,0,0,0,0,0,0,1
4153,576,"第69回高松宮記念杯近江神宮全国競技かるた大会(A,D)",2020-01-12,D2,D,26,26,56,5,5,1,0,0,6,6,0,0,0,6,0,0,0,0,0,0,0,0,0,0,0,0,1
4154,576,"第69回高松宮記念杯近江神宮全国競技かるた大会(A,D)",2020-01-12,D3,D,28,28,58,5,5,1,0,0,4,4,0,0,0,4,0,0,0,0,0,0,0,0,0,0,0,0,1
4155,576,"第69回高松宮記念杯近江神宮全国競技かるた大会(A,D)",2020-01-12,D4,D,26,26,56,5,5,1,0,0,6,6,0,0,0,6,0,0,0,0,0,0,0,0,0,0,0,0,1
4156,576,"第69回高松宮記念杯近江神宮全国競技かるた大会(A,D)",2020-01-12,D5,D,27,27,57,5,5,1,0,0,5,5,0,0,0,5,0,0,0,0,0,0,0,0,0,0,0,0,1
4157,576,"第69回高松宮記念杯近江神宮全国競技かるた大会(A,D)",2020-01-12,D6,D,29,29,59,5,5,1,0,0,3,3,0,0,0,3,0,0,0,0,0,0,0,0,0,0,0,0,1
4158,576,"第69回高松宮記念杯近江神宮全国競技かるた大会(A,D)",2020-01-12,D7,D,27,27,57,5,5,1,0,0,5,5,0,0,0,5,0,0,0,0,0,0,0,0,0,0,0,0,1
4159,576,"第69回高松宮記念杯近江神宮全国競技かるた大会(A,D)",2020-01-12,D8,D,28,28,58,5,5,1,0,0,4,4,0,0,0,4,0,0,0,0,0,0,0,0,0,0,0,0,1
4160,576,"第69回高松宮記念杯近江神宮全国競技かるた大会(A,D)",2020-01-12,D9,D,26,26,56,5,5,1,0,0,6,6,0,0,0,6,0,0,0,0,0,0,0,0,0,0,0,0,1
4161,576,"第69回高松宮記念杯近江神宮全国競技かるた大会(A,D)",2020-01-12,D10,D,29,29,59,5,5,1,0,0,3,3,0,0,0,3,0,0,0,0,0,0,0,0,0,0,0,0,1
4162,576,"第69回高松宮記念杯近江神宮全国競技かるた大会(A,D)",2020-01-12,D11,D,27,27,57,5,5,1,0,0,5,5,0,0,0,5,0,0,0,0,0,0,0,0,0,0,0,0,1
4163,576,"第69回高松宮記念杯近江神宮全国競技かるた大会(A,D)",2020-01-12,D12,D,25,25,55,5,5,1,0,0,7,7,0,0,0,7,0,0,0,0,0,0,0,0,0,0,0,0,1
4164,576,"第69回高松宮記念杯近江神宮全国競技かるた大会(A,D)",2020-01-12,D13,D,28,28,58,5,5,1,0,0,4,4,0,0,0,4,0,0,0,0,0,0,0,0,0,0,0,0,1
4165,576,"第69回高松宮記念杯近江神宮全国競技かるた大会(A,D)",2020-01-12,D14,D,29,29,59,5,5,1,0,0,3,3,0,0,0,3,0,0,0,0,0,0,0,0,0,0,0,0,1
4166,576,"第69回高松宮記念杯近江神宮全国競技かるた大会(A,D)",2020-01-12,D15,D,25,25,55,5,5,1,0,0,7,7,0,0,0,7,0,0,0,0,0,0,0,0,0,0,0,0,1
4167,576,"第69回高松宮記念杯近江神宮全国競技かるた大会(A,D)",2020-01-12,D16,D,24,24,54,5,5,1,0,0,8,8,0,0,0,8,0,0,0,0,0,0,0,0,0,0,0,0,1
4168,577,"第69回高松宮記念杯近江神宮全国競技かるた大会(C,E)",2020-01-13,E1,E,25,25,55,5,5,1,0,0,7,7,0,0,0,7,0,0,0,0,0,0,0,0,0,0,0,0,1
4169,577,"第69回高松宮記念杯近江神宮全国競技かるた大会(C,E)",2020-01-13,C1,C,51,51,113,6,6,1,0,0,13,13,0,0,0,13,0,0,0,0,0,0,0,0,0,0,0,0,1
4170,577,"第69回高松宮記念杯近江神宮全国競技かるた大会(C,E)",2020-01-13,C2,C,50,50,112,6,6,1,0,0,14,14,0,0,0,14,0,0,0,0,0,0,0,0,0,0,0,0,1
4171,577,"第69回高松宮記念杯近江神宮全国競技かるた大会(C,E)",2020-01-13,C3,C,51,51,113,6,6,1,0,0,13,13,0,0,0,13,0,0,0,0,0,0,0,0,0,0,0,0,1
4172,577,"第69回高松宮記念杯近江神宮全国競技かるた大会(C,E)",2020-01-13,C4,C,48,48,110,6,6,1,0,0,16,16,0,0,0,16,0,0,0,0,0,0,0,0,0,0,0,0,1
4173,577,"第69回高松宮記念杯近江神宮全国競技かるた大会(C,E)",2020-01-13,C5,C,49,49,111,6,6,1,0,0,15,15,0,0,0,15,0,0,0,0,0,0,0,0,0,0,0,0,1
4174,577,"第69回高松宮記念杯近江神宮全国競技かるた大会(C,E)",2020-01-13,C6,C,50,50,112,6,6,1,0,0,14,14,0,0,0,14,0,0,0,0,0,0,0,0,0,0,0,0,1
4175,577,"第69回高松宮記念杯近江神宮全国競技かるた大会(C,E)",2020-01-13,E2,E,27,27,57,5,5,1,0,0,5,5,0,0,0,5,0,0,0,0,0,0,0,0,0,0,0,0,1
4176,577,"第69回高松宮記念杯近江神宮全国競技かるた大会(C,E)",2020-01-13,E3,E,29,29,59,5,5,1,0,0,3,3,0,0,0,3,0,2,0,0,0,0,0,0,0,0,0,0,1
4177,577,"第69回高松宮記念杯近江神宮全国競技かるた大会(C,E)",2020-01-13,E4,E,26,26,56,5,5,1,0,0,6,6,0,0,0,8,0,0,0,0,0,0,0,0,0,0,0,0,1
4178,577,"第69回高松宮記念杯近江神宮全国競技かるた大会(C,E)",2020-01-13,E5,E,28,28,58,5,5,1,0,0,4,4,0,0,0,4,0,0,0,0,0,0,0,0,0,0,0,0,1
4179,577,"第69回高松宮記念杯近江神宮全国競技かるた大会(C,E)",2020-01-13,E6,E,27,27,57,5,5,1,0,0,5,5,0,0,0,5,0,0,0,0,0,0,0,0,0,0,0,0,1
4180,577,"第69回高松宮記念杯近江神宮全国競技かるた大会(C,E)",2020-01-13,E7,E,27,27,57,5,5,1,0,0,5,5,0,0,0,5,0,0,0,0,0,0,0,0,0,0,0,0,1
4181,577,"第69回高松宮記念杯近江神宮全国競技かるた大会(C,E)",2020-01-13,E8,E,25,25,55,5,5,1,0,0,7,7,0,0,0,7,0,0,0,0,0,0,0,0,0,0,0,0,1
4182,577,"第69回高松宮記念杯近江神宮全国競技かるた大会(C,E)",2020-01-13,E9,E,26,26,56,5,5,1,0,0,6,6,0,0,0,6,0,0,0,0,0,0,0,0,0,0,0,0,1
4183,577,"第69回高松宮記念杯近江神宮全国競技かるた大会(C,E)",2020-01-13,E10,E,27,27,57,5,5,1,0,0,5,5,0,0,0,5,0,0,0,0,0,0,0,0,0,0,0,0,1
4184,578,"第73回全国競技かるた東京東会大会(A,E)",2020-01-19,A,A,157,157,411,8,8,1,0,0,99,99,0,0,0,99,0,0,0,0,0,0,0,0,0,0,0,0,1
4185,578,"第73回全国競技かるた東京東会大会(A,E)",2020-01-19,E1,E,29,29,59,5,5,1,0,0,3,3,0,0,0,5,0,0,0,0,0,0,0,0,0,0,0,0,1
4186,578,"第73回全国競技かるた東京東会大会(A,E)",2020-01-19,E2,E,30,30,60,5,5,1,0,0,2,2,0,0,0,2,0,0,0,0,0,0,0,0,0,0,0,0,1
4187,578,"第73回全国競技かるた東京東会大会(A,E)",2020-01-19,E3,E,27,27,57,5,5,1,0,0,5,5,0,0,0,5,0,0,0,0,0,0,0,0,0,0,0,0,1
4188,578,"第73回全国競技かるた東京東会大会(A,E)",2020-01-19,E4,E,26,26,56,5,5,1,0,0,6,6,0,0,0,6,0,0,0,0,0,0,0,0,0,0,0,0,1
4189,578,"第73回全国競技かるた東京東会大会(A,E)",2020-01-19,E5,E,28,28,57,5,5,1,0,0,3,3,0,0,0,5,0,0,0,0,0,0,0,0,0,0,0,0,1
4190,578,"第73回全国競技かるた東京東会大会(A,E)",2020-01-19,E6,E,30,30,60,5,5,1,0,0,2,2,0,0,0,2,0,0,0,0,0,0,0,0,0,0,0,0,1
4191,578,"第73回全国競技かるた東京東会大会(A,E)",2020-01-19,E7,E,29,29,59,5,5,1,0,0,3,3,0,0,0,3,0,0,0,0,0,0,0,0,0,0,0,0,1
4192,578,"第73回全国競技かるた東京東会大会(A,E)",2020-01-19,E8,E,29,29,59,5,5,1,0,0,3,3,0,0,0,3,0,2,0,0,0,0,0,0,0,0,0,0,1
4193,578,"第73回全国競技かるた東京東会大会(A,E)",2020-01-19,E9,E,28,28,58,5,5,1,0,0,4,4,0,0,0,6,0,0,0,0,0,0,0,0,0,0,0,0,1
4194,578,"第73回全国競技かるた東京東会大会(A,E)",2020-01-19,E10,E,29,29,59,5,5,1,0,0,3,3,0,0,0,3,0,0,0,0,0,0,0,0,0,0,0,0,1
4195,578,"第73回全国競技かるた東京東会大会(A,E)",2020-01-19,E11,E,28,28,58,5,5,1,0,0,4,4,0,0,0,4,0,0,0,0,0,0,0,0,0,0,0,0,1
4196,578,"第73回全国競技かるた東京東会大会(A,E)",2020-01-19,E12,E,28,28,58,5,5,1,0,0,4,4,0,0,0,4,0,0,0,0,0,0,0,0,0,0,0,0,1
4197,579,"第101回全国百人一首競技かるた横浜大会(A,B)",2020-01-26,A,A,146,146,389,8,8,1,0,0,99,99,0,0,0,101,0,0,0,8,0,0,0,0,0,0,0,0,1
4198,579,"第101回全国百人一首競技かるた横浜大会(A,B)",2020-01-26,B,B,125,125,251,7,7,1,0,0,3,3,0,0,0,3,0,0,0,0,0,0,0,0,0,0,0,0,1
4199,580,第70回全国競技かるた東京白妙大会(A),2020-02-11,A,A,128,128,254,7,7,1,0,0,0,0,0,0,0,0,0,0,0,0,0,0,0,0,0,0,0,0,1
4200,581,"第53回全国競技かるた静岡大会(C,E)",2020-02-15,C1,C,58,58,120,6,6,1,0,0,6,6,0,0,0,6,0,0,0,0,0,0,0,0,0,0,0,0,1
4201,581,"第53回全国競技かるた静岡大会(C,E)",2020-02-15,E1,E,24,24,54,5,5,1,0,0,8,8,0,0,0,8,0,0,0,0,0,0,0,0,0,0,0,0,1
4202,581,"第53回全国競技かるた静岡大会(C,E)",2020-02-15,C2,C,62,62,124,6,6,1,0,0,2,2,0,0,0,2,0,0,0,0,0,0,0,0,0,0,0,0,1
4203,581,"第53回全国競技かるた静岡大会(C,E)",2020-02-15,C3,C,58,58,120,6,6,1,0,0,6,6,0,0,0,6,0,0,0,0,0,0,0,0,0,0,0,0,1
4204,581,"第53回全国競技かるた静岡大会(C,E)",2020-02-15,E2,E,25,25,55,5,5,1,0,0,7,7,0,0,0,7,0,0,0,0,0,0,0,0,0,0,0,0,1
4205,581,"第53回全国競技かるた静岡大会(C,E)",2020-02-15,E3,E,25,25,55,5,5,1,0,0,7,7,0,0,0,7,0,0,0,0,0,0,0,0,0,0,0,0,1
4206,581,"第53回全国競技かるた静岡大会(C,E)",2020-02-15,E4,E,25,25,55,5,5,1,0,0,7,7,0,0,0,7,0,0,0,0,0,0,0,0,0,0,0,0,1
4207,582,"第53回全国競技かるた静岡大会(A,B)",2020-02-16,A,A,128,128,254,7,7,1,0,0,0,0,0,0,0,0,0,0,0,0,0,0,0,0,0,0,0,0,1
4208,582,"第53回全国競技かるた静岡大会(A,B)",2020-02-16,B1,B,59,59,121,6,6,1,0,0,5,5,0,0,0,5,0,0,0,0,0,0,0,0,0,0,0,0,1
4209,582,"第53回全国競技かるた静岡大会(A,B)",2020-02-16,B2,B,57,57,119,6,6,1,0,0,7,7,0,0,0,7,0,0,0,0,0,0,0,0,0,0,0,0,1
4210,582,"第53回全国競技かるた静岡大会(A,B)",2020-02-16,B3,B,51,51,113,6,6,1,0,0,13,13,0,0,0,13,0,0,0,0,0,0,0,0,0,0,0,0,1
4211,582,"第53回全国競技かるた静岡大会(A,B)",2020-02-16,B4,B,54,54,116,6,6,1,0,0,10,10,0,0,0,10,0,0,0,0,0,0,0,0,0,0,0,0,1
4212,583,"第29回全国競技かるた奈良大会(B,C,D,E,F)",2020-02-16,B1,B,49,49,111,6,6,1,0,0,15,15,0,0,0,15,0,0,0,0,0,0,0,0,0,0,0,0,1
4213,583,"第29回全国競技かるた奈良大会(B,C,D,E,F)",2020-02-16,C1,C,57,57,119,6,6,1,0,0,7,7,0,0,0,7,0,0,0,0,0,0,0,0,0,0,0,0,1
4214,583,"第29回全国競技かるた奈良大会(B,C,D,E,F)",2020-02-16,D1,D,25,25,55,5,5,1,0,0,7,7,0,0,0,7,0,0,0,0,0,0,0,0,0,0,0,0,1
4215,583,"第29回全国競技かるた奈良大会(B,C,D,E,F)",2020-02-16,E1,E,24,24,54,5,5,1,0,0,8,8,0,0,0,8,0,0,0,0,0,0,0,0,0,0,0,0,1
4216,583,"第29回全国競技かるた奈良大会(B,C,D,E,F)",2020-02-16,F1,,13,13,27,4,4,1,0,0,3,3,0,0,0,3,0,0,0,0,0,0,0,0,0,0,0,0,1
4217,583,"第29回全国競技かるた奈良大会(B,C,D,E,F)",2020-02-16,B2,B,51,51,113,6,6,1,0,0,13,13,0,0,0,15,0,0,0,0,0,0,0,0,0,0,0,0,1
4218,583,"第29回全国競技かるた奈良大会(B,C,D,E,F)",2020-02-16,B3,B,52,52,114,6,6,1,0,0,12,12,0,0,0,12,0,0,0,0,0,0,0,0,0,0,0,0,1
4219,583,"第29回全国競技かるた奈良大会(B,C,D,E,F)",2020-02-16,B4,B,48,48,110,6,6,1,0,0,16,16,0,0,0,16,0,0,0,0,0,0,0,0,0,0,0,0,1
4220,583,"第29回全国競技かるた奈良大会(B,C,D,E,F)",2020-02-16,C2,C,58,58,120,6,6,1,0,0,6,6,0,0,0,6,0,0,0,0,0,0,0,0,0,0,0,0,1
4221,583,"第29回全国競技かるた奈良大会(B,C,D,E,F)",2020-02-16,C3,C,56,56,118,6,6,1,0,0,8,8,0,0,0,8,0,0,0,0,0,0,0,0,0,0,0,0,1
4222,583,"第29回全国競技かるた奈良大会(B,C,D,E,F)",2020-02-16,C4,C,57,57,119,6,6,1,0,0,7,7,0,0,0,7,0,0,0,0,0,0,0,0,0,0,0,0,1
4223,583,"第29回全国競技かるた奈良大会(B,C,D,E,F)",2020-02-16,D2,D,29,29,59,5,5,1,0,0,3,3,0,0,0,3,0,0,0,0,0,0,0,0,0,0,0,0,1
4224,583,"第29回全国競技かるた奈良大会(B,C,D,E,F)",2020-02-16,D3,D,27,27,57,5,5,1,0,0,5,5,0,0,0,5,0,0,0,0,0,0,0,0,0,0,0,0,1
4225,583,"第29回全国競技かるた奈良大会(B,C,D,E,F)",2020-02-16,D4,D,27,27,57,5,5,1,0,0,5,5,0,0,0,7,0,0,0,0,0,0,0,0,0,0,0,0,1
4226,583,"第29回全国競技かるた奈良大会(B,C,D,E,F)",2020-02-16,D5,D,26,26,56,5,5,1,0,0,6,6,0,0,0,6,0,0,0,0,0,0,0,0,0,0,0,0,1
4227,583,"第29回全国競技かるた奈良大会(B,C,D,E,F)",2020-02-16,D6,D,29,29,59,5,5,1,0,0,3,3,0,0,0,3,0,0,0,0,0,0,0,0,0,0,0,0,1
4228,583,"第29回全国競技かるた奈良大会(B,C,D,E,F)",2020-02-16,D7,D,29,29,59,5,5,1,0,0,3,3,0,0,0,3,0,0,0,0,0,0,0,0,0,0,0,0,1
4229,583,"第29回全国競技かるた奈良大会(B,C,D,E,F)",2020-02-16,D8,D,28,28,58,5,5,1,0,0,4,4,0,0,0,4,0,0,0,0,0,0,0,0,0,0,0,0,1
4230,583,"第29回全国競技かるた奈良大会(B,C,D,E,F)",2020-02-16,D9,D,26,26,56,5,5,1,0,0,6,6,0,0,0,6,0,0,0,0,0,0,0,0,0,0,0,0,1
4231,583,"第29回全国競技かるた奈良大会(B,C,D,E,F)",2020-02-16,D10,D,29,29,59,5,5,1,0,0,3,3,0,0,0,5,0,0,0,0,0,0,0,0,0,0,0,0,1
4232,583,"第29回全国競技かるた奈良大会(B,C,D,E,F)",2020-02-16,E2,E,23,23,53,5,5,1,0,0,9,9,0,0,0,9,0,0,0,0,0,0,0,0,0,0,0,0,1
4233,583,"第29回全国競技かるた奈良大会(B,C,D,E,F)",2020-02-16,E3,E,21,21,51,5,5,1,0,0,11,11,0,0,0,11,0,0,0,0,0,0,0,0,0,0,0,0,1
4234,583,"第29回全国競技かるた奈良大会(B,C,D,E,F)",2020-02-16,E4,E,21,21,51,5,5,1,0,0,11,11,0,0,0,11,0,0,0,0,0,0,0,0,0,0,0,0,1
4235,583,"第29回全国競技かるた奈良大会(B,C,D,E,F)",2020-02-16,F2,,17,17,47,5,5,1,0,0,15,15,0,0,0,15,0,0,0,0,0,0,0,0,0,0,0,0,1
4236,583,"第29回全国競技かるた奈良大会(B,C,D,E,F)",2020-02-16,F3,,8,8,14,3,3,1,0,0,0,0,0,0,0,0,0,0,0,0,0,0,0,0,0,0,0,0,1
4237,584,"第36回全国競技かるた熊本大会(D,E)",2020-02-09,D1,D,27,27,57,5,5,1,0,0,5,5,0,0,0,7,0,0,0,0,0,0,0,0,0,0,0,0,1
4238,584,"第36回全国競技かるた熊本大会(D,E)",2020-02-09,E1,E,30,30,60,5,5,1,0,0,2,2,0,0,0,4,0,0,0,0,0,0,0,0,0,0,0,0,1
4239,584,"第36回全国競技かるた熊本大会(D,E)",2020-02-09,D2,D,28,28,58,5,5,1,0,0,4,4,0,0,0,4,0,2,0,0,0,0,0,0,0,0,0,0,1
4240,584,"第36回全国競技かるた熊本大会(D,E)",2020-02-09,D3,D,29,29,59,5,5,1,0,0,3,3,0,0,0,3,0,0,0,0,0,0,0,0,0,0,0,0,1
4241,584,"第36回全国競技かるた熊本大会(D,E)",2020-02-09,D4,D,28,28,58,5,5,1,0,0,4,4,0,0,0,4,0,0,0,0,0,0,0,0,0,0,0,0,1
4242,584,"第36回全国競技かるた熊本大会(D,E)",2020-02-09,E2,E,29,29,59,5,5,1,0,0,3,3,0,0,0,5,0,0,0,0,0,0,0,0,0,0,0,0,1
4243,585,"第92回全国競技かるた学生選手権大会(A,B)",2020-02-01,A,A,118,118,244,7,7,1,0,2,12,10,0,0,0,12,0,2,0,0,0,0,0,0,0,0,0,0,1
4244,585,"第92回全国競技かるた学生選手権大会(A,B)",2020-02-01,B1,B,123,123,249,7,7,1,0,0,5,5,0,0,0,5,0,0,0,0,0,0,0,0,0,0,0,0,1
4245,585,"第92回全国競技かるた学生選手権大会(A,B)",2020-02-01,B2,B,118,118,244,7,7,1,0,0,10,10,0,0,0,10,0,0,0,0,0,0,0,0,0,0,0,0,1
4246,586,第101回全国競技かるた大阪大会(A),2020-01-26,A,A,82,82,208,7,7,1,0,0,46,46,0,0,0,46,0,0,0,0,0,0,0,0,0,0,0,0,1
4247,587,第21回全国競技かるた愛知大会(D),2020-01-05,D1,D,25,25,55,5,5,1,0,0,7,7,0,0,0,7,0,0,0,0,0,0,0,0,0,0,0,0,1
4248,587,第21回全国競技かるた愛知大会(D),2020-01-05,D2,D,32,32,62,5,5,1,0,0,0,0,0,0,0,2,0,0,0,0,0,0,0,0,0,0,0,0,1
4249,587,第21回全国競技かるた愛知大会(D),2020-01-05,D3,D,29,29,59,5,5,1,0,0,3,3,0,0,0,3,0,0,0,0,0,0,0,0,0,0,0,0,1
4250,587,第21回全国競技かるた愛知大会(D),2020-01-05,D4,D,31,31,61,5,5,1,0,0,1,1,0,0,0,1,0,0,0,0,0,0,0,0,0,0,0,0,1
4251,587,第21回全国競技かるた愛知大会(D),2020-01-05,D5,D,32,32,62,5,5,1,0,0,0,0,0,0,0,0,0,0,0,0,0,0,0,0,0,0,0,0,1
4252,587,第21回全国競技かるた愛知大会(D),2020-01-05,D6,D,29,29,59,5,5,1,0,0,3,3,0,0,0,3,0,0,0,0,0,0,0,0,0,0,0,0,1
4253,587,第21回全国競技かるた愛知大会(D),2020-01-05,D7,D,31,31,61,5,5,1,0,0,1,1,0,0,0,1,0,0,0,0,0,0,0,0,0,0,0,0,1
4254,587,第21回全国競技かるた愛知大会(D),2020-01-05,D8,D,32,32,62,5,5,1,0,0,0,0,0,0,0,2,0,0,0,0,0,0,0,0,0,0,0,0,1
4255,587,第21回全国競技かるた愛知大会(D),2020-01-05,D9,D,28,28,58,5,5,1,0,0,4,4,0,0,0,4,0,2,0,0,0,0,0,0,0,0,0,0,1
4256,587,第21回全国競技かるた愛知大会(D),2020-01-05,D10,D,31,31,61,5,5,1,0,0,1,1,0,0,0,1,0,0,0,0,0,0,0,0,0,0,0,0,1
4257,588,"第22回神奈川県かるた選手権大会(E,F,G)",2020-01-12,E1,E,28,28,58,5,5,1,0,0,4,4,0,0,0,6,0,0,0,0,0,0,0,0,0,0,0,0,1
4258,588,"第22回神奈川県かるた選手権大会(E,F,G)",2020-01-12,F1,,32,32,62,5,5,1,0,0,0,0,0,0,0,0,0,0,0,0,0,0,0,0,0,0,0,0,1
4259,588,"第22回神奈川県かるた選手権大会(E,F,G)",2020-01-12,G1,,30,30,60,5,5,1,0,0,2,2,0,0,0,2,0,0,0,0,0,0,0,0,0,0,0,0,1
4260,588,"第22回神奈川県かるた選手権大会(E,F,G)",2020-01-12,E2,E,25,25,55,5,5,1,0,0,7,7,0,0,0,7,0,0,0,0,0,0,0,0,0,0,0,0,1
4261,588,"第22回神奈川県かるた選手権大会(E,F,G)",2020-01-12,E3,E,25,25,55,5,5,1,0,0,7,7,0,0,0,9,0,0,0,0,0,0,0,0,0,0,0,0,1
4262,588,"第22回神奈川県かるた選手権大会(E,F,G)",2020-01-12,E4,E,24,24,54,5,5,1,0,0,8,8,0,0,0,12,0,0,0,0,0,0,0,0,0,0,0,0,1
4263,588,"第22回神奈川県かるた選手権大会(E,F,G)",2020-01-12,F2,,29,29,59,5,5,1,0,0,3,3,0,0,0,3,0,0,0,0,0,0,0,0,0,0,0,0,1
4264,588,"第22回神奈川県かるた選手権大会(E,F,G)",2020-01-12,F3,,30,30,60,5,5,1,0,0,2,2,0,0,0,2,0,0,0,0,0,0,0,0,0,0,0,0,1
4265,588,"第22回神奈川県かるた選手権大会(E,F,G)",2020-01-12,G2,,29,29,59,5,5,1,0,0,3,3,0,0,0,3,0,0,0,0,0,0,0,0,0,0,0,0,1
4266,588,"第22回神奈川県かるた選手権大会(E,F,G)",2020-01-12,G3,,26,26,56,5,5,1,0,0,6,6,0,0,0,6,0,0,0,0,0,0,0,0,0,0,0,0,1
4267,588,"第22回神奈川県かるた選手権大会(E,F,G)",2020-01-12,G4,,30,30,60,5,5,1,0,0,2,2,0,0,0,2,0,0,0,0,0,0,0,0,0,0,0,0,1
4268,588,"第22回神奈川県かるた選手権大会(E,F,G)",2020-01-12,G5,,30,30,60,5,5,1,0,0,2,2,0,0,0,2,0,0,0,0,0,0,0,0,0,0,0,0,1
4269,589,第73回全国競技かるた東京東会大会(D),2020-02-22,D1,D,26,26,56,5,5,1,0,0,6,6,0,0,0,6,0,0,0,0,0,0,0,0,0,0,0,0,1
4270,589,第73回全国競技かるた東京東会大会(D),2020-02-22,D2,D,28,28,58,5,5,1,0,0,4,4,0,0,0,4,0,0,0,0,0,0,0,0,0,0,0,0,1
4271,589,第73回全国競技かるた東京東会大会(D),2020-02-22,D3,D,27,27,57,5,5,1,0,0,5,5,0,0,0,5,0,0,0,0,0,0,0,0,0,0,0,0,1
4272,589,第73回全国競技かるた東京東会大会(D),2020-02-22,D4,D,26,26,55,5,5,1,0,0,5,5,0,0,0,5,0,0,0,0,0,0,0,0,0,0,0,0,1
4273,589,第73回全国競技かるた東京東会大会(D),2020-02-22,D5,D,28,28,58,5,5,1,0,0,4,4,0,0,0,6,0,0,0,0,0,0,0,0,0,0,0,0,1
4274,589,第73回全国競技かるた東京東会大会(D),2020-02-22,D6,D,25,25,54,5,5,1,0,0,6,6,0,0,0,6,0,0,0,0,0,0,0,0,0,0,0,0,1
4275,589,第73回全国競技かるた東京東会大会(D),2020-02-22,D7,D,28,28,57,5,5,1,0,0,3,3,0,0,0,5,0,0,0,0,0,0,0,0,0,0,0,0,1
4276,589,第73回全国競技かるた東京東会大会(D),2020-02-22,D8,D,26,26,56,5,5,1,0,0,6,6,0,0,0,6,0,0,0,0,0,0,0,0,0,0,0,0,1
4277,589,第73回全国競技かるた東京東会大会(D),2020-02-22,D9,D,28,28,57,5,5,1,0,0,3,3,0,0,0,3,0,0,0,0,0,0,0,0,0,0,0,0,1
4278,589,第73回全国競技かるた東京東会大会(D),2020-02-22,D10,D,28,28,58,5,5,1,0,0,4,4,0,0,0,4,0,0,0,0,0,0,0,0,0,0,0,0,1
4279,589,第73回全国競技かるた東京東会大会(D),2020-02-22,D11,D,28,28,58,5,5,1,0,0,4,4,0,0,0,4,0,0,0,0,0,0,0,0,0,0,0,0,1
4280,589,第73回全国競技かるた東京東会大会(D),2020-02-22,D12,D,28,28,58,5,5,1,0,0,4,4,0,0,0,4,0,0,0,0,0,0,0,0,0,0,0,0,1
4281,589,第73回全国競技かるた東京東会大会(D),2020-02-22,D13,D,23,23,53,5,5,1,0,0,9,9,0,0,0,9,0,0,0,0,0,0,0,0,0,0,0,0,1
4282,589,第73回全国競技かるた東京東会大会(D),2020-02-22,D14,D,25,25,54,5,5,1,0,0,6,6,0,0,0,6,0,0,0,0,0,0,0,0,0,0,0,0,1
4283,589,第73回全国競技かるた東京東会大会(D),2020-02-22,D15,D,29,29,59,5,5,1,0,0,3,3,0,0,0,3,0,0,0,0,0,0,0,0,0,0,0,0,1
4284,589,第73回全国競技かるた東京東会大会(D),2020-02-22,D16,D,27,27,57,5,5,1,0,0,5,5,0,0,0,5,0,0,0,0,0,0,0,0,0,0,0,0,1
4285,589,第73回全国競技かるた東京東会大会(D),2020-02-22,D17,D,27,27,56,5,5,1,0,0,4,4,0,0,0,4,0,0,0,0,0,0,0,0,0,0,0,0,1
4286,589,第73回全国競技かるた東京東会大会(D),2020-02-22,D18,D,30,30,60,5,5,1,0,0,2,2,0,0,0,2,0,0,0,0,0,0,0,0,0,0,0,0,1
4287,589,第73回全国競技かるた東京東会大会(D),2020-02-22,D19,D,29,29,59,5,5,1,0,0,3,3,0,0,0,3,0,0,0,0,0,0,0,0,0,0,0,0,1
4288,590,第92回全国競技かるた学生選手権大会(C),2020-02-11,C1,C,57,57,119,6,6,1,0,0,7,7,0,0,0,7,0,0,0,0,0,0,0,0,0,0,0,0,1
4289,590,第92回全国競技かるた学生選手権大会(C),2020-02-11,C2,C,58,58,120,6,6,1,0,0,6,6,0,0,0,6,0,0,0,0,0,0,0,0,0,0,0,0,1
4290,590,第92回全国競技かるた学生選手権大会(C),2020-02-11,C3,C,61,61,123,6,6,1,0,0,3,3,0,0,0,3,0,0,0,0,0,0,0,0,0,0,0,0,1
4291,590,第92回全国競技かるた学生選手権大会(C),2020-02-11,C4,C,56,56,118,6,6,1,0,0,8,8,0,0,0,8,0,0,0,0,0,0,0,0,0,0,0,0,1
4292,590,第92回全国競技かるた学生選手権大会(C),2020-02-11,C5,C,60,60,122,6,6,1,0,0,4,4,0,0,0,4,0,0,0,0,0,0,0,0,0,0,0,0,1
4293,591,第69回高松宮記念杯近江神宮全国競技かるた大会(B),2020-01-05,B1,B,51,51,113,6,6,1,0,0,13,13,0,0,0,13,0,0,0,0,0,0,0,0,0,0,0,0,1
4294,591,第69回高松宮記念杯近江神宮全国競技かるた大会(B),2020-01-05,B2,B,54,54,116,6,6,1,0,0,10,10,0,0,0,10,0,0,0,0,0,0,0,0,0,0,0,0,1
4295,591,第69回高松宮記念杯近江神宮全国競技かるた大会(B),2020-01-05,B3,B,55,55,117,6,6,1,0,0,9,9,0,0,0,9,0,0,0,0,0,0,0,0,0,0,0,0,1
4296,591,第69回高松宮記念杯近江神宮全国競技かるた大会(B),2020-01-05,B4,B,56,56,118,6,6,1,0,0,8,8,0,0,0,8,0,0,0,0,0,0,0,0,0,0,0,0,1
4297,592,第53回全国競技かるた静岡大会(D),2020-02-11,D1,D,30,30,60,5,5,1,0,0,2,2,0,0,0,2,0,0,0,0,0,0,0,0,0,0,0,0,1
4298,592,第53回全国競技かるた静岡大会(D),2020-02-11,D2,D,31,31,61,5,5,1,0,0,1,1,0,0,0,1,0,0,0,0,0,0,0,0,0,0,0,0,1
4299,592,第53回全国競技かるた静岡大会(D),2020-02-11,D3,D,30,30,60,5,5,1,0,0,2,2,0,0,0,2,0,0,0,0,0,0,0,0,0,0,0,0,1
4300,592,第53回全国競技かるた静岡大会(D),2020-02-11,D4,D,31,31,61,5,5,1,0,0,1,1,0,0,0,1,0,0,0,0,0,0,0,0,0,0,0,0,1
4301,592,第53回全国競技かるた静岡大会(D),2020-02-11,D5,D,31,31,61,5,5,1,0,0,1,1,0,0,0,1,0,0,0,0,0,0,0,0,0,0,0,0,1
4302,592,第53回全国競技かるた静岡大会(D),2020-02-11,D6,D,29,29,59,5,5,1,0,0,3,3,0,0,0,3,0,0,0,0,0,0,0,0,0,0,0,0,1
4303,592,第53回全国競技かるた静岡大会(D),2020-02-11,D7,D,28,28,58,5,5,1,0,0,4,4,0,0,0,4,0,0,0,0,0,0,0,0,0,0,0,0,1
4304,592,第53回全国競技かるた静岡大会(D),2020-02-11,D8,D,30,30,60,5,5,1,0,0,2,2,0,0,0,2,0,0,0,0,0,0,0,0,0,0,0,0,1
4305,592,第53回全国競技かるた静岡大会(D),2020-02-11,D9,D,30,30,60,5,5,1,0,0,2,2,0,0,0,2,0,0,0,0,0,0,0,0,0,0,0,0,1
4306,592,第53回全国競技かるた静岡大会(D),2020-02-11,D10,D,29,29,59,5,5,1,0,0,3,3,0,0,0,3,0,0,0,0,0,0,0,0,0,0,0,0,1
4307,592,第53回全国競技かるた静岡大会(D),2020-02-11,D11,D,28,28,58,5,5,1,0,0,4,4,0,0,0,4,0,0,0,0,0,0,0,0,0,0,0,0,1
4308,592,第53回全国競技かるた静岡大会(D),2020-02-11,D12,D,31,31,61,5,5,1,0,0,1,1,0,0,0,3,0,0,0,0,0,0,0,0,0,0,0,0,1
4309,593,第21回こばえちゃ山形全国競技かるた酒田大会,2020-10-03,A,A,9,9,23,4,4,1,0,0,7,7,0,0,0,7,0,0,0,0,0,0,0,0,0,0,0,0,1
4310,593,第21回こばえちゃ山形全国競技かるた酒田大会,2020-10-03,B,B,17,17,47,5,5,1,0,0,15,15,0,0,0,15,0,0,0,0,0,0,0,0,0,0,0,0,1
4311,593,第21回こばえちゃ山形全国競技かるた酒田大会,2020-10-03,C,C,23,23,53,5,5,1,0,0,9,9,0,0,0,9,0,0,0,0,0,0,0,0,0,0,0,0,1
4312,593,第21回こばえちゃ山形全国競技かるた酒田大会,2020-10-03,D,D,27,27,57,5,5,1,0,0,5,5,0,0,0,5,0,0,0,0,0,0,0,0,0,0,0,0,1
4313,593,第21回こばえちゃ山形全国競技かるた酒田大会,2020-10-03,E,E,26,26,56,5,5,1,0,0,6,6,0,0,0,6,0,0,0,0,0,0,0,0,0,0,0,0,1
4314,593,第21回こばえちゃ山形全国競技かるた酒田大会,2020-10-03,F,,10,10,24,4,4,1,0,0,6,6,0,0,0,6,0,0,0,0,0,0,0,0,0,0,0,0,1
4315,594,"第84回椿杯争奪全国競技かるた大会(A,B,C)",2020-11-29,A,A,17,17,47,5,5,1,0,2,17,15,0,0,0,15,0,2,0,0,0,0,0,0,0,0,0,0,1
4316,594,"第84回椿杯争奪全国競技かるた大会(A,B,C)",2020-11-29,B,B,28,28,58,5,5,1,0,0,4,4,0,0,0,4,0,0,0,0,0,0,0,0,0,0,0,0,1
4317,594,"第84回椿杯争奪全国競技かるた大会(A,B,C)",2020-11-29,C,C,34,34,96,6,6,1,0,0,30,30,0,0,0,30,0,0,0,0,0,0,0,0,0,0,0,0,1
4318,595,"第2回全国競技かるた新潟大会(B,C,D,E)",2020-10-11,B,B,32,32,62,5,5,1,0,0,0,0,0,0,0,2,0,0,0,0,0,0,0,0,0,0,0,0,1
4319,595,"第2回全国競技かるた新潟大会(B,C,D,E)",2020-10-11,C,C,32,32,62,5,5,1,0,0,0,0,0,0,0,0,0,0,0,0,0,0,0,0,0,0,0,0,1
4320,595,"第2回全国競技かるた新潟大会(B,C,D,E)",2020-10-11,D,D,32,32,62,5,5,1,0,0,0,0,0,0,0,2,0,0,0,0,0,0,0,0,0,0,0,0,1
4321,595,"第2回全国競技かるた新潟大会(B,C,D,E)",2020-10-11,E1,E,16,16,30,4,4,1,0,0,0,0,0,0,0,0,0,0,0,0,0,0,0,0,0,0,0,0,1
4322,595,"第2回全国競技かるた新潟大会(B,C,D,E)",2020-10-11,E2,E,16,16,30,4,4,1,0,0,0,0,0,0,0,2,0,0,0,0,0,0,0,0,0,0,0,0,1
4323,596,第39回全国競技かるた東京吉野会大会(A),2020-10-11,A,A,64,64,126,6,6,1,0,0,0,0,0,0,0,0,0,0,0,0,0,0,0,0,0,0,0,0,1
4324,597,"第4回全国競技かるた信州大会〜in駒ヶ根(B,C,D,E)",2020-11-23,B,B,16,16,30,4,4,1,0,0,0,0,0,0,0,0,0,0,0,0,0,0,0,0,0,0,0,0,1
4325,597,"第4回全国競技かるた信州大会〜in駒ヶ根(B,C,D,E)",2020-11-23,C,C,26,26,56,5,5,1,0,0,6,6,0,0,0,6,0,0,0,0,0,0,0,0,0,0,0,0,1
4326,597,"第4回全国競技かるた信州大会〜in駒ヶ根(B,C,D,E)",2020-11-23,D1,D,17,17,47,5,5,1,0,0,15,15,0,0,0,15,0,0,0,0,0,0,0,0,0,0,0,0,1
4327,597,"第4回全国競技かるた信州大会〜in駒ヶ根(B,C,D,E)",2020-11-23,E1,E,23,23,53,5,5,1,0,0,9,9,0,0,0,9,0,0,0,0,0,0,0,0,0,0,0,0,1
4328,597,"第4回全国競技かるた信州大会〜in駒ヶ根(B,C,D,E)",2020-11-23,D2,D,20,20,50,5,5,1,0,0,12,12,0,0,0,12,0,0,0,0,0,0,0,0,0,0,0,0,1
4329,597,"第4回全国競技かるた信州大会〜in駒ヶ根(B,C,D,E)",2020-11-23,E2,E,23,23,53,5,5,1,0,0,9,9,0,0,0,9,0,0,0,0,0,0,0,0,0,0,0,0,1
4330,598,第39回全国競技かるた東京吉野会大会(B),2020-12-19,B1,B,32,32,62,5,5,1,0,0,0,0,0,0,0,0,0,0,0,0,0,0,0,0,0,0,0,0,1
4331,598,第39回全国競技かるた東京吉野会大会(B),2020-12-19,B2,B,31,31,61,5,5,1,0,0,1,1,0,0,0,1,0,0,0,0,0,0,0,0,0,0,0,0,1
4332,599,小倉百人一首競技かるた第66回新春全国大会(E),2020-12-13,E1,E,16,16,30,4,4,1,0,0,0,0,0,0,0,0,0,0,0,0,0,0,0,0,0,0,0,0,1
4333,599,小倉百人一首競技かるた第66回新春全国大会(E),2020-12-13,E2,E,15,15,29,4,4,1,0,0,1,1,0,0,0,1,0,0,0,0,0,0,0,0,0,0,0,0,1
4334,599,小倉百人一首競技かるた第66回新春全国大会(E),2020-12-13,E3,E,16,16,30,4,4,1,0,0,0,0,0,0,0,0,0,0,0,0,0,0,0,0,0,0,0,0,1
4335,599,小倉百人一首競技かるた第66回新春全国大会(E),2020-12-13,E4,E,15,15,29,4,4,1,0,0,1,1,0,0,0,1,0,0,0,0,0,0,0,0,0,0,0,0,1
4336,599,小倉百人一首競技かるた第66回新春全国大会(E),2020-12-13,E5,E,16,16,30,4,4,1,0,0,0,0,0,0,0,0,0,0,0,0,0,0,0,0,0,0,0,0,1
4337,599,小倉百人一首競技かるた第66回新春全国大会(E),2020-12-13,E6,E,16,16,30,4,4,1,0,0,0,0,0,0,0,0,0,0,0,0,0,0,0,0,0,0,0,0,1
4338,599,小倉百人一首競技かるた第66回新春全国大会(E),2020-12-13,E7,E,16,16,30,4,4,1,0,0,0,0,0,0,0,0,0,0,0,0,0,0,0,0,0,0,0,0,1
4339,599,小倉百人一首競技かるた第66回新春全国大会(E),2020-12-13,E8,E,13,13,27,4,4,1,0,0,3,3,0,0,0,3,0,0,0,0,0,0,0,0,0,0,0,0,1
4340,599,小倉百人一首競技かるた第66回新春全国大会(E),2020-12-13,E9,E,16,16,30,4,4,1,0,0,0,0,0,0,0,0,0,0,0,0,0,0,0,0,0,0,0,0,1
4341,599,小倉百人一首競技かるた第66回新春全国大会(E),2020-12-13,E10,E,15,15,29,4,4,1,0,0,1,1,0,0,0,1,0,0,0,0,0,0,0,0,0,0,0,0,1
4342,599,小倉百人一首競技かるた第66回新春全国大会(E),2020-12-13,E11,E,15,15,29,4,4,1,0,0,1,1,0,0,0,1,0,0,0,0,0,0,0,0,0,0,0,0,1
4343,599,小倉百人一首競技かるた第66回新春全国大会(E),2020-12-13,E12,E,16,16,30,4,4,1,0,0,0,0,0,0,0,0,0,0,0,0,0,0,0,0,0,0,0,0,1
4344,600,第70回高松宮記念杯近江神宮全国競技かるた大会(B),2020-11-08,B1,B,29,29,59,5,5,1,0,0,3,3,0,0,0,3,0,0,0,0,0,0,0,0,0,0,0,0,1
4345,600,第70回高松宮記念杯近江神宮全国競技かるた大会(B),2020-11-08,B2,B,29,29,59,5,5,1,0,0,3,3,0,0,0,3,0,0,0,0,0,0,0,0,0,0,0,0,1
4346,600,第70回高松宮記念杯近江神宮全国競技かるた大会(B),2020-11-08,B3,B,26,26,56,5,5,1,0,0,6,6,0,0,0,6,0,0,0,0,0,0,0,0,0,0,0,0,1
4347,600,第70回高松宮記念杯近江神宮全国競技かるた大会(B),2020-11-08,B4,B,21,21,51,5,5,1,0,0,11,11,0,0,0,11,0,0,0,0,0,0,0,0,0,0,0,0,1
4348,600,第70回高松宮記念杯近江神宮全国競技かるた大会(B),2020-11-08,B5,B,23,23,53,5,5,1,0,0,9,9,0,0,0,9,0,0,0,0,0,0,0,0,0,0,0,0,1
4349,600,第70回高松宮記念杯近江神宮全国競技かるた大会(B),2020-11-08,B6,B,21,21,51,5,5,1,0,0,11,11,0,0,0,11,0,0,0,0,0,0,0,0,0,0,0,0,1
4350,600,第70回高松宮記念杯近江神宮全国競技かるた大会(B),2020-11-08,B7,B,18,18,48,5,5,1,0,0,14,14,0,0,0,14,0,0,0,0,0,0,0,0,0,0,0,0,1
4351,600,第70回高松宮記念杯近江神宮全国競技かるた大会(B),2020-11-08,B8,B,16,16,30,4,4,1,0,0,0,0,0,0,0,0,0,0,0,0,0,0,0,0,0,0,0,0,1
4352,601,第39回全国競技かるた東京吉野会大会(C),2020-11-07,C1,C,31,31,61,5,5,1,0,0,1,1,0,0,0,3,0,0,0,0,0,0,0,0,0,0,0,0,1
4353,601,第39回全国競技かるた東京吉野会大会(C),2020-11-07,C2,C,32,32,62,5,5,1,0,0,0,0,0,0,0,0,0,0,0,0,0,0,0,0,0,0,0,0,1
4354,601,第39回全国競技かるた東京吉野会大会(C),2020-11-07,C3,C,32,32,62,5,5,1,0,0,0,0,0,0,0,0,0,0,0,0,0,0,0,0,0,0,0,0,1
4355,601,第39回全国競技かるた東京吉野会大会(C),2020-11-07,C4,C,32,32,62,5,5,1,0,0,0,0,0,0,0,0,0,0,0,0,0,0,0,0,0,0,0,0,1
4356,601,第39回全国競技かるた東京吉野会大会(C),2020-11-07,C5,C,32,32,62,5,5,1,0,0,0,0,0,0,0,0,0,0,0,0,0,0,0,0,0,0,0,0,1
4357,601,第39回全国競技かるた東京吉野会大会(C),2020-11-07,C6,C,32,32,62,5,5,1,0,0,0,0,0,0,0,0,0,0,0,0,0,0,0,0,0,0,0,0,1
4358,602,第39回全国競技かるた東京吉野会大会(D),2020-12-12,D1,D,16,16,30,4,4,1,0,0,0,0,0,0,0,0,0,0,0,0,0,0,0,0,0,0,0,0,1
4359,602,第39回全国競技かるた東京吉野会大会(D),2020-12-12,D2,D,16,16,30,4,4,1,0,0,0,0,0,0,0,0,0,0,0,0,0,0,0,0,0,0,0,0,1
4360,602,第39回全国競技かるた東京吉野会大会(D),2020-12-12,D3,D,15,15,29,4,4,1,0,0,1,1,0,0,0,1,0,0,0,0,0,0,0,0,0,0,0,0,1
4361,602,第39回全国競技かるた東京吉野会大会(D),2020-12-12,D4,D,15,15,29,4,4,1,0,0,1,1,0,0,0,1,0,0,0,0,0,0,0,0,0,0,0,0,1
4362,602,第39回全国競技かるた東京吉野会大会(D),2020-12-12,D5,D,15,15,29,4,4,1,0,0,1,1,0,0,0,1,0,0,0,0,0,0,0,0,0,0,0,0,1
4363,602,第39回全国競技かるた東京吉野会大会(D),2020-12-12,D6,D,15,15,29,4,4,1,0,0,1,1,0,0,0,1,0,0,0,0,0,0,0,0,0,0,0,0,1
4364,602,第39回全国競技かるた東京吉野会大会(D),2020-12-12,D7,D,16,16,30,4,4,1,0,0,0,0,0,0,0,0,0,0,0,0,0,0,0,0,0,0,0,0,1
4365,602,第39回全国競技かるた東京吉野会大会(D),2020-12-12,D8,D,15,15,29,4,4,1,0,0,1,1,0,0,0,1,0,0,0,0,0,0,0,0,0,0,0,0,1
4366,602,第39回全国競技かるた東京吉野会大会(D),2020-12-12,D9,D,16,16,30,4,4,1,0,0,0,0,0,0,0,0,0,0,0,0,0,0,0,0,0,0,0,0,1
4367,602,第39回全国競技かるた東京吉野会大会(D),2020-12-12,D10,D,15,15,29,4,4,1,0,0,1,1,0,0,0,1,0,0,0,0,0,0,0,0,0,0,0,0,1
4368,602,第39回全国競技かるた東京吉野会大会(D),2020-12-12,D11,D,15,15,29,4,4,1,0,0,1,1,0,0,0,1,0,0,0,0,0,0,0,0,0,0,0,0,1
4369,602,第39回全国競技かるた東京吉野会大会(D),2020-12-12,D12,D,15,15,29,4,4,1,0,0,1,1,0,0,0,1,0,0,0,0,0,0,0,0,0,0,0,0,1
4370,603,"第35回滋賀県競技かるた大会(D,E)",2020-12-27,D1,D,30,30,60,5,5,1,0,0,2,2,0,0,0,2,0,0,0,0,0,0,0,0,0,0,0,0,1
4371,603,"第35回滋賀県競技かるた大会(D,E)",2020-12-27,E1,E,28,28,58,5,5,1,0,0,4,4,0,0,0,4,0,0,0,0,0,0,0,0,0,0,0,0,1
4372,603,"第35回滋賀県競技かるた大会(D,E)",2020-12-27,D2,D,28,28,58,5,5,1,0,0,4,4,0,0,0,4,0,2,0,0,0,0,0,0,0,0,0,0,1
4373,603,"第35回滋賀県競技かるた大会(D,E)",2020-12-27,E2,E,26,26,56,5,5,1,0,0,6,6,0,0,0,6,0,0,0,0,0,0,0,0,0,0,0,0,1
4374,603,"第35回滋賀県競技かるた大会(D,E)",2020-12-27,E3,E,25,25,55,5,5,1,0,0,7,7,0,0,0,7,0,0,0,0,0,0,0,0,0,0,0,0,1
4375,603,"第35回滋賀県競技かるた大会(D,E)",2020-12-27,E4,E,28,28,58,5,5,1,0,0,4,4,0,0,0,4,0,0,0,0,0,0,0,0,0,0,0,0,1
4376,604,"第84回椿杯争奪全国競技かるた大会(D,E,F)",2021-01-24,D,D,25,25,55,5,5,1,0,0,7,7,0,0,0,7,0,0,0,0,0,0,0,0,0,0,0,0,1
4377,604,"第84回椿杯争奪全国競技かるた大会(D,E,F)",2021-01-24,E,E,23,23,53,5,5,1,0,0,9,9,0,0,0,9,0,0,0,0,0,0,0,0,0,0,0,0,1
4378,604,"第84回椿杯争奪全国競技かるた大会(D,E,F)",2021-01-24,F,,6,6,12,3,3,1,0,0,2,2,0,0,0,2,0,0,0,0,0,0,0,0,0,0,0,0,1
4379,605,第70回高松宮記念杯近江神宮全国競技かるた大会(A),2021-01-10,A,A,62,62,124,6,6,1,0,0,2,2,0,0,0,2,0,0,0,0,0,0,0,0,0,0,0,0,1
4380,606,"第40回全国競技かるた鹿児島大会(A,B,C)",2021-03-21,A,A,9,9,23,4,4,1,0,0,7,7,0,0,0,7,0,0,0,0,0,0,0,0,0,0,0,0,1
4381,606,"第40回全国競技かるた鹿児島大会(A,B,C)",2021-03-21,B,B,27,27,57,5,5,1,0,0,5,5,0,0,0,7,0,0,0,0,0,0,0,0,0,0,0,0,1
4382,606,"第40回全国競技かるた鹿児島大会(A,B,C)",2021-03-21,C1,C,21,21,51,5,5,1,0,0,11,11,0,0,0,11,0,0,0,0,0,0,0,0,0,0,0,0,1
4383,606,"第40回全国競技かるた鹿児島大会(A,B,C)",2021-03-21,C2,C,20,20,50,5,5,1,0,0,12,12,0,0,0,12,0,0,0,0,0,0,0,0,0,0,0,0,1
4384,607,第40回全国競技かるた鹿児島大会(D),2021-03-27,D1,D,24,24,54,5,5,1,0,0,8,8,0,0,0,8,0,0,0,0,0,0,0,0,0,0,0,0,1
4385,607,第40回全国競技かるた鹿児島大会(D),2021-03-27,D2,D,25,25,55,5,5,1,0,0,7,7,0,0,0,7,0,0,0,0,0,0,0,0,0,0,0,0,1
4386,608,2020高校・大学エトワール杯近江勧学館競技かるた大会(高校生A級の部),2021-03-27,A,A,33,33,95,6,6,1,0,0,31,31,0,0,0,31,0,0,0,0,0,0,0,0,0,0,0,0,1
4387,609,第22回こばえちゃ山形全国競技かるた酒田大会,2021-07-03,A,A,17,17,47,5,5,1,0,0,15,15,0,0,0,15,0,0,0,0,0,0,0,0,0,0,0,0,1
4388,609,第22回こばえちゃ山形全国競技かるた酒田大会,2021-07-03,B,B,25,25,55,5,5,1,0,0,7,7,0,0,0,7,0,0,0,0,0,0,0,0,0,0,0,0,1
4389,609,第22回こばえちゃ山形全国競技かるた酒田大会,2021-07-03,C,C,27,27,57,5,5,1,0,0,5,5,0,0,0,5,0,0,0,0,0,0,0,0,0,0,0,0,1
4390,609,第22回こばえちゃ山形全国競技かるた酒田大会,2021-07-03,D,D,32,32,62,5,5,1,0,0,0,0,0,0,0,0,0,0,0,0,0,0,0,0,0,0,0,0,1
4391,609,第22回こばえちゃ山形全国競技かるた酒田大会,2021-07-03,E1,E,18,18,48,5,5,1,0,0,14,14,0,0,0,14,0,0,0,0,0,0,0,0,0,0,0,0,1
4392,609,第22回こばえちゃ山形全国競技かるた酒田大会,2021-07-03,E2,E,18,18,48,5,5,1,0,0,14,14,0,0,0,14,0,0,0,0,0,0,0,0,0,0,0,0,1
4393,610,"第85回椿杯争奪全国競技かるた大会(A,B,C)",2021-05-15,A,A,19,19,49,5,5,1,0,2,15,13,0,0,0,13,0,2,0,0,0,0,0,0,0,0,0,0,1
4394,610,"第85回椿杯争奪全国競技かるた大会(A,B,C)",2021-05-15,B,B,23,23,53,5,5,1,0,0,9,9,0,0,0,9,0,0,0,0,0,0,0,0,0,0,0,0,1
4395,610,"第85回椿杯争奪全国競技かるた大会(A,B,C)",2021-05-15,C,C,25,25,55,5,5,1,0,0,7,7,0,0,0,7,0,0,0,0,0,0,0,0,0,0,0,0,1
4396,611,第70回高松宮記念杯近江神宮全国競技かるた大会(C)(1日目),2021-03-14,C1,C,22,22,52,5,5,1,0,0,10,10,0,0,0,10,0,0,0,0,0,0,0,0,0,0,0,0,1
4397,611,第70回高松宮記念杯近江神宮全国競技かるた大会(C)(1日目),2021-03-14,C2,C,27,27,57,5,5,1,0,0,5,5,0,0,0,5,0,0,0,0,0,0,0,0,0,0,0,0,1
4398,611,第70回高松宮記念杯近江神宮全国競技かるた大会(C)(1日目),2021-03-14,C3,C,22,22,52,5,5,1,0,0,10,10,0,0,0,10,0,0,0,0,0,0,0,0,0,0,0,0,1
4399,612,第70回高松宮記念杯近江神宮全国競技かるた大会(C)(2日目),2021-03-21,C1,C,20,20,50,5,5,1,0,0,12,12,0,0,0,12,0,0,0,0,0,0,0,0,0,0,0,0,1
4400,612,第70回高松宮記念杯近江神宮全国競技かるた大会(C)(2日目),2021-03-21,C2,C,20,20,50,5,5,1,0,0,12,12,0,0,0,12,0,0,0,0,0,0,0,0,0,0,0,0,1
4401,612,第70回高松宮記念杯近江神宮全国競技かるた大会(C)(2日目),2021-03-21,C3,C,19,19,49,5,5,1,0,0,13,13,0,0,0,13,0,0,0,0,0,0,0,0,0,0,0,0,1
4402,612,第70回高松宮記念杯近江神宮全国競技かるた大会(C)(2日目),2021-03-21,C4,C,18,18,48,5,5,1,0,0,14,14,0,0,0,14,0,0,0,0,0,0,0,0,0,0,0,0,1
4403,612,第70回高松宮記念杯近江神宮全国競技かるた大会(C)(2日目),2021-03-21,C5,C,20,20,50,5,5,1,0,0,12,12,0,0,0,12,0,0,0,0,0,0,0,0,0,0,0,0,1
4404,613,第43回全国高等学校選手権大会(個人戦),2021-07-25,A,A,33,33,95,6,6,1,0,0,31,31,0,0,0,31,0,0,0,0,0,0,0,0,0,0,0,0,1
4405,613,第43回全国高等学校選手権大会(個人戦),2021-07-25,B1,B,27,27,57,5,5,1,0,0,5,5,0,0,0,5,0,0,0,0,0,0,0,0,0,0,0,0,1
4406,613,第43回全国高等学校選手権大会(個人戦),2021-07-25,C1,C,27,27,57,5,5,1,0,0,5,5,0,0,0,5,0,0,0,0,0,0,0,0,0,0,0,0,1
4407,613,第43回全国高等学校選手権大会(個人戦),2021-07-25,D1,D,32,32,62,5,5,1,0,0,0,0,0,0,0,0,0,0,0,0,0,0,0,0,0,0,0,0,1
4408,613,第43回全国高等学校選手権大会(個人戦),2021-07-25,E1,E,31,31,61,5,5,1,0,0,1,1,0,0,0,1,0,0,0,0,0,0,0,0,0,0,0,0,1
4409,613,第43回全国高等学校選手権大会(個人戦),2021-07-25,B2,B,25,25,55,5,5,1,0,0,7,7,0,0,0,7,0,0,0,0,0,0,0,0,0,0,0,0,1
4410,613,第43回全国高等学校選手権大会(個人戦),2021-07-25,B3,B,27,27,57,5,5,1,0,0,5,5,0,0,0,5,0,0,0,0,0,0,0,0,0,0,0,0,1
4411,613,第43回全国高等学校選手権大会(個人戦),2021-07-25,B4,B,25,25,55,5,5,1,0,0,7,7,0,0,0,7,0,0,0,0,0,0,0,0,0,0,0,0,1
4412,613,第43回全国高等学校選手権大会(個人戦),2021-07-25,B5,B,26,26,56,5,5,1,0,0,6,6,0,0,0,6,0,0,0,0,0,0,0,0,0,0,0,0,1
4413,613,第43回全国高等学校選手権大会(個人戦),2021-07-25,B6,B,27,27,57,5,5,1,0,0,5,5,0,0,0,5,0,0,0,0,0,0,0,0,0,0,0,0,1
4414,613,第43回全国高等学校選手権大会(個人戦),2021-07-25,C2,C,29,29,59,5,5,1,0,0,3,3,0,0,0,3,0,0,0,0,0,0,0,0,0,0,0,0,1
4415,613,第43回全国高等学校選手権大会(個人戦),2021-07-25,C3,C,28,28,58,5,5,1,0,0,4,4,0,0,0,4,0,0,0,0,0,0,0,0,0,0,0,0,1
4416,613,第43回全国高等学校選手権大会(個人戦),2021-07-25,C4,C,28,28,58,5,5,1,0,0,4,4,0,0,0,4,0,0,0,0,0,0,0,0,0,0,0,0,1
4417,613,第43回全国高等学校選手権大会(個人戦),2021-07-25,C5,C,28,28,58,5,5,1,0,0,4,4,0,0,0,4,0,0,0,0,0,0,0,0,0,0,0,0,1
4418,613,第43回全国高等学校選手権大会(個人戦),2021-07-25,C6,C,28,28,58,5,5,1,0,0,4,4,0,0,0,4,0,0,0,0,0,0,0,0,0,0,0,0,1
4419,613,第43回全国高等学校選手権大会(個人戦),2021-07-25,C7,C,28,28,58,5,5,1,0,0,4,4,0,0,0,6,0,0,0,0,0,0,0,0,0,0,0,0,1
4420,613,第43回全国高等学校選手権大会(個人戦),2021-07-25,C8,C,28,28,58,5,5,1,0,0,4,4,0,0,0,4,0,0,0,0,0,0,0,0,0,0,0,0,1
4421,613,第43回全国高等学校選手権大会(個人戦),2021-07-25,D2,D,32,32,62,5,5,1,0,0,0,0,0,0,0,0,0,0,0,0,0,0,0,0,0,0,0,0,1
4422,613,第43回全国高等学校選手権大会(個人戦),2021-07-25,D3,D,31,31,61,5,5,1,0,0,1,1,0,0,0,1,0,0,0,0,0,0,0,0,0,0,0,0,1
4423,613,第43回全国高等学校選手権大会(個人戦),2021-07-25,D4,D,30,30,60,5,5,1,0,0,2,2,0,0,0,2,0,2,0,0,0,0,0,0,0,0,0,0,1
4424,613,第43回全国高等学校選手権大会(個人戦),2021-07-25,D5,D,29,29,59,5,5,1,0,0,3,3,0,0,0,3,0,0,0,0,0,0,0,0,0,0,0,0,1
4425,613,第43回全国高等学校選手権大会(個人戦),2021-07-25,D6,D,30,30,60,5,5,1,0,0,2,2,0,0,0,2,0,0,0,0,0,0,0,0,0,0,0,0,1
4426,613,第43回全国高等学校選手権大会(個人戦),2021-07-25,D7,D,30,30,60,5,5,1,0,0,2,2,0,0,0,2,0,0,0,0,0,0,0,0,0,0,0,0,1
4427,613,第43回全国高等学校選手権大会(個人戦),2021-07-25,D8,D,30,30,60,5,5,1,0,0,2,2,0,0,0,2,0,0,0,0,0,0,0,0,0,0,0,0,1
4428,613,第43回全国高等学校選手権大会(個人戦),2021-07-25,D9,D,30,30,60,5,5,1,0,0,2,2,0,0,0,2,0,0,0,0,0,0,0,0,0,0,0,0,1
4429,613,第43回全国高等学校選手権大会(個人戦),2021-07-25,D10,D,30,30,60,5,5,1,0,0,2,2,0,0,0,2,0,0,0,0,0,0,0,0,0,0,0,0,1
4430,613,第43回全国高等学校選手権大会(個人戦),2021-07-25,D11,D,30,30,60,5,5,1,0,0,2,2,0,0,0,2,0,0,0,0,0,0,0,0,0,0,0,0,1
4431,613,第43回全国高等学校選手権大会(個人戦),2021-07-25,D12,D,30,30,60,5,5,1,0,0,2,2,0,0,0,2,0,0,0,0,0,0,0,0,0,0,0,0,1
4432,613,第43回全国高等学校選手権大会(個人戦),2021-07-25,E2,E,29,29,59,5,5,1,0,0,3,3,0,0,0,3,0,0,0,0,0,0,0,0,0,0,0,0,1
4433,613,第43回全国高等学校選手権大会(個人戦),2021-07-25,E3,E,31,31,61,5,5,1,0,0,1,1,0,0,0,1,0,4,0,0,0,0,0,0,0,0,0,0,1
4434,613,第43回全国高等学校選手権大会(個人戦),2021-07-25,E4,E,31,31,61,5,5,1,0,0,1,1,0,0,0,1,0,0,0,0,0,0,0,0,0,0,0,0,1
4435,613,第43回全国高等学校選手権大会(個人戦),2021-07-25,E5,E,29,29,59,5,5,1,0,0,3,3,0,0,0,3,0,2,0,0,0,0,0,0,0,0,0,0,1
4436,613,第43回全国高等学校選手権大会(個人戦),2021-07-25,E6,E,28,28,58,5,5,1,0,0,4,4,0,0,0,4,0,2,0,0,0,0,0,0,0,0,0,0,1
4437,613,第43回全国高等学校選手権大会(個人戦),2021-07-25,E7,E,30,30,60,5,5,1,0,0,2,2,0,0,0,2,0,0,0,0,0,0,0,0,0,0,0,0,1
4438,613,第43回全国高等学校選手権大会(個人戦),2021-07-25,E8,E,30,30,60,5,5,1,0,0,2,2,0,0,0,2,0,0,0,0,0,0,0,0,0,0,0,0,1
4439,613,第43回全国高等学校選手権大会(個人戦),2021-07-25,E9,E,28,28,58,5,5,1,0,0,4,4,0,0,0,4,0,0,0,0,0,0,0,0,0,0,0,0,1
4440,613,第43回全国高等学校選手権大会(個人戦),2021-07-25,E10,E,29,29,59,5,5,1,0,0,3,3,0,0,0,3,0,0,0,0,0,0,0,0,0,0,0,0,1
4441,613,第43回全国高等学校選手権大会(個人戦),2021-07-25,E11,E,29,29,59,5,5,1,0,0,3,3,0,0,0,3,0,0,0,0,0,0,0,0,0,0,0,0,1
4442,613,第43回全国高等学校選手権大会(個人戦),2021-07-25,E12,E,29,29,59,5,5,1,0,0,3,3,0,0,0,3,0,0,0,0,0,0,0,0,0,0,0,0,1
4443,613,第43回全国高等学校選手権大会(個人戦),2021-07-25,E13,E,31,31,61,5,5,1,0,0,1,1,0,0,0,1,0,2,0,0,0,0,0,0,0,0,0,0,1
4444,613,第43回全国高等学校選手権大会(個人戦),2021-07-25,E14,E,30,30,60,5,5,1,0,0,2,2,0,0,0,2,0,0,0,0,0,0,0,0,0,0,0,0,1
4445,613,第43回全国高等学校選手権大会(個人戦),2021-07-25,E15,E,31,31,61,5,5,1,0,0,1,1,0,0,0,1,0,2,0,0,0,0,0,0,0,0,0,0,1
4446,613,第43回全国高等学校選手権大会(個人戦),2021-07-25,E16,E,30,30,60,5,5,1,0,0,2,2,0,0,0,2,0,0,0,0,0,0,0,0,0,0,0,0,1
4447,613,第43回全国高等学校選手権大会(個人戦),2021-07-25,E17,E,29,29,59,5,5,1,0,0,3,3,0,0,0,3,0,2,0,0,0,0,0,0,0,0,0,0,1
4448,613,第43回全国高等学校選手権大会(個人戦),2021-07-25,E18,E,30,30,60,5,5,1,0,0,2,2,0,0,0,2,0,0,0,0,0,0,0,0,0,0,0,0,1
4449,613,第43回全国高等学校選手権大会(個人戦),2021-07-25,E19,E,29,29,59,5,5,1,0,0,3,3,0,0,0,3,0,0,0,0,0,0,0,0,0,0,0,0,1
4450,613,第43回全国高等学校選手権大会(個人戦),2021-07-25,E20,E,29,29,59,5,5,1,0,0,3,3,0,0,0,3,0,0,0,0,0,0,0,0,0,0,0,0,1
4451,613,第43回全国高等学校選手権大会(個人戦),2021-07-25,E21,E,27,27,57,5,5,1,0,0,5,5,0,0,0,5,0,0,0,0,0,0,0,0,0,0,0,0,1
4452,613,第43回全国高等学校選手権大会(個人戦),2021-07-25,E22,E,29,29,59,5,5,1,0,0,3,3,0,0,0,3,0,0,0,0,0,0,0,0,0,0,0,0,1
4453,613,第43回全国高等学校選手権大会(個人戦),2021-07-25,E23,E,27,27,57,5,5,1,0,0,5,5,0,0,0,5,0,0,0,0,0,0,0,0,0,0,0,0,1
4454,614,第40回全国競技かるた東京吉野会大会(A),2021-11-23,A,A,63,63,125,6,6,1,0,0,1,1,0,0,0,3,0,0,0,0,0,0,0,0,0,0,0,0,1
4455,615,第3回全国競技かるた新潟大会,2021-10-10,B,B,25,25,55,5,5,1,0,0,7,7,0,0,0,7,0,0,0,0,0,0,0,0,0,0,0,0,1
4456,615,第3回全国競技かるた新潟大会,2021-10-10,C,C,24,24,54,5,5,1,0,0,8,8,0,0,0,8,0,0,0,0,0,0,0,0,0,0,0,0,1
4457,615,第3回全国競技かるた新潟大会,2021-10-10,D,D,27,27,57,5,5,1,0,0,5,5,0,0,0,7,0,0,0,0,0,0,0,0,0,0,0,0,1
4458,615,第3回全国競技かるた新潟大会,2021-10-10,E1,E,27,27,57,5,5,1,0,0,5,5,0,0,0,7,0,0,0,0,0,0,0,0,0,0,0,0,1
4459,615,第3回全国競技かるた新潟大会,2021-10-10,E2,E,25,25,55,5,5,1,0,0,7,7,0,0,0,9,0,0,0,0,0,0,0,0,0,0,0,0,1
4460,616,小倉百人一首競技かるた第67回新春全国大会(B),2021-11-06,B1,B,29,29,59,5,5,1,0,0,3,3,0,0,0,3,0,0,0,0,0,0,0,0,0,0,0,0,1
4461,616,小倉百人一首競技かるた第67回新春全国大会(B),2021-11-06,B2,B,29,29,59,5,5,1,0,0,3,3,0,0,0,3,0,0,0,0,0,0,0,0,0,0,0,0,1
4462,616,小倉百人一首競技かるた第67回新春全国大会(B),2021-11-06,B3,B,28,28,58,5,5,1,0,0,4,4,0,0,0,4,0,0,0,0,0,0,0,0,0,0,0,0,1
4463,616,小倉百人一首競技かるた第67回新春全国大会(B),2021-11-06,B4,B,28,28,58,5,5,1,0,0,4,4,0,0,0,4,0,0,0,0,0,0,0,0,0,0,0,0,1
4464,616,小倉百人一首競技かるた第67回新春全国大会(B),2021-11-06,B5,B,28,28,58,5,5,1,0,0,4,4,0,0,0,4,0,0,0,0,0,0,0,0,0,0,0,0,1
4465,616,小倉百人一首競技かるた第67回新春全国大会(B),2021-11-06,B6,B,27,27,57,5,5,1,0,0,5,5,0,0,0,5,0,0,0,0,0,0,0,0,0,0,0,0,1
4466,617,第1回小倉百人一首競技かるた近江勧学館フロンティア大会,2021-10-31,B1,B,29,29,59,5,5,1,0,0,3,3,0,0,0,3,0,0,0,0,0,0,0,0,0,0,0,0,1
4467,617,第1回小倉百人一首競技かるた近江勧学館フロンティア大会,2021-10-31,B2,B,30,30,60,5,5,1,0,0,2,2,0,0,0,2,0,0,0,0,0,0,0,0,0,0,0,0,1
4468,617,第1回小倉百人一首競技かるた近江勧学館フロンティア大会,2021-10-31,B3,B,32,32,62,5,5,1,0,0,0,0,0,0,0,0,0,0,0,0,0,0,0,0,0,0,0,0,1
4469,617,第1回小倉百人一首競技かるた近江勧学館フロンティア大会,2021-10-31,B4,B,31,31,61,5,5,1,0,0,1,1,0,0,0,1,0,0,0,0,0,0,0,0,0,0,0,0,1
4470,618,第24回神奈川県かるた選手権大会(C),2021-11-03,C1,C,24,24,54,5,5,1,0,0,8,8,0,0,0,8,0,0,0,0,0,0,0,0,0,0,0,0,1
4471,618,第24回神奈川県かるた選手権大会(C),2021-11-03,C2,C,22,22,52,5,5,1,0,0,10,10,0,0,0,10,0,0,0,0,0,0,0,0,0,0,0,0,1
4472,619,"第5回全国競技かるた信州大会(B,C,D)",2021-11-21,B,B,21,21,51,5,5,1,0,0,11,11,0,0,0,11,0,0,0,0,0,0,0,0,0,0,0,0,1
4473,619,"第5回全国競技かるた信州大会(B,C,D)",2021-11-21,C,C,22,22,52,5,5,1,0,0,10,10,0,0,0,12,0,0,0,0,0,0,0,0,0,0,0,0,1
4474,619,"第5回全国競技かるた信州大会(B,C,D)",2021-11-21,D,D,29,29,59,5,5,1,0,0,3,3,0,0,0,3,0,0,0,0,0,0,0,0,0,0,0,0,1
4475,620,第11回全国競技かるた岡山大会(D),2021-11-27,D1,D,16,16,30,4,4,1,0,0,0,0,0,0,0,0,0,0,0,0,0,0,0,0,0,0,0,0,1
4476,620,第11回全国競技かるた岡山大会(D),2021-11-27,D2,D,18,18,48,5,5,1,0,0,14,14,0,0,0,14,0,0,0,0,0,0,0,0,0,0,0,0,1
4477,621,"第11回全国競技かるた岡山大会(A,B,C)",2021-11-28,A,A,14,14,28,4,4,1,0,0,2,2,0,0,0,2,0,0,0,0,0,0,0,0,0,0,0,0,1
4478,621,"第11回全国競技かるた岡山大会(A,B,C)",2021-11-28,B,B,31,31,61,5,5,1,0,0,1,1,0,0,0,1,0,0,0,0,0,0,0,0,0,0,0,0,1
4479,621,"第11回全国競技かるた岡山大会(A,B,C)",2021-11-28,C,C,20,20,50,5,5,1,0,0,12,12,0,0,0,12,0,0,0,0,0,0,0,0,0,0,0,0,1
4480,622,第30回全国競技かるた奈良大会(A),2021-11-23,A,A,52,52,114,6,6,1,0,0,12,12,0,0,0,14,0,0,0,0,0,0,0,0,0,0,0,0,1
4481,623,"第85回椿杯争奪全国競技かるた大会(D,E,F)",2021-12-05,D1,D,25,25,55,5,5,1,0,0,7,7,0,0,0,9,0,0,0,0,0,0,0,0,0,0,0,0,1
4482,623,"第85回椿杯争奪全国競技かるた大会(D,E,F)",2021-12-05,E1,E,23,23,53,5,5,1,0,0,9,9,0,0,0,9,0,0,0,0,0,0,0,0,0,0,0,0,1
4483,623,"第85回椿杯争奪全国競技かるた大会(D,E,F)",2021-12-05,F1,,16,16,30,4,4,1,0,0,0,0,0,0,0,0,0,0,0,0,0,0,0,0,0,0,0,0,1
4484,623,"第85回椿杯争奪全国競技かるた大会(D,E,F)",2021-12-05,D2,D,25,25,55,5,5,1,0,0,7,7,0,0,0,9,0,0,0,0,0,0,0,0,0,0,0,0,1
4485,623,"第85回椿杯争奪全国競技かるた大会(D,E,F)",2021-12-05,E2,E,23,23,53,5,5,1,0,0,9,9,0,0,0,11,0,0,0,0,0,0,0,0,0,0,0,0,1
4486,623,"第85回椿杯争奪全国競技かるた大会(D,E,F)",2021-12-05,E3,E,24,24,54,5,5,1,0,0,8,8,0,0,0,10,0,0,0,0,0,0,0,0,0,0,0,0,1
4487,623,"第85回椿杯争奪全国競技かるた大会(D,E,F)",2021-12-05,F2,,16,16,30,4,4,1,0,0,0,0,0,0,0,0,0,0,0,0,0,0,0,0,0,0,0,0,1
4488,624,"第9回全国競技かるた山口大会(A,B,C)",2021-12-26,A,A,16,16,30,4,4,1,0,2,2,0,0,0,0,0,0,2,0,0,0,0,0,0,0,0,0,0,1
4489,624,"第9回全国競技かるた山口大会(A,B,C)",2021-12-26,B1,B,16,16,30,4,4,1,0,0,0,0,0,0,0,0,0,0,0,0,0,0,0,0,0,0,0,0,1
4490,624,"第9回全国競技かるた山口大会(A,B,C)",2021-12-26,C,C,24,24,54,5,5,1,0,0,8,8,0,0,0,8,0,0,0,0,0,0,0,0,0,0,0,0,1
4491,624,"第9回全国競技かるた山口大会(A,B,C)",2021-12-26,B2,B,18,18,48,5,5,1,0,0,14,14,0,0,0,14,0,0,0,0,0,0,0,0,0,0,0,0,1
4492,625,"第9回全国競技かるた山口大会(D,E)",2021-12-25,D1,D,22,22,52,5,5,1,0,0,10,10,0,0,0,10,0,0,0,0,0,0,0,0,0,0,0,0,1
4493,625,"第9回全国競技かるた山口大会(D,E)",2021-12-25,E1,E,16,16,30,4,4,1,0,0,0,0,0,0,0,0,0,0,0,0,0,0,0,0,0,0,0,0,1
4494,625,"第9回全国競技かるた山口大会(D,E)",2021-12-25,E2,E,15,15,29,4,4,1,0,0,1,1,0,0,0,1,0,0,0,0,0,0,0,0,0,0,0,0,1
4495,625,"第9回全国競技かるた山口大会(D,E)",2021-12-25,E3,E,16,16,30,4,4,1,0,0,0,0,0,0,0,0,0,0,0,0,0,0,0,0,0,0,0,0,1
4496,625,"第9回全国競技かるた山口大会(D,E)",2021-12-25,E4,E,16,16,30,4,4,1,0,0,0,0,0,0,0,0,0,0,0,0,0,0,0,0,0,0,0,0,1
4497,625,"第9回全国競技かるた山口大会(D,E)",2021-12-25,E5,E,16,16,30,4,4,1,0,0,0,0,0,0,0,0,0,0,0,0,0,0,0,0,0,0,0,0,1
4498,625,"第9回全国競技かるた山口大会(D,E)",2021-12-25,D2,D,23,23,53,5,5,1,0,0,9,9,0,0,0,9,0,0,0,0,0,0,0,0,0,0,0,0,1
4499,626,第5回全国競技かるた信州大会(A),2021-12-26,A,A,39,39,101,6,6,1,0,0,25,25,0,0,0,25,0,0,0,0,0,0,0,0,0,0,0,0,1
4500,627,第40回全国競技かるた東京吉野会大会(B),2021-12-19,B1,B,32,32,62,5,5,1,0,0,0,0,0,0,0,0,0,0,0,0,0,0,0,0,0,0,0,0,1
4501,627,第40回全国競技かるた東京吉野会大会(B),2021-12-19,B2,B,32,32,62,5,5,1,0,2,2,0,0,0,0,0,0,2,0,0,0,0,0,0,0,0,0,0,1
4502,627,第40回全国競技かるた東京吉野会大会(B),2021-12-19,B3,B,32,32,62,5,5,1,0,0,0,0,0,0,0,0,0,0,0,0,0,0,0,0,0,0,0,0,1
4503,627,第40回全国競技かるた東京吉野会大会(B),2021-12-19,B4,B,31,31,61,5,5,1,0,0,1,1,0,0,0,1,0,0,0,0,0,0,0,0,0,0,0,0,1
4504,628,第74回全国競技かるた福井大会(A),2021-12-05,A,A,52,52,114,6,6,1,0,0,12,12,0,0,0,12,0,0,0,0,0,0,0,0,0,0,0,0,1
4505,629,第9回奥の細道結びの地全国競技かるた大垣大会(B),2021-12-19,B,B,31,31,61,5,5,1,0,0,1,1,0,0,0,1,0,0,0,0,0,0,0,0,0,0,0,0,1
4506,630,第9回奥の細道結びの地全国競技かるた大垣大会(C),2021-12-18,C1,C,22,22,52,5,5,1,0,0,10,10,0,0,0,10,0,0,0,0,0,0,0,0,0,0,0,0,1
4507,630,第9回奥の細道結びの地全国競技かるた大垣大会(C),2021-12-18,C2,C,21,21,51,5,5,1,0,0,11,11,0,0,0,11,0,0,0,0,0,0,0,0,0,0,0,0,1
4508,631,第5回全国競技かるた大阪なにはえ大会(C),2021-12-11,C1,C,23,23,53,5,5,1,0,0,9,9,0,0,0,9,0,0,0,0,0,0,0,0,0,0,0,0,1
4509,631,第5回全国競技かるた大阪なにはえ大会(C),2021-12-11,C2,C,23,23,53,5,5,1,0,0,9,9,0,0,0,9,0,0,0,0,0,0,0,0,0,0,0,0,1
4510,631,第5回全国競技かるた大阪なにはえ大会(C),2021-12-11,C3,C,22,22,52,5,5,1,0,0,10,10,0,0,0,10,0,0,0,0,0,0,0,0,0,0,0,0,1
4511,632,第71回高松宮記念杯近江神宮全国競技かるた大会(C)(1日目),2021-12-25,C1,C,27,27,57,5,5,1,0,0,5,5,0,0,0,5,0,0,0,0,0,0,0,0,0,0,0,0,1
4512,632,第71回高松宮記念杯近江神宮全国競技かるた大会(C)(1日目),2021-12-25,C2,C,25,25,55,5,5,1,0,0,7,7,0,0,0,7,0,0,0,0,0,0,0,0,0,0,0,0,1
4513,633,第71回高松宮記念杯近江神宮全国競技かるた大会(C)(2日目),2021-12-26,C1,C,23,23,53,5,5,1,0,0,9,9,0,0,0,11,0,0,0,0,0,0,0,0,0,0,0,0,1
4514,633,第71回高松宮記念杯近江神宮全国競技かるた大会(C)(2日目),2021-12-26,C2,C,24,24,54,5,5,1,0,0,8,8,0,0,0,10,0,0,0,0,0,0,0,0,0,0,0,0,1
4515,633,第71回高松宮記念杯近江神宮全国競技かるた大会(C)(2日目),2021-12-26,C3,C,23,23,53,5,5,1,0,0,9,9,0,0,0,9,0,0,0,0,0,0,0,0,0,0,0,0,1
4516,634,第13回全国かるた愛知大会,2010-12-12,A,A,35,35,97,6,6,1,0,0,29,29,0,0,0,29,0,2,0,0,0,0,0,0,0,0,0,8,1
4517,634,第13回全国かるた愛知大会,2010-12-12,B,B,50,50,112,6,6,1,0,0,14,14,0,0,0,14,0,0,0,0,0,0,0,0,0,0,0,8,1
4518,634,第13回全国かるた愛知大会,2010-12-12,C,C,43,43,105,6,6,1,0,0,21,21,0,0,0,21,0,0,0,0,0,0,0,0,0,0,0,8,1
4519,634,第13回全国かるた愛知大会,2010-12-12,D1,D,56,56,118,6,6,1,0,0,8,8,0,0,0,8,0,2,0,0,0,0,0,0,0,0,0,8,1
4520,634,第13回全国かるた愛知大会,2010-12-12,D2,D,58,58,120,6,6,1,0,0,6,6,0,0,0,10,0,0,0,0,0,0,0,0,0,0,0,8,1
4521,635,第1回千葉県かるた大会(上級),2011-09-19,A,A,10,10,26,5,5,1,0,10,14,4,0,0,0,4,0,0,0,0,0,0,0,0,0,0,0,0,1
4522,635,第1回千葉県かるた大会(上級),2011-09-19,B,B,14,14,28,5,5,1,0,10,14,4,0,0,0,4,0,0,0,0,0,0,0,0,0,0,0,0,0
4523,635,第1回千葉県かるた大会(上級),2011-09-19,C,C,7,7,21,5,5,1,0,5,11,6,0,0,0,6,0,0,0,0,0,0,0,0,0,0,0,0,1
4524,635,第1回千葉県かるた大会(上級),2011-09-19,D,D,13,13,29,4,4,1,0,5,11,6,0,0,0,6,0,0,0,2,0,0,0,0,0,0,0,0,0
4525,635,第1回千葉県かるた大会(上級),2011-09-19,大会結果 (中級②),,19,19,49,5,5,1,0,0,13,13,0,0,0,13,0,0,0,0,0,0,0,0,0,0,0,0,1
4526,635,第1回千葉県かるた大会(上級),2011-09-19,大会結果（初級①）,,25,25,55,5,5,1,0,0,7,7,0,0,0,7,0,0,0,2,0,0,0,0,0,0,0,0,1
4527,635,第1回千葉県かるた大会(上級),2011-09-19,大会結果（初級②）,,26,26,56,5,5,1,0,0,6,6,0,0,0,6,0,0,0,0,0,0,0,0,0,0,0,0,1
4528,635,第1回千葉県かるた大会(上級),2011-09-19,大会結果（初級③）,,26,26,56,5,5,1,0,0,6,6,0,0,0,6,0,0,0,2,0,0,0,0,0,0,0,0,1
4529,636,第35回全国小倉百人一首かるた競技宗像大社大会,2011-06-19,Ａ級,A,35,35,63,6,6,1,0,8,37,29,0,0,0,29,0,34,0,26,0,0,0,0,0,0,0,0,0
4530,636,第35回全国小倉百人一首かるた競技宗像大社大会,2011-06-19,Ｂ級,B,39,39,63,6,6,1,0,8,33,25,0,0,0,25,0,38,0,30,0,0,0,0,0,0,0,0,0
4531,636,第35回全国小倉百人一首かるた競技宗像大社大会,2011-06-19,Ｃ級,C,42,42,63,6,6,1,0,2,24,22,0,0,0,22,0,41,0,39,0,0,1,0,0,0,0,0,0
4532,636,第35回全国小倉百人一首かるた競技宗像大社大会,2011-06-19,Ｄ級,D,64,64,63,5,5,1,0,11,11,0,0,0,0,1,0,62,0,50,0,0,2,0,0,0,0,0,0
4533,637,"第30回全国かるた競技東京吉野会大会(A,B)",2011-10-10,A,A,88,88,214,7,7,1,0,0,40,40,0,0,0,40,0,4,0,0,2,0,0,0,0,0,0,8,0
4534,637,"第30回全国かるた競技東京吉野会大会(A,B)",2011-10-10,B,B,95,95,221,7,7,1,0,0,33,33,0,0,0,33,0,0,0,0,0,0,0,0,0,0,0,8,1
4535,638,第58期名人戦東日本予選,2011-10-16,名人級,,60,60,122,6,6,1,0,0,4,4,0,0,0,6,0,0,0,0,0,0,0,0,0,0,0,8,1
4536,1513,第56期クイーン戦東日本予選,2011-10-16,クィーン級,,39,39,101,6,6,1,0,0,25,25,0,0,0,25,0,0,0,0,0,0,0,0,0,0,0,8,1
4537,639,第58期名人戦西日本予選,2011-10-16,名人位級,,39,39,101,6,6,1,0,0,25,25,0,0,0,25,0,0,0,0,0,0,0,0,0,0,0,1,1
4538,1514,第56期クイーン戦西日本予選,2011-10-16,クイーン位級,,26,26,56,5,5,1,0,0,6,6,0,0,0,6,0,2,0,0,0,0,0,0,0,0,0,1,1
4539,640,多摩百人一首かるた大会初心者の部(西東京市大会),2011-10-10,詳細,,113,113,301,4,4,1,0,72,80,8,0,0,0,8,0,2,0,3,0,0,37,0,0,0,0,0,0
4540,641,第34回全国小・中学生かるた競技選手権福井大会,2011-11-06,中学生,,24,24,54,5,5,1,0,54,54,0,0,0,0,0,0,54,0,0,0,0,0,0,0,0,0,0,0
4541,641,第34回全国小・中学生かるた競技選手権福井大会,2011-11-06,6年生,,34,34,96,6,6,1,0,96,96,0,0,0,0,0,0,96,0,0,0,0,0,0,0,0,0,0,1
4542,641,第34回全国小・中学生かるた競技選手権福井大会,2011-11-06,5年生,,38,38,99,6,6,1,0,99,99,0,0,0,0,0,0,99,0,0,0,0,0,0,0,0,0,0,1
4543,641,第34回全国小・中学生かるた競技選手権福井大会,2011-11-06,4年生,,21,21,51,5,5,1,0,51,51,0,0,0,0,0,0,51,0,0,0,0,0,0,0,0,0,0,1
4544,641,第34回全国小・中学生かるた競技選手権福井大会,2011-11-06,3年生,,29,29,59,5,5,1,0,59,59,0,0,0,0,0,0,59,0,0,0,0,0,0,0,0,0,0,1
4545,641,第34回全国小・中学生かるた競技選手権福井大会,2011-11-06,２年生,,13,13,27,4,4,1,0,27,27,0,0,0,0,0,0,27,0,0,0,0,0,0,0,0,0,0,1
4546,641,第34回全国小・中学生かるた競技選手権福井大会,2011-11-06,１年生以下,,10,10,24,4,4,1,0,24,24,0,0,0,0,0,0,24,0,0,0,0,0,0,0,0,0,0,1
4547,641,第34回全国小・中学生かるた競技選手権福井大会,2011-11-06,高校生,,10,10,24,4,4,1,0,24,24,0,0,0,0,0,0,24,0,0,0,0,0,0,0,0,0,0,1
4548,642,第2回全国かるた競技岡山大会入賞者記録,2011-11-27,A,A,40,40,63,6,6,1,0,11,35,24,0,0,0,24,0,39,0,28,0,0,1,0,0,0,0,0,0
4549,642,第2回全国かるた競技岡山大会入賞者記録,2011-11-27,B,B,41,41,63,6,6,1,0,6,29,23,0,0,0,23,0,40,0,34,0,0,0,0,0,0,0,0,0
4550,642,第2回全国かるた競技岡山大会入賞者記録,2011-11-27,C,C,30,30,31,5,5,1,0,0,2,2,0,0,0,2,0,29,0,29,0,0,1,0,0,0,0,0,0
4551,642,第2回全国かるた競技岡山大会入賞者記録,2011-11-27,D,D,51,51,63,6,6,1,0,8,21,13,0,0,0,13,0,50,0,42,0,0,0,0,0,0,0,0,0
4552,643,第14回全国かるた愛知大会,2011-12-10,A,A,34,34,94,6,6,1,0,0,30,30,0,0,0,30,0,0,0,0,0,0,0,0,0,0,0,8,0
4553,643,第14回全国かるた愛知大会,2011-12-10,B,B,42,42,104,6,6,1,0,0,22,22,0,0,0,22,0,0,0,0,0,0,0,0,0,0,0,8,1
4554,643,第14回全国かるた愛知大会,2011-12-10,C,C,33,33,95,6,6,1,0,0,31,31,0,0,0,31,0,0,0,0,0,0,0,0,0,0,0,8,1
4555,643,第14回全国かるた愛知大会,2011-12-10,D1,D,26,26,56,5,5,1,0,0,6,6,0,0,0,6,0,0,0,0,0,0,0,0,0,0,0,4,1
4556,643,第14回全国かるた愛知大会,2011-12-10,D2,D,27,27,57,5,5,1,0,0,5,5,0,0,0,5,0,0,0,0,0,0,0,0,0,0,0,4,1
4557,643,第14回全国かるた愛知大会,2011-12-10,D3,D,26,26,56,5,5,1,0,0,6,6,0,0,0,6,0,0,0,0,0,0,0,0,0,0,0,4,1
4558,643,第14回全国かるた愛知大会,2011-12-10,D4,D,27,27,57,5,5,1,0,0,5,5,0,0,0,5,0,0,0,0,0,0,0,0,0,0,0,4,1
4559,644,"第41回全国小倉百人一首かるた競技太宰府大会(A,B,C)",,A,A,48,48,110,6,6,1,0,1,17,16,0,0,0,16,0,0,0,1,0,0,0,0,0,0,0,8,1
4560,644,"第41回全国小倉百人一首かるた競技太宰府大会(A,B,C)",,B,B,36,36,98,6,6,1,0,0,28,28,0,0,0,28,0,0,0,0,0,0,0,0,0,0,0,8,1
4561,644,"第41回全国小倉百人一首かるた競技太宰府大会(A,B,C)",,C,C,48,48,110,6,6,1,0,0,16,16,0,0,0,16,0,0,0,0,0,0,0,0,0,0,0,8,1
4562,645,第41回全国小倉百人一首かるた競技太宰府大会,2011-01-10,提出用２パート,,64,64,62,5,5,1,0,2,2,0,0,0,0,0,0,62,0,60,0,0,2,0,0,0,0,0,0
4563,646,第64回全国競技かるた東京東会大会,2011-01-16,Ａ級,A,87,87,213,7,7,1,0,41,82,41,0,0,0,41,0,172,0,27,0,0,0,0,0,0,0,0,1
4564,646,第64回全国競技かるた東京東会大会,2011-01-16,Ｂ級,B,122,122,248,7,7,1,0,44,50,6,0,0,0,6,0,242,0,34,0,0,0,0,0,0,0,0,1
4565,646,第64回全国競技かるた東京東会大会,2011-01-16,Ｃ１級,C,28,28,58,5,5,1,0,8,12,4,0,0,0,4,0,54,0,6,0,0,0,0,0,0,0,0,1
4566,646,第64回全国競技かるた東京東会大会,2011-01-16,Ｃ２級,C,27,27,57,5,5,1,0,4,9,5,0,0,0,5,0,52,0,2,0,0,0,0,0,0,0,0,1
4567,646,第64回全国競技かるた東京東会大会,2011-01-16,Ｃ３級,C,29,29,59,5,5,1,0,0,3,3,0,0,0,3,0,56,0,0,0,0,0,0,0,0,0,0,1
4568,646,第64回全国競技かるた東京東会大会,2011-01-16,Ｄ１級,D,35,35,97,6,6,1,0,13,42,29,0,0,0,29,0,68,0,11,0,0,0,0,0,0,0,0,1
4569,646,第64回全国競技かるた東京東会大会,2011-01-16,Ｄ２級,D,36,36,98,6,6,1,0,10,38,28,0,0,0,28,0,70,0,10,0,0,0,0,0,0,0,0,1
4570,646,第64回全国競技かるた東京東会大会,2011-01-16,Ｄ３級,D,35,35,97,6,6,1,0,0,29,29,0,0,0,29,0,68,0,0,0,0,0,0,0,0,0,0,1
4571,646,第64回全国競技かるた東京東会大会,2011-01-16,Ｄ４級,D,35,35,97,6,6,1,0,8,37,29,0,0,0,29,0,68,0,4,0,0,0,0,0,0,0,0,1
4572,646,第64回全国競技かるた東京東会大会,2011-01-16,Ｄ５級,D,36,36,98,6,6,1,0,3,31,28,0,0,0,28,0,70,0,3,0,0,0,0,0,0,0,0,1
4573,646,第64回全国競技かるた東京東会大会,2011-01-16,Ｅ１級,E,41,41,103,6,6,1,0,6,29,23,0,0,0,23,0,80,0,6,0,0,0,0,0,0,0,0,1
4574,646,第64回全国競技かるた東京東会大会,2011-01-16,Ｅ２級,E,41,41,103,6,6,1,0,8,31,23,0,0,0,23,0,80,0,8,0,0,0,0,0,0,0,0,1
4575,646,第64回全国競技かるた東京東会大会,2011-01-16,Ｅ３級,E,41,41,103,6,6,1,0,10,33,23,0,0,0,23,0,80,0,10,0,0,0,0,0,0,0,0,1
4576,646,第64回全国競技かるた東京東会大会,2011-01-16,Ｅ４級,E,40,40,102,6,6,1,0,5,29,24,0,0,0,24,0,78,0,5,0,0,0,0,0,0,0,0,1
4577,647,第56回新春全国競技かるた大会,2011-01-09,Ａ級,A,73,73,199,7,7,1,0,33,88,55,0,0,0,55,0,144,0,27,0,0,0,0,0,0,0,0,1
4578,647,第56回新春全国競技かるた大会,2011-01-09,Ｂ級,B,111,111,237,7,7,1,0,32,49,17,0,0,0,17,0,220,0,28,0,0,0,0,0,0,0,0,1
4579,647,第56回新春全国競技かるた大会,2011-01-09,Ｃ１級,C,45,45,107,6,6,1,0,0,19,19,0,0,0,19,0,88,0,0,0,0,0,0,0,0,0,0,1
4580,647,第56回新春全国競技かるた大会,2011-01-09,Ｃ２級,C,45,45,107,6,6,1,0,7,26,19,0,0,0,19,0,88,0,5,0,0,0,0,0,0,0,0,1
4581,647,第56回新春全国競技かるた大会,2011-01-09,Ｄ１級,D,34,34,96,6,6,1,0,0,30,30,0,0,0,30,0,66,0,0,0,0,0,0,0,0,0,0,1
4582,647,第56回新春全国競技かるた大会,2011-01-09,Ｄ２級,D,35,35,97,6,6,1,0,11,40,29,0,0,0,29,0,68,0,11,0,0,0,0,0,0,0,0,1
4583,647,第56回新春全国競技かるた大会,2011-01-09,Ｄ３級,D,34,34,96,6,6,1,0,13,43,30,0,0,0,30,0,66,0,13,0,0,0,0,0,0,0,0,1
4584,647,第56回新春全国競技かるた大会,2011-01-09,Ｄ４級,D,32,32,62,5,5,1,0,2,2,0,0,0,0,0,0,62,0,2,0,0,0,0,0,0,0,0,1
4585,647,第56回新春全国競技かるた大会,2011-01-09,Ｄ５級,D,34,34,96,6,6,1,0,4,34,30,0,0,0,30,0,66,0,4,0,0,0,0,0,0,0,0,1
4586,647,第56回新春全国競技かるた大会,2011-01-09,Ｅ１級,E,34,34,96,6,6,1,0,13,43,30,0,0,0,30,0,66,0,11,0,0,0,0,0,0,0,0,1
4587,647,第56回新春全国競技かるた大会,2011-01-09,Ｅ２級,E,34,34,96,6,6,1,0,6,36,30,0,0,0,30,0,66,0,6,0,0,0,0,0,0,0,0,1
4588,647,第56回新春全国競技かるた大会,2011-01-09,Ｅ３級,E,33,33,95,6,6,1,0,6,37,31,0,0,0,31,0,64,0,6,0,0,0,0,0,0,0,0,1
4589,647,第56回新春全国競技かるた大会,2011-01-09,Ｅ４級,E,34,34,96,6,6,1,0,7,37,30,0,0,0,30,0,66,0,7,0,0,0,0,0,0,0,0,1
4590,648,第24回 全国小学生かるた選手権大会 結果報告表,2011-01-10,高学年の部(６年・５年),,64,64,126,6,6,1,0,32,32,0,0,0,0,0,0,126,0,22,0,0,0,0,0,0,0,0,1
4591,648,第24回 全国小学生かるた選手権大会 結果報告表,2011-01-10,低学年の部(４年),,37,37,99,6,6,1,0,0,27,27,0,0,0,27,0,72,0,0,0,0,0,0,0,0,0,0,1
4592,648,第24回 全国小学生かるた選手権大会 結果報告表,2011-01-10,低学年の部(３年～１年),,35,35,97,6,6,1,0,17,46,29,0,0,0,29,0,68,0,15,0,0,0,0,0,0,0,0,1
4593,649,第26回全国選抜かるた大会,2011-03-13,Ａ 級,A,29,29,69,5,5,1,0,19,22,3,0,0,0,3,0,66,0,17,0,0,0,0,0,0,0,0,0
4594,650,第69回全国競技かるた桑名大会結果表,2011-04-03,Ａ級成績表,A,54,54,116,6,6,1,0,115,115,0,0,0,0,0,0,14,0,1,0,0,0,0,0,0,0,0,1
4595,650,第69回全国競技かるた桑名大会結果表,2011-04-03,Ｂ級成績表,B,72,72,198,7,7,1,0,196,196,0,0,0,0,0,0,56,0,2,0,0,0,0,0,0,0,0,1
4596,650,第69回全国競技かるた桑名大会結果表,2011-04-03,Ｃ級成績表,C,61,61,123,6,6,1,0,123,123,0,0,0,0,0,0,5,0,0,0,0,0,0,0,0,0,0,1
4597,650,第69回全国競技かるた桑名大会結果表,2011-04-03,Ｄ１級成績表,D,54,54,116,6,6,1,0,113,113,0,0,0,0,0,0,10,0,3,0,0,0,0,0,0,0,0,1
4598,650,第69回全国競技かるた桑名大会結果表,2011-04-03,Ｄ２級成績表,D,55,55,117,6,6,1,0,117,117,0,0,0,0,0,0,9,0,0,0,0,0,0,0,0,0,0,1
4599,650,第69回全国競技かるた桑名大会結果表,2011-04-03,Ｅ１級成績表,E,18,18,48,5,5,1,0,48,48,0,0,0,0,0,0,16,0,0,0,0,0,0,0,0,0,0,1
4600,650,第69回全国競技かるた桑名大会結果表,2011-04-03,Ｅ２級成績表,E,17,17,47,5,5,1,0,47,47,0,0,0,0,0,0,17,0,0,0,0,0,0,0,0,0,0,1
4601,650,第69回全国競技かるた桑名大会結果表,2011-04-03,もみじの部成績表,,2,2,4,2,2,1,0,4,4,0,0,0,0,0,0,0,0,0,0,0,0,0,0,0,0,0,0
4602,651,第41回全国小中学生かるた選手権大会,2011-03-27,中学２・３年級,,54,54,116,6,6,1,0,0,10,10,0,0,0,10,0,0,0,0,0,0,0,0,0,0,0,8,1
4603,651,第41回全国小中学生かるた選手権大会,2011-03-27,中学１年級,,24,24,54,5,5,1,0,0,8,8,0,0,0,8,0,0,0,0,0,0,0,0,0,0,0,8,1
4604,651,第41回全国小中学生かるた選手権大会,2011-03-27,小学６年級,,62,62,124,6,6,1,0,0,2,2,0,0,0,2,0,0,0,0,0,0,0,0,0,0,0,8,1
4605,651,第41回全国小中学生かるた選手権大会,2011-03-27,小学５年級,,50,50,112,6,6,1,0,0,14,14,0,0,0,14,0,0,0,0,0,0,0,0,0,0,0,8,1
4606,651,第41回全国小中学生かるた選手権大会,2011-03-27,小学４年級,,52,52,114,6,6,1,0,0,12,12,0,0,0,12,0,2,0,0,0,0,0,0,0,0,0,8,1
4607,651,第41回全国小中学生かるた選手権大会,2011-03-27,小学３年級,,41,41,103,6,6,1,0,0,23,23,0,0,0,23,0,0,0,0,0,0,0,0,0,0,0,8,1
4608,651,第41回全国小中学生かるた選手権大会,2011-03-27,小学２年以下級,,48,48,110,6,6,1,0,0,16,16,0,0,0,16,0,0,0,0,0,0,0,0,0,0,0,8,1
4609,652,第12回百人一首かるた杉並大会,,D,D,53,53,109,4,4,1,0,11,11,11,0,0,0,0,0,11,0,0,0,0,0,0,0,0,0,14,0
4610,652,第12回百人一首かるた杉並大会,,E,E,67,67,137,4,4,1,0,13,13,13,0,0,0,0,0,13,0,0,0,0,0,0,0,0,0,20,0
4611,652,第12回百人一首かるた杉並大会,,F級,,61,61,117,4,4,1,0,3,3,3,0,0,0,0,0,3,0,0,0,0,0,0,0,0,0,16,0
4612,652,第12回百人一首かるた杉並大会,,源平,,32,32,26,2,2,1,0,0,0,0,0,0,0,0,0,2,0,0,0,0,16,0,0,0,0,2,0
4621,654,第18回全日本大学かるた選手権大会,,大学代表,,22,22,54,5,5,1,0,8,18,18,0,0,0,10,0,44,0,8,0,0,0,0,0,0,0,0,0
4622,654,第18回全日本大学かるた選手権大会,,４回生以上,,21,21,53,5,5,1,0,8,19,19,0,0,0,11,0,42,0,8,0,0,0,0,0,0,0,0,0
4623,654,第18回全日本大学かるた選手権大会,,３回生,,30,30,62,5,5,1,0,6,8,2,0,0,0,2,0,60,0,4,0,0,0,0,0,0,0,0,0
4624,654,第18回全日本大学かるた選手権大会,,２回生,,54,54,118,6,6,1,0,5,15,10,0,0,0,10,0,108,0,5,0,0,0,0,0,0,0,0,0
4625,654,第18回全日本大学かるた選手権大会,,１回生,,44,44,108,6,6,1,0,5,25,20,0,0,0,20,0,88,0,5,0,0,0,0,0,0,0,0,0
4626,654,第18回全日本大学かるた選手権大会,,新人戦,,78,78,206,6,6,1,0,2,52,50,0,0,0,50,0,156,0,2,0,0,0,0,0,0,0,0,0
4627,655,第18回東京都かるた大会,,選手権級,,19,19,49,5,5,1,0,0,13,13,0,0,0,13,0,0,0,0,0,0,0,0,0,0,0,2,1
4628,655,第18回東京都かるた大会,,D1,D,30,30,60,5,5,1,0,0,2,2,0,0,0,2,0,0,0,0,4,0,0,0,0,0,0,4,0
4629,655,第18回東京都かるた大会,,D2,D,28,28,58,5,5,1,0,0,4,4,0,0,0,4,0,0,0,0,2,0,0,0,0,0,0,4,0
4630,655,第18回東京都かるた大会,,E1,E,25,25,55,5,5,1,0,0,7,7,0,0,0,7,0,0,0,0,0,0,0,0,0,0,0,4,1
4631,655,第18回東京都かるた大会,,E2,E,26,26,56,5,5,1,0,0,6,6,0,0,0,6,0,0,0,0,0,0,0,0,0,0,0,4,1
4632,655,第18回東京都かるた大会,,F1級,,28,28,58,5,5,1,0,0,4,4,0,0,0,4,0,2,0,0,0,0,0,0,0,0,0,8,1
4633,655,第18回東京都かるた大会,,F2級,,28,28,58,5,5,1,0,0,4,4,0,0,0,4,0,0,0,0,0,0,0,0,0,0,0,8,1
4634,655,第18回東京都かるた大会,,F3級,,27,27,57,5,5,1,0,0,5,5,0,0,0,5,0,0,0,0,0,0,0,0,0,0,0,8,1
4635,656,第22回全国小倉百人一首かるた競技広島大会,2011-05-04,A,A,57,57,63,6,6,1,0,11,18,7,0,0,0,7,0,56,0,45,0,0,1,0,0,0,0,0,0
4636,656,第22回全国小倉百人一首かるた競技広島大会,2011-05-04,Ｂ級,B,59,59,63,6,6,1,0,1,6,5,0,0,0,5,0,58,0,57,0,0,1,0,0,0,0,0,0
4637,656,第22回全国小倉百人一首かるた競技広島大会,2011-05-04,Ｃ級,C,36,36,63,6,6,1,0,3,31,28,0,0,0,28,0,35,0,32,0,0,1,0,0,0,0,0,0
4638,656,第22回全国小倉百人一首かるた競技広島大会,2011-05-04,Ｄ１級,D,41,41,63,6,6,1,0,6,29,23,0,0,0,23,0,40,0,34,0,0,1,0,0,0,0,0,0
4639,656,第22回全国小倉百人一首かるた競技広島大会,2011-05-04,Ｄ２級,D,41,41,63,6,6,1,0,0,23,23,0,0,0,23,0,40,0,40,0,0,0,0,0,0,0,0,0
4640,656,第22回全国小倉百人一首かるた競技広島大会,2011-05-04,Ｅ級,E,32,32,31,5,5,1,0,6,6,0,0,0,0,0,0,31,0,25,0,0,1,0,0,0,0,0,0
4641,657,第3回全国かるた競技佐賀大会,2011-09-18,A,A,45,45,107,6,6,1,0,0,19,19,0,0,0,19,0,0,0,0,0,0,0,0,0,0,0,8,1
4642,657,第3回全国かるた競技佐賀大会,2011-09-18,B,B,37,37,99,6,6,1,0,0,27,27,0,0,0,27,0,0,0,0,0,0,0,0,0,0,0,8,1
4643,657,第3回全国かるた競技佐賀大会,2011-09-18,C,C,44,44,106,6,6,1,0,2,20,20,0,0,0,18,0,2,0,0,4,0,0,0,0,0,0,8,1
4644,657,第3回全国かるた競技佐賀大会,2011-09-18,D1,D,25,25,55,5,5,1,0,0,7,7,0,0,0,7,0,0,0,0,0,0,0,0,0,0,0,8,1
4645,657,第3回全国かるた競技佐賀大会,2011-09-18,D2,D,28,28,58,5,5,1,0,0,4,4,0,0,0,4,0,0,0,0,0,0,0,0,0,0,0,8,1
4646,657,第3回全国かるた競技佐賀大会,2011-09-18,D3,D,26,26,56,5,5,1,0,0,6,6,0,0,0,8,0,0,0,0,0,0,0,0,0,0,0,8,1
4647,657,第3回全国かるた競技佐賀大会,2011-09-18,D4,D,27,27,57,5,5,1,0,0,5,5,0,0,0,7,0,0,0,0,0,0,0,0,0,0,0,8,1
4648,657,第3回全国かるた競技佐賀大会,2011-09-18,E,E,27,27,67,5,5,1,0,0,3,3,0,0,0,3,0,0,0,0,0,0,0,0,0,0,0,7,0
4649,658,第25回 全国小学生かるた選手権大会 結果報告表,,６年生級,,46,46,108,6,6,1,0,0,18,18,0,0,0,18,0,0,0,0,0,0,0,0,0,0,0,8,1
4650,658,第25回 全国小学生かるた選手権大会 結果報告表,,５年生級,,39,39,100,6,6,1,0,0,24,24,0,0,0,24,0,0,0,0,0,0,0,0,0,0,0,8,1
4651,658,第25回 全国小学生かるた選手権大会 結果報告表,,４年生級,,47,47,109,6,6,1,0,0,17,17,0,0,0,17,0,0,0,0,0,0,0,0,0,0,0,8,1
4652,658,第25回 全国小学生かるた選手権大会 結果報告表,,３年生以下級,,30,30,60,5,5,1,0,0,2,2,0,0,0,2,0,0,0,0,0,0,0,0,0,0,0,8,1
4653,659,第二十四回全国かるた競技東大阪大会,,A,A,62,62,124,6,6,1,0,0,2,2,0,0,0,2,0,0,0,0,0,0,0,0,0,0,0,8,1
4654,659,第二十四回全国かるた競技東大阪大会,,B,B,74,74,200,7,7,1,0,0,54,54,0,0,0,54,0,0,0,0,0,0,0,0,0,0,0,8,1
4655,659,第二十四回全国かるた競技東大阪大会,,C1,C,31,31,61,5,5,1,0,0,1,1,0,0,0,1,0,0,0,0,0,0,0,0,0,0,0,4,1
4656,659,第二十四回全国かるた競技東大阪大会,,C2,C,31,31,61,5,5,1,0,0,1,1,0,0,0,1,0,0,0,0,0,0,0,0,0,0,0,4,1
4657,659,第二十四回全国かるた競技東大阪大会,,D1,D,42,42,104,6,6,1,0,0,22,22,0,0,0,22,0,0,0,0,0,0,0,0,0,0,0,8,1
4658,659,第二十四回全国かるた競技東大阪大会,,D2,D,35,35,97,6,6,1,0,0,29,29,0,0,0,29,0,0,0,0,0,0,0,0,0,0,0,4,1
4659,660,第27回全国選抜かるた大会,,A,A,50,50,122,6,6,1,0,0,14,14,0,0,0,20,0,0,0,0,0,0,0,0,0,0,0,8,0
4660,661,第42回全国小中学生かるた選手権大会,2012-03-25,中学２・３年生の部級,,57,57,119,6,6,1,0,0,7,7,0,0,0,7,0,2,0,0,0,0,0,0,0,0,0,8,1
4661,661,第42回全国小中学生かるた選手権大会,2012-03-25,中学１年生の部級,,53,53,115,6,6,1,0,0,11,11,0,0,0,11,0,2,0,0,0,0,0,0,0,0,0,8,1
4662,661,第42回全国小中学生かるた選手権大会,2012-03-25,小学６年生の部級,,54,54,116,6,6,1,0,0,10,10,0,0,0,10,0,0,0,0,0,0,0,0,0,0,0,8,1
4663,661,第42回全国小中学生かるた選手権大会,2012-03-25,小学５年生の部級,,55,55,117,6,6,1,0,0,9,9,0,0,0,9,0,0,0,0,0,0,0,0,0,0,0,8,1
4664,661,第42回全国小中学生かるた選手権大会,2012-03-25,小学４年生の部級,,52,52,114,6,6,1,0,0,12,12,0,0,0,12,0,0,0,0,0,0,0,0,0,0,0,8,1
4665,661,第42回全国小中学生かるた選手権大会,2012-03-25,小学３年生の部級,,36,36,98,6,6,1,0,0,28,28,0,0,0,28,0,0,0,0,0,0,0,0,0,0,0,8,1
4666,661,第42回全国小中学生かるた選手権大会,2012-03-25,小学２年生以下の部級,,38,38,100,6,6,1,0,0,26,26,0,0,0,26,0,16,0,0,0,0,0,0,0,0,0,8,1
4667,662,第13回 稲城市民かるた大会,2012-02-05,対戦結果,,113,113,335,4,4,1,0,8,17,9,0,0,0,9,0,0,0,16,2,0,1,0,0,0,0,0,0
4668,663,第59期名人戦東日本予選,2012-10-21,名人位東日本予選,,64,64,126,6,6,1,0,0,0,0,0,0,0,0,0,0,0,0,0,0,0,0,0,0,0,8,1
4669,1515,第57期クイーン戦東日本予選,2012-10-21,クイーン位東日本予選,,38,38,100,6,6,1,0,0,26,26,0,0,0,26,0,0,0,0,0,0,0,0,0,0,0,8,1
4670,664,第59期名人戦西日本予選,2012-10-21,名人位西日本予選,,41,41,103,6,6,1,0,0,23,23,0,0,0,23,0,2,0,0,0,0,0,0,0,0,0,8,1
4671,1516,第57期クイーン戦西日本予選,2012-10-21,クイーン位西日本予選,,29,29,59,5,5,1,0,10,13,3,0,0,0,3,0,0,0,8,0,0,0,0,0,0,0,8,1
4672,665,第20回 全国かるた競技益田大会 成績表,2012-08-05,Sheet1,,48,48,267,13,13,1,0,231,266,33,0,0,0,35,0,0,0,1,0,2,0,0,0,0,0,0,0
4673,666,"第82回全国かるた競技学生選手権大会結果報告(C,D)",,C1,C,58,58,120,6,6,1,0,1,7,6,0,0,0,6,0,0,0,1,0,0,0,0,0,0,0,8,1
4674,666,"第82回全国かるた競技学生選手権大会結果報告(C,D)",,C2,C,58,58,120,6,6,1,0,2,8,6,0,0,0,8,0,0,0,10,0,0,0,0,0,0,0,8,1
4675,666,"第82回全国かるた競技学生選手権大会結果報告(C,D)",,C3,C,56,56,118,6,6,1,0,0,8,8,0,0,0,8,0,0,0,10,0,0,0,0,0,0,0,8,1
4676,666,"第82回全国かるた競技学生選手権大会結果報告(C,D)",,D1,D,43,43,105,6,6,1,0,0,21,21,0,0,0,23,0,0,0,0,0,0,0,0,0,0,0,8,1
4677,666,"第82回全国かるた競技学生選手権大会結果報告(C,D)",,D2,D,45,45,107,6,6,1,0,0,19,19,0,0,0,23,0,4,0,0,0,0,0,0,0,0,0,8,1
4678,666,"第82回全国かるた競技学生選手権大会結果報告(C,D)",,D3,D,44,44,106,6,6,1,0,0,20,20,0,0,0,24,0,4,0,0,0,0,0,0,0,0,0,8,1
4679,666,"第82回全国かるた競技学生選手権大会結果報告(C,D)",,D4,D,43,43,105,6,6,1,0,0,21,21,0,0,0,23,0,2,0,0,0,0,0,0,0,0,0,8,1
4680,666,"第82回全国かるた競技学生選手権大会結果報告(C,D)",,D5,D,42,42,104,6,6,1,0,0,22,22,0,0,0,22,0,0,0,0,0,0,0,0,0,0,0,8,1
4681,666,"第82回全国かるた競技学生選手権大会結果報告(C,D)",,D6,D,41,41,103,6,6,1,0,0,23,23,0,0,0,25,0,0,0,0,0,0,0,0,0,0,0,8,1
4682,667,第82回全国かるた競技学生選手権大会結果報告(E),,E1,E,25,25,55,5,5,1,0,0,7,7,0,0,0,7,0,0,0,0,0,0,0,0,0,0,0,8,1
4683,667,第82回全国かるた競技学生選手権大会結果報告(E),,E2,E,26,26,56,5,5,1,0,0,6,6,0,0,0,6,0,0,0,0,0,0,0,0,0,0,0,8,1
4684,667,第82回全国かるた競技学生選手権大会結果報告(E),,E3,E,25,25,55,5,5,1,0,0,7,7,0,0,0,7,0,0,0,0,0,0,0,0,0,0,0,8,1
4685,667,第82回全国かるた競技学生選手権大会結果報告(E),,E4,E,26,26,56,5,5,1,0,0,6,6,0,0,0,6,0,0,0,0,0,0,0,0,0,0,0,8,1
4686,667,第82回全国かるた競技学生選手権大会結果報告(E),,E5,E,27,27,57,5,5,1,0,0,5,5,0,0,0,5,0,0,0,0,0,0,0,0,0,0,0,8,1
4687,667,第82回全国かるた競技学生選手権大会結果報告(E),,E6,E,23,23,53,5,5,1,0,0,9,9,0,0,0,9,0,0,0,0,0,0,0,0,0,0,0,8,1
4688,667,第82回全国かるた競技学生選手権大会結果報告(E),,E7,E,26,26,56,5,5,1,0,0,6,6,0,0,0,6,0,2,0,0,0,0,0,0,0,0,0,8,1
4689,668,第70回全国競技かるた桑名大会,2012-03-18,A,A,55,55,117,6,6,1,0,0,9,9,0,0,0,11,0,0,0,0,0,0,0,0,0,0,0,8,1
4690,668,第70回全国競技かるた桑名大会,2012-03-18,B,B,83,83,209,7,7,1,0,0,45,45,0,0,0,45,0,0,0,0,0,0,0,0,0,0,0,8,1
4691,668,第70回全国競技かるた桑名大会,2012-03-18,C,C,54,54,116,6,6,1,0,0,10,10,0,0,0,10,0,0,0,0,0,0,0,0,0,0,0,8,1
4692,668,第70回全国競技かるた桑名大会,2012-03-18,D1,D,23,23,53,5,5,1,0,0,9,9,0,0,0,9,0,0,0,0,0,0,0,0,0,0,0,8,1
4693,668,第70回全国競技かるた桑名大会,2012-03-18,D2,D,24,24,54,5,5,1,0,0,8,8,0,0,0,10,0,0,0,0,0,0,0,0,0,0,0,8,1
4694,668,第70回全国競技かるた桑名大会,2012-03-18,D3,D,24,24,54,5,5,1,0,0,8,8,0,0,0,12,0,0,0,0,0,0,0,0,0,0,0,8,1
4695,668,第70回全国競技かるた桑名大会,2012-03-18,D4,D,23,23,53,5,5,1,0,0,9,9,0,0,0,9,0,2,0,0,0,0,0,0,0,0,0,8,1
4696,668,第70回全国競技かるた桑名大会,2012-03-18,E1,E,28,28,58,5,5,1,0,0,4,4,0,0,0,6,0,0,0,0,0,0,0,0,0,0,0,8,1
4697,668,第70回全国競技かるた桑名大会,2012-03-18,E2,E,19,19,49,5,5,1,0,0,13,13,0,0,0,13,0,0,0,0,0,0,0,0,0,0,0,8,1
4698,668,第70回全国競技かるた桑名大会,2012-03-18,第７０回桑名大会　対戦結果表_もみじ級,,7,7,13,3,3,1,0,0,1,1,0,0,0,1,0,0,0,0,0,0,0,0,0,0,0,4,1
4699,669,"第82回全国かるた競技学生選手権大会結果報告(A,B)",,A,A,84,84,188,7,7,1,0,24,24,0,0,0,0,0,0,22,0,2,0,0,0,0,0,0,0,8,1
4700,669,"第82回全国かるた競技学生選手権大会結果報告(A,B)",,B1,B,53,53,115,6,6,1,0,0,11,11,0,0,0,11,0,0,0,0,0,0,0,0,0,0,0,8,1
4701,669,"第82回全国かるた競技学生選手権大会結果報告(A,B)",,B2,B,55,55,117,6,6,1,0,0,9,9,0,0,0,9,0,0,0,0,0,0,0,0,0,0,0,8,1
4702,669,"第82回全国かるた競技学生選手権大会結果報告(A,B)",,B3,B,58,58,120,6,6,1,0,0,6,6,0,0,0,6,0,0,0,0,0,0,0,0,0,0,0,8,1
4703,670,第13回百人一首かるた杉並大会,2012-06-10,D1,D,28,28,58,5,5,1,0,4,4,4,0,0,0,0,0,4,0,0,0,0,0,0,0,0,0,4,1
4704,670,第13回百人一首かるた杉並大会,2012-06-10,D2,D,26,26,56,5,5,1,0,6,6,6,0,0,0,0,0,6,0,0,0,0,0,0,0,0,0,4,1
4705,670,第13回百人一首かるた杉並大会,2012-06-10,D3,D,28,28,58,5,5,1,0,4,4,4,0,0,0,0,0,6,0,0,0,0,0,0,0,0,0,4,1
4706,670,第13回百人一首かるた杉並大会,2012-06-10,E1,E,28,28,58,5,5,1,0,4,4,4,0,0,0,0,0,4,0,0,0,0,0,0,0,0,0,4,1
4707,670,第13回百人一首かるた杉並大会,2012-06-10,E2,E,28,28,58,5,5,1,0,4,4,4,0,0,0,0,0,6,0,0,0,0,0,0,0,0,0,4,1
4708,670,第13回百人一首かるた杉並大会,2012-06-10,E3,E,29,29,59,5,5,1,0,3,3,3,0,0,0,0,0,3,0,0,0,0,0,0,0,0,0,4,1
4709,670,第13回百人一首かるた杉並大会,2012-06-10,F1級,,32,32,62,5,5,1,0,0,0,0,0,0,0,0,0,0,0,0,0,0,0,0,0,0,0,4,1
4710,670,第13回百人一首かるた杉並大会,2012-06-10,F2級,,31,31,61,5,5,1,0,1,1,1,0,0,0,0,0,1,0,0,0,0,0,0,0,0,0,4,1
4711,670,第13回百人一首かるた杉並大会,2012-06-10,F3級,,29,29,59,5,5,1,0,3,3,3,0,0,0,0,0,5,0,0,0,0,0,0,0,0,0,4,1
4712,670,第13回百人一首かるた杉並大会,2012-06-10,F4級,,29,29,59,5,5,1,0,4,4,3,0,0,0,0,0,5,0,1,0,0,0,0,0,0,0,4,1
4714,671,大学選手権 一回生の部,2012-08-12,１回生の部,,43,43,107,6,6,1,0,21,21,0,0,0,0,0,0,21,0,0,0,0,0,0,0,0,0,0,0
4715,671,大学選手権 一回生の部,2012-08-12,２回生の部A,A,33,33,95,6,6,1,0,31,31,0,0,0,0,0,0,35,0,0,0,0,0,0,0,0,0,0,1
4716,671,大学選手権 一回生の部,2012-08-12,２回生の部B,B,34,34,96,6,6,1,0,30,30,0,0,0,0,0,0,32,0,0,0,0,0,0,0,0,0,0,1
4717,671,大学選手権 一回生の部,2012-08-12,３回生の部,,40,40,104,6,6,1,0,24,24,0,0,0,0,0,0,24,0,0,0,0,0,0,0,0,0,0,0
4718,671,大学選手権 一回生の部,2012-08-12,４回生の部,,22,22,54,5,5,1,0,10,10,0,0,0,0,0,0,10,0,0,0,0,0,0,0,0,0,0,0
4719,671,大学選手権 一回生の部,2012-08-12,新人戦の部A,A,40,40,90,6,6,1,0,12,12,0,0,0,0,0,0,12,0,0,0,0,0,0,0,0,0,0,1
4720,671,大学選手権 一回生の部,2012-08-12,新人戦の部B,B,42,42,93,6,6,1,0,11,11,0,0,0,0,0,0,15,0,0,0,0,0,0,0,0,0,0,1
4721,671,大学選手権 一回生の部,2012-08-12,新人戦の部C,C,43,43,105,6,6,1,0,21,21,0,0,0,0,0,0,21,0,0,0,0,0,0,0,0,0,0,1
4722,671,大学選手権 一回生の部,2012-08-12,大学代表の部,,37,37,101,6,6,1,0,27,27,0,0,0,0,0,0,27,0,0,0,0,0,0,0,0,0,0,0
4723,672,第21回埼玉県百人一首大会,2012-09-23,Ｃ級,C,48,48,110,6,6,1,0,16,16,0,0,0,0,0,0,16,0,0,0,0,0,0,0,0,0,0,1
4724,672,第21回埼玉県百人一首大会,2012-09-23,Ｄ級,D,121,121,241,5,5,1,0,7,7,0,0,0,0,0,0,7,0,0,0,0,0,0,0,0,0,0,0
4725,672,第21回埼玉県百人一首大会,2012-09-23,Ｅ級,E,115,115,265,5,5,1,0,45,45,0,0,0,0,0,0,45,0,0,0,0,0,0,0,0,0,0,0
4726,672,第21回埼玉県百人一首大会,2012-09-23,入門級,,133,133,283,5,5,1,0,29,29,0,0,0,0,0,0,31,0,0,0,0,0,0,0,0,0,0,0
4727,673,平成24年 第9回香川大会結果表 (24.10.7 高松市総合体育館),2012-10-07,A,A,40,40,102,6,6,1,0,97,97,0,0,0,0,0,0,24,0,5,0,0,0,0,0,0,0,0,1
4728,673,平成24年 第9回香川大会結果表 (24.10.7 高松市総合体育館),2012-10-07,B,B,58,58,120,6,6,1,0,116,116,0,0,0,0,0,0,6,0,4,0,0,0,0,0,0,0,0,1
4729,673,平成24年 第9回香川大会結果表 (24.10.7 高松市総合体育館),2012-10-07,C,C,50,50,112,6,6,1,0,111,111,0,0,0,0,0,0,14,0,1,0,0,0,0,0,0,0,0,1
4730,673,平成24年 第9回香川大会結果表 (24.10.7 高松市総合体育館),2012-10-07,D(1),D,43,43,105,6,6,1,0,105,105,0,0,0,0,0,0,21,0,0,0,0,0,0,0,0,0,0,1
4731,673,平成24年 第9回香川大会結果表 (24.10.7 高松市総合体育館),2012-10-07,D (2),D,41,41,102,6,6,1,0,102,102,0,0,0,0,0,0,22,0,0,0,0,0,0,0,0,0,0,1
4732,673,平成24年 第9回香川大会結果表 (24.10.7 高松市総合体育館),2012-10-07,D (3),D,41,41,103,6,6,1,0,102,102,0,0,0,0,0,0,23,0,1,0,0,0,0,0,0,0,0,1
4733,674,第35回 全国小・中学生かるた選手権福井大会 結果報告表,,中学生,,32,32,62,5,5,1,0,0,0,0,0,0,0,0,0,0,0,0,0,0,0,0,0,0,0,8,1
4734,674,第35回 全国小・中学生かるた選手権福井大会 結果報告表,,６年生級,,34,34,96,6,6,1,0,0,30,30,0,0,0,30,0,0,0,0,0,0,0,0,0,0,0,8,0
4735,674,第35回 全国小・中学生かるた選手権福井大会 結果報告表,,５年生,,30,30,60,5,5,1,0,0,2,2,0,0,0,2,0,0,0,0,0,0,0,0,0,0,0,8,1
4736,674,第35回 全国小・中学生かるた選手権福井大会 結果報告表,,４年生,,41,41,101,5,5,1,0,0,23,23,0,0,0,23,0,2,0,0,0,0,0,0,0,0,0,8,0
4737,674,第35回 全国小・中学生かるた選手権福井大会 結果報告表,,３年生,,19,19,49,5,5,1,0,0,13,13,0,0,0,13,0,0,0,0,6,0,0,0,0,0,0,8,0
4738,674,第35回 全国小・中学生かるた選手権福井大会 結果報告表,,２年生,,23,23,53,5,5,1,0,0,9,9,0,0,0,9,0,0,0,0,14,0,0,0,0,0,0,8,0
4739,674,第35回 全国小・中学生かるた選手権福井大会 結果報告表,,１年生以下,,16,16,30,4,4,1,0,0,0,0,0,0,0,0,0,0,0,0,0,0,0,0,0,0,0,8,1
4740,674,第35回 全国小・中学生かるた選手権福井大会 結果報告表,,高校生,,9,9,20,4,4,1,0,7,7,0,0,0,0,0,0,0,0,5,0,0,0,0,0,0,0,4,0
4741,675,第21回全日本新人選手権かるた大会 および 第4回全日本グランドチャンピオン大会,2012-10-28,A,A,22,22,79,5,5,1,0,23,45,22,0,0,0,22,0,0,0,0,0,0,0,0,0,0,0,0,0
4742,675,第21回全日本新人選手権かるた大会 および 第4回全日本グランドチャンピオン大会,2012-10-28,B,B,26,26,62,5,5,1,0,30,38,8,0,0,0,8,0,0,0,0,0,0,0,0,0,0,0,0,0
4743,675,第21回全日本新人選手権かるた大会 および 第4回全日本グランドチャンピオン大会,2012-10-28,C,C,15,15,27,3,3,1,0,24,25,1,0,0,0,1,0,0,0,0,0,0,0,0,0,0,0,0,0
4744,675,第21回全日本新人選手権かるた大会 および 第4回全日本グランドチャンピオン大会,2012-10-28,D,D,16,16,26,3,3,1,0,17,22,5,0,0,0,5,0,0,0,0,0,0,0,0,0,0,0,0,0
4745,675,第21回全日本新人選手権かるた大会 および 第4回全日本グランドチャンピオン大会,2012-10-28,E,E,10,10,15,3,3,1,0,13,15,2,0,0,0,2,0,0,0,0,0,0,0,0,0,0,0,0,0
4746,675,第21回全日本新人選手権かるた大会 および 第4回全日本グランドチャンピオン大会,2012-10-28,F,,1,1,1,1,1,1,0,1,1,0,0,0,0,0,0,0,0,0,0,0,0,0,0,0,0,0,0
4747,675,第21回全日本新人選手権かるた大会 および 第4回全日本グランドチャンピオン大会,2012-10-28,グラチャン,,9,9,23,4,4,1,0,0,7,7,0,0,0,7,0,0,0,0,0,0,0,0,0,0,0,0,1
4748,676,第26回 全国小学生かるた選手権大会 結果報告表,,６年生級,,57,57,119,6,6,1,0,0,7,7,0,0,0,7,0,0,0,0,0,0,0,0,0,0,0,8,1
4749,676,第26回 全国小学生かるた選手権大会 結果報告表,,５年生１級,,33,33,95,6,6,1,0,0,31,31,0,0,0,31,0,0,0,0,0,0,0,0,0,0,0,8,1
4750,676,第26回 全国小学生かるた選手権大会 結果報告表,,５年生２級,,34,34,96,6,6,1,0,0,30,30,0,0,0,30,0,0,0,0,0,0,0,0,0,0,0,8,1
4751,676,第26回 全国小学生かるた選手権大会 結果報告表,,４年生級,,46,46,108,6,6,1,0,1,19,18,0,0,0,18,0,0,0,1,0,0,0,0,0,0,0,8,1
4752,676,第26回 全国小学生かるた選手権大会 結果報告表,,３年生以下級,,56,56,118,6,6,1,0,0,8,8,0,0,0,8,0,2,0,0,0,0,0,0,0,0,0,8,1
4753,677,第14回 稲城市民かるた大会 平成25年2月3日(日),2013-02-03,対戦結果,,163,163,485,3,3,1,0,1,13,13,0,0,0,12,0,5,0,0,0,0,0,0,0,0,0,0,0
4754,678,第41回 全国かるた競技宇佐神宮大会結果表,2013-03-10,A,A,44,44,106,6,6,1,0,0,20,20,0,0,0,20,0,0,0,0,0,0,0,0,0,0,0,0,1
4755,678,第41回 全国かるた競技宇佐神宮大会結果表,2013-03-10,B,B,44,44,106,6,6,1,0,0,20,20,0,0,0,20,0,0,0,0,0,0,0,0,0,0,0,0,1
4756,678,第41回 全国かるた競技宇佐神宮大会結果表,2013-03-10,C,C,55,55,117,6,6,1,0,0,9,9,0,0,0,9,0,0,0,0,0,0,0,0,0,0,0,0,1
4757,678,第41回 全国かるた競技宇佐神宮大会結果表,2013-03-10,D,D,77,77,158,5,5,1,0,0,12,12,0,0,0,12,0,2,0,0,0,0,0,0,0,0,0,0,0
4758,679,第28回全国選抜かるた大会,,A,A,54,54,127,6,6,1,0,1,11,11,0,0,0,18,0,1,0,0,0,0,0,0,0,0,0,8,0
4759,680,第43回全国小中学生かるた選手権大会,2013-03-24,中学３年生級,,25,25,55,5,5,1,0,0,7,7,0,0,0,7,0,0,0,0,0,0,0,0,0,0,0,8,1
4760,680,第43回全国小中学生かるた選手権大会,2013-03-24,中学２年生級,,41,41,103,6,6,1,0,0,23,23,0,0,0,23,0,0,0,0,0,0,0,0,0,0,0,8,1
4761,680,第43回全国小中学生かるた選手権大会,2013-03-24,中学１年生級,,43,43,105,6,6,1,0,1,22,21,0,0,0,21,0,2,0,1,0,0,0,0,0,0,0,8,1
4762,680,第43回全国小中学生かるた選手権大会,2013-03-24,小学６年生級,,69,69,195,7,7,1,0,16,75,59,0,0,0,59,0,0,0,16,0,0,0,0,0,0,0,8,1
4763,680,第43回全国小中学生かるた選手権大会,2013-03-24,小学５年生級,,58,58,120,6,6,1,0,0,6,6,0,0,0,6,0,0,0,0,0,0,0,0,0,0,0,8,1
4764,680,第43回全国小中学生かるた選手権大会,2013-03-24,小学４年生級,,49,49,111,6,6,1,0,0,15,15,0,0,0,15,0,0,0,0,0,0,0,0,0,0,0,8,1
4765,680,第43回全国小中学生かるた選手権大会,2013-03-24,小学３年生級,,38,38,100,6,6,1,0,0,26,26,0,0,0,26,0,0,0,0,0,0,0,0,0,0,0,8,1
4766,680,第43回全国小中学生かるた選手権大会,2013-03-24,小学２年生以下級,,37,37,99,6,6,1,0,0,27,27,0,0,0,27,0,0,0,0,0,0,0,0,0,0,0,8,1
4767,681,"第二十五回全国かるた競技東大阪大会 成績発表(A,B,C,D)",,A,A,63,63,125,6,6,1,0,0,1,1,0,0,0,1,0,0,0,0,0,0,0,0,0,0,0,8,1
4768,681,"第二十五回全国かるた競技東大阪大会 成績発表(A,B,C,D)",,B,B,86,86,212,7,7,1,0,0,42,42,0,0,0,42,0,0,0,0,0,0,0,0,0,0,0,8,1
4769,681,"第二十五回全国かるた競技東大阪大会 成績発表(A,B,C,D)",,C1,C,36,36,98,6,6,1,0,0,28,28,0,0,0,29,0,1,0,0,0,0,0,0,0,0,0,8,1
4770,681,"第二十五回全国かるた競技東大阪大会 成績発表(A,B,C,D)",,C2,C,37,37,99,6,6,1,0,0,27,27,0,0,0,27,0,2,0,0,0,0,0,0,0,0,0,8,1
4771,681,"第二十五回全国かるた競技東大阪大会 成績発表(A,B,C,D)",,D1,D,58,58,120,6,6,1,0,0,6,6,0,0,0,6,0,2,0,0,0,0,0,0,0,0,0,8,1
4772,681,"第二十五回全国かるた競技東大阪大会 成績発表(A,B,C,D)",,D2,D,64,64,126,6,6,1,0,0,0,0,0,0,0,0,0,2,0,0,0,0,0,0,0,0,0,8,1
4773,682,"第71回全国競技かるた桑名大会(A,B)",,A,A,54,54,116,6,6,1,0,0,10,10,0,0,0,10,0,0,0,0,0,0,0,0,0,0,0,8,1
4774,682,"第71回全国競技かるた桑名大会(A,B)",,B,B,95,95,221,7,7,1,0,0,33,33,0,0,0,33,0,2,0,0,0,0,0,0,0,0,0,8,1
4775,683,"第71回全国競技かるた桑名大会(C,D,E)",,C1,C,61,61,123,6,6,1,0,0,3,3,0,0,0,3,0,0,0,0,0,0,0,0,0,0,0,8,1
4776,683,"第71回全国競技かるた桑名大会(C,D,E)",,C2,C,56,56,118,6,6,1,0,0,8,8,0,0,0,10,0,0,0,0,0,0,0,0,0,0,0,8,1
4777,683,"第71回全国競技かるた桑名大会(C,D,E)",,D1,D,28,28,58,5,5,1,0,0,4,4,0,0,0,4,0,0,0,0,0,0,0,0,0,0,0,8,1
4778,683,"第71回全国競技かるた桑名大会(C,D,E)",,D2,D,28,28,58,5,5,1,0,0,4,4,0,0,0,6,0,0,0,0,0,0,0,0,0,0,0,8,1
4779,683,"第71回全国競技かるた桑名大会(C,D,E)",,D3,D,30,30,60,5,5,1,0,0,2,2,0,0,0,4,0,0,0,0,0,0,0,0,0,0,0,8,1
4780,683,"第71回全国競技かるた桑名大会(C,D,E)",,D4,D,31,31,61,5,5,1,0,0,1,1,0,0,0,3,0,0,0,0,0,0,0,0,0,0,0,8,1
4781,683,"第71回全国競技かるた桑名大会(C,D,E)",,D5,D,29,29,59,5,5,1,0,0,3,3,0,0,0,5,0,0,0,0,0,0,0,0,0,0,0,8,1
4782,683,"第71回全国競技かるた桑名大会(C,D,E)",,E1,E,35,35,95,5,5,1,0,0,29,29,0,0,0,29,0,0,0,0,0,0,0,0,0,0,0,16,0
4783,683,"第71回全国競技かるた桑名大会(C,D,E)",,E2,E,17,17,47,5,5,1,0,0,15,15,0,0,0,15,0,0,0,0,0,0,0,0,0,0,0,8,1
4784,683,"第71回全国競技かるた桑名大会(C,D,E)",,第71回桑名大会対戦結果表_対戦結果表_もみじの部級,,8,8,22,3,3,1,0,0,0,0,0,0,0,0,0,0,0,0,0,0,0,0,0,0,0,4,0
4785,684,第25回全国競技かるた中学生選手権大会,,B,B,38,38,129,7,7,1,0,68,83,13,0,0,0,15,0,0,0,0,0,0,0,0,0,0,0,18,0
4786,684,第25回全国競技かるた中学生選手権大会,,A,A,5,5,28,7,7,1,0,24,26,2,0,0,0,2,0,0,0,0,0,0,0,0,0,0,0,4,0
4787,684,第25回全国競技かるた中学生選手権大会,,D,D,75,75,121,5,5,1,0,60,75,15,0,0,0,15,0,1,0,0,0,0,0,0,0,0,0,1,0
4788,684,第25回全国競技かるた中学生選手権大会,,C,C,47,47,86,4,4,1,0,55,66,10,0,0,0,11,0,2,0,0,0,0,0,0,0,0,0,1,0
4789,685,第60期名人戦東日本予選,2013-10-20,名人戦,,66,66,192,7,7,1,0,0,62,62,0,0,0,62,0,0,0,0,0,0,0,0,0,0,0,8,1
4790,1517,第58期クイーン戦東日本予選,2013-10-20,ｸｲｰﾝ戦,,39,39,101,6,6,1,0,0,25,25,0,0,0,27,0,0,0,0,0,0,0,0,0,0,0,8,1
4791,686,第60期名人戦西日本予選,2013-10-20,名人位級,,42,42,104,6,6,1,0,0,22,22,0,0,0,22,0,0,0,0,0,0,0,0,0,0,0,8,1
4792,1518,第58期クイーン戦西日本予選,2013-10-20,クイーン位級,,40,40,102,6,6,1,0,0,24,24,0,0,0,24,0,0,0,0,0,0,0,0,0,0,0,8,1
4793,687,第21回 多摩百人一首かるた大会,2013-10-13,Sheet1,,88,88,352,4,4,1,0,4,8,4,0,0,0,4,0,0,0,0,0,0,0,0,0,0,0,0,0
4794,688,第18回東京都かるた選手権大会,2013-06-30,選手権,,16,16,30,4,4,1,0,0,0,0,0,0,0,0,0,30,0,0,0,0,0,0,0,0,0,0,1
4795,689,第1回白瀧杯女流かるた高校選手権大会,,A,A,10,10,31,5,5,1,0,13,13,0,0,0,0,0,0,0,0,0,0,0,0,0,0,0,0,3,0
4796,689,第1回白瀧杯女流かるた高校選手権大会,,B,B,22,22,33,3,3,1,0,13,13,0,0,0,0,0,0,0,0,0,0,0,0,0,0,0,0,0,0
4797,690,第24回全国かるた競技広島大会の結果について(大会報告),2013-06-01,A,A,41,41,103,6,6,1,0,0,23,23,0,0,0,23,0,0,0,0,0,0,0,0,0,0,0,8,1
4798,690,第24回全国かるた競技広島大会の結果について(大会報告),2013-06-01,B,B,72,72,198,7,7,1,0,0,56,56,0,0,0,56,0,0,0,0,0,0,0,0,0,0,0,4,1
4799,690,第24回全国かるた競技広島大会の結果について(大会報告),2013-06-01,C,C,73,73,197,6,6,1,0,0,55,55,0,0,0,55,0,0,0,0,0,0,0,0,0,0,0,8,0
4800,690,第24回全国かるた競技広島大会の結果について(大会報告),2013-06-01,D,D,109,109,259,5,5,1,0,0,51,51,0,0,0,51,0,2,0,0,0,0,0,0,0,0,0,20,0
4801,691,第22回埼玉県百人一首大会,2013-09-22,Ｃ級,C,33,33,95,6,6,1,0,31,31,0,0,0,0,0,0,31,0,0,0,0,0,0,0,0,0,0,1
4802,691,第22回埼玉県百人一首大会,2013-09-22,Ｄ１級,D,36,36,98,6,6,1,0,28,28,0,0,0,0,0,0,28,0,0,0,0,0,0,0,0,0,0,1
4803,691,第22回埼玉県百人一首大会,2013-09-22,Ｄ２級,D,34,34,96,6,6,1,0,30,30,0,0,0,0,0,0,30,0,0,0,0,0,0,0,0,0,0,1
4804,691,第22回埼玉県百人一首大会,2013-09-22,Ｅ１級,E,32,32,62,5,5,1,0,0,0,0,0,0,0,0,0,0,0,0,0,0,0,0,0,0,0,0,1
4805,691,第22回埼玉県百人一首大会,2013-09-22,Ｅ２級,E,30,30,60,5,5,1,0,2,2,0,0,0,0,0,0,2,0,0,0,0,0,0,0,0,0,0,1
4806,691,第22回埼玉県百人一首大会,2013-09-22,入門級,,50,50,112,6,6,1,0,14,14,0,0,0,0,0,0,14,0,2,0,0,0,0,0,0,0,0,1
4807,692,第6回足利百人一首かるた競技大会,2013-10-27,A,A,21,21,63,3,3,1,0,0,3,3,0,0,0,3,0,0,0,0,0,0,0,0,0,0,0,21,0
4808,692,第6回足利百人一首かるた競技大会,2013-10-27,Ｂ級,B,23,23,69,3,3,1,0,0,3,3,0,0,0,3,0,0,0,0,0,0,0,0,0,0,0,23,0
4809,692,第6回足利百人一首かるた競技大会,2013-10-27,Ｃ級,C,25,25,71,3,3,1,0,0,3,3,0,0,0,3,0,0,0,0,0,0,0,0,0,0,0,25,0
4810,692,第6回足利百人一首かるた競技大会,2013-10-27,Ｄ級,D,38,38,114,3,3,1,0,0,2,1,0,0,0,2,0,0,0,0,0,0,0,0,0,0,0,38,0
4811,692,第6回足利百人一首かるた競技大会,2013-10-27,中高年,,8,8,24,3,3,1,0,0,0,0,0,0,0,0,0,0,0,0,0,0,0,0,0,0,0,8,0
4812,692,第6回足利百人一首かるた競技大会,2013-10-27,初級,,22,22,66,3,3,1,0,0,0,0,0,0,0,0,0,0,0,0,0,0,0,0,0,0,0,22,0
4813,693,第22回全日本新人選手権かるた大会 および 第5回全日本グランドチャンピオン大会,,A,A,31,31,104,5,5,1,0,23,54,31,0,0,0,31,0,0,0,0,0,0,0,0,0,0,0,0,0
4814,693,第22回全日本新人選手権かるた大会 および 第5回全日本グランドチャンピオン大会,,C,C,15,15,30,4,4,1,0,21,24,3,0,0,0,3,0,0,0,0,0,0,0,0,0,0,0,0,0
4815,693,第22回全日本新人選手権かるた大会 および 第5回全日本グランドチャンピオン大会,,B,B,17,17,36,4,4,1,0,26,30,4,0,0,0,4,0,0,0,0,0,0,0,0,0,0,0,0,0
4816,693,第22回全日本新人選手権かるた大会 および 第5回全日本グランドチャンピオン大会,,D,D,22,22,35,3,3,1,0,20,25,5,0,0,0,5,0,0,0,0,0,0,0,0,0,0,0,0,0
4817,693,第22回全日本新人選手権かるた大会 および 第5回全日本グランドチャンピオン大会,,グラチャン,,11,11,25,4,4,1,0,0,5,5,0,0,0,5,0,0,0,0,0,0,0,0,0,0,0,0,1
4818,694,第16回神奈川県かるた選手権大会,2013-11-23,A,A,19,19,47,4,4,1,0,0,13,13,0,0,0,13,0,0,0,0,0,0,0,0,0,0,0,4,0
4819,694,第16回神奈川県かるた選手権大会,2013-11-23,B1,B,11,11,27,4,4,1,0,1,6,5,0,0,0,5,0,0,0,1,0,0,0,0,0,0,0,4,0
4820,694,第16回神奈川県かるた選手権大会,2013-11-23,B2,B,10,10,26,4,4,1,0,0,6,6,0,0,0,6,0,0,0,0,0,0,0,0,0,0,0,4,0
4821,694,第16回神奈川県かるた選手権大会,2013-11-23,C1,C,12,12,28,4,4,1,0,0,4,4,0,0,0,4,0,0,0,0,0,0,0,0,0,0,0,4,0
4822,694,第16回神奈川県かるた選手権大会,2013-11-23,C2,C,12,12,28,4,4,1,0,0,4,4,0,0,0,4,0,0,0,0,0,0,0,0,0,0,0,4,0
4823,694,第16回神奈川県かるた選手権大会,2013-11-23,D1,D,10,10,26,4,4,1,0,0,6,6,0,0,0,6,0,0,0,0,0,0,0,0,0,0,0,4,0
4824,694,第16回神奈川県かるた選手権大会,2013-11-23,D2,D,10,10,26,4,4,1,0,0,6,6,0,0,0,6,0,0,0,0,0,0,0,0,0,0,0,4,0
4825,694,第16回神奈川県かるた選手権大会,2013-11-23,D3,D,8,8,16,3,3,1,0,3,3,0,0,0,0,0,0,0,0,3,0,0,0,0,0,0,0,4,0
4826,694,第16回神奈川県かるた選手権大会,2013-11-23,D4,D,12,12,28,4,4,1,0,0,4,4,0,0,0,4,0,0,0,0,0,0,0,0,0,0,0,4,0
4827,694,第16回神奈川県かるた選手権大会,2013-11-23,D5,D,11,11,27,4,4,1,0,0,5,5,0,0,0,5,0,0,0,0,0,0,0,0,0,0,0,4,0
4828,694,第16回神奈川県かるた選手権大会,2013-11-23,D6,D,13,13,29,4,4,1,0,0,3,3,0,0,0,3,0,0,0,0,0,0,0,0,0,0,0,4,0
4829,694,第16回神奈川県かるた選手権大会,2013-11-23,E1,E,12,12,28,4,4,1,0,0,4,4,0,0,0,4,0,0,0,0,0,0,0,0,0,0,0,4,0
4830,694,第16回神奈川県かるた選手権大会,2013-11-23,E2,E,10,10,26,4,4,1,0,0,6,6,0,0,0,6,0,0,0,0,0,0,0,0,0,0,0,4,0
4831,694,第16回神奈川県かるた選手権大会,2013-11-23,E3,E,13,13,29,4,4,1,0,0,3,3,0,0,0,3,0,0,0,0,0,0,0,0,0,0,0,4,0
4832,694,第16回神奈川県かるた選手権大会,2013-11-23,E4,E,9,9,25,4,4,1,0,0,7,7,0,0,0,7,0,0,0,0,0,0,0,0,0,0,0,4,0
4833,694,第16回神奈川県かるた選手権大会,2013-11-23,E5,E,11,11,27,4,4,1,0,0,5,5,0,0,0,5,0,0,0,0,0,0,0,0,0,0,0,4,0
4834,694,第16回神奈川県かるた選手権大会,2013-11-23,E6,E,15,15,31,4,4,1,0,0,1,1,0,0,0,1,0,0,0,0,0,0,0,0,0,0,0,4,0
4835,694,第16回神奈川県かるた選手権大会,2013-11-23,F1級,,8,8,16,3,3,1,0,1,1,0,0,0,0,2,0,0,0,1,0,0,0,0,0,0,0,4,0
4836,694,第16回神奈川県かるた選手権大会,2013-11-23,F2級,,12,12,28,4,4,1,0,0,4,4,0,0,0,4,0,0,0,0,0,0,0,0,0,0,0,4,0
4837,694,第16回神奈川県かるた選手権大会,2013-11-23,F3級,,13,13,29,4,4,1,0,0,3,3,0,0,0,7,0,0,0,0,0,0,0,0,0,0,0,4,0
4838,694,第16回神奈川県かるた選手権大会,2013-11-23,F4級,,11,11,27,4,4,1,0,0,5,5,0,0,0,5,0,0,0,0,0,0,0,0,0,0,0,4,0
4839,694,第16回神奈川県かるた選手権大会,2013-11-23,F5級,,10,10,26,4,4,1,0,0,6,6,0,0,0,6,0,0,0,0,0,0,0,0,0,0,0,4,0
4840,694,第16回神奈川県かるた選手権大会,2013-11-23,G1級,,11,11,27,4,4,1,0,0,5,5,0,0,0,5,0,0,0,0,0,0,0,0,0,0,0,4,0
4841,694,第16回神奈川県かるた選手権大会,2013-11-23,G2級,,13,13,29,4,4,1,0,0,3,3,0,0,0,3,0,0,0,0,0,0,0,0,0,0,0,4,0
4842,694,第16回神奈川県かるた選手権大会,2013-11-23,G3級,,15,15,31,4,4,1,0,0,1,1,0,0,0,1,0,0,0,0,0,0,0,0,0,0,0,4,0
4843,694,第16回神奈川県かるた選手権大会,2013-11-23,G4級,,13,13,29,4,4,1,0,0,3,3,0,0,0,3,0,0,0,0,0,0,0,0,0,0,0,4,0
4844,694,第16回神奈川県かるた選手権大会,2013-11-23,G5級,,15,15,31,4,4,1,0,0,1,1,0,0,0,1,0,0,0,0,0,0,0,0,0,0,0,4,0
4845,694,第16回神奈川県かるた選手権大会,2013-11-23,G6級,,10,10,26,4,4,1,0,0,6,6,0,0,0,6,0,0,0,0,0,0,0,0,0,0,0,4,0
4846,695,第1回関東地区初心者かるた大会,2013-12-08,E,E,121,121,341,4,7,1,0,2,5,3,0,0,0,3,0,338,0,2,0,0,12,0,0,0,0,0,0
4848,695,第1回関東地区初心者かるた大会,2013-12-08,F級試合結果（所属会順）,,146,146,426,4,7,1,0,0,2,2,0,0,0,2,0,424,0,0,2,0,9,0,0,0,0,0,0
4849,696,第1回渡邊雅大杯争奪かるた競技大会,2013-11-04,D1,D,29,29,59,5,5,1,0,0,3,3,0,0,0,3,0,0,0,0,0,0,0,0,0,0,0,4,1
4850,696,第1回渡邊雅大杯争奪かるた競技大会,2013-11-04,D2,D,26,26,56,5,5,1,0,0,6,6,0,0,0,6,0,0,0,0,0,0,0,0,0,0,0,4,1
4851,696,第1回渡邊雅大杯争奪かるた競技大会,2013-11-04,E1,E,29,29,59,5,5,1,0,0,3,3,0,0,0,3,0,0,0,0,0,0,0,0,0,0,0,4,1
4852,696,第1回渡邊雅大杯争奪かるた競技大会,2013-11-04,E2,E,30,30,60,5,5,1,0,0,2,2,0,0,0,2,0,0,0,0,0,0,0,0,0,0,0,8,1
4853,697,第4回東京都初心者大会,2013-11-30,試合結果,,72,72,250,4,4,1,0,0,0,0,0,0,0,0,0,250,0,0,0,0,0,0,0,0,0,0,0
4854,698,第44回全国かるた競技太宰府大会,2014-01-17,Ｃ1級,C,39,39,101,6,6,1,0,0,25,25,0,0,0,25,0,0,0,0,0,0,0,0,0,0,0,4,1
4855,698,第44回全国かるた競技太宰府大会,2014-01-17,Ｃ2級,C,38,38,100,6,6,1,0,0,26,26,0,0,0,26,0,2,0,0,0,0,0,0,0,0,0,4,1
4856,699,第67回全国競技かるた東京東会大会,,A,A,93,93,219,7,7,1,0,0,35,35,0,0,0,35,0,0,0,0,0,0,0,0,0,0,0,8,1
4857,699,第67回全国競技かるた東京東会大会,,B1,B,76,76,202,7,7,1,0,0,52,52,0,0,0,52,0,0,0,0,0,0,0,0,0,0,0,8,1
4858,699,第67回全国競技かるた東京東会大会,,B2,B,78,78,204,7,7,1,0,0,50,50,0,0,0,50,0,0,0,0,0,0,0,0,0,0,0,8,1
4859,699,第67回全国競技かるた東京東会大会,,C1,C,66,66,192,7,7,1,0,0,62,62,0,0,0,62,0,0,0,0,0,0,0,0,0,0,0,8,1
4860,699,第67回全国競技かるた東京東会大会,,C2,C,65,65,191,7,7,1,0,0,63,63,0,0,0,65,0,0,0,0,0,0,0,0,0,0,0,8,1
4861,699,第67回全国競技かるた東京東会大会,,C3,C,66,66,162,7,7,1,0,0,32,32,0,0,0,32,0,0,0,0,0,0,0,0,0,0,0,8,1
4862,700,第64回全国かるた競技東京白妙大会成績,,A,A,90,90,216,7,7,1,0,0,38,38,0,0,0,42,0,0,0,0,0,0,0,0,0,0,0,8,1
4863,700,第64回全国かるた競技東京白妙大会成績,,B1,B,59,59,121,6,6,1,0,0,5,5,0,0,0,7,0,0,0,0,0,0,0,0,0,0,0,8,1
4864,700,第64回全国かるた競技東京白妙大会成績,,B2,B,59,59,121,6,6,1,0,0,5,5,0,0,0,5,0,0,0,0,0,0,0,0,0,0,0,8,1
4865,700,第64回全国かるた競技東京白妙大会成績,,C1,C,39,39,101,6,6,1,0,0,25,25,0,0,0,25,0,0,0,0,0,0,0,0,0,0,0,4,1
4866,700,第64回全国かるた競技東京白妙大会成績,,C2,C,40,40,102,6,6,1,0,0,24,24,0,0,0,24,0,0,0,0,0,0,0,0,0,0,0,4,1
4867,700,第64回全国かるた競技東京白妙大会成績,,C3,C,40,40,102,6,6,1,0,0,24,24,0,0,0,24,0,0,0,0,0,0,0,0,0,0,0,4,1
4868,700,第64回全国かるた競技東京白妙大会成績,,D1,D,38,38,100,6,6,1,0,0,26,26,0,0,0,26,0,0,0,0,0,0,0,0,0,0,0,4,1
4869,700,第64回全国かるた競技東京白妙大会成績,,D2,D,39,39,101,6,6,1,0,0,25,25,0,0,0,25,0,0,0,0,0,0,0,0,0,0,0,4,1
4870,700,第64回全国かるた競技東京白妙大会成績,,D3,D,38,38,100,6,6,1,0,0,26,26,0,0,0,26,0,0,0,0,0,0,0,0,0,0,0,4,1
4871,700,第64回全国かるた競技東京白妙大会成績,,D4,D,37,37,99,6,6,1,0,0,27,27,0,0,0,27,0,0,0,0,0,0,0,0,0,0,0,4,1
4872,701,第26回全国かるた競技東大阪大会,2014-02-23,A,A,77,77,203,7,7,1,0,0,51,51,0,0,0,51,0,0,0,0,0,0,0,0,0,0,0,8,1
4873,701,第26回全国かるた競技東大阪大会,2014-02-23,B,B,89,89,215,7,7,1,0,0,39,39,0,0,0,39,0,0,0,0,0,0,0,0,0,0,0,8,1
4874,701,第26回全国かるた競技東大阪大会,2014-02-23,C1,C,25,25,55,5,5,1,0,0,7,7,0,0,0,7,0,0,0,0,0,0,0,0,0,0,0,4,1
4875,701,第26回全国かるた競技東大阪大会,2014-02-23,C2,C,26,26,56,5,5,1,0,0,6,6,0,0,0,6,0,0,0,0,0,0,0,0,0,0,0,4,1
4876,701,第26回全国かるた競技東大阪大会,2014-02-23,C3,C,25,25,55,5,5,1,0,0,7,7,0,0,0,7,0,0,0,0,0,0,0,0,0,0,0,4,1
4877,701,第26回全国かるた競技東大阪大会,2014-02-23,D1,D,45,45,107,6,6,1,0,0,19,19,0,0,0,19,0,0,0,0,0,0,0,0,0,0,0,4,1
4878,701,第26回全国かるた競技東大阪大会,2014-02-23,D2,D,44,44,106,6,6,1,0,0,20,20,0,0,0,20,0,0,0,0,0,0,0,0,0,0,0,4,1
4879,701,第26回全国かるた競技東大阪大会,2014-02-23,D3,D,44,44,106,6,6,1,0,0,20,20,0,0,0,20,0,0,0,0,0,0,0,0,0,0,0,4,1
4880,701,第26回全国かるた競技東大阪大会,2014-02-23,E6,E,17,17,47,5,5,1,0,0,15,15,0,0,0,15,0,0,0,0,0,0,0,0,0,0,0,4,1
4881,701,第26回全国かるた競技東大阪大会,2014-02-23,E5,E,32,32,62,5,5,1,0,0,0,0,0,0,0,0,0,0,0,0,0,0,0,0,0,0,0,4,1
4882,701,第26回全国かるた競技東大阪大会,2014-02-23,E4,E,19,19,49,5,5,1,0,0,13,13,0,0,0,13,0,0,0,0,0,0,0,0,0,0,0,4,1
4883,701,第26回全国かるた競技東大阪大会,2014-02-23,E3,E,14,14,28,4,4,1,0,0,2,2,0,0,0,2,0,0,0,0,0,0,0,0,0,0,0,4,1
4884,701,第26回全国かるた競技東大阪大会,2014-02-23,E1,E,18,18,48,5,5,1,0,0,14,14,0,0,0,14,0,0,0,0,0,0,0,0,0,0,0,4,1
4885,702,第42回 全国かるた競技宇佐神宮大会結果表,2013-03-09,A,A,50,50,112,6,6,1,0,112,112,0,0,0,0,0,0,14,0,0,0,0,0,0,0,0,0,0,1
4886,702,第42回 全国かるた競技宇佐神宮大会結果表,2013-03-09,B,B,65,65,191,7,7,1,0,191,191,0,0,0,0,0,0,63,0,0,0,0,0,0,0,0,0,0,1
4887,702,第42回 全国かるた競技宇佐神宮大会結果表,2013-03-09,C,C,77,77,176,6,6,1,0,176,176,0,0,0,0,0,0,26,0,0,0,0,0,0,0,0,0,0,0
4888,702,第42回 全国かるた競技宇佐神宮大会結果表,2013-03-09,D,D,66,66,141,5,5,1,0,141,141,0,0,0,0,0,0,15,0,0,0,0,0,0,0,0,0,0,0
4889,703,第27回 全国小学生かるた選手権大会 結果報告表,,６年生,,22,22,52,5,5,1,0,0,10,10,0,0,0,10,0,0,0,0,0,0,0,0,0,0,0,8,1
4890,703,第27回 全国小学生かるた選手権大会 結果報告表,,５年生,,9,9,23,4,4,1,0,0,7,7,0,0,0,7,0,0,0,0,0,0,0,0,0,0,0,8,1
4891,703,第27回 全国小学生かるた選手権大会 結果報告表,,４年生,,4,4,8,2,2,1,0,0,0,0,0,0,0,0,0,0,0,0,0,0,0,0,0,0,0,4,0
4892,703,第27回 全国小学生かるた選手権大会 結果報告表,,３年生以下,,4,4,8,2,2,1,0,0,0,0,0,0,0,0,0,0,0,0,0,0,0,0,0,0,0,4,0
4893,704,第29回全国選抜かるた大会,,A,A,75,75,203,7,7,1,0,0,61,61,0,0,0,71,0,0,0,0,0,0,8,0,0,0,0,8,0
4894,705,第44回全国小・中学生かるた選手権大会,2014-03-23,中学３年生級,,16,16,30,4,4,1,0,0,0,0,0,0,0,0,0,0,0,0,0,0,0,0,0,0,0,8,1
4895,705,第44回全国小・中学生かるた選手権大会,2014-03-23,中学２年生級,,32,32,62,5,5,1,0,0,0,0,0,0,0,0,0,0,0,0,0,0,0,0,0,0,0,8,1
4896,705,第44回全国小・中学生かるた選手権大会,2014-03-23,中学１年生級,,38,38,100,6,6,1,0,1,27,26,0,0,0,26,0,0,0,1,0,0,0,0,0,0,0,8,1
4897,705,第44回全国小・中学生かるた選手権大会,2014-03-23,小学６年生級,,59,59,121,6,6,1,0,27,32,32,0,0,0,5,0,0,0,27,0,0,0,0,0,0,0,8,1
4898,705,第44回全国小・中学生かるた選手権大会,2014-03-23,小学５年生級,,61,61,123,6,6,1,0,0,3,3,0,0,0,3,0,0,0,0,0,0,0,0,0,0,0,8,1
4899,705,第44回全国小・中学生かるた選手権大会,2014-03-23,小学４年生級,,50,50,112,6,6,1,0,0,14,14,0,0,0,16,0,0,0,0,0,0,0,0,0,0,0,8,1
4900,705,第44回全国小・中学生かるた選手権大会,2014-03-23,小学３年生級,,36,36,98,6,6,1,0,0,28,28,0,0,0,28,0,0,0,0,0,0,0,0,0,0,0,8,1
4901,705,第44回全国小・中学生かるた選手権大会,2014-03-23,小学２年生以下級,,37,37,99,6,6,1,0,3,29,29,0,0,0,26,0,1,0,2,0,0,0,0,0,0,0,8,1
4902,706,"第63回高松宮記念杯近江神宮全国歌かるた大会(D,E)",2014-01-13,D1,D,54,54,116,6,6,1,0,0,10,10,0,0,0,10,0,0,0,0,0,0,0,0,0,0,0,8,1
4903,706,"第63回高松宮記念杯近江神宮全国歌かるた大会(D,E)",2014-01-13,D2,D,51,51,113,6,6,1,0,0,13,13,0,0,0,15,0,0,0,0,0,0,0,0,0,0,0,8,1
4904,706,"第63回高松宮記念杯近江神宮全国歌かるた大会(D,E)",2014-01-13,D3,D,54,54,116,6,6,1,0,0,10,10,0,0,0,10,0,2,0,0,0,0,0,0,0,0,0,8,1
4905,706,"第63回高松宮記念杯近江神宮全国歌かるた大会(D,E)",2014-01-13,D4,D,51,51,113,6,6,1,0,0,13,13,0,0,0,15,0,0,0,0,0,0,0,0,0,0,0,8,1
4906,706,"第63回高松宮記念杯近江神宮全国歌かるた大会(D,E)",2014-01-13,D5,D,53,53,115,6,6,1,0,0,11,11,0,0,0,13,0,0,0,0,0,0,0,0,0,0,0,8,1
4907,706,"第63回高松宮記念杯近江神宮全国歌かるた大会(D,E)",2014-01-13,E1,E,71,71,195,6,6,1,0,0,57,57,0,0,0,57,0,0,0,0,0,0,0,0,0,0,0,16,0
4908,706,"第63回高松宮記念杯近江神宮全国歌かるた大会(D,E)",2014-01-13,E2,E,70,70,194,6,6,1,0,0,58,58,0,0,0,58,0,0,0,0,0,0,0,0,0,0,0,16,0
4909,706,"第63回高松宮記念杯近江神宮全国歌かるた大会(D,E)",2014-01-13,E3,E,80,80,204,6,6,1,0,0,48,48,0,0,0,48,0,2,0,0,0,0,0,0,0,0,0,16,0
4910,707,第15回 稲城市民かるた大会,2014-02-02,一般,,36,36,106,3,3,1,0,0,4,4,0,0,0,6,0,0,0,0,0,0,0,0,0,0,0,0,0
4911,707,第15回 稲城市民かるた大会,2014-02-02,初心者Ａ,A,70,70,210,3,3,1,0,0,2,2,0,0,0,2,0,0,0,0,0,0,0,0,0,0,0,0,0
4912,707,第15回 稲城市民かるた大会,2014-02-02,初心者Ｂ,B,36,36,108,3,3,1,0,0,4,4,0,0,0,4,0,0,0,0,0,0,0,0,0,0,0,0,0
4913,708,第28回滋賀県競技かるた大会,,上級者の部対戦結果,,32,32,90,3,3,1,0,6,6,0,0,0,0,0,0,0,0,6,0,0,2,0,0,0,0,2,0
4914,708,第28回滋賀県競技かるた大会,,D,D,47,47,135,3,3,1,0,6,9,3,0,0,0,3,0,0,0,6,0,0,2,0,0,0,0,2,0
4915,708,第28回滋賀県競技かるた大会,,E1,E,35,35,99,3,3,1,0,6,9,3,0,0,0,3,0,0,0,6,0,0,2,0,0,0,0,2,0
4916,708,第28回滋賀県競技かるた大会,,E2,E,27,27,75,3,3,1,0,6,9,3,0,0,0,3,0,0,0,6,0,0,2,0,0,0,0,2,0
4917,708,第28回滋賀県競技かるた大会,,F級対戦結果,,31,31,87,3,3,1,0,5,8,3,0,0,0,3,0,0,0,5,0,0,2,0,0,0,0,2,0
4918,709,第25回全国かるた競技広島大会の結果について(大会報告),2014-06-04,A,A,58,58,120,6,6,1,0,0,6,6,0,0,0,6,0,0,0,0,0,0,0,0,0,0,0,8,1
4919,709,第25回全国かるた競技広島大会の結果について(大会報告),2014-06-04,B,B,76,76,202,7,7,1,0,0,52,52,0,0,0,52,0,0,0,0,0,0,0,0,0,0,0,8,1
4920,709,第25回全国かるた競技広島大会の結果について(大会報告),2014-06-04,C,C,68,68,194,7,7,1,0,0,60,60,0,0,0,60,0,0,0,0,0,0,0,0,0,0,0,8,1
4921,709,第25回全国かるた競技広島大会の結果について(大会報告),2014-06-04,D,D,95,95,215,5,5,1,0,0,33,33,0,0,0,33,0,0,0,0,0,0,0,0,0,0,0,16,0
4922,710,第2回奥の細道むすびの地 全国かるた競技大垣大会,2014-05-04,Ａ級,A,51,51,113,6,6,1,0,0,13,13,0,0,0,13,0,6,0,0,0,0,0,0,0,0,0,8,1
4923,710,第2回奥の細道むすびの地 全国かるた競技大垣大会,2014-05-04,Ｂ級,B,94,94,220,7,7,1,0,0,34,34,0,0,0,36,0,0,0,0,0,0,0,0,0,0,0,8,1
4924,710,第2回奥の細道むすびの地 全国かるた競技大垣大会,2014-05-04,Ｃ１級,C,62,62,124,6,6,1,0,0,2,2,0,0,0,2,0,0,0,0,0,0,0,0,0,0,0,4,1
4925,710,第2回奥の細道むすびの地 全国かるた競技大垣大会,2014-05-04,Ｃ２級,C,63,63,63,6,6,1,0,0,1,1,0,0,0,1,0,0,0,62,0,0,31,0,0,0,0,4,0
4926,710,第2回奥の細道むすびの地 全国かるた競技大垣大会,2014-05-04,Ｄ１級,D,39,39,101,6,6,1,0,0,27,27,0,0,0,27,0,0,0,0,0,0,0,0,0,0,0,4,1
4927,710,第2回奥の細道むすびの地 全国かるた競技大垣大会,2014-05-04,Ｄ２級,D,40,40,102,6,6,1,0,0,24,24,0,0,0,24,0,2,0,0,0,0,0,0,0,0,0,4,1
4928,710,第2回奥の細道むすびの地 全国かるた競技大垣大会,2014-05-04,Ｄ３級,D,40,40,102,6,6,1,0,0,24,24,0,0,0,24,0,0,0,0,0,0,0,0,0,0,0,4,1
4929,710,第2回奥の細道むすびの地 全国かるた競技大垣大会,2014-05-04,Ｄ４級,D,37,37,99,6,6,1,0,0,27,27,0,0,0,27,0,0,0,0,0,0,0,0,0,0,0,4,1
4930,710,第2回奥の細道むすびの地 全国かるた競技大垣大会,2014-05-04,Ｄ５級,D,39,39,101,6,6,1,0,0,25,25,0,0,0,27,0,0,0,0,0,0,0,0,0,0,0,4,1
4931,710,第2回奥の細道むすびの地 全国かるた競技大垣大会,2014-05-04,Ｅ１級,E,22,22,52,5,5,1,0,0,10,10,0,0,0,10,0,0,0,0,0,0,0,0,0,0,0,4,1
4932,710,第2回奥の細道むすびの地 全国かるた競技大垣大会,2014-05-04,Ｅ２級,E,21,21,51,5,5,1,0,0,11,11,0,0,0,11,0,0,0,0,0,0,0,0,0,0,0,4,1
4933,711,第4回長崎大会,2014-11-09,A,A,38,38,100,6,6,1,0,0,26,26,0,0,0,26,0,0,0,0,0,0,0,0,0,0,0,4,1
4934,711,第4回長崎大会,2014-11-09,B,B,42,42,104,6,6,1,0,0,22,22,0,0,0,22,0,0,0,0,0,0,0,0,0,0,0,4,1
4935,711,第4回長崎大会,2014-11-09,C,C,66,66,190,6,6,1,0,5,67,62,0,0,0,64,0,4,0,5,0,0,0,0,0,0,0,4,0
4936,711,第4回長崎大会,2014-11-09,D,D,132,132,312,5,5,1,0,252,312,60,0,0,0,60,0,4,0,0,0,0,0,0,0,0,0,12,0
4937,711,第4回長崎大会,2014-11-09,E小,E,16,16,30,4,4,1,0,0,0,0,0,0,0,0,0,0,0,0,0,0,0,0,0,0,0,4,1
4938,711,第4回長崎大会,2014-11-09,E中,E,6,6,12,3,3,1,0,0,2,2,0,0,0,2,0,0,0,0,0,0,0,0,0,0,0,4,1
4939,712,第72回全国競技かるた桑名大会,2014-03-16,A,A,83,83,209,7,7,1,0,0,45,45,0,0,0,45,0,0,0,0,0,0,0,0,0,0,0,8,1
4940,712,第72回全国競技かるた桑名大会,2014-03-16,B,B,101,101,227,7,7,1,0,0,27,27,0,0,0,27,0,0,0,0,0,0,0,0,0,0,0,8,1
4941,712,第72回全国競技かるた桑名大会,2014-03-16,C1,C,59,59,121,6,6,1,0,0,5,5,0,0,0,7,0,0,0,0,0,0,0,0,0,0,0,8,1
4942,712,第72回全国競技かるた桑名大会,2014-03-16,C2,C,59,59,121,6,6,1,0,0,5,5,0,0,0,5,0,0,0,0,0,0,0,0,0,0,0,8,1
4943,712,第72回全国競技かるた桑名大会,2014-03-16,D1,D,36,36,98,6,6,1,0,0,28,28,0,0,0,34,0,0,0,0,0,0,0,0,0,0,0,8,1
4944,712,第72回全国競技かるた桑名大会,2014-03-16,D2,D,35,35,97,6,6,1,0,0,29,29,0,0,0,31,0,0,0,0,0,0,0,0,0,0,0,8,1
4945,712,第72回全国競技かるた桑名大会,2014-03-16,D3,D,32,32,62,5,5,1,0,0,0,0,0,0,0,0,0,0,0,0,0,0,0,0,0,0,0,8,1
4946,712,第72回全国競技かるた桑名大会,2014-03-16,D4,D,35,35,97,6,6,1,0,0,29,29,0,0,0,33,0,0,0,0,0,0,0,0,0,0,0,8,1
4947,712,第72回全国競技かるた桑名大会,2014-03-16,D5,D,34,34,96,6,6,1,0,0,30,30,0,0,0,32,0,0,0,0,0,0,0,0,0,0,0,8,1
4948,712,第72回全国競技かるた桑名大会,2014-03-16,E1,E,39,39,99,5,5,1,0,0,25,25,0,0,0,27,0,0,0,0,0,0,0,0,0,0,0,8,0
4949,712,第72回全国競技かるた桑名大会,2014-03-16,E2,E,32,32,60,4,4,1,0,0,0,0,0,0,0,0,0,0,0,0,0,0,0,0,0,0,0,8,0
4950,712,第72回全国競技かるた桑名大会,2014-03-16,もみじの部級,,7,7,13,3,3,1,0,0,1,1,0,0,0,1,0,0,0,8,0,0,0,0,0,0,0,4,1
4951,713,第15回百人一首かるた杉並大会,2014-06-08,D1,D,29,29,59,5,5,1,0,0,3,3,0,0,0,3,0,0,0,0,0,0,0,0,0,0,0,4,1
4952,713,第15回百人一首かるた杉並大会,2014-06-08,D2,D,27,27,57,5,5,1,0,0,5,5,0,0,0,5,0,2,0,0,0,0,0,0,0,0,0,4,1
4953,713,第15回百人一首かるた杉並大会,2014-06-08,D3,D,26,26,56,5,5,1,0,0,6,6,0,0,0,6,0,0,0,0,0,0,0,0,0,0,0,4,1
4954,713,第15回百人一首かるた杉並大会,2014-06-08,D4,D,29,29,59,5,5,1,0,0,3,3,0,0,0,3,0,0,0,0,0,0,0,0,0,0,0,4,1
4955,713,第15回百人一首かるた杉並大会,2014-06-08,E1,E,25,25,55,5,5,1,0,0,7,7,0,0,0,7,0,0,0,0,0,0,0,0,0,0,0,4,1
4956,713,第15回百人一首かるた杉並大会,2014-06-08,E2,E,26,26,60,5,5,1,0,0,12,12,0,0,0,12,0,2,0,0,0,0,0,0,0,0,0,5,0
4957,713,第15回百人一首かるた杉並大会,2014-06-08,E3,E,22,22,52,5,5,1,0,0,10,10,0,0,0,10,0,0,0,0,0,0,0,0,0,0,0,4,1
4958,713,第15回百人一首かるた杉並大会,2014-06-08,E4,E,25,25,55,5,5,1,0,0,7,7,0,0,0,7,0,0,0,0,0,0,0,0,0,0,0,4,1
4959,713,第15回百人一首かるた杉並大会,2014-06-08,F1級,,30,30,60,5,5,1,0,0,2,2,0,0,0,2,0,0,0,0,0,0,0,0,0,0,0,4,1
4960,713,第15回百人一首かるた杉並大会,2014-06-08,F2級,,29,29,59,5,5,1,0,0,3,3,0,0,0,3,0,0,0,0,0,0,0,0,0,0,0,4,1
4961,713,第15回百人一首かるた杉並大会,2014-06-08,F3級,,31,31,61,5,5,1,0,0,1,1,0,0,0,1,0,0,0,0,0,0,0,0,0,0,0,4,1
4962,713,第15回百人一首かるた杉並大会,2014-06-08,F4級,,31,31,61,5,5,1,0,0,1,1,0,0,0,1,0,4,0,0,0,0,0,0,0,0,0,4,1
4963,714,第21回東京都かるた大会,,D1,D,33,33,80,6,6,1,0,0,16,16,0,0,0,16,0,0,0,0,0,0,0,0,0,0,0,4,1
4964,714,第21回東京都かるた大会,,D2,D,33,33,95,6,6,1,0,0,31,31,0,0,0,31,0,0,0,0,0,0,0,0,0,0,0,4,1
4965,714,第21回東京都かるた大会,,D3,D,32,32,62,5,5,1,0,0,0,0,0,0,0,0,0,0,0,0,0,0,0,0,0,0,0,4,1
4966,714,第21回東京都かるた大会,,D4,D,32,32,62,5,5,1,0,0,0,0,0,0,0,0,0,0,0,0,0,0,0,0,0,0,0,4,1
4967,714,第21回東京都かるた大会,,E1,E,26,26,56,5,5,1,0,0,6,6,0,0,0,6,0,0,0,0,0,0,0,0,0,0,0,4,1
4968,714,第21回東京都かるた大会,,E2,E,25,25,55,5,5,1,0,0,7,7,0,0,0,7,0,0,0,0,0,0,0,0,0,0,0,4,1
4969,714,第21回東京都かるた大会,,E3,E,24,24,54,5,5,1,0,3,11,11,0,0,0,8,0,0,0,3,0,0,0,0,0,0,0,4,1
4970,714,第21回東京都かるた大会,,E4,E,25,25,55,5,5,1,0,2,9,9,0,0,0,7,0,0,0,2,0,0,0,0,0,0,0,4,1
4971,714,第21回東京都かるた大会,,F1級,,28,28,58,5,5,1,0,0,4,4,0,0,0,4,0,0,0,0,0,0,0,0,0,0,0,4,1
4972,714,第21回東京都かるた大会,,F2級,,27,27,57,5,5,1,0,0,5,5,0,0,0,5,0,0,0,0,0,0,0,0,0,0,0,4,1
4973,714,第21回東京都かるた大会,,F3級,,28,28,58,5,5,1,0,0,4,4,0,0,0,4,0,2,0,0,0,0,0,0,0,0,0,4,1
4974,715,第19回東京都かるた選手権大会,,A,A,20,20,50,5,5,1,0,0,12,12,0,0,0,12,0,0,0,0,0,0,0,0,0,0,0,2,1
4975,716,第2回 白瀧杯女流かるた高校選手権大会,,A,A,31,31,63,5,5,1,0,0,1,1,0,0,0,1,0,0,0,0,0,0,0,0,0,0,0,3,0
4976,717,第26回全国競技かるた中学生選手権大会,,B,B,28,28,82,6,6,1,0,42,58,16,0,0,0,16,0,0,0,0,0,0,0,0,0,0,0,13,0
4977,717,第26回全国競技かるた中学生選手権大会,,A,A,7,7,30,6,6,1,0,25,26,1,0,0,0,1,0,0,0,0,0,0,0,0,0,0,0,7,1
4978,717,第26回全国競技かるた中学生選手権大会,,C,C,58,58,135,6,6,1,0,58,75,17,0,0,0,17,0,0,0,0,0,0,0,0,0,0,0,7,1
4979,717,第26回全国競技かるた中学生選手権大会,,D,D,69,69,131,5,5,1,0,51,79,28,0,0,0,28,0,0,0,0,0,0,0,0,0,0,0,1,0
4980,718,第32回小倉百人一首競技かるた小山大会 A級,2014-08-10,A,A,57,57,171,3,3,1,0,0,3,3,0,0,0,3,0,0,0,0,0,0,0,0,0,0,0,57,0
4981,718,第32回小倉百人一首競技かるた小山大会 A級,2014-08-10,B,B,44,44,132,3,3,1,0,0,0,0,0,0,0,0,0,0,0,0,0,0,0,0,0,0,0,44,0
4982,718,第32回小倉百人一首競技かるた小山大会 A級,2014-08-10,C,C,37,37,111,3,3,1,0,0,3,3,0,0,0,3,0,0,0,0,0,0,0,0,0,0,0,37,0
4983,718,第32回小倉百人一首競技かるた小山大会 A級,2014-08-10,D,D,30,30,90,3,3,1,0,0,0,0,0,0,0,0,0,0,0,0,0,0,0,0,0,0,0,30,0
4984,718,第32回小倉百人一首競技かるた小山大会 A級,2014-08-10,E,E,34,34,102,3,3,1,0,0,0,0,0,0,0,0,0,0,0,0,0,0,0,0,0,0,0,34,0
4985,718,第32回小倉百人一首競技かるた小山大会 A級,2014-08-10,シニア級,,20,20,60,3,3,1,0,0,0,0,0,0,0,0,0,0,0,0,0,0,0,0,0,0,0,20,0
4986,719,第三回前橋百人一首かるた大会 各級順位,,A,A,11,11,33,3,3,1,0,0,3,3,0,0,0,3,0,0,0,0,0,0,0,0,0,0,0,0,0
4987,719,第三回前橋百人一首かるた大会 各級順位,,B,B,20,20,60,3,3,1,0,0,0,0,0,0,0,0,0,0,0,0,0,0,0,0,0,0,0,0,0
4988,719,第三回前橋百人一首かるた大会 各級順位,,C,C,25,25,75,3,3,1,0,0,3,3,0,0,0,3,0,0,0,0,0,0,0,0,0,0,0,0,0
4989,719,第三回前橋百人一首かるた大会 各級順位,,D,D,45,45,135,3,3,1,0,0,3,3,0,0,0,3,0,0,0,0,0,0,0,0,0,0,0,0,0
4990,719,第三回前橋百人一首かるた大会 各級順位,,E,E,9,9,27,3,3,1,0,0,3,3,0,0,0,3,0,0,0,0,0,0,0,0,0,0,0,0,0
4991,720,第61期名人戦西日本予選,2014-10-19,名人戦級,,45,45,107,6,6,1,0,0,19,19,0,0,0,19,0,0,0,0,0,0,0,0,0,0,0,8,1
4992,1519,第59期クイーン戦西日本予選,2014-10-19,クイーン戦級,,45,45,107,6,6,1,0,0,19,19,0,0,0,19,0,0,0,0,0,0,0,0,0,0,0,8,1
4993,721,第61期名人戦東日本予選,2014-10-19,A1,A,81,81,207,7,7,1,0,0,47,47,0,0,0,47,0,0,0,0,0,0,0,0,0,0,0,8,1
4994,1520,第59期クイーン戦東日本予選,2014-10-19,A2,A,39,39,101,6,6,1,0,0,25,25,0,0,0,25,0,0,0,0,0,0,0,0,0,0,0,8,1
4995,722,第5回全国かるた競技岡山大会 大会結果表,2014-11-22,A,A,38,38,100,6,6,1,0,0,26,26,0,0,0,26,0,0,0,0,0,0,0,0,0,0,0,8,1
4996,722,第5回全国かるた競技岡山大会 大会結果表,2014-11-22,B,B,61,61,125,7,7,1,0,2,5,5,0,0,0,3,0,2,0,0,0,0,0,0,0,0,0,8,0
4997,722,第5回全国かるた競技岡山大会 大会結果表,2014-11-22,C,C,58,58,120,6,6,1,0,0,6,6,0,0,0,6,0,0,0,0,0,0,0,0,0,0,0,4,1
4998,722,第5回全国かるた競技岡山大会 大会結果表,2014-11-22,D1,D,41,41,103,6,6,1,0,0,23,23,0,0,0,23,0,0,0,0,0,0,0,0,0,0,0,4,1
4999,722,第5回全国かるた競技岡山大会 大会結果表,2014-11-22,D2,D,38,38,100,6,6,1,0,0,26,26,0,0,0,26,0,0,0,0,0,0,0,0,0,0,0,4,1
5000,722,第5回全国かるた競技岡山大会 大会結果表,2014-11-22,D3,D,39,39,101,6,6,1,0,0,25,25,0,0,0,25,0,0,0,0,0,0,0,0,0,0,0,4,1
5001,723,第2回関東地区初心者かるた大会,,E1,E,13,13,45,4,4,1,0,3,8,8,0,0,0,5,0,0,0,3,0,0,0,0,0,0,0,5,0
5002,723,第2回関東地区初心者かるた大会,,E2,E,14,14,46,4,4,1,0,0,2,2,0,0,0,2,0,0,0,0,0,0,0,0,0,0,0,5,0
5003,723,第2回関東地区初心者かるた大会,,E3,E,16,16,52,4,4,1,0,0,0,0,0,0,0,0,0,2,0,2,0,0,0,0,0,0,0,5,0
5004,723,第2回関東地区初心者かるた大会,,E4,E,16,16,52,4,4,1,0,0,0,0,0,0,0,2,0,0,0,0,0,0,0,0,0,0,0,5,0
5005,723,第2回関東地区初心者かるた大会,,E5,E,13,13,44,4,4,1,0,0,4,4,0,0,0,4,0,0,0,0,0,0,0,0,0,0,0,5,0
5006,723,第2回関東地区初心者かるた大会,,E6,E,14,14,47,4,4,1,0,0,3,3,0,0,0,3,0,0,0,0,0,0,0,0,0,0,0,5,0
5007,723,第2回関東地区初心者かるた大会,,E7,E,14,14,47,4,4,1,0,0,3,3,0,0,0,3,0,0,0,0,0,0,0,0,0,0,0,5,0
5008,723,第2回関東地区初心者かるた大会,,E8,E,15,15,48,4,4,1,0,0,2,2,0,0,0,2,0,0,0,0,0,0,0,0,0,0,0,5,0
5009,723,第2回関東地区初心者かるた大会,,F1級,,16,16,52,4,4,1,0,0,0,0,0,0,0,0,0,0,0,0,0,0,0,0,0,0,0,5,0
5010,723,第2回関東地区初心者かるた大会,,F2級,,16,16,52,4,4,1,0,0,0,0,0,0,0,0,0,0,0,0,0,0,0,0,0,0,0,5,0
5011,723,第2回関東地区初心者かるた大会,,F3級,,16,16,52,4,4,1,0,0,0,0,0,0,0,0,0,0,0,0,0,0,0,0,0,0,0,5,0
5012,723,第2回関東地区初心者かるた大会,,F4級,,15,15,50,4,4,1,0,0,2,2,0,0,0,2,0,0,0,0,0,0,0,0,0,0,0,5,0
5013,723,第2回関東地区初心者かるた大会,,F5級,,16,16,52,4,4,1,0,0,0,0,0,0,0,0,0,0,0,0,0,0,0,0,0,0,0,5,0
5014,723,第2回関東地区初心者かるた大会,,F6級,,16,16,52,4,4,1,0,0,0,0,0,0,0,0,0,0,0,0,0,0,0,0,0,0,0,5,0
5015,723,第2回関東地区初心者かるた大会,,F7級,,15,15,50,4,4,1,0,0,2,2,0,0,0,2,0,0,0,0,0,0,0,0,0,0,0,5,0
5016,724,第5回東京都初心者かるた大会,2014-11-16,試合結果,,110,110,358,4,4,1,0,1,2,1,0,0,0,1,0,357,0,0,2,0,0,0,0,0,0,0,0
5017,725,第17回神奈川県かるた選手権大会,2014-11-24,B1,B,8,8,14,3,3,1,0,0,0,0,0,0,0,0,0,0,0,0,0,0,0,0,0,0,0,4,1
5018,725,第17回神奈川県かるた選手権大会,2014-11-24,B2,B,9,9,23,4,4,1,0,0,7,7,0,0,0,7,0,0,0,0,0,0,0,0,0,0,0,4,1
5019,725,第17回神奈川県かるた選手権大会,2014-11-24,C1,C,9,9,23,4,4,1,0,0,7,7,0,0,0,7,0,0,0,0,0,0,0,0,0,0,0,4,1
5020,725,第17回神奈川県かるた選手権大会,2014-11-24,C2,C,8,8,14,3,3,1,0,0,0,0,0,0,0,0,0,0,0,0,0,0,0,0,0,0,0,4,1
5021,725,第17回神奈川県かるた選手権大会,2014-11-24,C3,C,8,8,14,3,3,1,0,0,0,0,0,0,0,0,0,0,0,0,0,0,0,0,0,0,0,4,1
5022,725,第17回神奈川県かるた選手権大会,2014-11-24,C4,C,10,10,24,4,4,1,0,0,6,6,0,0,0,6,0,0,0,0,0,0,0,0,0,0,0,4,1
5023,725,第17回神奈川県かるた選手権大会,2014-11-24,D1,D,14,14,28,4,4,1,0,0,2,2,0,0,0,2,0,0,0,0,0,0,0,0,0,0,0,4,1
5024,725,第17回神奈川県かるた選手権大会,2014-11-24,D2,D,13,13,27,4,4,1,0,0,3,3,0,0,0,3,0,0,0,0,0,0,0,0,0,0,0,4,1
5025,725,第17回神奈川県かるた選手権大会,2014-11-24,D3,D,16,16,30,4,4,1,0,0,0,0,0,0,0,0,0,0,0,0,0,0,0,0,0,0,0,4,1
5026,725,第17回神奈川県かるた選手権大会,2014-11-24,D4,D,15,15,29,4,4,1,0,0,1,1,0,0,0,1,0,0,0,0,0,0,0,0,0,0,0,4,1
5027,725,第17回神奈川県かるた選手権大会,2014-11-24,E1,E,16,16,30,4,4,1,0,0,0,0,0,0,0,0,0,0,0,0,0,0,0,0,0,0,0,4,1
5028,725,第17回神奈川県かるた選手権大会,2014-11-24,E2,E,16,16,30,4,4,1,0,0,0,0,0,0,0,0,0,0,0,0,0,0,0,0,0,0,0,4,1
5029,725,第17回神奈川県かるた選手権大会,2014-11-24,E3,E,15,15,29,4,4,1,0,0,1,1,0,0,0,1,0,0,0,0,0,0,0,0,0,0,0,4,1
5030,725,第17回神奈川県かるた選手権大会,2014-11-24,E4,E,16,16,30,4,4,1,0,0,0,0,0,0,0,0,0,0,0,0,0,0,0,0,0,0,0,4,1
5031,725,第17回神奈川県かるた選手権大会,2014-11-24,F1級,,15,15,29,4,4,1,0,0,1,1,0,0,0,1,0,0,0,0,0,0,0,0,0,0,0,4,1
5032,725,第17回神奈川県かるた選手権大会,2014-11-24,F2級,,12,12,26,4,4,1,0,0,4,4,0,0,0,4,0,0,0,0,0,0,0,0,0,0,0,4,1
5033,725,第17回神奈川県かるた選手権大会,2014-11-24,F3級,,12,12,26,4,4,1,0,0,4,4,0,0,0,4,0,0,0,0,0,0,0,0,0,0,0,4,1
5034,725,第17回神奈川県かるた選手権大会,2014-11-24,F4級,,14,14,28,4,4,1,0,0,2,2,0,0,0,2,0,0,0,0,0,0,0,0,0,0,0,4,1
5035,725,第17回神奈川県かるた選手権大会,2014-11-24,G1級,,16,16,30,4,4,1,0,0,0,0,0,0,0,0,0,0,0,0,0,0,0,0,0,0,0,4,1
5036,725,第17回神奈川県かるた選手権大会,2014-11-24,G2級,,16,16,30,4,4,1,0,0,0,0,0,0,0,0,0,0,0,0,0,0,0,0,0,0,0,4,1
5037,725,第17回神奈川県かるた選手権大会,2014-11-24,G3級,,15,15,29,4,4,1,0,0,1,1,0,0,0,1,0,0,0,0,0,0,0,0,0,0,0,4,1
5038,725,第17回神奈川県かるた選手権大会,2014-11-24,G4級,,16,16,30,4,4,1,0,0,0,0,0,0,0,0,0,2,0,0,0,0,0,0,0,0,0,4,1
5039,726,第43回 全国かるた競技宇佐神宮大会結果表,2015-03-01,A,A,54,54,116,6,6,1,0,106,116,0,0,0,0,10,0,0,0,0,0,0,0,0,0,0,0,0,1
5040,726,第43回 全国かるた競技宇佐神宮大会結果表,2015-03-01,B,B,68,68,194,7,7,1,0,134,194,0,0,0,0,60,0,0,0,0,0,0,0,0,0,0,0,0,1
5041,726,第43回 全国かるた競技宇佐神宮大会結果表,2015-03-01,C,C,73,73,170,6,6,1,0,140,170,0,0,0,0,30,0,0,0,0,0,0,0,0,0,0,0,0,0
5042,726,第43回 全国かるた競技宇佐神宮大会結果表,2015-03-01,D,D,71,71,149,5,5,1,0,136,149,0,0,0,0,13,0,0,0,0,0,0,0,0,0,0,0,0,0
5043,727,"第64回高松宮記念杯近江神宮全国歌かるた大会(D,E)",2015-01-12,D1,D,48,48,110,6,6,1,0,0,16,16,0,0,0,16,0,0,0,0,0,0,0,0,0,0,0,8,1
5044,727,"第64回高松宮記念杯近江神宮全国歌かるた大会(D,E)",2015-01-12,D2,D,48,48,110,6,6,1,0,0,16,16,0,0,0,16,0,0,0,0,0,0,0,0,0,0,0,8,1
5045,727,"第64回高松宮記念杯近江神宮全国歌かるた大会(D,E)",2015-01-12,D3,D,52,52,114,6,6,1,0,0,12,12,0,0,0,12,0,0,0,0,0,0,0,0,0,0,0,8,1
5046,727,"第64回高松宮記念杯近江神宮全国歌かるた大会(D,E)",2015-01-12,D4,D,52,52,114,6,6,1,0,0,12,12,0,0,0,12,0,2,0,0,0,0,0,0,0,0,0,8,1
5047,727,"第64回高松宮記念杯近江神宮全国歌かるた大会(D,E)",2015-01-12,D5,D,48,48,110,6,6,1,0,0,16,16,0,0,0,16,0,0,0,0,0,0,0,0,0,0,0,8,1
5048,727,"第64回高松宮記念杯近江神宮全国歌かるた大会(D,E)",2015-01-12,D6,D,49,49,111,6,6,1,0,0,15,15,0,0,0,15,0,0,0,0,0,0,0,0,0,0,0,8,1
5049,727,"第64回高松宮記念杯近江神宮全国歌かるた大会(D,E)",2015-01-12,E1,E,48,48,110,6,6,1,0,0,16,16,0,0,0,16,0,0,0,0,0,0,0,0,0,0,0,8,1
5050,727,"第64回高松宮記念杯近江神宮全国歌かるた大会(D,E)",2015-01-12,E2,E,53,53,113,5,5,1,0,0,11,11,0,0,0,11,0,0,0,0,0,0,0,0,0,0,0,16,0
5051,727,"第64回高松宮記念杯近江神宮全国歌かるた大会(D,E)",2015-01-12,E3,E,72,72,196,6,6,1,0,0,56,56,0,0,0,56,0,0,0,0,0,0,0,0,0,0,0,16,0
5052,728,第45回全国小・中学生競技かるた選手権大会,2015-03-29,中学３年級,,27,27,57,5,5,1,0,0,5,5,0,0,0,5,0,0,0,0,0,0,0,0,0,0,0,8,1
5053,728,第45回全国小・中学生競技かるた選手権大会,2015-03-29,中学２年級,,38,38,100,6,6,1,0,0,26,26,0,0,0,26,0,0,0,0,0,0,0,0,0,0,0,8,1
5054,728,第45回全国小・中学生競技かるた選手権大会,2015-03-29,中学１年級,,38,38,100,6,6,1,0,0,26,26,0,0,0,26,0,0,0,0,0,0,0,0,0,0,0,8,1
5055,728,第45回全国小・中学生競技かるた選手権大会,2015-03-29,小学６年級,,55,55,117,6,6,1,0,0,9,9,0,0,0,9,0,0,0,0,0,0,0,0,0,0,0,8,1
5056,728,第45回全国小・中学生競技かるた選手権大会,2015-03-29,小学５年級,,55,55,117,6,6,1,0,0,9,9,0,0,0,9,0,0,0,0,0,0,0,0,0,0,0,8,1
5057,728,第45回全国小・中学生競技かるた選手権大会,2015-03-29,小学４年級,,41,41,103,6,6,1,0,0,23,23,0,0,0,23,0,2,0,0,0,0,0,0,0,0,0,8,1
5058,728,第45回全国小・中学生競技かるた選手権大会,2015-03-29,小学３年級,,32,32,62,5,5,1,0,0,0,0,0,0,0,0,0,2,0,0,0,0,0,0,0,0,0,8,1
5059,728,第45回全国小・中学生競技かるた選手権大会,2015-03-29,小学２年以下級,,46,46,108,6,6,1,0,0,18,18,0,0,0,18,0,0,0,0,0,0,0,0,0,0,0,8,1
5060,729,第73回全国競技かるた桑名大会,2015-03-27,A,A,84,84,210,7,7,1,0,0,44,44,0,0,0,44,0,0,0,0,0,0,0,0,0,0,0,8,1
5061,729,第73回全国競技かるた桑名大会,2015-03-27,B,B,98,98,224,7,7,1,0,0,30,30,0,0,0,30,0,0,0,0,0,0,0,0,0,0,0,8,1
5062,729,第73回全国競技かるた桑名大会,2015-03-27,C1,C,46,46,108,6,6,1,0,0,18,18,0,0,0,20,0,0,0,0,0,0,0,0,0,0,0,8,1
5063,729,第73回全国競技かるた桑名大会,2015-03-27,C2,C,47,47,109,6,6,1,0,0,17,17,0,0,0,21,0,0,0,0,0,0,0,0,0,0,0,8,1
5064,729,第73回全国競技かるた桑名大会,2015-03-27,C3,C,46,46,108,6,6,1,0,0,18,18,0,0,0,22,0,0,0,0,0,0,0,0,0,0,0,8,1
5065,729,第73回全国競技かるた桑名大会,2015-03-27,D1,D,40,40,102,6,6,1,0,0,24,24,0,0,0,24,0,0,0,0,0,0,0,0,0,0,0,8,1
5066,729,第73回全国競技かるた桑名大会,2015-03-27,D2,D,41,41,103,6,6,1,0,0,23,23,0,0,0,23,0,0,0,0,0,0,0,0,0,0,0,8,1
5067,729,第73回全国競技かるた桑名大会,2015-03-27,D3,D,42,42,104,6,6,1,0,0,22,22,0,0,0,26,0,0,0,0,0,0,0,0,0,0,0,8,1
5068,729,第73回全国競技かるた桑名大会,2015-03-27,D4,D,41,41,103,6,6,1,0,0,23,23,0,0,0,25,0,0,0,0,0,0,0,0,0,0,0,8,1
5069,729,第73回全国競技かるた桑名大会,2015-03-27,D5,D,41,41,103,6,6,1,0,0,23,23,0,0,0,23,0,0,0,0,0,0,0,0,0,0,0,8,1
5070,729,第73回全国競技かるた桑名大会,2015-03-27,E1,E,29,29,57,4,4,1,0,0,3,3,0,0,0,3,0,0,0,0,0,0,0,0,0,0,0,8,0
5071,729,第73回全国競技かるた桑名大会,2015-03-27,E2,E,24,24,52,4,4,1,0,0,8,8,0,0,0,8,0,0,0,0,0,0,0,0,0,0,0,16,0
5072,729,第73回全国競技かるた桑名大会,2015-03-27,もみじの部級,,3,3,4,2,2,1,0,0,0,0,0,0,0,0,0,0,0,0,0,0,0,0,0,0,0,3,0
5073,730,"第60回新春全国競技かるた大会(A,B,C)",,A,A,87,87,213,7,7,1,0,0,41,41,0,0,0,41,0,0,0,0,0,0,0,0,0,0,0,8,1
5074,730,"第60回新春全国競技かるた大会(A,B,C)",,B1,B,75,75,175,7,7,1,0,0,27,27,0,0,0,27,0,0,0,0,0,0,0,0,0,0,0,8,1
5075,730,"第60回新春全国競技かるた大会(A,B,C)",,B2,B,73,73,172,7,7,1,0,0,28,28,0,0,0,28,0,0,0,0,0,0,0,0,0,0,0,8,1
5076,730,"第60回新春全国競技かるた大会(A,B,C)",,C1,C,78,78,204,7,7,1,0,0,50,50,0,0,0,50,0,0,0,0,0,0,0,0,0,0,0,8,1
5077,730,"第60回新春全国競技かるた大会(A,B,C)",,C2,C,76,76,202,7,7,1,0,0,52,52,0,0,0,52,0,0,0,0,0,0,0,0,0,0,0,8,1
5078,730,"第60回新春全国競技かるた大会(A,B,C)",,C3,C,79,79,205,7,7,1,0,0,49,49,0,0,0,49,0,0,0,0,0,0,0,0,0,0,0,8,1
5079,731,第30回全国選抜かるた大会,,A,A,70,70,206,7,7,1,0,0,58,58,0,0,0,64,0,0,0,0,0,0,0,0,0,0,0,8,0
5080,732,第28回 全国小学生かるた選手権大会 結果報告表,,６年生,,27,27,57,5,5,1,0,0,5,5,0,0,0,5,0,0,0,0,0,0,0,0,0,0,0,8,1
5081,732,第28回 全国小学生かるた選手権大会 結果報告表,,５年生,,18,18,48,5,5,1,0,0,14,14,0,0,0,14,0,0,0,0,0,0,0,0,0,0,0,8,1
5082,732,第28回 全国小学生かるた選手権大会 結果報告表,,４年生以下,,10,10,24,4,4,1,0,0,6,6,0,0,0,6,0,0,0,0,0,0,0,0,0,0,0,8,1
5083,733,第16回稲城市民かるた大会,2015-02-01,対戦結果,,152,152,452,3,3,1,0,0,6,6,0,0,0,6,0,0,0,0,2,0,0,0,0,0,0,0,0
5084,734,第27回全国競技かるた中学生選手権大会,,A,A,5,5,16,5,5,1,0,16,16,0,0,0,0,0,0,0,0,0,0,0,0,0,0,0,0,3,0
5085,734,第27回全国競技かるた中学生選手権大会,,B,B,24,24,59,5,5,1,0,36,37,1,0,0,0,1,0,0,0,0,0,0,0,0,0,0,0,11,0
5086,734,第27回全国競技かるた中学生選手権大会,,C,C,48,48,90,5,5,1,0,44,48,4,0,0,0,4,0,0,0,0,0,0,0,0,0,0,0,10,1
5087,734,第27回全国競技かるた中学生選手権大会,,D,D,67,67,129,5,5,1,0,14,25,11,0,0,0,11,0,0,0,0,0,0,0,0,0,0,0,16,0
5088,735,第62期名人戦東日本予選,2015-10-18,A1,A,71,71,197,7,7,1,0,0,57,57,0,0,0,57,0,0,0,0,0,0,0,0,0,0,0,8,1
5089,1521,第60期クイーン戦東日本予選,2015-10-18,A2,A,37,37,99,6,6,1,0,0,27,27,0,0,0,27,0,0,0,0,0,0,0,0,0,0,0,8,1
5090,736,第62期名人戦西日本予選,2015-10-18,名人位級,,45,45,107,6,6,1,0,0,19,19,0,0,0,21,0,2,0,0,0,0,0,0,0,0,0,8,1
5091,1522,第60期クイーン戦西日本予選,2015-10-18,クイーン位級,,48,48,110,6,6,1,0,0,16,16,0,0,0,16,0,0,0,0,0,0,0,0,0,0,0,8,1
5092,737,第38回 全国小・中学生競技かるた選手権福井大会 結果報告表,,中学生級,,42,42,104,6,6,1,0,0,22,22,0,0,0,22,0,0,0,0,0,0,0,0,0,0,0,8,1
5093,737,第38回 全国小・中学生競技かるた選手権福井大会 結果報告表,,小学６年生級,,48,48,110,6,6,1,0,0,16,16,0,0,0,16,0,0,0,0,0,0,0,0,0,0,0,8,1
5094,737,第38回 全国小・中学生競技かるた選手権福井大会 結果報告表,,小学５年生級,,44,44,106,6,6,1,0,0,20,20,0,0,0,20,0,0,0,0,0,0,0,0,0,0,0,8,1
5095,737,第38回 全国小・中学生競技かるた選手権福井大会 結果報告表,,小学４年生級,,37,37,99,6,6,1,0,0,27,27,0,0,0,27,0,0,0,0,0,0,0,0,0,0,0,8,1
5096,737,第38回 全国小・中学生競技かるた選手権福井大会 結果報告表,,小学３年生級,,36,36,98,6,6,1,0,0,28,28,0,0,0,28,0,2,0,0,0,0,0,0,0,0,0,8,1
5097,737,第38回 全国小・中学生競技かるた選手権福井大会 結果報告表,,小学２年生級,,25,25,72,6,6,1,0,0,24,24,0,0,0,24,0,0,0,0,0,0,0,0,0,0,0,8,1
5098,737,第38回 全国小・中学生競技かるた選手権福井大会 結果報告表,,小学１年生以下級,,13,13,27,4,4,1,0,0,3,3,0,0,0,3,0,0,0,0,0,0,0,0,0,0,0,4,1
5099,737,第38回 全国小・中学生競技かるた選手権福井大会 結果報告表,,高校生,,5,5,20,5,5,1,0,0,0,0,0,0,0,0,0,0,0,0,0,0,0,0,0,0,0,2,0
5100,738,第37回全国高等学校小倉百人一首かるた選手権大会,,A,A,39,39,101,6,6,1,0,0,25,25,0,0,0,25,0,0,0,0,0,0,0,0,0,0,0,8,1
5101,738,第37回全国高等学校小倉百人一首かるた選手権大会,,B1,B,53,53,115,6,6,1,0,0,11,11,0,0,0,11,0,0,0,0,0,0,0,0,0,0,0,8,1
5102,738,第37回全国高等学校小倉百人一首かるた選手権大会,,B2,B,52,52,114,6,6,1,0,0,12,12,0,0,0,12,0,0,0,0,0,0,0,0,0,0,0,8,1
5103,738,第37回全国高等学校小倉百人一首かるた選手権大会,,B3,B,52,52,114,6,6,1,0,0,12,12,0,0,0,12,0,0,0,0,0,0,0,0,0,0,0,8,1
5104,738,第37回全国高等学校小倉百人一首かるた選手権大会,,B4,B,51,51,113,6,6,1,0,0,13,13,0,0,0,13,0,0,0,0,0,0,0,0,0,0,0,8,1
5105,738,第37回全国高等学校小倉百人一首かるた選手権大会,,C1,C,48,48,110,6,6,1,0,0,16,16,0,0,0,18,0,0,0,0,0,0,0,0,0,0,0,8,1
5106,738,第37回全国高等学校小倉百人一首かるた選手権大会,,C2,C,49,49,111,6,6,1,0,0,15,15,0,0,0,17,0,0,0,0,0,0,0,0,0,0,0,8,1
5107,738,第37回全国高等学校小倉百人一首かるた選手権大会,,C3,C,49,49,111,6,6,1,0,0,15,15,0,0,0,15,0,0,0,0,0,0,0,0,0,0,0,8,1
5108,738,第37回全国高等学校小倉百人一首かるた選手権大会,,C4,C,49,49,111,6,6,1,0,0,15,15,0,0,0,15,0,0,0,0,0,0,0,0,0,0,0,8,1
5109,738,第37回全国高等学校小倉百人一首かるた選手権大会,,C5,C,49,49,111,6,6,1,0,0,15,15,0,0,0,15,0,0,0,0,0,0,0,0,0,0,0,8,1
5110,738,第37回全国高等学校小倉百人一首かるた選手権大会,,C6,C,47,47,109,6,6,1,0,0,17,17,0,0,0,17,0,0,0,0,0,0,0,0,0,0,0,8,1
5111,738,第37回全国高等学校小倉百人一首かるた選手権大会,,D1,D,48,48,110,6,6,1,0,0,16,16,0,0,0,16,0,2,0,0,0,0,0,0,0,0,0,8,1
5112,738,第37回全国高等学校小倉百人一首かるた選手権大会,,D2,D,49,49,111,6,6,1,0,0,15,15,0,0,0,15,0,0,0,0,0,0,0,0,0,0,0,8,1
5113,738,第37回全国高等学校小倉百人一首かるた選手権大会,,D3,D,45,45,107,6,6,1,0,0,19,19,0,0,0,21,0,0,0,0,0,0,0,0,0,0,0,8,1
5114,738,第37回全国高等学校小倉百人一首かるた選手権大会,,D4,D,47,47,109,6,6,1,0,0,17,17,0,0,0,17,0,0,0,0,0,0,0,0,0,0,0,8,1
5115,738,第37回全国高等学校小倉百人一首かるた選手権大会,,D5,D,47,47,109,6,6,1,0,0,17,17,0,0,0,19,0,0,0,0,0,0,0,0,0,0,0,8,1
5116,738,第37回全国高等学校小倉百人一首かるた選手権大会,,D6,D,46,46,108,6,6,1,0,0,18,18,0,0,0,18,0,0,0,0,0,0,0,0,0,0,0,8,1
5117,738,第37回全国高等学校小倉百人一首かるた選手権大会,,D7,D,46,46,108,6,6,1,0,0,18,18,0,0,0,18,0,0,0,0,0,0,0,0,0,0,0,8,1
5118,738,第37回全国高等学校小倉百人一首かるた選手権大会,,D8,D,47,47,109,6,6,1,0,0,17,17,0,0,0,17,0,0,0,0,0,0,0,0,0,0,0,8,1
5119,738,第37回全国高等学校小倉百人一首かるた選手権大会,,D9,D,46,46,108,6,6,1,0,0,18,18,0,0,0,18,0,2,0,0,0,0,0,0,0,0,0,8,1
5120,738,第37回全国高等学校小倉百人一首かるた選手権大会,,D10,D,47,47,109,6,6,1,0,0,17,17,0,0,0,17,0,2,0,0,0,0,0,0,0,0,0,8,1
5121,738,第37回全国高等学校小倉百人一首かるた選手権大会,,D11,D,48,48,110,6,6,1,0,0,16,16,0,0,0,16,0,0,0,0,0,0,0,0,0,0,0,8,1
5122,738,第37回全国高等学校小倉百人一首かるた選手権大会,,D12,D,45,45,107,6,6,1,0,0,19,19,0,0,0,21,0,4,0,0,0,0,0,0,0,0,0,8,1
5123,738,第37回全国高等学校小倉百人一首かるた選手権大会,,D13,D,48,48,110,6,6,1,0,0,16,16,0,0,0,16,0,0,0,0,0,0,0,0,0,0,0,8,1
5124,738,第37回全国高等学校小倉百人一首かるた選手権大会,,D14,D,46,46,108,6,6,1,0,0,18,18,0,0,0,18,0,0,0,0,0,0,0,0,0,0,0,8,1
5125,739,"第17回全国競技かるた愛知大会 大会報告書(C,D)",2015-12-12,C1,C,49,49,111,6,6,1,0,0,15,15,0,0,0,15,0,0,0,0,0,0,0,0,0,0,0,8,1
5126,739,"第17回全国競技かるた愛知大会 大会報告書(C,D)",2015-12-12,C2,C,50,50,112,6,6,1,0,0,14,14,0,0,0,14,0,0,0,0,0,0,0,0,0,0,0,8,1
5127,739,"第17回全国競技かるた愛知大会 大会報告書(C,D)",2015-12-12,D1,D,28,28,58,5,5,1,0,0,4,4,0,0,0,6,0,0,0,0,0,0,0,0,0,0,0,4,1
5128,739,"第17回全国競技かるた愛知大会 大会報告書(C,D)",2015-12-12,D2,D,27,27,57,5,5,1,0,0,5,5,0,0,0,7,0,0,0,0,0,0,0,0,0,0,0,4,1
5129,739,"第17回全国競技かるた愛知大会 大会報告書(C,D)",2015-12-12,D3,D,28,28,58,5,5,1,0,0,4,4,0,0,0,6,0,0,0,0,0,0,0,0,0,0,0,4,1
5130,739,"第17回全国競技かるた愛知大会 大会報告書(C,D)",2015-12-12,D4,D,26,26,56,5,5,1,0,0,6,6,0,0,0,6,0,0,0,0,0,0,0,0,0,0,0,4,1
5131,739,"第17回全国競技かるた愛知大会 大会報告書(C,D)",2015-12-12,D5,D,28,28,58,5,5,1,0,0,4,4,0,0,0,4,0,0,0,0,0,0,0,0,0,0,0,4,1
5132,739,"第17回全国競技かるた愛知大会 大会報告書(C,D)",2015-12-12,D6,D,28,28,58,5,5,1,0,0,4,4,0,0,0,4,0,0,0,0,0,0,0,0,0,0,0,4,1
5133,740,"第17回全国競技かるた愛知大会 大会報告書(A,B,E)",2015-12-13,A,A,45,45,107,6,6,1,0,0,19,19,0,0,0,19,0,0,0,0,0,0,0,0,0,0,0,8,1
5134,740,"第17回全国競技かるた愛知大会 大会報告書(A,B,E)",2015-12-13,B,B,81,81,207,7,7,1,0,0,47,47,0,0,0,47,0,0,0,0,0,0,0,0,0,0,0,8,1
5135,740,"第17回全国競技かるた愛知大会 大会報告書(A,B,E)",2015-12-13,E1,E,13,13,27,4,4,1,0,0,3,3,0,0,0,3,0,0,0,0,0,0,0,0,0,0,0,2,1
5136,740,"第17回全国競技かるた愛知大会 大会報告書(A,B,E)",2015-12-13,E2,E,12,12,26,4,4,1,0,0,4,4,0,0,0,4,0,0,0,0,0,0,0,0,0,0,0,2,1
5137,740,"第17回全国競技かるた愛知大会 大会報告書(A,B,E)",2015-12-13,E3,E,13,13,27,4,4,1,0,0,3,3,0,0,0,3,0,0,0,0,0,0,0,0,0,0,0,2,1
5138,740,"第17回全国競技かるた愛知大会 大会報告書(A,B,E)",2015-12-13,E4,E,13,13,27,4,4,1,0,0,3,3,0,0,0,3,0,0,0,0,0,0,0,0,0,0,0,2,1
5139,740,"第17回全国競技かるた愛知大会 大会報告書(A,B,E)",2015-12-13,E5,E,13,13,27,4,4,1,0,0,3,3,0,0,0,3,0,0,0,0,0,0,0,0,0,0,0,2,1
5140,741,第3回全国かるた競技山口大会,,A,A,48,48,110,6,6,1,0,0,16,16,0,0,0,16,0,0,0,0,0,0,0,0,0,0,0,8,1
5141,741,第3回全国かるた競技山口大会,,B1,B,35,35,97,6,6,1,0,0,29,29,0,0,0,29,0,0,0,0,0,0,0,0,0,0,0,4,1
5142,741,第3回全国かるた競技山口大会,,B2,B,38,38,100,6,6,1,0,0,26,26,0,0,0,26,0,0,0,0,0,0,0,0,0,0,0,4,1
5143,741,第3回全国かるた競技山口大会,,C1,C,53,53,115,6,6,1,0,0,11,11,0,0,0,11,0,0,0,0,0,0,0,0,0,0,0,4,1
5144,741,第3回全国かるた競技山口大会,,C2,C,53,53,115,6,6,1,0,0,11,11,0,0,0,11,0,0,0,0,0,0,0,0,0,0,0,4,1
5145,741,第3回全国かるた競技山口大会,,D1,D,31,31,61,5,5,1,0,0,1,1,0,0,0,1,0,0,0,0,0,0,0,0,0,0,0,4,1
5146,741,第3回全国かるた競技山口大会,,D2,D,28,28,58,5,5,1,0,0,4,4,0,0,0,4,0,0,0,0,0,0,0,0,0,0,0,4,1
5147,741,第3回全国かるた競技山口大会,,D3,D,30,30,60,5,5,1,0,0,2,2,0,0,0,2,0,0,0,0,0,0,0,0,0,0,0,4,1
5148,741,第3回全国かるた競技山口大会,,D4,D,31,31,61,5,5,1,0,0,1,1,0,0,0,1,0,1,0,0,0,0,0,0,0,0,0,4,1
5149,742,第3回奥の細道むすびの地 全国競技かるた大垣大会,2015-05-03,Ａ級,A,47,47,63,6,6,1,0,0,17,17,0,0,0,17,0,0,0,46,0,0,15,0,0,0,0,8,0
5150,742,第3回奥の細道むすびの地 全国競技かるた大垣大会,2015-05-03,Ｂ級,B,85,85,127,7,7,1,0,0,43,43,0,0,0,43,0,0,0,84,0,0,21,0,0,0,0,8,0
5151,742,第3回奥の細道むすびの地 全国競技かるた大垣大会,2015-05-03,Ｃ１級,C,53,53,63,6,6,1,0,0,11,11,0,0,0,12,0,0,0,52,0,0,21,0,0,0,0,4,0
5152,742,第3回奥の細道むすびの地 全国競技かるた大垣大会,2015-05-03,Ｃ２級,C,55,55,63,6,6,1,0,0,9,9,0,0,0,9,0,0,0,54,0,0,23,0,0,0,0,4,0
5153,742,第3回奥の細道むすびの地 全国競技かるた大垣大会,2015-05-03,Ｄ１級,D,52,52,114,6,6,1,0,0,12,12,0,0,0,14,0,0,0,0,0,0,0,0,0,0,0,4,1
5154,742,第3回奥の細道むすびの地 全国競技かるた大垣大会,2015-05-03,Ｄ２級,D,51,51,113,6,6,1,0,0,13,13,0,0,0,13,0,0,0,2,0,0,0,0,0,0,0,4,1
5155,742,第3回奥の細道むすびの地 全国競技かるた大垣大会,2015-05-03,Ｄ３級,D,48,48,110,6,6,1,0,0,16,16,0,0,0,16,0,2,0,0,0,0,0,0,0,0,0,4,1
5156,742,第3回奥の細道むすびの地 全国競技かるた大垣大会,2015-05-03,Ｄ４級,D,52,52,114,6,6,1,0,0,12,12,0,0,0,12,0,0,0,0,0,0,0,0,0,0,0,4,1
5157,742,第3回奥の細道むすびの地 全国競技かるた大垣大会,2015-05-03,Ｅ１級,E,22,22,52,5,5,1,0,0,10,10,0,0,0,10,0,0,0,0,0,0,0,0,0,0,0,4,1
5158,742,第3回奥の細道むすびの地 全国競技かるた大垣大会,2015-05-03,Ｅ２級,E,18,18,48,5,5,1,0,0,14,14,0,0,0,14,0,0,0,0,0,0,0,0,0,0,0,4,1
5159,742,第3回奥の細道むすびの地 全国競技かるた大垣大会,2015-05-03,E３級,E,20,20,50,5,5,1,0,0,12,12,0,0,0,12,0,2,0,0,0,0,0,0,0,0,0,4,1
5160,743,第3回 白瀧杯女流かるた高校選手権大会,,白瀧杯級,,32,32,64,5,5,1,0,0,0,0,0,0,0,0,0,0,0,0,0,0,0,0,0,0,0,4,0
5161,744,第33回小倉百人一首競技かるた小山大会 A級,2015-08-02,A,A,35,35,105,3,3,1,0,2,5,3,0,0,0,3,0,0,0,2,0,0,0,0,0,0,0,35,0
5162,744,第33回小倉百人一首競技かるた小山大会 A級,2015-08-02,B,B,38,38,114,3,3,1,0,2,4,1,0,0,0,2,0,0,0,2,0,0,0,0,0,0,0,38,0
5163,744,第33回小倉百人一首競技かるた小山大会 A級,2015-08-02,C,C,52,52,156,3,3,1,0,1,3,1,0,0,0,2,0,0,0,1,0,0,0,0,0,0,0,52,0
5164,744,第33回小倉百人一首競技かるた小山大会 A級,2015-08-02,D,D,24,24,72,3,3,1,0,2,2,0,0,0,0,0,0,2,0,2,0,0,0,0,0,0,0,24,0
5165,744,第33回小倉百人一首競技かるた小山大会 A級,2015-08-02,E,E,33,33,99,3,3,1,0,6,9,3,0,0,0,3,0,0,0,6,0,0,0,0,0,0,0,33,0
5166,744,第33回小倉百人一首競技かるた小山大会 A級,2015-08-02,シニア級,,17,17,51,3,3,1,0,3,6,2,0,0,0,3,0,0,0,3,0,0,0,0,0,0,0,17,0
5167,745,天智天皇杯第4回百人一首朝倉大会,2015-09-20,第４回,,298,298,676,5,5,1,0,555,669,0,0,0,0,114,0,4,0,7,0,0,0,0,0,0,0,46,0
5168,746,"第65回高松宮記念杯近江神宮全国競技かるた大会(D,E)",,D1,D,45,45,107,6,6,1,0,0,19,19,0,0,0,19,0,0,0,0,0,0,0,0,0,0,0,8,1
5169,746,"第65回高松宮記念杯近江神宮全国競技かるた大会(D,E)",,D2,D,46,46,108,6,6,1,0,0,18,18,0,0,0,18,0,0,0,0,0,0,0,0,0,0,0,8,1
5170,746,"第65回高松宮記念杯近江神宮全国競技かるた大会(D,E)",,D3,D,43,43,105,6,6,1,0,0,21,21,0,0,0,21,0,0,0,0,0,0,0,0,0,0,0,8,1
5171,746,"第65回高松宮記念杯近江神宮全国競技かるた大会(D,E)",,D4,D,47,47,109,6,6,1,0,0,17,17,0,0,0,17,0,0,0,0,0,0,0,0,0,0,0,8,1
5172,746,"第65回高松宮記念杯近江神宮全国競技かるた大会(D,E)",,D5,D,48,48,110,6,6,1,0,0,16,16,0,0,0,16,0,0,0,0,0,0,0,0,0,0,0,8,1
5173,746,"第65回高松宮記念杯近江神宮全国競技かるた大会(D,E)",,D6,D,46,46,108,6,6,1,0,0,18,18,0,0,0,18,0,0,0,0,0,0,0,0,0,0,0,8,1
5174,746,"第65回高松宮記念杯近江神宮全国競技かるた大会(D,E)",,E1,E,70,70,194,6,6,1,0,0,58,58,0,0,0,58,0,0,0,0,0,0,0,0,0,0,0,16,0
5175,746,"第65回高松宮記念杯近江神宮全国競技かるた大会(D,E)",,E2,E,57,57,117,5,5,1,0,0,7,7,0,0,0,7,0,0,0,0,0,0,0,0,0,0,0,16,0
5176,746,"第65回高松宮記念杯近江神宮全国競技かるた大会(D,E)",,E3,E,66,66,156,5,5,1,0,0,30,30,0,0,0,30,0,0,0,0,0,0,0,0,0,0,0,24,0
5177,747,第28回全国競技かるた東大阪大会,2016-02-28,A,A,82,82,208,7,7,1,0,204,205,0,0,0,0,1,0,46,0,3,0,0,0,0,0,0,0,8,1
5178,747,第28回全国競技かるた東大阪大会,2016-02-28,B1,B,62,62,124,6,6,1,0,120,124,4,0,0,0,4,0,2,0,0,0,0,0,0,0,0,0,8,1
5179,747,第28回全国競技かるた東大阪大会,2016-02-28,B2,B,61,61,123,6,6,1,0,123,123,0,0,0,0,0,0,7,0,0,0,0,0,0,0,0,0,8,1
5180,747,第28回全国競技かるた東大阪大会,2016-02-28,C1,C,39,39,101,6,6,1,0,0,25,25,0,0,0,25,0,0,0,0,0,0,0,0,0,0,0,8,1
5181,747,第28回全国競技かるた東大阪大会,2016-02-28,C2,C,40,40,102,6,6,1,0,0,24,24,0,0,0,24,0,0,0,0,0,0,0,0,0,0,0,8,1
5182,747,第28回全国競技かるた東大阪大会,2016-02-28,C3,C,40,40,102,6,6,1,0,0,24,24,0,0,0,24,0,0,0,0,0,0,0,0,0,0,0,8,1
5183,747,第28回全国競技かるた東大阪大会,2016-02-28,D1,D,50,50,112,6,6,1,0,0,14,14,0,0,0,14,0,0,0,0,0,0,0,0,0,0,0,8,1
5184,747,第28回全国競技かるた東大阪大会,2016-02-28,D2,D,47,47,109,6,6,1,0,0,17,17,0,0,0,17,0,2,0,0,0,0,0,0,0,0,0,8,1
5185,747,第28回全国競技かるた東大阪大会,2016-02-28,D3,D,46,46,108,6,6,1,0,0,18,18,0,0,0,18,0,0,0,0,0,0,0,0,0,0,0,8,1
5186,747,第28回全国競技かるた東大阪大会,2016-02-28,D4,D,47,47,109,6,6,1,0,0,17,17,0,0,0,17,0,0,0,0,0,0,0,0,0,0,0,8,1
5187,747,第28回全国競技かるた東大阪大会,2016-02-28,E6,E,18,18,48,5,5,1,0,0,14,14,0,0,0,14,0,0,0,0,0,0,0,0,0,0,0,8,1
5188,747,第28回全国競技かるた東大阪大会,2016-02-28,E5,E,13,13,27,4,4,1,0,0,3,3,0,0,0,3,0,0,0,0,0,0,0,0,0,0,0,8,1
5189,747,第28回全国競技かるた東大阪大会,2016-02-28,E4,E,11,11,25,4,4,1,0,0,5,5,0,0,0,5,0,0,0,0,0,0,0,0,0,0,0,8,1
5190,747,第28回全国競技かるた東大阪大会,2016-02-28,E3,E,14,14,28,4,4,1,0,0,2,2,0,0,0,2,0,0,0,0,0,0,0,0,0,0,0,8,1
5191,747,第28回全国競技かるた東大阪大会,2016-02-28,E1,E,21,21,51,5,5,1,0,0,11,11,0,0,0,11,0,0,0,0,0,0,0,0,0,0,0,8,1
5192,748,第74回全国競技かるた桑名大会,2016-03-21,A,A,67,67,193,7,7,1,0,0,61,61,0,0,0,61,0,4,0,0,0,0,0,0,0,0,0,8,1
5193,748,第74回全国競技かるた桑名大会,2016-03-21,B,B,121,121,247,7,7,1,0,0,7,7,0,0,0,7,0,0,0,0,0,0,0,0,0,0,0,8,1
5194,748,第74回全国競技かるた桑名大会,2016-03-21,C1,C,42,42,104,6,6,1,0,0,22,22,0,0,0,24,0,0,0,0,0,0,0,0,0,0,0,8,1
5195,748,第74回全国競技かるた桑名大会,2016-03-21,C2,C,41,41,103,6,6,1,0,0,23,23,0,0,0,23,0,0,0,0,0,0,0,0,0,0,0,8,1
5196,748,第74回全国競技かるた桑名大会,2016-03-21,C3,C,43,43,105,6,6,1,0,0,21,21,0,0,0,21,0,0,0,0,0,0,0,0,0,0,0,8,1
5197,748,第74回全国競技かるた桑名大会,2016-03-21,D1,D,29,29,59,5,5,1,0,0,3,3,0,0,0,3,0,0,0,0,0,0,0,0,0,0,0,8,1
5198,748,第74回全国競技かるた桑名大会,2016-03-21,D2,D,28,28,58,5,5,1,0,0,4,4,0,0,0,4,0,0,0,0,0,0,0,0,0,0,0,8,1
5199,748,第74回全国競技かるた桑名大会,2016-03-21,D3,D,30,30,60,5,5,1,0,0,2,2,0,0,0,2,0,0,0,0,0,0,0,0,0,0,0,8,1
5200,748,第74回全国競技かるた桑名大会,2016-03-21,D4,D,30,30,60,5,5,1,0,0,2,2,0,0,0,2,0,0,0,0,0,0,0,0,0,0,0,8,1
5201,748,第74回全国競技かるた桑名大会,2016-03-21,D5,D,29,29,59,5,5,1,0,0,3,3,0,0,0,3,0,0,0,0,0,0,0,0,0,0,0,8,1
5202,748,第74回全国競技かるた桑名大会,2016-03-21,E1,E,17,17,47,5,5,1,0,0,15,15,0,0,0,15,0,0,0,0,0,0,0,0,0,0,0,4,1
5203,748,第74回全国競技かるた桑名大会,2016-03-21,E2,E,16,16,30,4,4,1,0,0,0,0,0,0,0,0,0,0,0,0,0,0,0,0,0,0,0,4,1
5204,748,第74回全国競技かるた桑名大会,2016-03-21,E3,E,16,16,30,4,4,1,0,0,0,0,0,0,0,0,0,0,0,0,0,0,0,0,0,0,0,4,1
5205,748,第74回全国競技かるた桑名大会,2016-03-21,E4,E,16,16,30,4,4,1,0,0,0,0,0,0,0,2,0,0,0,0,0,0,0,0,0,0,0,4,1
5206,748,第74回全国競技かるた桑名大会,2016-03-21,もみじ級,,4,4,12,3,3,1,0,0,0,0,0,0,0,0,0,0,0,0,0,0,0,0,0,0,0,4,0
5207,749,第29回 全国競技かるた小学生選手権大会 結果報告表,,６年生級,,19,19,49,5,5,1,0,0,13,13,0,0,0,13,0,0,0,0,0,0,0,0,0,0,0,0,1
5208,749,第29回 全国競技かるた小学生選手権大会 結果報告表,,５年生,,16,16,30,4,4,1,0,0,0,0,0,0,0,0,0,0,0,0,0,0,0,0,0,0,0,0,1
5209,749,第29回 全国競技かるた小学生選手権大会 結果報告表,,４年生以下,,10,10,24,4,4,1,0,0,6,6,0,0,0,6,0,0,0,0,0,0,0,0,0,0,0,0,1
5210,750,第46回全国小・中学生競技かるた選手権大会,2016-03-27,中学３年級,,25,25,55,5,5,1,0,0,7,7,0,0,0,7,0,0,0,0,0,0,0,0,0,0,0,8,1
5211,750,第46回全国小・中学生競技かるた選手権大会,2016-03-27,中学２年級,,26,26,56,5,5,1,0,0,6,6,0,0,0,6,0,0,0,0,0,0,0,0,0,0,0,8,1
5212,750,第46回全国小・中学生競技かるた選手権大会,2016-03-27,中学１年級,,46,46,107,6,6,1,0,1,20,20,0,0,0,19,0,2,0,1,0,0,1,0,0,0,0,8,1
5213,750,第46回全国小・中学生競技かるた選手権大会,2016-03-27,小学６年級,,67,67,193,7,7,1,0,0,61,61,0,0,0,61,0,0,0,0,0,0,0,0,0,0,0,8,1
5214,750,第46回全国小・中学生競技かるた選手権大会,2016-03-27,小学５年級,,49,49,111,6,6,1,0,0,15,15,0,0,0,15,0,0,0,0,0,0,0,0,0,0,0,8,1
5215,750,第46回全国小・中学生競技かるた選手権大会,2016-03-27,小学４年級,,37,37,99,6,6,1,0,0,27,27,0,0,0,27,0,0,0,0,0,0,0,0,0,0,0,8,1
5216,750,第46回全国小・中学生競技かるた選手権大会,2016-03-27,小学３年級,,45,45,107,6,6,1,0,0,19,19,0,0,0,21,0,0,0,0,0,0,0,0,0,0,0,8,1
5217,750,第46回全国小・中学生競技かるた選手権大会,2016-03-27,小学２年以下級,,42,42,104,6,6,1,0,0,22,22,0,0,0,22,0,0,0,0,0,0,0,0,0,0,0,8,1
5218,751,第66回全国競技かるた東京白妙大会,,A,A,111,111,237,7,7,1,0,0,17,17,0,0,0,17,0,0,0,0,0,0,0,0,0,0,0,8,1
5219,751,第66回全国競技かるた東京白妙大会,,B1,B,111,111,237,7,7,1,0,0,17,17,0,0,0,19,0,0,0,0,0,0,0,0,0,0,0,8,1
5220,751,第66回全国競技かるた東京白妙大会,,B2,B,111,111,237,7,7,1,0,0,17,17,0,0,0,17,0,0,0,0,0,0,0,0,0,0,0,8,1
5221,751,第66回全国競技かるた東京白妙大会,,C1,C,42,42,104,6,6,1,0,0,22,22,0,0,0,22,0,0,0,0,0,0,0,0,0,0,0,4,1
5222,751,第66回全国競技かるた東京白妙大会,,C2,C,43,43,105,6,6,1,0,0,21,21,0,0,0,23,0,0,0,0,0,0,0,0,0,0,0,4,1
5223,751,第66回全国競技かるた東京白妙大会,,C3,C,44,44,106,6,6,1,0,0,20,20,0,0,0,20,0,0,0,0,0,0,0,0,0,0,0,4,1
5224,751,第66回全国競技かるた東京白妙大会,,C4,C,45,45,107,6,6,1,0,0,19,19,0,0,0,21,0,0,0,0,0,0,0,0,0,0,0,4,1
5225,751,第66回全国競技かるた東京白妙大会,,C5,C,43,43,105,6,6,1,0,0,21,21,0,0,0,21,0,0,0,0,0,0,0,0,0,0,0,4,1
5226,752,第88回全国競技かるた学生選手権大会D級,2016-03-20,D1,D,47,47,101,6,6,1,0,0,9,9,0,0,0,9,0,0,0,0,0,0,0,0,0,0,0,4,1
5227,752,第88回全国競技かるた学生選手権大会D級,2016-03-20,D2,D,46,46,101,6,6,1,0,0,11,11,0,0,0,13,0,0,0,0,0,0,0,0,0,0,0,4,1
5228,752,第88回全国競技かるた学生選手権大会D級,2016-03-20,D3,D,47,47,102,6,6,1,0,0,10,10,0,0,0,14,0,0,0,0,0,0,0,0,0,0,0,4,1
5229,752,第88回全国競技かるた学生選手権大会D級,2016-03-20,D4,D,47,47,102,6,6,1,0,0,10,10,0,0,0,12,0,0,0,0,0,0,0,0,0,0,0,4,1
5230,752,第88回全国競技かるた学生選手権大会D級,2016-03-20,D5,D,48,48,103,6,6,1,0,0,9,9,0,0,0,9,0,0,0,0,0,0,0,0,0,0,0,4,1
5231,752,第88回全国競技かるた学生選手権大会D級,2016-03-20,D6,D,45,45,99,6,6,1,0,0,11,11,0,0,0,15,0,0,0,0,0,0,0,0,0,0,0,4,1
5232,752,第88回全国競技かるた学生選手権大会D級,2016-03-20,D7,D,43,43,98,6,6,1,0,0,14,14,0,0,0,14,0,0,0,0,0,0,0,0,0,0,0,4,1
5233,752,第88回全国競技かるた学生選手権大会D級,2016-03-20,D8,D,45,45,100,6,6,1,0,0,12,12,0,0,0,12,0,0,0,0,0,0,0,0,0,0,0,4,1
5234,753,第88回全国競技かるた学生選手権大会ABCDE級,2016-03-20,a級,A,123,123,249,7,7,1,0,1,6,5,0,0,0,11,0,0,0,1,0,0,0,0,0,0,0,8,1
5235,753,第88回全国競技かるた学生選手権大会ABCDE級,2016-03-20,b1級,B,110,110,236,7,7,1,0,0,18,18,0,0,0,20,0,0,0,0,0,0,0,0,0,0,0,7,1
5236,753,第88回全国競技かるた学生選手権大会ABCDE級,2016-03-20,b2級,B,108,108,234,7,7,1,0,0,20,20,0,0,0,22,0,0,0,0,0,0,0,0,0,0,0,7,1
5237,753,第88回全国競技かるた学生選手権大会ABCDE級,2016-03-20,b3級,B,108,108,234,7,7,1,0,0,20,20,0,0,0,20,0,0,0,0,0,0,0,0,0,0,0,8,1
5238,753,第88回全国競技かるた学生選手権大会ABCDE級,2016-03-20,c1級,C,61,61,123,6,6,1,0,0,3,3,0,0,0,7,0,0,0,0,0,0,0,0,0,0,0,7,1
5239,753,第88回全国競技かるた学生選手権大会ABCDE級,2016-03-20,c2級,C,60,60,122,6,6,1,0,0,4,4,0,0,0,6,0,0,0,0,0,0,0,0,0,0,0,8,1
5240,753,第88回全国競技かるた学生選手権大会ABCDE級,2016-03-20,c3級,C,60,60,122,6,6,1,0,0,4,4,0,0,0,4,0,0,0,0,0,0,0,0,0,0,0,8,1
5241,753,第88回全国競技かるた学生選手権大会ABCDE級,2016-03-20,c4級,C,58,58,120,6,6,1,0,0,6,6,0,0,0,6,0,0,0,0,0,0,0,0,0,0,0,6,1
5242,753,第88回全国競技かるた学生選手権大会ABCDE級,2016-03-20,c5級,C,58,58,120,6,6,1,0,0,6,6,0,0,0,6,0,0,0,0,0,0,0,0,0,0,0,7,1
5243,754,第69回 全国競技かるた東京東会大会,,A,A,108,108,234,7,7,1,0,0,20,20,0,0,0,20,0,0,0,0,0,0,0,0,0,0,0,8,1
5244,754,第69回 全国競技かるた東京東会大会,,B1,B,84,84,210,7,7,1,0,0,44,44,0,0,0,44,0,0,0,0,0,0,0,0,0,0,0,8,1
5245,754,第69回 全国競技かるた東京東会大会,,B2,B,94,94,220,7,7,1,0,0,34,34,0,0,0,34,0,0,0,30,0,0,0,0,0,0,0,8,1
5246,754,第69回 全国競技かるた東京東会大会,,C1,C,48,48,110,6,6,1,0,0,16,16,0,0,0,18,0,0,0,0,0,0,0,0,0,0,0,8,1
5247,754,第69回 全国競技かるた東京東会大会,,C2,C,50,50,112,6,6,1,0,0,14,14,0,0,0,14,0,0,0,0,0,0,0,0,0,0,0,8,1
5248,754,第69回 全国競技かるた東京東会大会,,C3,C,46,46,108,6,6,1,0,1,18,17,0,1,0,17,0,0,0,0,0,0,0,0,0,0,0,8,1
5249,754,第69回 全国競技かるた東京東会大会,,C4,C,47,47,109,6,6,1,0,0,17,17,0,0,0,17,0,0,0,0,0,0,0,0,0,0,0,8,1
5250,755,第69回全国かるた競技東京東会大会(D),,D1,D,53,53,115,6,6,1,0,0,11,11,0,0,0,13,0,0,0,0,0,0,0,0,0,0,0,8,1
5251,755,第69回全国かるた競技東京東会大会(D),,D2,D,45,45,107,6,6,1,0,0,19,19,0,0,0,19,0,0,0,0,0,0,0,0,0,0,0,8,1
5252,755,第69回全国かるた競技東京東会大会(D),,D3,D,48,48,110,6,6,1,0,0,16,16,0,0,0,16,0,2,0,0,0,0,0,0,0,0,0,8,1
5253,755,第69回全国かるた競技東京東会大会(D),,D4,D,50,50,112,6,6,1,0,0,14,14,0,0,0,16,0,0,0,0,0,0,0,0,0,0,0,8,1
5254,755,第69回全国かるた競技東京東会大会(D),,D5,D,47,47,109,6,6,1,0,0,17,17,0,0,0,17,0,0,0,0,0,0,0,0,0,0,0,8,1
5255,755,第69回全国かるた競技東京東会大会(D),,D6,D,49,49,111,6,6,1,0,0,15,15,0,0,0,15,0,2,0,0,0,0,0,0,0,0,0,8,1
5256,756,第31回全国選抜かるた大会,,A,A,49,49,121,6,6,1,0,0,15,15,0,0,0,25,0,0,0,0,0,0,0,0,0,0,0,8,0
5257,757,第88回全国競技かるた学生選手権大会E級,2016-03-20,e1級,E,28,28,58,5,5,1,0,0,4,4,0,0,0,4,0,0,0,0,0,0,0,0,0,0,0,4,1
5258,757,第88回全国競技かるた学生選手権大会E級,2016-03-20,e2級,E,31,31,61,5,5,1,0,0,1,1,0,0,0,1,0,0,0,0,0,0,0,0,0,0,0,4,1
5259,757,第88回全国競技かるた学生選手権大会E級,2016-03-20,e3級,E,30,30,60,5,5,1,0,0,2,2,0,0,0,2,0,0,0,0,0,0,0,0,0,0,0,4,1
5260,757,第88回全国競技かるた学生選手権大会E級,2016-03-20,e4級,E,27,27,57,5,5,1,0,0,5,5,0,0,0,5,0,0,0,0,0,0,0,0,0,0,0,4,1
5261,757,第88回全国競技かるた学生選手権大会E級,2016-03-20,e5級,E,30,30,60,5,5,1,0,0,2,2,0,0,0,2,0,0,0,0,0,0,0,0,0,0,0,4,1
5262,757,第88回全国競技かるた学生選手権大会E級,2016-03-20,e6級,E,30,30,60,5,5,1,0,0,2,2,0,0,0,2,0,0,0,0,0,0,0,0,0,0,0,4,1
5263,757,第88回全国競技かるた学生選手権大会E級,2016-03-20,e7級,E,31,31,61,5,5,1,0,0,1,1,0,0,0,1,0,0,0,0,0,0,0,0,0,0,0,4,1
5264,757,第88回全国競技かるた学生選手権大会E級,2016-03-20,e8級,E,30,30,60,5,5,1,0,0,2,2,0,0,0,2,0,0,0,0,0,0,0,0,0,0,0,4,1
5265,757,第88回全国競技かるた学生選手権大会E級,2016-03-20,e9級,E,26,26,56,5,5,1,0,0,6,6,0,0,0,6,0,0,0,0,0,0,0,0,0,0,0,4,1
5266,757,第88回全国競技かるた学生選手権大会E級,2016-03-20,e10級,E,30,30,60,5,5,1,0,0,2,2,0,0,0,2,0,0,0,0,0,0,0,0,0,0,0,4,1
5267,758,第17回上杉杯争奪全国競技かるた大会,2016-04-23,A,A,48,48,110,6,6,1,0,0,16,16,0,0,0,16,0,0,0,0,0,0,0,0,0,0,0,8,1
5268,758,第17回上杉杯争奪全国競技かるた大会,2016-04-23,B,B,62,62,124,6,6,1,0,0,2,2,0,0,0,2,0,0,0,0,0,0,0,0,0,0,0,8,1
5269,758,第17回上杉杯争奪全国競技かるた大会,2016-04-23,C,C,82,82,202,6,6,1,0,0,46,46,0,0,0,48,0,0,0,0,0,0,0,0,0,0,0,16,0
5270,758,第17回上杉杯争奪全国競技かるた大会,2016-04-23,D,D,88,88,212,6,6,1,0,0,40,40,0,0,0,40,0,0,0,0,2,0,0,0,0,0,0,16,0
5271,758,第17回上杉杯争奪全国競技かるた大会,2016-04-23,E,E,32,32,62,5,5,1,0,0,0,0,0,0,0,0,0,0,0,0,0,0,0,0,0,0,0,8,1
5272,759,第98回全国競技かるた大阪大会(DE級),2016-12-25,D1,D,48,48,110,6,6,1,0,0,16,16,0,0,0,16,0,0,0,0,0,0,0,0,0,0,0,4,1
5273,759,第98回全国競技かるた大阪大会(DE級),2016-12-25,D2,D,49,49,111,6,6,1,0,0,15,15,0,0,0,15,0,2,0,0,0,0,0,0,0,0,0,4,1
5274,759,第98回全国競技かるた大阪大会(DE級),2016-12-25,D3,D,46,46,108,6,6,1,0,0,18,18,0,0,0,18,0,0,0,0,0,0,0,0,0,0,0,4,1
5275,759,第98回全国競技かるた大阪大会(DE級),2016-12-25,D4,D,48,48,110,6,6,1,0,0,16,16,0,0,0,16,0,4,0,0,0,0,0,0,0,0,0,4,1
5276,759,第98回全国競技かるた大阪大会(DE級),2016-12-25,D5,D,44,44,106,6,6,1,0,0,20,20,0,0,0,20,0,2,0,0,0,0,0,0,0,0,0,4,1
5277,759,第98回全国競技かるた大阪大会(DE級),2016-12-25,D6,D,48,48,110,6,6,1,0,0,16,16,0,0,0,16,0,0,0,0,0,0,0,0,0,0,0,4,1
5278,759,第98回全国競技かるた大阪大会(DE級),2016-12-25,E1a,E,25,25,55,5,5,1,0,0,7,7,0,0,0,7,0,0,0,0,0,0,0,0,0,0,0,4,1
5279,759,第98回全国競技かるた大阪大会(DE級),2016-12-25,E1b,E,26,26,56,5,5,1,0,0,6,6,0,0,0,6,0,0,0,0,0,0,0,0,0,0,0,4,1
5280,759,第98回全国競技かるた大阪大会(DE級),2016-12-25,-,,77,77,167,5,5,1,0,0,19,19,0,0,0,19,0,0,0,0,0,0,0,0,0,0,0,12,0
5281,760,"第25回全国競技かるた奈良大会(B,C,D,E)",2016-02-21,B,B,116,116,242,7,7,1,0,0,12,12,0,0,0,12,0,4,0,0,0,0,0,0,0,0,0,8,1
5282,760,"第25回全国競技かるた奈良大会(B,C,D,E)",2016-02-21,C1,C,41,41,103,6,6,1,0,0,23,23,0,0,0,23,0,0,0,0,0,0,0,0,0,0,0,8,1
5283,760,"第25回全国競技かるた奈良大会(B,C,D,E)",2016-02-21,C2,C,42,42,104,6,6,1,0,0,22,22,0,0,0,22,0,0,0,0,0,0,0,0,0,0,0,8,1
5284,760,"第25回全国競技かるた奈良大会(B,C,D,E)",2016-02-21,C3,C,44,44,106,6,6,1,0,0,20,20,0,0,0,20,0,0,0,0,0,0,0,0,0,0,0,8,1
5285,760,"第25回全国競技かるた奈良大会(B,C,D,E)",2016-02-21,D1,D,41,41,103,6,6,1,0,0,23,23,0,0,0,23,0,0,0,0,0,0,0,0,0,0,0,8,1
5286,760,"第25回全国競技かるた奈良大会(B,C,D,E)",2016-02-21,D2,D,39,39,101,6,6,1,0,0,25,25,0,0,0,25,0,0,0,0,0,0,0,0,0,0,0,8,1
5287,760,"第25回全国競技かるた奈良大会(B,C,D,E)",2016-02-21,D3,D,38,38,100,6,6,1,0,0,26,26,0,0,0,26,0,0,0,0,0,0,0,0,0,0,0,8,1
5288,760,"第25回全国競技かるた奈良大会(B,C,D,E)",2016-02-21,D4,D,36,36,98,6,6,1,0,0,28,28,0,0,0,28,0,2,0,0,0,0,0,0,0,0,0,8,1
5289,760,"第25回全国競技かるた奈良大会(B,C,D,E)",2016-02-21,E1,E,29,29,59,5,5,1,0,0,3,3,0,0,0,3,0,0,0,0,0,0,0,0,0,0,0,4,1
5290,760,"第25回全国競技かるた奈良大会(B,C,D,E)",2016-02-21,E2,E,27,27,57,5,5,1,0,0,5,5,0,0,0,5,0,0,0,0,0,0,0,0,0,0,0,4,1
5291,760,"第25回全国競技かるた奈良大会(B,C,D,E)",2016-02-21,E3,E,17,17,47,5,5,1,0,0,15,15,0,0,0,15,0,0,0,0,0,0,0,0,0,0,0,4,1
5292,760,"第25回全国競技かるた奈良大会(B,C,D,E)",2016-02-21,E4,E,13,13,27,4,4,1,0,0,3,3,0,0,0,3,0,0,0,0,0,0,0,0,0,0,0,4,1
5293,760,"第25回全国競技かるた奈良大会(B,C,D,E)",2016-02-21,ねんりん級,,10,10,24,4,4,1,0,0,6,6,0,0,0,6,0,0,0,0,0,0,0,0,0,0,0,4,1
5294,761,第28回全国競技かるた中学生選手権大会,,A,A,4,4,14,5,5,1,0,9,10,1,0,0,0,1,0,0,0,0,0,0,0,0,0,0,0,2,1
5295,761,第28回全国競技かるた中学生選手権大会,,B,B,33,33,87,6,6,1,0,35,53,18,0,0,0,18,0,0,0,0,0,0,0,0,0,0,0,15,0
5296,761,第28回全国競技かるた中学生選手権大会,,D,D,57,57,119,6,6,1,0,0,7,7,0,0,0,7,0,0,0,0,0,0,0,0,0,0,0,8,1
5297,761,第28回全国競技かるた中学生選手権大会,,C,C,41,41,93,6,6,1,0,26,51,25,0,0,0,25,0,0,0,0,0,0,0,0,0,0,0,7,0
5298,761,第28回全国競技かるた中学生選手権大会,,E,E,52,52,114,6,6,1,0,0,12,12,0,0,0,12,0,0,0,0,0,0,0,0,0,0,0,8,1
5299,761,第28回全国競技かるた中学生選手権大会,,１年生（Ｄ級～Ｅ級,D,27,27,57,5,5,1,0,0,5,5,0,0,0,5,0,0,0,0,0,0,0,0,0,0,0,8,1
5300,762,第63期名人戦東日本予選,2016-10-16,A1,A,75,75,201,7,7,1,0,0,53,53,0,0,0,53,0,0,0,0,0,0,0,0,0,0,0,8,1
5301,1523,第61期クイーン戦東日本予選,2016-10-16,A2,A,45,45,107,6,6,1,0,0,19,19,0,0,0,19,0,0,0,0,0,0,0,0,0,0,0,8,1
5302,763,第63期名人戦西日本予選,2016-10-16,名人級,,41,41,103,6,6,1,0,0,23,23,0,0,0,25,0,0,0,0,0,0,0,0,0,0,0,8,1
5303,1524,第61期クイーン戦西日本予選,2016-10-16,クィーン級,,51,51,113,6,6,1,0,0,13,13,0,0,0,13,0,0,0,0,0,0,0,0,0,0,0,8,1
5304,764,"第40回宗像大社小倉百人一首競技かるた大会(C,E)",,C,C,113,113,237,6,6,1,0,0,15,15,0,0,0,15,0,0,0,0,0,0,0,0,0,0,0,16,0
5305,764,"第40回宗像大社小倉百人一首競技かるた大会(C,E)",,E,E,150,150,330,5,5,1,0,0,42,42,0,0,0,46,0,8,0,0,0,0,0,0,0,0,0,48,0
5306,765,第34回全国かるた競技東京吉野会大会(D),2016-05-04,D1,D,53,53,115,6,6,1,0,0,11,11,0,0,0,11,0,2,0,0,0,0,0,0,0,0,0,8,1
5307,765,第34回全国かるた競技東京吉野会大会(D),2016-05-04,D2,D,54,54,116,6,6,1,0,0,10,10,0,0,0,10,0,0,0,0,0,0,0,0,0,0,0,8,1
5308,765,第34回全国かるた競技東京吉野会大会(D),2016-05-04,D3,D,54,54,116,6,6,1,0,0,10,10,0,0,0,10,0,0,0,0,0,0,0,0,0,0,0,8,1
5309,765,第34回全国かるた競技東京吉野会大会(D),2016-05-04,D4,D,52,52,114,6,6,1,0,0,12,12,0,0,0,12,0,0,0,0,0,0,0,0,0,0,0,8,1
5310,765,第34回全国かるた競技東京吉野会大会(D),2016-05-04,D5,D,55,55,117,6,6,1,0,0,9,9,0,0,0,11,0,0,0,0,0,0,0,0,0,0,0,8,1
5311,765,第34回全国かるた競技東京吉野会大会(D),2016-05-04,D6,D,54,54,116,6,6,1,0,0,10,10,0,0,0,10,0,0,0,0,0,0,0,0,0,0,0,8,1
5312,766,第34回全国かるた競技東京吉野会大会(E),2016-05-04,E1,E,28,28,56,5,5,1,0,0,2,2,0,0,0,2,0,2,0,0,0,0,0,0,0,0,0,8,1
5313,766,第34回全国かるた競技東京吉野会大会(E),2016-05-04,E2,E,30,30,59,5,5,1,0,0,1,1,0,0,0,1,0,0,0,0,0,0,0,0,0,0,0,8,1
5314,766,第34回全国かるた競技東京吉野会大会(E),2016-05-04,E3,E,29,29,58,5,5,1,0,0,2,2,0,0,0,2,0,0,0,0,0,0,0,0,0,0,0,8,1
5315,766,第34回全国かるた競技東京吉野会大会(E),2016-05-04,E4,E,27,27,55,5,5,1,0,0,3,3,0,0,0,3,0,0,0,0,0,0,0,0,0,0,0,8,1
5316,766,第34回全国かるた競技東京吉野会大会(E),2016-05-04,E5,E,28,28,56,5,5,1,0,0,2,2,0,0,0,2,0,0,0,0,0,0,0,0,0,0,0,8,1
5317,766,第34回全国かるた競技東京吉野会大会(E),2016-05-04,E6,E,29,29,58,5,5,1,0,0,2,2,0,0,0,4,0,0,0,0,0,0,0,0,0,0,0,8,1
5318,766,第34回全国かるた競技東京吉野会大会(E),2016-05-04,E7,E,29,29,58,5,5,1,0,0,2,2,0,0,0,2,0,0,0,0,0,0,0,0,0,0,0,8,1
5319,766,第34回全国かるた競技東京吉野会大会(E),2016-05-04,E8,E,28,28,56,5,5,1,0,0,2,2,0,0,0,2,0,0,0,0,0,0,0,0,0,0,0,8,1
5320,766,第34回全国かるた競技東京吉野会大会(E),2016-05-04,E9,E,26,26,53,5,5,1,0,0,3,3,0,0,0,5,0,0,0,0,0,0,0,0,0,0,0,8,1
5321,766,第34回全国かるた競技東京吉野会大会(E),2016-05-04,E10,E,29,29,58,5,5,1,0,0,2,2,0,0,0,2,0,4,0,0,0,0,0,0,0,0,0,8,1
5322,766,第34回全国かるた競技東京吉野会大会(E),2016-05-04,E11,E,27,27,55,5,5,1,0,0,3,3,0,0,0,5,0,2,0,0,0,0,0,0,0,0,0,8,1
5323,766,第34回全国かるた競技東京吉野会大会(E),2016-05-04,E12,E,27,27,55,5,5,1,0,0,3,3,0,0,0,5,0,0,0,0,0,0,0,0,0,0,0,8,1
5324,767,第4回奥の細道むすびの地 全国競技かるた大垣大会,2016-05-03,Ａ級,A,82,82,125,7,7,1,0,0,44,44,0,0,0,44,0,0,0,81,0,0,19,0,0,0,0,8,0
5325,767,第4回奥の細道むすびの地 全国競技かるた大垣大会,2016-05-03,Ｂ級,B,120,120,127,7,7,1,0,0,8,8,0,0,0,8,0,0,0,119,0,0,56,0,0,0,0,8,0
5326,767,第4回奥の細道むすびの地 全国競技かるた大垣大会,2016-05-03,Ｃ１級,C,61,61,63,6,6,1,0,0,3,3,0,0,0,3,0,1,0,60,0,0,29,0,0,0,0,4,0
5327,767,第4回奥の細道むすびの地 全国競技かるた大垣大会,2016-05-03,Ｃ２級,C,61,61,122,6,6,1,0,0,3,3,0,0,0,3,0,0,0,1,0,0,0,0,0,0,0,4,0
5328,767,第4回奥の細道むすびの地 全国競技かるた大垣大会,2016-05-03,Ｃ３級,C,60,60,122,6,6,1,0,0,4,4,0,0,0,4,0,0,0,0,0,0,0,0,0,0,0,4,1
5329,767,第4回奥の細道むすびの地 全国競技かるた大垣大会,2016-05-03,Ｄ１級,D,51,51,113,6,6,1,0,0,13,13,0,0,0,13,0,1,0,0,0,0,0,0,0,0,0,4,1
5330,767,第4回奥の細道むすびの地 全国競技かるた大垣大会,2016-05-03,Ｄ２級,D,48,48,109,6,6,1,0,0,16,16,0,0,0,16,0,0,0,1,0,0,0,0,0,0,0,4,0
5331,767,第4回奥の細道むすびの地 全国競技かるた大垣大会,2016-05-03,Ｄ３級,D,49,49,111,6,6,1,0,0,15,15,0,0,0,15,0,0,0,2,0,0,0,0,0,0,0,4,1
5332,767,第4回奥の細道むすびの地 全国競技かるた大垣大会,2016-05-03,Ｄ４級,D,48,48,110,6,6,1,0,0,16,16,0,0,0,16,0,0,0,0,0,0,0,0,0,0,0,4,1
5333,767,第4回奥の細道むすびの地 全国競技かるた大垣大会,2016-05-03,Ｄ５級,D,50,50,112,6,6,1,0,0,14,14,0,0,0,14,0,0,0,0,0,0,0,0,0,0,0,4,1
5334,767,第4回奥の細道むすびの地 全国競技かるた大垣大会,2016-05-03,Ｅ１級,E,29,29,59,5,5,1,0,0,3,3,0,0,0,3,0,0,0,0,0,0,0,0,0,0,0,4,1
5335,767,第4回奥の細道むすびの地 全国競技かるた大垣大会,2016-05-03,Ｅ２級,E,29,29,59,5,5,1,0,0,3,3,0,0,0,3,0,2,0,0,0,0,0,0,0,0,0,4,1
5336,767,第4回奥の細道むすびの地 全国競技かるた大垣大会,2016-05-03,E３級,E,28,28,58,5,5,1,0,0,4,4,0,0,0,4,0,0,0,0,0,0,0,0,0,0,0,4,1
5337,767,第4回奥の細道むすびの地 全国競技かるた大垣大会,2016-05-03,Ｅ４級,E,30,30,60,5,5,1,0,0,2,2,0,0,0,2,0,0,0,2,0,0,0,0,0,0,0,4,1
5338,768,熊本復興支援シャリテ大会(D),2016-11-03,D1,D,40,40,90,6,6,1,0,0,12,12,0,0,0,12,0,0,0,0,0,0,0,0,0,0,0,8,1
5339,768,熊本復興支援シャリテ大会(D),2016-11-03,D2,D,39,39,101,6,6,1,0,0,25,25,0,0,0,25,0,0,0,0,0,0,0,0,0,0,0,8,1
5340,768,熊本復興支援シャリテ大会(D),2016-11-03,D3,D,39,39,101,6,6,1,0,0,25,25,0,0,0,25,0,0,0,0,0,0,0,0,0,0,0,8,1
5341,768,熊本復興支援シャリテ大会(D),2016-11-03,D4,D,39,39,89,6,6,1,0,0,13,13,0,0,0,15,0,0,0,0,0,0,0,0,0,0,0,8,1
5342,768,熊本復興支援シャリテ大会(D),2016-11-03,D5,D,38,38,100,6,6,1,0,0,26,26,0,0,0,26,0,0,0,0,0,0,0,0,0,0,0,8,1
5343,768,熊本復興支援シャリテ大会(D),2016-11-03,D6,D,38,38,100,6,6,1,0,0,26,26,0,0,0,26,0,0,0,0,0,0,0,0,0,0,0,8,1
5344,768,熊本復興支援シャリテ大会(D),2016-11-03,D7,D,40,40,92,6,6,1,0,0,14,14,0,0,0,16,0,0,0,0,0,0,0,0,0,0,0,8,1
5345,768,熊本復興支援シャリテ大会(D),2016-11-03,D8,D,36,36,98,6,6,1,0,0,28,28,0,0,0,28,0,0,0,0,0,0,0,0,0,0,0,8,1
5346,768,熊本復興支援シャリテ大会(D),2016-11-03,D9,D,40,40,102,6,6,1,0,0,24,24,0,0,0,24,0,2,0,0,0,0,0,0,0,0,0,8,1
5347,768,熊本復興支援シャリテ大会(D),2016-11-03,D10,D,42,42,94,6,6,1,0,0,12,12,0,0,0,14,0,0,0,0,0,0,0,0,0,0,0,8,1
5348,768,熊本復興支援シャリテ大会(D),2016-11-03,D11,D,38,38,100,6,6,1,0,0,26,26,0,0,0,26,0,0,0,0,0,0,0,0,0,0,0,8,1
5349,768,熊本復興支援シャリテ大会(D),2016-11-03,D12,D,40,40,102,6,6,1,0,0,24,24,0,0,0,26,0,0,0,0,0,0,0,0,0,0,0,8,1
5350,769,第38回全国高等学校小倉百人一首かるた選手権大会,,A,A,47,47,109,6,6,1,0,0,17,17,0,0,0,17,0,0,0,0,0,0,0,0,0,0,0,8,1
5351,769,第38回全国高等学校小倉百人一首かるた選手権大会,,B1,B,58,58,120,6,6,1,0,0,6,6,0,0,0,6,0,0,0,0,0,0,0,0,0,0,0,8,1
5352,769,第38回全国高等学校小倉百人一首かるた選手権大会,,B2,B,58,58,120,6,6,1,0,0,6,6,0,0,0,6,0,0,0,0,0,0,0,0,0,0,0,8,1
5353,769,第38回全国高等学校小倉百人一首かるた選手権大会,,B3,B,58,58,120,6,6,1,0,0,6,6,0,0,0,6,0,0,0,0,0,0,0,0,0,0,0,8,1
5354,769,第38回全国高等学校小倉百人一首かるた選手権大会,,B4,B,57,57,119,6,6,1,0,0,7,7,0,0,0,9,0,0,0,0,0,0,0,0,0,0,0,8,1
5355,769,第38回全国高等学校小倉百人一首かるた選手権大会,,B5,B,57,57,119,6,6,1,0,0,7,7,0,0,0,7,0,0,0,0,0,0,0,0,0,0,0,8,1
5356,769,第38回全国高等学校小倉百人一首かるた選手権大会,,C1,C,44,44,106,6,6,1,0,0,20,20,0,0,0,20,0,0,0,0,0,0,0,0,0,0,0,8,1
5357,769,第38回全国高等学校小倉百人一首かるた選手権大会,,C2,C,47,47,109,6,6,1,0,0,17,17,0,0,0,17,0,0,0,0,0,0,0,0,0,0,0,8,1
5358,769,第38回全国高等学校小倉百人一首かるた選手権大会,,C3,C,44,44,106,6,6,1,0,0,20,20,0,0,0,22,0,0,0,0,0,0,0,0,0,0,0,8,1
5359,769,第38回全国高等学校小倉百人一首かるた選手権大会,,C4,C,50,50,112,6,6,1,0,0,14,14,0,0,0,16,0,0,0,0,0,0,0,0,0,0,0,8,1
5360,769,第38回全国高等学校小倉百人一首かるた選手権大会,,C5,C,51,51,113,6,6,1,0,0,13,13,0,0,0,13,0,0,0,0,0,0,0,0,0,0,0,8,1
5361,769,第38回全国高等学校小倉百人一首かるた選手権大会,,C6,C,52,52,114,6,6,1,0,0,12,12,0,0,0,12,0,0,0,0,0,0,0,0,0,0,0,8,1
5362,769,第38回全国高等学校小倉百人一首かるた選手権大会,,C7,C,52,52,114,6,6,1,0,0,12,12,0,0,0,12,0,0,0,0,0,0,0,0,0,0,0,8,1
5363,769,第38回全国高等学校小倉百人一首かるた選手権大会,,D1,D,47,47,109,6,6,1,0,0,17,17,0,0,0,17,0,0,0,0,0,0,0,0,0,0,0,8,1
5364,769,第38回全国高等学校小倉百人一首かるた選手権大会,,D2,D,47,47,109,6,6,1,0,0,17,17,0,0,0,17,0,0,0,0,0,0,0,0,0,0,0,8,1
5365,769,第38回全国高等学校小倉百人一首かるた選手権大会,,D3,D,47,47,109,6,6,1,0,0,17,17,0,0,0,17,0,2,0,0,0,0,0,0,0,0,0,8,1
5366,769,第38回全国高等学校小倉百人一首かるた選手権大会,,D4,D,47,47,109,6,6,1,0,0,17,17,0,0,0,17,0,2,0,0,0,0,0,0,0,0,0,8,1
5367,769,第38回全国高等学校小倉百人一首かるた選手権大会,,D5,D,44,44,106,6,6,1,0,0,20,20,0,0,0,20,0,4,0,0,0,0,0,0,0,0,0,8,1
5368,769,第38回全国高等学校小倉百人一首かるた選手権大会,,D6,D,46,46,108,6,6,1,0,0,18,18,0,0,0,18,0,0,0,0,0,0,0,0,0,0,0,8,1
5369,769,第38回全国高等学校小倉百人一首かるた選手権大会,,D7,D,46,46,108,6,6,1,0,0,18,18,0,0,0,18,0,0,0,0,0,0,0,0,0,0,0,8,1
5370,769,第38回全国高等学校小倉百人一首かるた選手権大会,,D8,D,46,46,108,6,6,1,0,0,18,18,0,0,0,18,0,2,0,0,0,0,0,0,0,0,0,8,1
5371,769,第38回全国高等学校小倉百人一首かるた選手権大会,,D9,D,44,44,106,6,6,1,0,0,20,20,0,0,0,20,0,2,0,0,0,0,0,0,0,0,0,8,1
5372,769,第38回全国高等学校小倉百人一首かるた選手権大会,,D10,D,47,47,109,6,6,1,0,0,17,17,0,0,0,17,0,2,0,0,0,0,0,0,0,0,0,8,1
5373,769,第38回全国高等学校小倉百人一首かるた選手権大会,,D11,D,45,45,107,6,6,1,0,0,19,19,0,0,0,19,0,0,0,0,0,0,0,0,0,0,0,8,1
5374,769,第38回全国高等学校小倉百人一首かるた選手権大会,,D12,D,45,45,107,6,6,1,0,0,19,19,0,0,0,19,0,0,0,0,0,0,0,0,0,0,0,8,1
5375,769,第38回全国高等学校小倉百人一首かるた選手権大会,,D13,D,46,46,108,6,6,1,0,0,18,18,0,0,0,18,0,0,0,0,0,0,0,0,0,0,0,8,1
5376,769,第38回全国高等学校小倉百人一首かるた選手権大会,,D14,D,47,47,109,6,6,1,0,0,17,17,0,0,0,17,0,0,0,0,0,0,0,0,0,0,0,8,1
5377,769,第38回全国高等学校小倉百人一首かるた選手権大会,,D15,D,46,46,108,6,6,1,0,0,18,18,0,0,0,18,0,0,0,0,0,0,0,0,0,0,0,8,1
5378,769,第38回全国高等学校小倉百人一首かるた選手権大会,,D16,D,45,45,107,6,6,1,0,0,19,19,0,0,0,19,0,0,0,0,0,0,0,0,0,0,0,8,1
5379,769,第38回全国高等学校小倉百人一首かるた選手権大会,,D17,D,43,43,105,6,6,1,0,0,21,21,0,0,0,23,0,0,0,0,0,0,0,0,0,0,0,8,1
5380,769,第38回全国高等学校小倉百人一首かるた選手権大会,,D18,D,46,46,108,6,6,1,0,0,18,18,0,0,0,18,0,0,0,0,0,0,0,0,0,0,0,8,1
5381,770,第25回埼玉県百人一首大会(戸田の部),,戸田の部級,,29,29,58,5,5,1,0,0,2,2,0,0,0,4,0,0,0,0,0,0,0,0,0,0,0,4,1
5382,771,"第25回埼玉県百人一首大会(C,D,E)",,C,C,52,52,114,6,6,1,0,0,12,12,0,0,0,14,0,0,0,0,0,0,0,0,0,0,0,4,1
5383,771,"第25回埼玉県百人一首大会(C,D,E)",,D1,D,40,40,102,6,6,1,0,0,24,24,0,0,0,24,0,0,0,0,0,0,0,0,0,0,0,4,1
5384,771,"第25回埼玉県百人一首大会(C,D,E)",,D2,D,40,40,102,6,6,1,0,0,24,24,0,0,0,24,0,0,0,0,0,0,0,0,0,0,0,4,1
5385,771,"第25回埼玉県百人一首大会(C,D,E)",,E1,E,31,31,61,5,5,1,0,0,1,1,0,0,0,1,0,0,0,0,0,0,0,0,0,0,0,4,1
5386,771,"第25回埼玉県百人一首大会(C,D,E)",,E2,E,32,32,62,5,5,1,0,0,0,0,0,0,0,0,0,2,0,0,0,0,0,0,0,0,0,4,1
5387,771,"第25回埼玉県百人一首大会(C,D,E)",,E3,E,30,30,60,5,5,1,0,0,2,2,0,0,0,2,0,2,0,0,0,0,0,0,0,0,0,4,1
5388,771,"第25回埼玉県百人一首大会(C,D,E)",,E4,E,27,27,57,5,5,1,0,0,5,5,0,0,0,7,0,2,0,0,0,0,0,0,0,0,0,4,1
5389,771,"第25回埼玉県百人一首大会(C,D,E)",,入門1級,,26,26,56,5,5,1,0,0,6,6,0,0,0,6,0,0,0,0,0,0,0,0,0,0,0,4,1
5390,771,"第25回埼玉県百人一首大会(C,D,E)",,入門2級,,26,26,56,5,5,1,0,0,6,6,0,0,0,6,0,0,0,0,0,0,0,0,0,0,0,4,1
5391,771,"第25回埼玉県百人一首大会(C,D,E)",,入門3級,,25,25,55,5,5,1,0,0,7,7,0,0,0,7,0,2,0,0,0,0,0,0,0,0,0,4,1
5392,772,"第7回全国競技かるた丹波篠山大会(C,D,E)",,C1,C,54,54,116,6,6,1,0,0,10,10,0,0,0,12,0,0,0,0,0,0,0,0,0,0,0,8,1
5393,772,"第7回全国競技かるた丹波篠山大会(C,D,E)",,C2,C,51,51,113,6,6,1,0,0,13,13,0,0,0,13,0,0,0,0,0,0,0,0,0,0,0,8,1
5394,772,"第7回全国競技かるた丹波篠山大会(C,D,E)",,D1,D,45,45,107,6,6,1,0,0,19,19,0,0,0,19,0,0,0,0,0,0,0,0,0,0,0,4,1
5395,772,"第7回全国競技かるた丹波篠山大会(C,D,E)",,D2,D,44,44,106,6,6,1,0,0,20,20,0,0,0,20,0,0,0,0,0,0,0,0,0,0,0,4,1
5396,772,"第7回全国競技かるた丹波篠山大会(C,D,E)",,D3,D,43,43,105,6,6,1,0,0,21,21,0,0,0,21,0,0,0,0,0,0,0,0,0,0,0,4,1
5397,772,"第7回全国競技かるた丹波篠山大会(C,D,E)",,E1,E,41,41,103,6,6,1,0,0,23,23,0,0,0,23,0,0,0,0,0,0,0,0,0,0,0,4,1
5398,772,"第7回全国競技かるた丹波篠山大会(C,D,E)",,E2,E,42,42,127,6,6,1,0,1,48,47,0,0,0,47,0,0,0,1,0,0,0,0,0,0,0,4,0
5399,772,"第7回全国競技かるた丹波篠山大会(C,D,E)",,E3,E,44,44,106,6,6,1,0,0,20,20,0,0,0,20,0,0,0,0,0,0,0,0,0,0,0,4,1
5400,773,第24回多摩百人一首かるた大会初心者の部(あきる野市大会),,Sheet1,,48,48,139,3,3,1,0,0,5,5,0,0,0,5,0,0,0,0,0,0,0,0,0,0,0,0,0
5401,774,第39回 全国小・中学生かるた選手権福井大会 結果報告表,,小学1年生以下級,,12,12,26,4,4,1,0,0,4,4,0,0,0,4,0,0,0,0,0,0,0,0,0,0,0,4,1
5402,774,第39回 全国小・中学生かるた選手権福井大会 結果報告表,,小学2年生級,,22,22,52,5,5,1,0,0,10,10,0,0,0,10,0,0,0,0,0,0,0,0,0,0,0,8,1
5403,774,第39回 全国小・中学生かるた選手権福井大会 結果報告表,,小学3年生級,,26,26,56,5,5,1,0,0,6,6,0,0,0,6,0,0,0,0,0,0,0,0,0,0,0,8,1
5404,774,第39回 全国小・中学生かるた選手権福井大会 結果報告表,,小学4年生級,,58,58,120,6,6,1,0,0,6,6,0,0,0,6,0,2,0,0,0,0,0,0,0,0,0,8,1
5405,774,第39回 全国小・中学生かるた選手権福井大会 結果報告表,,小学5年生級,,52,52,114,6,6,1,0,0,12,12,0,0,0,12,0,0,0,0,0,0,0,0,0,0,0,8,1
5406,774,第39回 全国小・中学生かるた選手権福井大会 結果報告表,,小学6年生級,,51,51,113,6,6,1,0,0,13,13,0,0,0,13,0,0,0,0,0,0,0,0,0,0,0,8,1
5407,774,第39回 全国小・中学生かるた選手権福井大会 結果報告表,,中学生級,,55,55,117,6,6,1,0,0,9,9,0,0,0,9,0,0,0,0,0,0,0,0,0,0,0,8,1
5408,774,第39回 全国小・中学生かるた選手権福井大会 結果報告表,,高校生,,5,5,11,3,3,1,0,0,3,3,0,0,0,3,0,0,0,0,0,0,0,0,0,0,0,2,1
5409,775,第4回関東地区初心者かるた大会,2016-12-18,Ｅ級試合結果,E,114,114,340,4,4,1,0,0,6,6,0,0,0,6,0,334,0,4,0,0,8,0,0,0,0,0,0
5410,775,第4回関東地区初心者かるた大会,2016-12-18,F級試合結果,,129,129,394,4,4,1,0,0,6,6,0,0,0,6,0,388,0,0,0,0,8,0,0,0,0,0,0
5411,776,第26回埼玉県百人一首大会,2017-09-23,C,C,52,52,114,6,6,1,0,0,12,12,0,0,0,12,0,0,0,0,0,0,0,0,0,0,0,4,1
5412,776,第26回埼玉県百人一首大会,2017-09-23,D1,D,50,50,112,6,6,1,0,0,14,14,0,0,0,14,0,0,0,0,0,0,0,0,0,0,0,4,1
5413,776,第26回埼玉県百人一首大会,2017-09-23,D2,D,46,46,108,6,6,1,0,0,18,18,0,0,0,18,0,0,0,0,0,0,0,0,0,0,0,4,1
5414,776,第26回埼玉県百人一首大会,2017-09-23,E1,E,40,40,102,6,6,1,0,0,24,24,0,0,0,24,0,0,0,0,0,0,0,0,0,0,0,4,1
5415,776,第26回埼玉県百人一首大会,2017-09-23,E2,E,40,40,102,6,6,1,0,0,24,24,0,0,0,24,0,0,0,0,0,0,0,0,0,0,0,4,1
5416,776,第26回埼玉県百人一首大会,2017-09-23,E3,E,41,41,103,6,6,1,0,0,23,23,0,0,0,23,0,0,0,0,0,0,0,0,0,0,0,4,1
5417,776,第26回埼玉県百人一首大会,2017-09-23,入門級,,37,37,99,6,6,1,0,0,27,27,0,0,0,27,0,0,0,0,0,0,0,0,0,0,0,4,1
5418,777,第28回全国競技かるた水沢大会,2017-09-24,A,A,59,59,121,6,6,1,0,6,15,9,0,0,0,11,0,0,0,6,0,0,0,0,0,0,0,0,1
5419,777,第28回全国競技かるた水沢大会,2017-09-24,Ｂ級,B,64,64,126,6,6,1,0,6,12,6,0,0,0,7,0,1,0,6,2,0,0,0,0,0,0,0,0
5420,777,第28回全国競技かるた水沢大会,2017-09-24,Ｃ級,C,64,64,126,6,6,1,0,0,6,6,0,0,0,6,0,0,0,8,0,0,0,0,0,0,0,0,1
5421,777,第28回全国競技かるた水沢大会,2017-09-24,Ｄ級１,D,32,32,62,5,5,1,0,0,4,4,0,0,0,6,0,0,0,0,0,0,0,0,0,0,0,0,1
5422,777,第28回全国競技かるた水沢大会,2017-09-24,Ｄ級２,D,32,32,62,5,5,1,0,0,4,4,0,0,0,6,0,0,0,0,0,0,0,0,0,0,0,0,1
5423,777,第28回全国競技かるた水沢大会,2017-09-24,Ｄ級３,D,32,32,62,5,5,1,0,3,9,6,0,3,0,12,0,1,0,3,0,0,0,0,0,0,0,0,1
5424,777,第28回全国競技かるた水沢大会,2017-09-24,Ｅ級１,E,30,30,60,5,5,1,0,8,16,16,0,0,0,8,0,0,0,0,0,0,0,0,0,0,0,0,1
5425,777,第28回全国競技かるた水沢大会,2017-09-24,Ｅ級２,E,29,29,59,5,5,1,0,8,15,15,0,0,0,9,0,0,0,0,0,0,0,0,0,0,0,0,1
5426,778,第59回全国かるた競技和歌山大会(ABCD級),2017-12-03,-,,253,253,567,7,7,1,0,0,67,67,0,0,0,67,0,0,0,0,0,0,0,0,0,0,0,24,0
5427,778,第59回全国かるた競技和歌山大会(ABCD級),2017-12-03,D1,D,43,43,105,6,6,1,0,0,21,21,0,0,0,23,0,0,0,0,0,0,0,0,0,0,0,8,1
5428,778,第59回全国かるた競技和歌山大会(ABCD級),2017-12-03,D2,D,46,46,108,6,6,1,0,0,18,18,0,0,0,20,0,2,0,0,0,0,0,0,0,0,0,8,1
5429,778,第59回全国かるた競技和歌山大会(ABCD級),2017-12-03,D3,D,42,42,104,6,6,1,0,0,22,22,0,0,0,22,0,0,0,0,0,0,0,0,0,0,0,8,1
5430,779,第29回全国競技かるた東大阪大会,,A,A,85,85,211,7,7,1,0,0,43,43,0,0,0,45,0,8,0,0,0,0,0,0,0,0,0,8,1
5431,779,第29回全国競技かるた東大阪大会,,B1,B,84,84,210,7,7,1,0,0,44,44,0,0,0,44,0,0,0,0,0,0,0,0,0,0,0,8,1
5432,779,第29回全国競技かるた東大阪大会,,B2,B,87,87,213,7,7,1,0,0,41,41,0,0,0,41,0,0,0,0,0,0,0,0,0,0,0,8,1
5433,779,第29回全国競技かるた東大阪大会,,C1,C,40,40,101,6,6,1,0,0,23,23,0,0,0,23,0,0,0,0,0,0,0,0,0,0,0,8,1
5434,779,第29回全国競技かるた東大阪大会,,C2,C,41,41,102,6,6,1,0,0,22,22,0,0,0,23,0,1,0,0,0,0,0,0,0,0,0,8,1
5435,779,第29回全国競技かるた東大阪大会,,C3,C,39,39,101,6,6,1,0,0,25,25,0,0,0,25,0,0,0,0,0,0,0,0,0,0,0,8,1
5436,779,第29回全国競技かるた東大阪大会,,D1,D,47,47,109,6,6,1,0,0,17,17,0,0,0,17,0,0,0,0,0,0,0,0,0,0,0,8,1
5437,779,第29回全国競技かるた東大阪大会,,D2,D,46,46,108,6,6,1,0,0,18,18,0,0,0,18,0,0,0,0,0,0,0,0,0,0,0,8,1
5438,779,第29回全国競技かるた東大阪大会,,D3,D,46,46,108,6,6,1,0,0,18,18,0,0,0,18,0,0,0,0,0,0,0,0,0,0,0,8,1
5439,779,第29回全国競技かるた東大阪大会,,D4,D,49,49,111,6,6,1,0,0,15,15,0,0,0,17,0,2,0,0,0,0,0,0,0,0,0,8,1
5440,779,第29回全国競技かるた東大阪大会,,E1,E,13,13,27,4,4,1,0,0,3,3,0,0,0,3,0,0,0,0,0,0,0,0,0,0,0,8,1
5441,779,第29回全国競技かるた東大阪大会,,E3,E,16,16,30,4,4,1,0,0,0,0,0,0,0,0,0,2,0,0,0,0,0,0,0,0,0,8,1
5442,779,第29回全国競技かるた東大阪大会,,E4,E,21,21,51,5,5,1,0,0,11,11,0,0,0,11,0,0,0,0,0,0,0,0,0,0,0,8,1
5443,779,第29回全国競技かるた東大阪大会,,E5,E,15,15,29,4,4,1,0,0,1,1,0,0,0,1,0,0,0,0,0,0,0,0,0,0,0,8,1
5444,779,第29回全国競技かるた東大阪大会,,E6,E,16,16,30,4,4,1,0,0,0,0,0,0,0,0,0,0,0,0,0,0,0,0,0,0,0,8,1
5445,780,"第75回全国競技かるた桑名大会(C,D,E)",2017-03-20,C1,C,60,60,122,6,6,1,0,0,4,4,0,0,0,4,0,0,0,0,0,0,0,0,0,0,0,8,1
5446,780,"第75回全国競技かるた桑名大会(C,D,E)",2017-03-20,C2,C,59,59,121,6,6,1,0,0,5,5,0,0,0,5,0,2,0,0,0,0,0,0,0,0,0,8,1
5447,780,"第75回全国競技かるた桑名大会(C,D,E)",2017-03-20,C3,C,61,61,123,6,6,1,0,0,3,3,0,0,0,3,0,0,0,0,0,0,0,0,0,0,0,8,1
5448,780,"第75回全国競技かるた桑名大会(C,D,E)",2017-03-20,D1,D,54,54,116,6,6,1,0,0,10,10,0,0,0,12,0,0,0,0,0,0,0,0,0,0,0,8,1
5449,780,"第75回全国競技かるた桑名大会(C,D,E)",2017-03-20,D2,D,55,55,117,6,6,1,0,0,9,9,0,0,0,11,0,0,0,0,0,0,0,0,0,0,0,8,1
5450,780,"第75回全国競技かるた桑名大会(C,D,E)",2017-03-20,D3,D,53,53,115,6,6,1,0,0,11,11,0,0,0,11,0,0,0,0,0,0,0,0,0,0,0,8,1
5451,780,"第75回全国競技かるた桑名大会(C,D,E)",2017-03-20,D4,D,54,54,116,6,6,1,0,0,10,10,0,0,0,10,0,0,0,0,0,0,0,0,0,0,0,8,1
5452,780,"第75回全国競技かるた桑名大会(C,D,E)",2017-03-20,D5,D,55,55,117,6,6,1,0,0,9,9,0,0,0,11,0,2,0,0,0,0,0,0,0,0,0,8,1
5453,780,"第75回全国競技かるた桑名大会(C,D,E)",2017-03-20,E1,E,13,13,27,4,4,1,0,0,3,3,0,0,0,3,0,0,0,0,0,0,0,0,0,0,0,4,1
5454,780,"第75回全国競技かるた桑名大会(C,D,E)",2017-03-20,E2,E,14,14,28,4,4,1,0,0,2,2,0,0,0,2,0,0,0,0,0,0,0,0,0,0,0,4,1
5455,780,"第75回全国競技かるた桑名大会(C,D,E)",2017-03-20,E3,E,15,15,29,4,4,1,0,0,1,1,0,0,0,1,0,0,0,0,0,0,0,0,0,0,0,4,1
5456,780,"第75回全国競技かるた桑名大会(C,D,E)",2017-03-20,E4,E,15,15,29,4,4,1,0,0,1,1,0,0,0,1,0,0,0,0,0,0,0,0,0,0,0,4,1
5457,780,"第75回全国競技かるた桑名大会(C,D,E)",2017-03-20,E5,E,14,14,28,4,4,1,0,0,2,2,0,0,0,2,0,0,0,0,0,0,0,0,0,0,0,4,1
5458,780,"第75回全国競技かるた桑名大会(C,D,E)",2017-03-20,E6,E,14,14,28,4,4,1,0,0,2,2,0,0,0,2,0,0,0,0,0,0,0,0,0,0,0,4,1
5459,780,"第75回全国競技かるた桑名大会(C,D,E)",2017-03-20,E7,E,13,13,27,4,4,1,0,0,3,3,0,0,0,3,0,2,0,0,0,0,0,0,0,0,0,4,1
5460,780,"第75回全国競技かるた桑名大会(C,D,E)",2017-03-20,E8,E,14,14,28,4,4,1,0,0,2,2,0,0,0,2,0,0,0,0,0,0,0,0,0,0,0,4,1
5461,780,"第75回全国競技かるた桑名大会(C,D,E)",2017-03-20,E9,E,15,15,29,4,4,1,0,0,1,1,0,0,0,1,0,0,0,0,0,0,0,0,0,0,0,4,1
5462,780,"第75回全国競技かるた桑名大会(C,D,E)",2017-03-20,もみじ級,,3,3,8,3,3,1,0,1,2,2,0,0,0,1,0,1,0,2,0,1,0,0,0,0,0,3,0
5463,781,第47回全国小・中学生競技かるた選手権大会,2017-03-26,中学３年級,,33,33,95,6,6,1,0,0,31,31,0,0,0,31,0,0,0,0,0,0,0,0,0,0,0,8,1
5464,781,第47回全国小・中学生競技かるた選手権大会,2017-03-26,中学２年級,,52,52,114,6,6,1,0,1,13,12,0,0,0,12,0,0,0,1,0,0,0,0,0,0,0,8,1
5465,781,第47回全国小・中学生競技かるた選手権大会,2017-03-26,中学１年級,,69,69,195,7,7,1,0,3,62,59,0,0,0,59,0,2,0,3,0,0,0,0,0,0,0,8,1
5466,781,第47回全国小・中学生競技かるた選手権大会,2017-03-26,小学６年級,,84,84,210,7,7,1,0,0,44,44,0,0,0,44,0,0,0,12,0,0,0,0,0,0,0,8,1
5467,781,第47回全国小・中学生競技かるた選手権大会,2017-03-26,小学５年級,,64,64,125,6,6,1,0,1,2,1,0,0,0,1,0,0,0,1,0,0,1,0,0,0,0,8,1
5468,781,第47回全国小・中学生競技かるた選手権大会,2017-03-26,小学４年級,,65,65,191,7,7,1,0,1,64,64,0,0,0,63,0,0,0,1,0,0,0,0,0,0,0,8,1
5469,781,第47回全国小・中学生競技かるた選手権大会,2017-03-26,小学３年級,,57,57,119,6,6,1,0,0,7,7,0,0,0,7,0,0,0,0,0,0,0,0,0,0,0,8,1
5470,781,第47回全国小・中学生競技かるた選手権大会,2017-03-26,小学２年以下級,,40,40,102,6,6,1,0,0,24,24,0,0,0,24,0,0,0,0,0,0,0,0,0,0,0,8,1
5471,782,第30回 全国競技かるた小学生選手権大会,,C,C,9,9,29,5,5,1,0,18,19,1,0,0,0,1,0,0,0,0,0,0,0,0,0,0,0,7,1
5472,782,第30回 全国競技かるた小学生選手権大会,,B,B,1,1,4,4,4,1,0,4,4,0,0,0,0,0,0,0,0,0,0,0,0,0,0,0,0,1,0
5473,782,第30回 全国競技かるた小学生選手権大会,,D,D,43,43,74,4,4,1,0,22,30,8,0,0,0,8,0,0,0,0,0,0,0,0,0,0,0,14,1
5474,782,第30回 全国競技かるた小学生選手権大会,,E,E,2,2,6,4,4,1,0,6,6,0,0,0,0,0,0,0,0,0,0,0,0,0,0,0,0,2,1
5475,783,第32回全国選抜かるた大会,,A,A,76,76,212,7,7,1,0,0,52,52,0,0,0,58,0,0,0,0,0,0,0,0,0,0,0,8,0
5476,784,第41回全国競技かるた宗像大社大会の結果について(大会報告),2017-06-27,A,A,59,59,121,6,6,1,0,0,5,5,0,0,0,5,0,0,0,0,0,0,0,0,0,0,0,8,1
5477,784,第41回全国競技かるた宗像大社大会の結果について(大会報告),2017-06-27,B,B,109,109,233,6,6,1,0,1,20,19,0,0,0,19,0,0,0,1,0,0,0,0,0,0,0,16,0
5478,784,第41回全国競技かるた宗像大社大会の結果について(大会報告),2017-06-27,C,C,116,116,240,6,6,1,0,0,12,12,0,0,0,14,0,0,0,0,0,0,0,0,0,0,0,16,0
5479,784,第41回全国競技かるた宗像大社大会の結果について(大会報告),2017-06-27,D,D,190,190,369,5,5,1,0,0,1,1,0,0,0,1,0,0,0,0,0,0,0,0,0,0,0,48,0
5480,784,第41回全国競技かるた宗像大社大会の結果について(大会報告),2017-06-27,E,E,116,116,266,5,5,1,0,0,44,44,0,0,0,44,0,0,0,0,0,0,0,0,0,0,0,40,0
5481,785,第25回 全国競技かるた益田大会 成績表,2017-08-06,A,A,39,39,101,6,6,1,0,76,101,25,0,0,0,25,0,0,0,0,0,0,0,0,0,0,0,0,1
5482,785,第25回 全国競技かるた益田大会 成績表,2017-08-06,Ｂ級Ⅰ‐Ⅱ,B,34,34,192,12,12,1,0,132,192,60,0,0,0,60,0,0,0,0,0,1,0,0,0,0,0,0,0
5483,785,第25回 全国競技かるた益田大会 成績表,2017-08-06,Ｃ級Ⅰ‐Ⅱ,C,34,34,191,12,12,1,0,128,191,61,0,0,0,63,0,0,0,0,0,1,0,0,0,0,0,0,0
5484,785,第25回 全国競技かるた益田大会 成績表,2017-08-06,D,D,26,26,153,12,12,1,0,135,153,18,0,0,0,18,0,0,0,0,0,2,0,0,0,0,0,0,0
5485,786,第8回全国競技かるた岡山大会 大会結果表,2017-11-25,A,A,59,59,121,6,6,1,0,0,5,5,0,0,0,5,0,0,0,0,0,0,0,0,0,0,0,8,1
5486,786,第8回全国競技かるた岡山大会 大会結果表,2017-11-25,B,B,83,83,209,7,7,1,0,0,45,45,0,0,0,45,0,0,0,0,0,0,0,0,0,0,0,7,1
5487,786,第8回全国競技かるた岡山大会 大会結果表,2017-11-25,C1,C,38,38,100,6,6,1,0,0,26,26,0,0,0,26,0,0,0,0,0,0,0,0,0,0,0,7,1
5488,786,第8回全国競技かるた岡山大会 大会結果表,2017-11-25,C2,C,39,39,101,6,6,1,0,0,25,25,0,0,0,25,0,0,0,0,0,0,0,0,0,0,0,4,1
5489,786,第8回全国競技かるた岡山大会 大会結果表,2017-11-25,D1,D,28,28,58,5,5,1,0,0,4,4,0,0,0,4,0,0,0,0,0,0,0,0,0,0,0,4,1
5490,786,第8回全国競技かるた岡山大会 大会結果表,2017-11-25,D2,D,27,27,57,5,5,1,0,0,5,5,0,0,0,5,0,0,0,0,0,0,0,0,0,0,0,4,1
5491,786,第8回全国競技かるた岡山大会 大会結果表,2017-11-25,D3,D,28,28,58,5,5,1,0,0,4,4,0,0,0,4,0,0,0,0,0,0,0,0,0,0,0,4,1
5492,786,第8回全国競技かるた岡山大会 大会結果表,2017-11-25,D4,D,28,28,58,5,5,1,0,0,4,4,0,0,0,4,0,0,0,0,0,0,0,0,0,0,0,4,1
5493,786,第8回全国競技かるた岡山大会 大会結果表,2017-11-25,D5,D,28,28,58,5,5,1,0,0,4,4,0,0,0,4,0,0,0,0,0,0,0,0,0,0,0,4,1
5494,786,第8回全国競技かるた岡山大会 大会結果表,2017-11-25,E1,E,25,25,55,5,5,1,0,0,7,7,0,0,0,7,0,2,0,0,0,0,0,0,0,0,0,4,1
5495,786,第8回全国競技かるた岡山大会 大会結果表,2017-11-25,E2,E,23,23,53,5,5,1,0,0,9,9,0,0,0,9,0,2,0,0,0,0,0,0,0,0,0,4,1
5496,786,第8回全国競技かるた岡山大会 大会結果表,2017-11-25,参加選手,,176,176,0,0,,,0,0,0,0,0,0,0,0,0,0,0,0,0,0,176,0,0,0,0,0,0
5497,787,第5回全国競技かるた山口大会,2017-12-23,Ａ級,A,59,59,121,6,6,1,0,0,5,5,0,0,0,5,0,0,0,0,0,0,0,0,0,0,0,8,1
5498,787,第5回全国競技かるた山口大会,2017-12-23,Ｂ級,B,136,136,322,6,6,1,0,0,56,56,0,0,0,56,0,0,0,0,0,0,0,0,0,0,0,12,0
5499,787,第5回全国競技かるた山口大会,2017-12-23,Ｃ級,C,124,124,248,6,6,1,0,0,4,4,0,0,0,4,0,2,0,0,0,0,0,0,0,0,0,8,0
5500,787,第5回全国競技かるた山口大会,2017-12-23,Ｄ級,D,166,166,346,5,5,1,0,0,26,26,0,0,0,26,0,0,0,0,0,0,0,0,0,0,0,28,0
5501,787,第5回全国競技かるた山口大会,2017-12-23,Ｅ級,E,63,63,123,5,5,1,0,0,1,1,0,0,0,1,0,0,0,0,0,0,0,0,0,0,0,8,0
5502,788,第25回全国競技かるた多摩大会 初心者の部 日野市大会,,詳細結果,,112,112,334,3,3,1,0,11,21,10,0,0,0,10,0,2,0,11,2,0,0,0,0,0,0,0,0
5503,789,第46回 全国競技かるた大分大会結果表,2017-11-26,D,D,94,94,184,5,5,1,0,178,184,6,0,0,0,6,0,0,0,0,0,0,0,0,0,0,0,0,0
5504,789,第46回 全国競技かるた大分大会結果表,2017-11-26,E,E,46,46,106,5,5,1,0,88,106,5,0,0,0,18,0,0,0,0,0,0,0,0,0,0,0,0,0
5505,790,第14回全国競技かるた香川大会,2017-09-16,A,A,53,53,115,6,6,1,0,0,11,11,0,0,0,11,0,0,0,0,0,0,0,0,0,0,0,8,1
5506,790,第14回全国競技かるた香川大会,2017-09-16,B,B,96,96,220,6,6,1,0,0,32,32,0,0,0,32,0,0,0,0,0,0,0,0,0,0,0,8,0
5507,790,第14回全国競技かるた香川大会,2017-09-16,C1,C,46,46,108,6,6,1,0,0,18,18,0,0,0,18,0,0,0,0,0,0,0,0,0,0,0,8,1
5508,790,第14回全国競技かるた香川大会,2017-09-16,C2,C,43,43,105,6,6,1,0,0,21,21,0,0,0,23,0,0,0,0,0,0,0,0,0,0,0,8,1
5509,790,第14回全国競技かるた香川大会,2017-09-16,D1,D,50,50,112,6,6,1,0,0,14,14,0,0,0,14,0,0,0,0,0,0,0,0,0,0,0,8,1
5510,790,第14回全国競技かるた香川大会,2017-09-16,D2,D,46,46,108,6,6,1,0,0,18,18,0,0,0,18,0,0,0,0,0,0,0,0,0,0,0,8,1
5511,790,第14回全国競技かるた香川大会,2017-09-16,D3,D,46,46,108,6,6,1,0,0,18,18,0,0,0,18,0,2,0,0,0,0,0,0,0,0,0,8,1
5512,790,第14回全国競技かるた香川大会,2017-09-16,D4,D,45,45,107,6,6,1,0,0,19,19,0,0,0,19,0,0,0,0,0,0,0,0,0,0,0,8,1
5513,790,第14回全国競技かるた香川大会,2017-09-16,E,E,31,31,61,5,5,1,0,0,1,1,0,0,0,1,0,0,0,0,0,0,0,0,0,0,0,8,1
5514,791,第五回奥の細道むすびの地 全国競技かるた大垣大会,2017-05-03,Ａ級,A,65,65,127,7,7,1,0,0,63,63,0,0,0,63,0,0,0,64,0,0,1,0,0,0,0,8,0
5515,791,第五回奥の細道むすびの地 全国競技かるた大垣大会,2017-05-03,Ｂ１級,B,79,79,127,7,7,1,0,0,49,49,0,0,0,49,0,0,0,78,0,0,15,0,0,0,0,8,0
5516,791,第五回奥の細道むすびの地 全国競技かるた大垣大会,2017-05-03,Ｂ２級,B,77,77,127,7,7,1,0,0,51,51,0,0,0,51,0,1,0,76,0,0,13,0,0,0,0,8,0
5517,791,第五回奥の細道むすびの地 全国競技かるた大垣大会,2017-05-03,Ｃ1級,C,51,51,63,6,6,1,0,0,13,13,0,0,0,13,0,1,0,50,0,0,19,0,0,0,0,8,0
5518,791,第五回奥の細道むすびの地 全国競技かるた大垣大会,2017-05-03,Ｃ２級,C,49,49,63,6,6,1,0,0,15,15,0,0,0,15,0,0,0,48,0,0,17,0,0,0,0,8,0
5519,791,第五回奥の細道むすびの地 全国競技かるた大垣大会,2017-05-03,Ｃ３級,C,50,50,63,6,6,1,0,0,14,14,0,0,0,14,0,0,0,49,0,0,18,0,0,0,0,0,0
5520,791,第五回奥の細道むすびの地 全国競技かるた大垣大会,2017-05-03,Ｃ４級,C,50,50,64,6,6,1,0,0,15,14,0,0,0,15,0,1,0,49,0,0,18,0,0,0,0,0,0
5521,791,第五回奥の細道むすびの地 全国競技かるた大垣大会,2017-05-03,Ｄ１級,D,48,48,63,6,6,1,0,0,16,16,0,0,0,16,0,0,0,47,0,0,16,0,0,0,0,0,0
5522,791,第五回奥の細道むすびの地 全国競技かるた大垣大会,2017-05-03,Ｄ２級,D,49,49,63,6,6,1,0,0,15,15,0,0,0,15,0,2,0,48,0,0,17,0,0,0,0,0,0
5523,791,第五回奥の細道むすびの地 全国競技かるた大垣大会,2017-05-03,Ｄ３級,D,50,50,63,6,6,1,0,0,14,14,0,0,0,14,0,0,0,49,0,0,18,0,0,0,0,0,0
5524,791,第五回奥の細道むすびの地 全国競技かるた大垣大会,2017-05-03,Ｄ４級,D,48,48,63,6,6,1,0,0,16,16,0,0,0,16,0,0,0,47,0,0,16,0,0,0,0,0,0
5525,791,第五回奥の細道むすびの地 全国競技かるた大垣大会,2017-05-03,Ｄ５級,D,46,46,63,6,6,1,0,0,18,18,0,0,0,18,0,0,0,45,0,0,14,0,0,0,0,0,0
5526,791,第五回奥の細道むすびの地 全国競技かるた大垣大会,2017-05-03,Ｄ６級,D,49,49,63,6,6,1,0,0,15,15,0,0,0,15,0,0,0,48,0,0,17,0,0,0,0,0,0
5527,791,第五回奥の細道むすびの地 全国競技かるた大垣大会,2017-05-03,Ｅ１級,E,26,26,31,5,5,1,0,0,6,6,0,0,0,6,0,0,0,25,0,0,10,0,0,0,0,0,0
5528,791,第五回奥の細道むすびの地 全国競技かるた大垣大会,2017-05-03,Ｅ２級,E,25,25,31,5,5,1,0,0,7,7,0,0,0,7,0,0,0,24,0,0,9,0,0,0,0,0,0
5529,791,第五回奥の細道むすびの地 全国競技かるた大垣大会,2017-05-03,Ｅ３級,E,26,26,31,5,5,1,0,0,6,6,0,0,0,6,0,0,0,25,0,0,10,0,0,0,0,0,0
5530,791,第五回奥の細道むすびの地 全国競技かるた大垣大会,2017-05-03,Ｅ４級,E,24,24,31,5,5,1,0,0,8,8,0,0,0,8,0,0,0,23,0,0,8,0,0,0,0,0,0
5531,791,第五回奥の細道むすびの地 全国競技かるた大垣大会,2017-05-03,Ｅ５級,E,23,23,31,5,5,1,0,0,9,9,0,0,0,9,0,0,0,22,0,0,7,0,0,0,0,0,0
5532,792,第29回全国競技かるた中学生選手権大会,,A,A,5,5,19,5,5,1,0,14,15,1,0,0,0,1,0,0,0,0,0,0,0,0,0,0,0,4,1
5533,792,第29回全国競技かるた中学生選手権大会,,B,B,49,49,103,5,5,1,0,21,35,14,0,0,0,14,0,0,0,0,0,0,0,0,0,0,0,14,1
5534,792,第29回全国競技かるた中学生選手権大会,,C,C,72,72,228,7,7,1,0,83,126,42,0,0,0,43,0,0,0,0,0,0,0,0,0,0,0,20,0
5535,792,第29回全国競技かるた中学生選手権大会,,D,D,119,119,260,6,6,1,0,96,142,46,0,0,0,46,0,0,0,0,0,0,0,0,0,0,0,9,1
5536,792,第29回全国競技かるた中学生選手権大会,,E,E,47,47,76,4,4,1,0,48,60,11,0,0,0,12,0,0,0,0,0,0,0,0,0,0,0,1,0
5537,793,第64期名人戦東日本予選,2017-10-15,名人位戦級,,80,80,206,7,7,1,0,0,48,48,0,0,0,48,0,0,0,0,0,0,0,0,0,0,0,8,1
5538,1525,第62期クイーン戦東日本予選,2017-10-15,クイーン位戦級,,54,54,116,6,6,1,0,0,10,10,0,0,0,10,0,0,0,0,0,0,0,0,0,0,0,8,1
5539,794,第64期名人戦西日本予選,2017-10-15,名人位級,,51,51,113,6,6,1,0,0,13,13,0,0,0,13,0,0,0,0,0,0,0,0,0,0,0,8,1
5540,1526,第62期クイーン戦西日本予選,2017-10-15,クイーン位級,,47,47,109,6,6,1,0,0,17,17,0,0,0,17,0,0,0,0,0,0,0,0,0,0,0,8,1
5541,795,第40回全国小・中学生競技かるた選手権福井大会,2017-11-17,中学生級,,42,42,104,6,6,1,0,0,22,22,0,0,0,22,0,0,0,0,0,0,0,0,0,0,0,8,1
5542,795,第40回全国小・中学生競技かるた選手権福井大会,2017-11-17,小学6年生級,,55,55,117,6,6,1,0,0,9,9,0,0,0,9,0,2,0,0,0,0,0,0,0,0,0,8,1
5543,795,第40回全国小・中学生競技かるた選手権福井大会,2017-11-17,小学5年生級,,62,62,124,6,6,1,0,0,2,2,0,0,0,2,0,0,0,0,0,0,0,0,0,0,0,8,1
5544,795,第40回全国小・中学生競技かるた選手権福井大会,2017-11-17,小学4年生級,,33,33,95,6,6,1,0,0,31,31,0,0,0,31,0,0,0,0,0,0,0,0,0,0,0,8,1
5545,795,第40回全国小・中学生競技かるた選手権福井大会,2017-11-17,小学3年生級,,33,33,95,6,6,1,0,0,31,31,0,0,0,31,0,0,0,0,0,0,0,0,0,0,0,8,1
5546,795,第40回全国小・中学生競技かるた選手権福井大会,2017-11-17,小学2年生級,,21,21,51,5,5,1,0,0,11,11,0,0,0,11,0,0,0,0,0,0,0,0,0,0,0,8,1
5547,795,第40回全国小・中学生競技かるた選手権福井大会,2017-11-17,小学1年生以下級,,6,6,14,4,4,1,0,2,4,4,0,0,0,2,0,2,0,0,0,0,0,0,0,0,0,4,0
5548,795,第40回全国小・中学生競技かるた選手権福井大会,2017-11-17,高校生級,,2,2,2,1,1,1,0,0,0,0,0,0,0,0,0,0,0,0,0,0,0,0,0,0,0,2,1
5549,796,"第62回新春全国競技かるた大会(D,E)",,D1,D,44,44,106,6,6,1,0,0,20,20,0,0,0,22,0,0,0,0,0,0,0,0,0,0,0,8,1
5550,796,"第62回新春全国競技かるた大会(D,E)",,D2,D,44,44,106,6,6,1,0,0,20,20,0,0,0,20,0,0,0,0,0,0,0,0,0,0,0,8,1
5551,796,"第62回新春全国競技かるた大会(D,E)",,D3,D,42,42,104,6,6,1,0,0,22,22,0,0,0,24,0,0,0,0,0,0,0,0,0,0,0,8,1
5552,796,"第62回新春全国競技かるた大会(D,E)",,D4,D,43,43,105,6,6,1,0,0,21,21,0,0,0,21,0,0,0,0,0,0,0,0,0,0,0,8,1
5553,796,"第62回新春全国競技かるた大会(D,E)",,D5,D,44,44,106,6,6,1,0,0,20,20,0,0,0,20,0,0,0,0,0,0,0,0,0,0,0,8,1
5554,796,"第62回新春全国競技かるた大会(D,E)",,D6,D,42,42,104,6,6,1,0,4,26,22,0,0,0,22,0,0,0,4,0,0,0,0,0,0,0,8,1
5555,796,"第62回新春全国競技かるた大会(D,E)",,D7,D,44,44,106,6,6,1,0,0,20,20,0,0,0,20,0,2,0,0,0,0,0,0,0,0,0,8,1
5556,796,"第62回新春全国競技かるた大会(D,E)",,D8,D,44,44,106,6,6,1,0,0,20,20,0,0,0,22,0,0,0,0,0,0,0,0,0,0,0,8,1
5557,796,"第62回新春全国競技かるた大会(D,E)",,D9,D,43,43,105,6,6,1,0,0,21,21,0,0,0,21,0,0,0,0,0,0,0,0,0,0,0,8,1
5558,796,"第62回新春全国競技かるた大会(D,E)",,D10,D,44,44,106,6,6,1,0,0,20,20,0,0,0,22,0,0,0,0,0,0,0,0,0,0,0,8,1
5559,796,"第62回新春全国競技かるた大会(D,E)",,E1,E,39,39,101,6,6,1,0,0,25,25,0,0,0,25,0,0,0,0,0,0,0,0,0,0,0,8,1
5560,796,"第62回新春全国競技かるた大会(D,E)",,E2,E,36,36,98,6,6,1,0,0,28,28,0,0,0,28,0,0,0,0,0,0,0,0,0,0,0,8,1
5561,796,"第62回新春全国競技かるた大会(D,E)",,E3,E,36,36,98,6,6,1,0,0,28,28,0,0,0,28,0,0,0,0,0,0,0,0,0,0,0,8,1
5562,796,"第62回新春全国競技かるた大会(D,E)",,E4,E,36,36,98,6,6,1,0,0,28,28,0,0,0,30,0,0,0,0,0,0,0,0,0,0,0,8,1
5563,796,"第62回新春全国競技かるた大会(D,E)",,E5,E,35,35,97,6,6,1,0,0,29,29,0,0,0,29,0,4,0,0,0,0,0,0,0,0,0,8,1
5564,796,"第62回新春全国競技かるた大会(D,E)",,E6,E,34,34,96,6,6,1,0,0,30,30,0,0,0,30,0,0,0,0,0,0,0,0,0,0,0,8,1
5565,796,"第62回新春全国競技かるた大会(D,E)",,E7,E,36,36,98,6,6,1,0,0,28,28,0,0,0,28,0,0,0,0,0,0,0,0,0,0,0,8,1
5566,796,"第62回新春全国競技かるた大会(D,E)",,E8,E,34,34,96,6,6,1,0,0,30,30,0,0,0,30,0,2,0,0,0,0,0,0,0,0,0,8,1
5567,796,"第62回新春全国競技かるた大会(D,E)",,E9,E,38,38,100,6,6,1,0,0,26,26,0,0,0,26,0,0,0,0,0,0,0,0,0,0,0,8,1
5568,796,"第62回新春全国競技かるた大会(D,E)",,E10,E,34,34,96,6,6,1,0,0,30,30,0,0,0,30,0,0,0,0,0,0,0,0,0,0,0,8,1
5569,797,第71回全国競技かるた東京東会大会(E),,E1,E,30,30,60,5,5,1,0,0,2,2,0,0,0,2,0,0,0,0,0,0,0,0,0,0,0,8,1
5570,797,第71回全国競技かるた東京東会大会(E),,E2,E,31,31,61,5,5,1,0,0,1,1,0,0,0,1,0,0,0,0,0,0,0,0,0,0,0,8,1
5571,797,第71回全国競技かるた東京東会大会(E),,E3,E,31,31,61,5,5,1,0,0,1,1,0,0,0,1,0,0,0,0,0,0,0,0,0,0,0,8,1
5572,797,第71回全国競技かるた東京東会大会(E),,E4,E,31,31,61,5,5,1,0,0,1,1,0,0,0,1,0,0,0,0,0,0,0,0,0,0,0,8,1
5573,797,第71回全国競技かるた東京東会大会(E),,E5,E,31,31,61,5,5,1,0,0,1,1,0,0,0,1,0,0,0,0,0,0,0,0,0,0,0,8,1
5574,797,第71回全国競技かるた東京東会大会(E),,E6,E,29,29,59,5,5,1,0,0,3,3,0,0,0,7,0,0,0,0,0,0,0,0,0,0,0,8,1
5575,797,第71回全国競技かるた東京東会大会(E),,E7,E,28,28,58,5,5,1,0,0,4,4,0,0,0,4,0,0,0,0,0,0,0,0,0,0,0,8,1
5576,797,第71回全国競技かるた東京東会大会(E),,E8,E,28,28,58,5,5,1,0,0,4,4,0,0,0,4,0,2,0,0,0,0,0,0,0,0,0,8,1
5577,797,第71回全国競技かるた東京東会大会(E),,E9,E,29,29,59,5,5,1,0,0,3,3,0,0,0,3,0,0,0,0,0,0,0,0,0,0,0,8,1
5578,798,第14回全国競技かるた兵庫大会,2017-04-29,A,A,85,85,211,7,7,1,0,43,43,0,0,0,0,0,0,211,0,2,0,0,0,0,0,0,0,8,1
5579,798,第14回全国競技かるた兵庫大会,2017-04-29,B1.2,B,173,173,425,7,7,1,0,85,85,0,0,0,0,0,0,425,0,2,0,0,0,0,0,0,0,16,0
5580,798,第14回全国競技かるた兵庫大会,2017-04-29,C1.2.3,C,182,182,368,6,6,1,0,10,10,0,0,0,0,0,0,368,0,2,0,0,0,0,0,0,0,12,0
5581,798,第14回全国競技かるた兵庫大会,2017-04-29,D1.2.3.4.5,D,269,269,579,6,6,1,0,52,52,0,0,0,0,0,0,579,0,1,0,0,0,0,0,0,0,20,0
5582,798,第14回全国競技かるた兵庫大会,2017-04-29,E1.2.3.4.5,E,118,118,252,5,5,1,0,27,27,0,0,0,0,0,0,252,0,1,0,0,0,0,0,0,0,16,0
5583,799,第35回小倉百人一首競技かるた小山大会,2017-08-20,A,A,40,40,120,3,3,1,0,0,4,4,0,0,0,4,0,0,0,0,0,0,0,0,0,0,0,40,0
5584,799,第35回小倉百人一首競技かるた小山大会,2017-08-20,B,B,52,52,156,3,3,1,0,0,0,0,0,0,0,0,0,2,0,0,0,0,0,0,0,0,0,52,0
5585,799,第35回小倉百人一首競技かるた小山大会,2017-08-20,C,C,41,41,123,3,3,1,0,0,3,3,0,0,0,3,0,0,0,0,0,0,0,0,0,0,0,41,0
5586,799,第35回小倉百人一首競技かるた小山大会,2017-08-20,D,D,46,46,138,3,3,1,0,0,2,2,0,0,0,2,0,0,0,0,0,0,0,0,0,0,0,46,0
5587,799,第35回小倉百人一首競技かるた小山大会,2017-08-20,E,E,49,49,147,3,3,1,0,0,3,3,0,0,0,3,0,0,0,0,0,0,0,0,0,0,0,49,0
5588,799,第35回小倉百人一首競技かるた小山大会,2017-08-20,シニア級,,15,15,45,3,3,1,0,0,3,3,0,0,0,3,0,0,0,0,0,0,0,0,0,0,0,15,0
5589,800,第31回 全国競技かるた小学生選手権大会 結果報告表,,6年生,,23,23,53,5,5,1,0,0,9,9,0,0,0,9,0,0,0,0,0,0,0,0,0,0,0,8,1
5590,800,第31回 全国競技かるた小学生選手権大会 結果報告表,,5年生,,28,28,58,5,5,1,0,0,4,4,0,0,0,4,0,0,0,0,0,0,0,0,0,0,0,8,1
5591,800,第31回 全国競技かるた小学生選手権大会 結果報告表,,4年生以下,,17,17,47,5,5,1,0,0,15,15,0,0,0,15,0,0,0,0,0,0,0,0,0,0,0,8,1
5592,801,第15回全国かるた競技兵庫大会,2018-04-30,A,A,84,84,210,7,7,1,0,210,210,0,0,0,0,0,0,44,0,0,0,0,0,0,0,0,0,8,1
5593,801,第15回全国かるた競技兵庫大会,2018-04-30,B.1～3,B,183,183,369,6,6,1,0,369,369,0,0,0,0,0,0,9,0,0,0,0,0,0,0,0,0,24,0
5594,801,第15回全国かるた競技兵庫大会,2018-04-30,C.1～4,C,209,209,457,6,6,1,0,445,445,0,0,0,0,0,0,47,0,12,0,0,0,0,0,0,0,16,0
5595,801,第15回全国かるた競技兵庫大会,2018-04-30,D.1～7,D,311,311,743,6,6,1,0,740,740,0,0,0,0,0,0,137,0,3,0,0,0,0,0,0,0,28,0
5596,801,第15回全国かるた競技兵庫大会,2018-04-30,E.1～5(4枚),E,145,145,340,5,5,1,0,340,340,0,0,0,0,0,0,46,0,0,0,0,0,0,0,0,0,20,0
5597,802,第30回全国競技かるた中学生選手権大会,,B,B,48,48,124,6,6,1,0,0,32,32,0,0,0,32,0,0,0,0,0,0,0,0,0,0,0,16,0
5598,802,第30回全国競技かるた中学生選手権大会,,C,C,104,104,264,6,6,1,0,93,114,21,0,0,0,21,0,0,0,0,0,0,0,0,0,0,0,29,0
5599,802,第30回全国競技かるた中学生選手権大会,,D,D,119,119,252,6,6,1,0,124,138,14,0,0,0,14,0,0,0,0,0,0,0,0,0,0,0,17,0
5600,802,第30回全国競技かるた中学生選手権大会,,E,E,78,78,125,5,5,1,0,77,93,16,0,0,0,16,0,0,0,0,0,0,0,0,0,0,0,2,0
5601,803,第60回全国競技かるた和歌山大会(ABCD級),2018-11-04,-,,165,165,353,7,7,1,0,0,27,27,0,0,0,29,0,0,0,0,0,0,0,0,0,0,0,16,0
5602,803,第60回全国競技かるた和歌山大会(ABCD級),2018-11-04,C1,C,46,46,108,6,6,1,0,0,18,18,0,0,0,18,0,0,0,0,0,0,0,0,0,0,0,8,1
5603,803,第60回全国競技かるた和歌山大会(ABCD級),2018-11-04,C2,C,47,47,109,6,6,1,0,0,17,17,0,0,0,17,0,0,0,0,0,0,0,0,0,0,0,8,1
5604,803,第60回全国競技かるた和歌山大会(ABCD級),2018-11-04,D1,D,48,48,110,6,6,1,0,0,16,16,0,0,0,18,0,0,0,0,0,0,0,0,0,0,0,8,1
5605,803,第60回全国競技かるた和歌山大会(ABCD級),2018-11-04,D2,D,51,51,113,6,6,1,0,0,13,13,0,0,0,15,0,0,0,0,0,0,0,0,0,0,0,8,1
5606,803,第60回全国競技かるた和歌山大会(ABCD級),2018-11-04,D3,D,49,49,111,6,6,1,0,0,15,15,0,0,0,15,0,0,0,0,0,0,0,0,0,0,0,8,1
5607,804,第41回 全国小・中学生競技かるた選手権福井大会 結果報告表,,小学1年生以下級,,7,7,15,4,4,1,0,2,3,3,0,0,0,1,0,2,0,0,0,0,0,0,0,0,0,4,0
5608,804,第41回 全国小・中学生競技かるた選手権福井大会 結果報告表,,小学2年生級,,14,14,28,4,4,1,0,0,2,2,0,0,0,2,0,0,0,0,0,0,0,0,0,0,0,8,1
5609,804,第41回 全国小・中学生競技かるた選手権福井大会 結果報告表,,小学3年生級,,28,28,58,5,5,1,0,0,4,4,0,0,0,4,0,0,0,0,0,0,0,0,0,0,0,8,1
5610,804,第41回 全国小・中学生競技かるた選手権福井大会 結果報告表,,小学4年生級,,50,50,112,6,6,1,0,0,14,14,0,0,0,14,0,0,0,0,0,0,0,0,0,0,0,7,1
5611,804,第41回 全国小・中学生競技かるた選手権福井大会 結果報告表,,小学5年生級,,37,37,99,6,6,1,0,0,27,27,0,0,0,27,0,0,0,0,0,0,0,0,0,0,0,8,1
5612,804,第41回 全国小・中学生競技かるた選手権福井大会 結果報告表,,小学6年生級,,60,60,122,6,6,1,0,0,4,4,0,0,0,4,0,0,0,0,0,0,0,0,0,0,0,8,1
5613,804,第41回 全国小・中学生競技かるた選手権福井大会 結果報告表,,中学生級,,43,43,105,6,6,1,0,0,21,21,0,0,0,21,0,0,0,0,0,0,0,0,0,0,0,8,1
5614,805,第65期名人戦東日本予選,2018-10-21,名人位戦級,,77,77,203,7,7,1,0,0,51,51,0,0,0,51,0,0,0,0,0,0,0,0,0,0,0,8,1
5615,1527,第63期クイーン戦東日本予選,2018-10-21,クイーン位戦級,,59,59,121,6,6,1,0,0,5,5,0,0,0,5,0,0,0,0,0,0,0,0,0,0,0,8,1
5616,806,第65期名人戦西日本予選,2018-10-21,名人位級,,54,54,116,6,6,1,0,0,10,10,0,0,0,10,0,0,0,0,0,0,0,0,0,0,0,8,1
5617,1528,第63期クイーン戦西日本予選,2018-10-21,クイーン位級,,48,48,110,6,6,1,0,4,20,20,0,0,0,16,0,4,0,4,0,0,0,0,0,0,0,8,1
5618,807,第6回全国競技かるた山口大会(DE級),2018-12-22,D1,D,24,24,54,5,5,1,0,0,8,8,0,0,0,8,0,2,0,0,0,0,0,0,0,0,0,4,1
5619,807,第6回全国競技かるた山口大会(DE級),2018-12-22,D2,D,27,27,57,5,5,1,0,0,5,5,0,0,0,5,0,0,0,0,0,0,0,0,0,0,0,4,1
5620,807,第6回全国競技かるた山口大会(DE級),2018-12-22,D3,D,29,29,59,5,5,1,0,0,3,3,0,0,0,3,0,0,0,0,0,0,0,0,0,0,0,4,1
5621,807,第6回全国競技かるた山口大会(DE級),2018-12-22,D4,D,27,27,57,5,5,1,0,0,5,5,0,0,0,5,0,0,0,0,0,0,0,0,0,0,0,4,1
5622,807,第6回全国競技かるた山口大会(DE級),2018-12-22,D5,D,29,29,59,5,5,1,0,0,3,3,0,0,0,3,0,0,0,0,0,0,0,0,0,0,0,4,1
5623,807,第6回全国競技かるた山口大会(DE級),2018-12-22,D6,D,28,28,58,5,5,1,0,0,4,4,0,0,0,4,0,2,0,0,0,0,0,0,0,0,0,4,1
5624,807,第6回全国競技かるた山口大会(DE級),2018-12-22,D7,D,30,30,60,5,5,1,0,0,2,2,0,0,0,2,0,0,0,0,0,0,0,0,0,0,0,4,1
5625,807,第6回全国競技かるた山口大会(DE級),2018-12-22,E1,E,28,28,58,5,5,1,0,0,4,4,0,0,0,4,0,0,0,0,0,0,0,0,0,0,0,4,1
5626,807,第6回全国競技かるた山口大会(DE級),2018-12-22,E2,E,27,27,57,5,5,1,0,0,5,5,0,0,0,5,0,0,0,0,0,0,0,0,0,0,0,4,1
5627,807,第6回全国競技かるた山口大会(DE級),2018-12-22,E3,E,26,26,56,5,5,1,0,0,6,6,0,0,0,6,0,0,0,0,0,0,0,0,0,0,0,4,1
5628,808,第6回山口大会(ABC級),2018-12-23,-,,64,64,126,6,6,1,0,0,0,0,0,0,0,0,0,0,0,0,0,0,0,0,0,0,0,8,1
5629,808,第6回山口大会(ABC級),2018-12-23,B1,B,44,44,106,6,6,1,0,0,20,20,0,0,0,20,0,0,0,0,0,0,0,0,0,0,0,4,1
5630,808,第6回山口大会(ABC級),2018-12-23,B2,B,47,47,109,6,6,1,0,0,17,17,0,0,0,17,0,0,0,0,0,0,0,0,0,0,0,4,1
5631,808,第6回山口大会(ABC級),2018-12-23,B3,B,42,42,104,6,6,1,0,0,22,22,0,0,0,22,0,0,0,0,0,0,0,0,0,0,0,4,1
5632,808,第6回山口大会(ABC級),2018-12-23,C1,C,51,51,113,6,6,1,0,0,13,13,0,0,0,13,0,4,0,0,0,0,0,0,0,0,0,4,1
5633,808,第6回山口大会(ABC級),2018-12-23,C2,C,39,39,101,6,6,1,0,0,25,25,0,0,0,25,0,0,0,0,0,0,0,0,0,0,0,4,1
5634,808,第6回山口大会(ABC級),2018-12-23,C3,C,51,51,113,6,6,1,0,0,13,13,0,0,0,13,0,0,0,0,0,0,0,0,0,0,0,4,1
5635,809,"第42回全国競技かるた宗像大社大会(C,E)",,C,C,125,125,249,6,6,1,0,0,3,3,0,0,0,3,0,0,0,0,0,0,0,0,0,0,0,16,0
5636,809,"第42回全国競技かるた宗像大社大会(C,E)",,E,E,113,113,233,5,5,1,0,0,15,15,0,0,0,16,0,2,0,0,0,0,0,0,0,0,0,32,0
5637,810,第42回全国競技かるた宗像大社大会(D),,D,D,178,178,358,5,5,1,0,0,14,14,0,0,0,14,0,0,0,0,0,0,0,0,0,0,0,48,0
5638,811,第80回全国競技かるた北國大会,,A,A,48,48,104,4,4,1,0,0,16,16,0,0,0,16,0,0,0,0,0,0,0,0,0,0,0,0,0
5639,811,第80回全国競技かるた北國大会,,Ｂ級１組,B,49,49,105,4,4,1,0,2,15,13,0,0,0,13,0,0,0,0,0,0,0,0,0,0,0,0,0
5640,811,第80回全国競技かるた北國大会,,Ｂ級２組,B,53,53,109,4,4,1,0,2,13,11,0,0,0,11,0,0,0,2,0,0,0,0,0,0,0,0,0
5641,811,第80回全国競技かるた北國大会,,Ｃ級１組,C,48,48,104,4,4,1,0,0,16,16,0,0,0,16,0,1,0,2,0,0,0,0,0,0,0,0,0
5642,811,第80回全国競技かるた北國大会,,Ｃ級２組,C,47,47,103,4,4,1,0,2,19,17,0,0,0,17,0,0,0,4,0,0,0,0,0,0,0,0,0
5643,811,第80回全国競技かるた北國大会,,Ｄ級１組,D,48,48,104,4,4,1,0,1,16,15,0,0,0,15,0,0,0,0,0,0,0,0,0,0,0,0,0
5644,811,第80回全国競技かるた北國大会,,Ｄ級２組,D,49,49,105,4,4,1,0,1,15,14,0,0,0,14,0,0,0,0,0,0,0,0,0,0,0,0,0
5645,811,第80回全国競技かるた北國大会,,Ｄ級３組,D,50,50,106,4,4,1,0,0,14,14,0,0,0,14,0,2,0,0,0,0,0,0,0,0,0,0,0
5646,811,第80回全国競技かるた北國大会,,Ｅ級1組,E,30,30,54,3,3,1,0,1,3,2,0,0,0,2,0,0,0,1,0,0,0,0,0,0,0,0,0
5647,811,第80回全国競技かるた北國大会,,Ｅ級２組,E,29,29,53,3,3,1,0,0,3,3,0,0,0,3,0,0,0,0,0,0,0,0,0,0,0,0,0
5648,811,第80回全国競技かるた北國大会,,Ｅ級３組,E,27,27,51,3,3,1,0,0,5,5,0,0,0,5,0,2,0,0,0,0,0,0,0,0,0,0,0
5660,813,第27回全国競技かるた奈良大会(B級以下の部),2018-02-18,B1,B,44,44,106,6,6,1,0,0,20,20,0,0,0,20,0,0,0,0,0,0,0,0,0,0,0,8,1
5661,813,第27回全国競技かるた奈良大会(B級以下の部),2018-02-18,B2,B,49,49,111,6,6,1,0,0,15,15,0,0,0,15,0,0,0,0,0,0,0,0,0,0,0,8,1
5662,813,第27回全国競技かるた奈良大会(B級以下の部),2018-02-18,B3,B,46,46,108,6,6,1,0,0,18,18,0,0,0,18,0,0,0,0,0,0,0,0,0,0,0,8,1
5663,813,第27回全国競技かるた奈良大会(B級以下の部),2018-02-18,C1,C,42,42,104,6,6,1,0,0,22,22,0,0,0,22,0,0,0,0,0,0,0,0,0,0,0,4,1
5664,813,第27回全国競技かるた奈良大会(B級以下の部),2018-02-18,C2,C,45,45,107,6,6,1,0,0,19,19,0,0,0,19,0,0,0,0,0,0,0,0,0,0,0,4,1
5665,813,第27回全国競技かるた奈良大会(B級以下の部),2018-02-18,C3,C,46,46,108,6,6,1,0,0,18,18,0,0,0,20,0,0,0,0,0,0,0,0,0,0,0,4,1
5666,813,第27回全国競技かるた奈良大会(B級以下の部),2018-02-18,D1,D,29,29,59,5,5,1,0,0,3,3,0,0,0,3,0,0,0,0,0,0,0,0,0,0,0,4,1
5667,813,第27回全国競技かるた奈良大会(B級以下の部),2018-02-18,D2,D,30,30,60,5,5,1,0,0,2,2,0,0,0,2,0,0,0,0,0,0,0,0,0,0,0,4,1
5668,813,第27回全国競技かるた奈良大会(B級以下の部),2018-02-18,D3,D,31,31,61,5,5,1,0,0,1,1,0,0,0,1,0,0,0,0,0,0,0,0,0,0,0,4,1
5669,813,第27回全国競技かるた奈良大会(B級以下の部),2018-02-18,D4,D,31,31,61,5,5,1,0,0,1,1,0,0,0,1,0,0,0,0,0,0,0,0,0,0,0,4,1
5670,813,第27回全国競技かるた奈良大会(B級以下の部),2018-02-18,D5,D,31,31,61,5,5,1,0,0,1,1,0,0,0,1,0,2,0,0,0,0,0,0,0,0,0,4,1
5671,813,第27回全国競技かるた奈良大会(B級以下の部),2018-02-18,-,,106,106,248,6,6,1,0,0,46,46,0,0,0,50,0,0,0,0,0,0,0,0,0,0,0,18,0
5672,814,"第二十五回全国かるた競技東大阪大会 成績発表(B,C,D,E)",,B1,B,80,80,206,7,7,1,0,1,49,48,0,0,0,48,0,0,0,1,0,0,0,0,0,0,0,8,1
5673,814,"第二十五回全国かるた競技東大阪大会 成績発表(B,C,D,E)",,B2,B,82,82,208,7,7,1,0,2,48,46,0,0,0,46,0,0,0,2,0,0,0,0,0,0,0,8,1
5674,814,"第二十五回全国かるた競技東大阪大会 成績発表(B,C,D,E)",,C1,C,44,44,106,6,6,1,0,0,20,20,0,0,0,20,0,0,0,0,0,0,0,0,0,0,0,8,1
5675,814,"第二十五回全国かるた競技東大阪大会 成績発表(B,C,D,E)",,C2,C,45,45,107,6,6,1,0,0,19,19,0,0,0,19,0,0,0,0,0,0,0,0,0,0,0,8,1
5676,814,"第二十五回全国かるた競技東大阪大会 成績発表(B,C,D,E)",,C3,C,45,45,107,6,6,1,0,0,19,19,0,0,0,19,0,0,0,0,0,0,0,0,0,0,0,8,1
5677,814,"第二十五回全国かるた競技東大阪大会 成績発表(B,C,D,E)",,D1,D,48,48,110,6,6,1,0,0,16,16,0,0,0,16,0,0,0,0,0,0,0,0,0,0,0,8,1
5678,814,"第二十五回全国かるた競技東大阪大会 成績発表(B,C,D,E)",,D2,D,41,41,103,6,6,1,0,0,23,23,0,0,0,23,0,0,0,0,0,0,0,0,0,0,0,8,1
5679,814,"第二十五回全国かるた競技東大阪大会 成績発表(B,C,D,E)",,D3,D,48,48,110,6,6,1,0,0,16,16,0,0,0,16,0,0,0,0,0,0,0,0,0,0,0,8,1
5680,814,"第二十五回全国かるた競技東大阪大会 成績発表(B,C,D,E)",,D4,D,44,44,106,6,6,1,0,0,20,20,0,0,0,20,0,0,0,0,0,0,0,0,0,0,0,8,1
5681,814,"第二十五回全国かるた競技東大阪大会 成績発表(B,C,D,E)",,E1,E,16,16,30,4,4,1,0,0,0,0,0,0,0,0,0,0,0,0,0,0,0,0,0,0,0,8,1
5682,814,"第二十五回全国かるた競技東大阪大会 成績発表(B,C,D,E)",,E3,E,18,18,48,5,5,1,0,0,14,14,0,0,0,14,0,2,0,0,0,0,0,0,0,0,0,8,1
5683,814,"第二十五回全国かるた競技東大阪大会 成績発表(B,C,D,E)",,E4,E,22,22,52,5,5,1,0,0,10,10,0,0,0,10,0,0,0,0,0,0,0,0,0,0,0,8,1
5684,814,"第二十五回全国かるた競技東大阪大会 成績発表(B,C,D,E)",,E5,E,22,22,52,5,5,1,0,0,10,10,0,0,0,10,0,0,0,0,0,0,0,0,0,0,0,8,1
5685,814,"第二十五回全国かるた競技東大阪大会 成績発表(B,C,D,E)",,E6,E,16,16,30,4,4,1,0,0,0,0,0,0,0,0,0,0,0,0,0,0,0,0,0,0,0,8,1
5686,815,第33回全国選抜かるた大会,,A,A,81,81,217,7,7,1,0,1,48,48,0,0,0,57,0,0,0,1,0,0,0,0,0,0,0,8,0
5687,816,第47回全国競技かるた松山大会,,A,A,47,47,109,6,6,1,0,1,18,17,0,0,0,17,0,0,0,1,0,0,0,0,0,0,0,8,1
5688,816,第47回全国競技かるた松山大会,,B1,B,35,35,97,6,6,1,0,0,29,29,0,0,0,29,0,0,0,0,0,0,0,0,0,0,0,4,1
5689,816,第47回全国競技かるた松山大会,,B2,B,31,31,61,5,5,1,0,0,1,1,0,0,0,1,0,2,0,0,0,0,0,0,0,0,0,4,1
5690,816,第47回全国競技かるた松山大会,,C1,C,35,35,97,6,6,1,0,0,29,29,0,0,0,29,0,2,0,0,0,0,0,0,0,0,0,4,1
5691,816,第47回全国競技かるた松山大会,,C2,C,37,37,99,6,6,1,0,0,27,27,0,0,0,27,0,0,0,0,0,0,0,0,0,0,0,4,1
5692,816,第47回全国競技かるた松山大会,,D1,D,31,31,61,5,5,1,0,0,1,1,0,0,0,1,0,0,0,0,0,0,0,0,0,0,0,4,1
5693,816,第47回全国競技かるた松山大会,,D2,D,30,30,60,5,5,1,0,0,2,2,0,0,0,2,0,0,0,0,0,0,0,0,0,0,0,4,1
5694,816,第47回全国競技かるた松山大会,,D3,D,28,28,58,5,5,1,0,0,4,4,0,0,0,4,0,0,0,0,0,0,0,0,0,0,0,4,1
5695,816,第47回全国競技かるた松山大会,,D4,D,28,28,58,5,5,1,0,0,4,4,0,0,0,4,0,0,0,0,0,0,0,0,0,0,0,4,1
5696,816,第47回全国競技かるた松山大会,,D5,D,26,26,56,5,5,1,0,0,6,6,0,0,0,6,0,0,0,0,0,0,0,0,0,0,0,4,1
5697,816,第47回全国競技かるた松山大会,,D6,D,30,30,60,5,5,1,0,0,2,2,0,0,0,2,0,0,0,0,0,0,0,0,0,0,0,4,1
5698,816,第47回全国競技かるた松山大会,,ねんりん級,,6,6,12,2,2,1,0,0,0,0,0,0,0,0,0,0,0,0,0,0,0,0,0,0,0,4,0
5699,816,第47回全国競技かるた松山大会,,小学生級,,26,26,56,5,5,1,0,0,6,6,0,0,0,6,0,0,0,0,0,0,0,0,0,0,0,4,1
5700,817,第48回全国小・中学生競技かるた選手権大会,2018-03-25,中学３年級,,30,30,60,5,5,1,0,0,2,2,0,0,0,2,0,0,0,0,0,0,0,0,0,0,0,8,1
5701,817,第48回全国小・中学生競技かるた選手権大会,2018-03-25,中学２年級,,60,60,122,6,6,1,0,0,4,4,0,0,0,4,0,0,0,0,0,0,0,0,0,0,0,8,1
5702,817,第48回全国小・中学生競技かるた選手権大会,2018-03-25,中学１年級,,73,73,199,7,7,1,0,0,55,55,0,0,0,55,0,0,0,0,0,0,0,0,0,0,0,8,1
5703,817,第48回全国小・中学生競技かるた選手権大会,2018-03-25,小学６年級,,70,70,196,7,7,1,0,0,58,58,0,0,0,58,0,2,0,0,0,0,0,0,0,0,0,8,1
5704,817,第48回全国小・中学生競技かるた選手権大会,2018-03-25,小学５年級,,77,77,203,7,7,1,0,0,51,51,0,0,0,53,0,0,0,0,0,0,0,0,0,0,0,8,1
5705,817,第48回全国小・中学生競技かるた選手権大会,2018-03-25,小学４年級,,69,69,195,7,7,1,0,0,59,59,0,0,0,59,0,0,0,0,0,0,0,0,0,0,0,8,1
5706,817,第48回全国小・中学生競技かるた選手権大会,2018-03-25,小学３年級,,44,44,106,6,6,1,0,0,20,20,0,0,0,20,0,0,0,0,0,0,0,0,0,0,0,8,1
5707,817,第48回全国小・中学生競技かるた選手権大会,2018-03-25,小学２年以下級,,36,36,98,6,6,1,0,0,28,28,0,0,0,28,0,0,0,0,0,0,0,0,0,0,0,8,1
5708,818,第38回全国競技かるた鹿児島大会,,A,A,53,53,115,6,6,1,0,0,11,11,0,0,0,11,0,0,0,0,0,0,0,0,0,0,0,8,1
5709,818,第38回全国競技かるた鹿児島大会,,B,B,85,85,209,6,6,1,0,0,43,43,0,0,0,43,0,0,0,0,0,0,0,0,0,0,0,16,0
5710,818,第38回全国競技かるた鹿児島大会,,C,C,103,103,227,6,6,1,0,0,25,25,0,0,0,27,0,0,0,0,0,0,0,0,0,0,0,16,0
5711,818,第38回全国競技かるた鹿児島大会,,D,D,113,113,233,5,5,1,0,0,15,15,0,0,0,15,0,0,0,0,0,0,0,0,0,0,0,32,0
5712,818,第38回全国競技かるた鹿児島大会,,E,E,71,71,161,5,5,1,0,0,25,25,0,0,0,27,0,0,0,0,0,0,0,0,0,0,0,24,0
5713,819,"第64回新春全国競技かるた大会(A,B)",,A,A,128,128,254,7,7,1,0,0,0,0,0,0,0,0,0,0,0,0,0,0,0,0,0,0,0,8,1
5714,819,"第64回新春全国競技かるた大会(A,B)",,B1,B,88,88,214,7,7,1,0,0,40,40,0,0,0,40,0,0,0,0,0,0,0,0,0,0,0,8,1
5715,819,"第64回新春全国競技かるた大会(A,B)",,B2,B,87,87,213,7,7,1,0,0,41,41,0,0,0,41,0,0,0,0,0,0,0,0,0,0,0,8,1
5716,819,"第64回新春全国競技かるた大会(A,B)",,B3,B,89,89,215,7,7,1,0,0,39,39,0,0,0,39,0,0,0,0,0,0,0,0,0,0,0,8,1
5717,820,第47回 全国競技かるた大分大会結果表,2019-03-10,A,A,71,71,198,7,7,1,0,1,58,1,0,0,0,57,0,0,0,0,0,0,0,0,0,0,0,0,0
5718,820,第47回 全国競技かるた大分大会結果表,2019-03-10,B,B,114,114,238,6,6,1,0,1,15,0,0,0,0,14,0,0,0,1,0,0,0,0,0,0,0,0,0
5719,820,第47回 全国競技かるた大分大会結果表,2019-03-10,C,C,131,131,287,6,6,1,0,1,32,0,0,0,0,32,0,1,0,1,0,0,0,0,0,0,0,0,0
5720,821,第34回全国選抜かるた大会,,A,A,71,71,207,7,7,1,0,0,57,57,0,0,0,61,0,0,0,0,0,0,0,0,0,0,0,8,0
5721,822,第49回全国小・中学生競技かるた選手権大会,2019-03-24,中学３年級,,46,46,108,6,6,1,0,0,18,18,0,0,0,18,0,0,0,0,0,0,0,0,0,0,0,8,1
5722,822,第49回全国小・中学生競技かるた選手権大会,2019-03-24,中学２年級,,74,74,200,7,7,1,0,0,54,54,0,0,0,54,0,2,0,0,0,0,0,0,0,0,0,8,1
5723,822,第49回全国小・中学生競技かるた選手権大会,2019-03-24,中学１年級,,87,87,213,7,7,1,0,0,41,41,0,0,0,41,0,4,0,0,0,0,0,0,0,0,0,8,1
5724,822,第49回全国小・中学生競技かるた選手権大会,2019-03-24,小学６年級,,89,89,215,7,7,1,0,0,39,39,0,0,0,39,0,2,0,0,0,0,0,0,0,0,0,8,1
5725,822,第49回全国小・中学生競技かるた選手権大会,2019-03-24,小学５年級,,79,79,205,7,7,1,0,1,50,50,0,0,0,49,0,4,0,1,0,0,0,0,0,0,0,8,1
5726,822,第49回全国小・中学生競技かるた選手権大会,2019-03-24,小学４年級,,70,70,196,7,7,1,0,1,59,59,0,0,0,58,0,2,0,1,0,0,0,0,0,0,0,8,1
5727,822,第49回全国小・中学生競技かるた選手権大会,2019-03-24,小学３年級,,45,45,107,6,6,1,0,0,19,19,0,0,0,19,0,0,0,0,0,0,0,0,0,0,0,8,1
5728,822,第49回全国小・中学生競技かるた選手権大会,2019-03-24,小学２年以下級,,38,38,100,6,6,1,0,0,26,26,0,0,0,26,0,0,0,0,0,0,0,0,0,0,0,8,1
5729,823,"第77回全国競技かるた桑名大会(C,E)",,C1,C,47,47,109,6,6,1,0,0,17,17,0,0,0,17,0,0,0,0,0,0,0,0,0,0,0,8,1
5730,823,"第77回全国競技かるた桑名大会(C,E)",,C2,C,50,50,112,6,6,1,0,0,14,14,0,0,0,14,0,0,0,0,0,0,0,0,0,0,0,8,1
5731,823,"第77回全国競技かるた桑名大会(C,E)",,C3,C,47,47,109,6,6,1,0,0,17,17,0,0,0,17,0,0,0,0,0,0,0,0,0,0,0,8,1
5732,823,"第77回全国競技かるた桑名大会(C,E)",,C4,C,49,49,111,6,6,1,0,0,15,15,0,0,0,15,0,0,0,0,0,0,0,0,0,0,0,8,1
5733,823,"第77回全国競技かるた桑名大会(C,E)",,E1,E,16,16,30,4,4,1,0,0,0,0,0,0,0,0,0,4,0,0,0,0,0,0,0,0,0,4,1
5734,823,"第77回全国競技かるた桑名大会(C,E)",,E2,E,16,16,30,4,4,1,0,0,0,0,0,0,0,0,0,0,0,0,0,0,0,0,0,0,0,4,1
5735,823,"第77回全国競技かるた桑名大会(C,E)",,E3,E,16,16,30,4,4,1,0,0,0,0,0,0,0,0,0,0,0,0,0,0,0,0,0,0,0,4,1
5736,823,"第77回全国競技かるた桑名大会(C,E)",,E4,E,16,16,30,4,4,1,0,0,0,0,0,0,0,0,0,0,0,0,0,0,0,0,0,0,0,4,1
5737,823,"第77回全国競技かるた桑名大会(C,E)",,E5,E,16,16,30,4,4,1,0,0,0,0,0,0,0,0,0,0,0,0,0,0,0,0,0,0,0,4,1
5738,823,"第77回全国競技かるた桑名大会(C,E)",,E6,E,16,16,30,4,4,1,0,0,0,0,0,0,0,0,0,0,0,0,0,0,0,0,0,0,0,4,1
5739,823,"第77回全国競技かるた桑名大会(C,E)",,E7,E,16,16,30,4,4,1,0,0,0,0,0,0,0,0,0,2,0,0,0,0,0,0,0,0,0,4,1
5740,823,"第77回全国競技かるた桑名大会(C,E)",,E8,E,15,15,29,4,4,1,0,0,1,1,0,0,0,1,0,0,0,0,0,0,0,0,0,0,0,4,1
5741,823,"第77回全国競技かるた桑名大会(C,E)",,E9,E,14,14,28,4,4,1,0,0,2,2,0,0,0,2,0,0,0,0,0,0,0,0,0,0,0,4,1
5742,823,"第77回全国競技かるた桑名大会(C,E)",,もみじの部,,2,2,6,3,3,1,0,0,0,0,0,0,0,1,0,1,0,0,0,0,0,0,0,0,0,2,0
5743,824,第31回全国かるた競技東大阪大会,2019-02-24,B1,B,79,79,205,7,7,1,0,0,49,49,0,0,0,49,0,0,0,0,0,0,0,0,0,0,0,8,1
5744,824,第31回全国かるた競技東大阪大会,2019-02-24,B2,B,78,78,204,7,7,1,0,0,50,50,0,0,0,50,0,0,0,0,0,0,0,0,0,0,0,8,1
5745,824,第31回全国かるた競技東大阪大会,2019-02-24,C1,C,40,40,102,6,6,1,0,0,24,24,0,0,0,24,0,0,0,0,0,0,0,0,0,0,0,8,1
5746,824,第31回全国かるた競技東大阪大会,2019-02-24,C2,C,40,40,102,6,6,1,0,0,24,24,0,0,0,24,0,0,0,0,0,0,0,0,0,0,0,8,1
5747,824,第31回全国かるた競技東大阪大会,2019-02-24,C3,C,39,39,101,6,6,1,0,0,25,25,0,0,0,25,0,0,0,0,0,0,0,0,0,0,0,8,1
5748,824,第31回全国かるた競技東大阪大会,2019-02-24,C4,C,38,38,100,6,6,1,0,0,26,26,0,0,0,28,0,0,0,0,0,0,0,0,0,0,0,7,1
5749,824,第31回全国かるた競技東大阪大会,2019-02-24,D1,D,40,40,101,6,6,1,0,0,23,23,0,0,0,23,0,0,0,0,0,0,0,0,0,0,0,8,1
5750,824,第31回全国かるた競技東大阪大会,2019-02-24,D2,D,40,40,102,6,6,1,0,0,24,24,0,0,0,24,0,0,0,0,0,0,0,0,0,0,0,8,1
5751,824,第31回全国かるた競技東大阪大会,2019-02-24,D3,D,41,41,103,6,6,1,0,0,23,23,0,0,0,23,0,0,0,0,0,0,0,0,0,0,0,8,1
5752,824,第31回全国かるた競技東大阪大会,2019-02-24,D4,D,37,37,99,6,6,1,0,0,27,27,0,0,0,27,0,0,0,0,0,0,0,0,0,0,0,8,1
5753,824,第31回全国かるた競技東大阪大会,2019-02-24,D5,D,37,37,99,6,6,1,0,0,27,27,0,0,0,27,0,0,0,0,0,0,0,0,0,0,0,8,1
5754,824,第31回全国かるた競技東大阪大会,2019-02-24,D6,D,38,38,100,6,6,1,0,0,26,26,0,0,0,26,0,0,0,0,0,0,0,0,0,0,0,8,1
5755,824,第31回全国かるた競技東大阪大会,2019-02-24,E1,E,18,18,48,5,5,1,0,0,14,14,0,0,0,14,0,0,0,0,0,0,0,0,0,0,0,8,1
5756,824,第31回全国かるた競技東大阪大会,2019-02-24,E3,E,18,18,48,5,5,1,0,0,14,14,0,0,0,14,0,0,0,0,0,0,0,0,0,0,0,8,1
5757,824,第31回全国かるた競技東大阪大会,2019-02-24,E4,E,28,28,58,5,5,1,0,0,4,4,0,0,0,4,0,2,0,0,0,0,0,0,0,0,0,8,1
5758,824,第31回全国かるた競技東大阪大会,2019-02-24,E5,E,25,25,55,5,5,1,0,0,7,7,0,0,0,7,0,0,0,0,0,0,0,0,0,0,0,8,1
5759,824,第31回全国かるた競技東大阪大会,2019-02-24,E6,E,18,18,48,5,5,1,0,0,14,14,0,0,0,14,0,0,0,0,0,0,0,0,0,0,0,8,1
5760,825,"第49回太宰府小倉百人一首競技かるた大会(A,B)",,A,A,95,95,221,7,7,1,0,0,33,33,0,0,0,35,0,0,0,0,0,0,0,0,0,0,0,8,1
5761,825,"第49回太宰府小倉百人一首競技かるた大会(A,B)",,B,B,124,124,248,6,6,1,0,0,4,4,0,0,0,4,0,0,0,0,0,0,0,0,0,0,0,16,0
5762,826,第49回全国競技かるた太宰府大会の結果について(大会報告),2019-01-20,A,A,95,95,221,7,7,1,0,0,33,33,0,0,0,33,0,2,0,0,0,0,0,0,0,0,0,8,1
5763,826,第49回全国競技かるた太宰府大会の結果について(大会報告),2019-01-20,B,B,124,124,248,6,6,1,0,0,4,4,0,0,0,4,0,0,0,0,0,0,0,0,0,0,0,16,0
5764,826,第49回全国競技かるた太宰府大会の結果について(大会報告),2019-01-20,C,C,125,125,249,6,6,1,0,0,3,3,0,0,0,5,0,0,0,0,0,0,0,0,0,0,0,16,0
5765,826,第49回全国競技かるた太宰府大会の結果について(大会報告),2019-01-20,D,D,211,211,421,5,5,1,0,0,13,13,0,0,0,15,0,0,0,0,0,0,0,0,0,0,0,56,0
5766,826,第49回全国競技かるた太宰府大会の結果について(大会報告),2019-01-20,E,E,86,86,176,5,5,1,0,0,10,10,0,0,0,12,0,0,0,0,0,0,0,0,0,0,0,24,0
5767,827,第32回 全国競技かるた小学生選手権大会 結果報告表,,6年生級,,33,33,95,6,6,1,0,0,31,31,0,0,0,31,0,0,0,0,0,0,0,0,0,0,0,8,1
5768,827,第32回 全国競技かるた小学生選手権大会 結果報告表,,5年生級,,18,18,48,5,5,1,0,0,14,14,0,0,0,14,0,0,0,0,0,0,0,0,0,0,0,8,1
5769,827,第32回 全国競技かるた小学生選手権大会 結果報告表,,4年生以下級,,16,16,30,4,4,1,0,0,0,0,0,0,0,0,0,0,0,0,0,0,0,0,0,0,0,8,1
5770,828,第49回太宰府小倉百人一首競技かるた大会(他),,Sheet1,,86,86,176,5,5,1,0,0,10,10,0,0,0,12,0,0,0,0,0,0,0,0,0,0,0,24,0
5771,829,第100回全国競技かるた横浜大会(E級),2019-03-30,E1,E,52,52,114,6,6,1,0,0,12,12,0,0,0,12,0,0,0,0,0,0,0,0,0,0,0,4,1
5772,829,第100回全国競技かるた横浜大会(E級),2019-03-30,E2,E,50,50,112,6,6,1,0,0,14,14,0,0,0,16,0,0,0,0,0,0,0,0,0,0,0,4,1
5773,829,第100回全国競技かるた横浜大会(E級),2019-03-30,E3,E,52,52,114,6,6,1,0,0,12,12,0,0,0,12,0,0,0,0,0,0,0,0,0,0,0,4,1
5774,829,第100回全国競技かるた横浜大会(E級),2019-03-30,E4,E,51,51,113,6,6,1,0,0,13,13,0,0,0,13,0,0,0,0,0,0,0,0,0,0,0,4,1
5775,829,第100回全国競技かるた横浜大会(E級),2019-03-30,E5,E,52,52,114,6,6,1,0,0,12,12,0,0,0,12,0,0,0,0,0,0,0,0,0,0,0,4,1
5776,829,第100回全国競技かるた横浜大会(E級),2019-03-30,E6,E,52,52,114,6,6,1,0,0,12,12,0,0,0,12,0,0,0,0,0,0,0,0,0,0,0,4,1
5777,829,第100回全国競技かるた横浜大会(E級),2019-03-30,E7,E,51,51,113,6,6,1,0,0,13,13,0,0,0,13,0,2,0,0,0,0,0,0,0,0,0,4,1
5778,829,第100回全国競技かるた横浜大会(E級),2019-03-30,E8,E,50,50,112,6,6,1,0,0,14,14,0,0,0,16,0,0,0,0,0,0,0,0,0,0,0,4,1
5779,830,第41回全国高等学校小倉百人一首かるた選手権大会(個人戦の部),,Entry,E,596,596,1343,7,7,1,0,7,176,169,0,0,0,171,0,4,0,5,0,0,0,0,0,0,0,0,0
5780,831,第66期名人戦東日本予選,2019-10-20,名人位の部級,,30,30,60,5,5,1,0,0,2,2,0,0,0,2,0,0,0,0,0,0,0,0,0,0,0,8,1
5781,1529,第64期クイーン戦東日本予選,2019-10-20,クイーン位の部級,,31,31,61,5,5,1,0,0,1,1,0,0,0,1,0,0,0,0,0,0,0,0,0,0,0,8,1
5782,832,第66期名人戦西日本予選,2019-10-20,名人位級,,31,31,61,5,5,1,0,0,1,1,0,0,0,1,0,0,0,0,0,0,0,0,0,0,0,8,1
5783,1530,第64期クイーン戦西日本予選,2019-10-20,クイーン位級,,29,29,59,5,5,1,0,0,3,3,0,0,0,3,0,0,0,0,0,0,0,0,0,0,0,8,1
5784,833,第16回全国競技かるた兵庫大会,2019-04-29,A,A,125,125,251,7,7,1,0,248,248,0,0,0,0,0,0,3,0,3,0,0,0,0,0,0,0,8,1
5785,833,第16回全国競技かるた兵庫大会,2019-04-29,B,B,109,109,453,10,10,1,0,239,239,1,0,0,0,0,0,39,0,6,0,1,0,0,0,0,0,8,0
5786,833,第16回全国競技かるた兵庫大会,2019-04-29,C,C,149,149,543,10,10,1,0,259,259,13,0,0,0,0,0,73,0,8,0,1,0,0,0,0,0,12,0
5787,833,第16回全国競技かるた兵庫大会,2019-04-29,D,D,407,407,794,6,6,1,0,0,0,0,0,0,0,6,0,57,0,0,0,1,0,0,0,0,0,40,0
5788,833,第16回全国競技かるた兵庫大会,2019-04-29,E,E,121,121,467,10,10,1,0,236,236,2,0,0,0,0,0,43,0,9,0,1,0,0,0,0,0,16,0
5789,834,"第7回奥の細道むすびの地全国競技かるた大垣大会(B,C)",,B1,B,48,48,110,6,6,1,0,0,16,16,0,0,0,16,0,0,0,0,0,0,0,0,0,0,0,0,1
5790,834,"第7回奥の細道むすびの地全国競技かるた大垣大会(B,C)",,B2,B,52,52,114,6,6,1,0,0,12,12,0,0,0,12,0,0,0,0,0,0,0,0,0,0,0,0,1
5791,834,"第7回奥の細道むすびの地全国競技かるた大垣大会(B,C)",,B3,B,50,50,112,6,6,1,0,0,14,14,0,0,0,14,0,2,0,0,0,0,0,0,0,0,0,0,1
5792,834,"第7回奥の細道むすびの地全国競技かるた大垣大会(B,C)",,B4,B,52,52,114,6,6,1,0,0,12,12,0,0,0,12,0,0,0,0,0,0,0,0,0,0,0,0,1
5793,834,"第7回奥の細道むすびの地全国競技かるた大垣大会(B,C)",,C1,C,49,49,111,6,6,1,0,0,15,15,0,0,0,15,0,0,0,0,0,0,0,0,0,0,0,0,1
5794,834,"第7回奥の細道むすびの地全国競技かるた大垣大会(B,C)",,C2,C,52,52,114,6,6,1,0,0,12,12,0,0,0,12,0,0,0,0,0,0,0,0,0,0,0,0,1
5795,834,"第7回奥の細道むすびの地全国競技かるた大垣大会(B,C)",,C3,C,50,50,112,6,6,1,0,0,14,14,0,0,0,14,0,0,0,0,0,0,0,0,0,0,0,0,1
5796,834,"第7回奥の細道むすびの地全国競技かるた大垣大会(B,C)",,C4,C,52,52,114,6,6,1,0,0,12,12,0,0,0,12,0,0,0,0,0,0,0,0,0,0,0,0,1
5797,834,"第7回奥の細道むすびの地全国競技かるた大垣大会(B,C)",,C5,C,48,48,110,6,6,1,0,0,16,16,0,0,0,16,0,0,0,0,0,0,0,0,0,0,0,0,1
5798,835,"第7回奥の細道むすびの地全国競技かるた大垣大会(A,D,E)",,A級,A,95,95,221,7,7,1,0,0,33,33,0,0,0,33,0,0,0,0,0,0,0,0,0,0,0,0,1
5799,835,"第7回奥の細道むすびの地全国競技かるた大垣大会(A,D,E)",,D1,D,30,30,60,5,5,1,0,0,2,2,0,0,0,2,0,0,0,0,0,0,0,0,0,0,0,0,1
5800,835,"第7回奥の細道むすびの地全国競技かるた大垣大会(A,D,E)",,D2,D,29,29,59,5,5,1,0,0,3,3,0,0,0,3,0,2,0,0,0,0,0,0,0,0,0,0,1
5801,835,"第7回奥の細道むすびの地全国競技かるた大垣大会(A,D,E)",,D3,D,30,30,60,5,5,1,0,0,2,2,0,0,0,2,0,0,0,0,0,0,0,0,0,0,0,0,1
5802,835,"第7回奥の細道むすびの地全国競技かるた大垣大会(A,D,E)",,D4,D,30,30,60,5,5,1,0,0,2,2,0,0,0,2,0,0,0,0,0,0,0,0,0,0,0,0,1
5803,835,"第7回奥の細道むすびの地全国競技かるた大垣大会(A,D,E)",,D5,D,29,29,59,5,5,1,0,0,3,3,0,0,0,3,0,0,0,0,0,0,0,0,0,0,0,0,1
5804,835,"第7回奥の細道むすびの地全国競技かるた大垣大会(A,D,E)",,D6,D,31,31,61,5,5,1,0,0,1,1,0,0,0,1,0,0,0,0,0,0,0,0,0,0,0,0,1
5805,835,"第7回奥の細道むすびの地全国競技かるた大垣大会(A,D,E)",,D7,D,31,31,61,5,5,1,0,0,1,1,0,0,0,1,0,0,0,0,0,0,0,0,0,0,0,0,1
5806,835,"第7回奥の細道むすびの地全国競技かるた大垣大会(A,D,E)",,D8,D,29,29,59,5,5,1,0,0,3,3,0,0,0,3,0,0,0,0,0,0,0,0,0,0,0,0,1
5807,835,"第7回奥の細道むすびの地全国競技かるた大垣大会(A,D,E)",,D9,D,30,30,60,5,5,1,0,0,2,2,0,0,0,2,0,0,0,0,0,0,0,0,0,0,0,0,1
5808,835,"第7回奥の細道むすびの地全国競技かるた大垣大会(A,D,E)",,D10,D,29,29,59,5,5,1,0,0,3,3,0,0,0,5,0,0,0,0,0,0,0,0,0,0,0,0,1
5809,835,"第7回奥の細道むすびの地全国競技かるた大垣大会(A,D,E)",,D11,D,28,28,58,5,5,1,0,0,4,4,0,0,0,4,0,0,0,0,0,0,0,0,0,0,0,0,1
5810,835,"第7回奥の細道むすびの地全国競技かるた大垣大会(A,D,E)",,D12,D,30,30,60,5,5,1,0,0,2,2,0,0,0,2,0,0,0,0,0,0,0,0,0,0,0,0,1
5811,835,"第7回奥の細道むすびの地全国競技かるた大垣大会(A,D,E)",,D13,D,30,30,60,5,5,1,0,0,2,2,0,0,0,2,0,0,0,0,0,0,0,0,0,0,0,0,1
5812,835,"第7回奥の細道むすびの地全国競技かるた大垣大会(A,D,E)",,E1,E,15,15,29,4,4,1,0,0,1,1,0,0,0,3,0,0,0,0,0,0,0,0,0,0,0,0,1
5813,835,"第7回奥の細道むすびの地全国競技かるた大垣大会(A,D,E)",,E2,E,15,15,29,4,4,1,0,0,1,1,0,0,0,1,0,2,0,0,0,0,0,0,0,0,0,0,1
5814,835,"第7回奥の細道むすびの地全国競技かるた大垣大会(A,D,E)",,E3,E,15,15,29,4,4,1,0,0,1,1,0,0,0,1,0,0,0,0,0,0,0,0,0,0,0,0,1
5815,835,"第7回奥の細道むすびの地全国競技かるた大垣大会(A,D,E)",,E4,E,14,14,28,4,4,1,0,0,2,2,0,0,0,2,0,0,0,0,0,0,0,0,0,0,0,0,1
5816,835,"第7回奥の細道むすびの地全国競技かるた大垣大会(A,D,E)",,E5,E,16,16,30,4,4,1,0,0,0,0,0,0,0,0,0,0,0,0,0,0,0,0,0,0,0,0,1
5817,835,"第7回奥の細道むすびの地全国競技かるた大垣大会(A,D,E)",,E6,E,15,15,29,4,4,1,0,0,1,1,0,0,0,1,0,0,0,0,0,0,0,0,0,0,0,0,1
5818,835,"第7回奥の細道むすびの地全国競技かるた大垣大会(A,D,E)",,E7,E,16,16,30,4,4,1,0,0,0,0,0,0,0,0,0,0,0,0,0,0,0,0,0,0,0,0,1
5819,835,"第7回奥の細道むすびの地全国競技かるた大垣大会(A,D,E)",,E8,E,15,15,29,4,4,1,0,0,1,1,0,0,0,1,0,0,0,0,0,0,0,0,0,0,0,0,1
5820,835,"第7回奥の細道むすびの地全国競技かるた大垣大会(A,D,E)",,E9,E,15,15,29,4,4,1,0,0,1,1,0,0,0,1,0,0,0,0,0,0,0,0,0,0,0,0,1
5821,835,"第7回奥の細道むすびの地全国競技かるた大垣大会(A,D,E)",,E10,E,13,13,27,4,4,1,0,0,3,3,0,0,0,3,0,0,0,0,0,0,0,0,0,0,0,0,1
5822,835,"第7回奥の細道むすびの地全国競技かるた大垣大会(A,D,E)",,E11,E,14,14,28,4,4,1,0,0,2,2,0,0,0,2,0,2,0,0,0,0,0,0,0,0,0,0,1
5823,835,"第7回奥の細道むすびの地全国競技かるた大垣大会(A,D,E)",,E12,E,15,15,29,4,4,1,0,0,1,1,0,0,0,1,0,0,0,0,0,0,0,0,0,0,0,0,1
5824,836,"第83回椿杯争奪全国競技かるた大会(A,B,C)",,A,A,85,85,211,7,7,1,0,0,43,43,0,0,0,51,0,2,0,0,0,0,0,0,0,0,0,8,1
5825,836,"第83回椿杯争奪全国競技かるた大会(A,B,C)",,B1,B,58,58,120,6,6,1,0,0,6,6,0,0,0,6,0,0,0,0,0,0,0,0,0,0,0,8,1
5826,836,"第83回椿杯争奪全国競技かるた大会(A,B,C)",,B2,B,57,57,119,6,6,1,0,0,7,7,0,0,0,11,0,0,0,0,0,0,0,0,0,0,0,8,1
5827,836,"第83回椿杯争奪全国競技かるた大会(A,B,C)",,C1,C,59,59,121,6,6,1,0,0,5,5,0,0,0,9,0,0,0,0,0,0,0,0,0,0,0,8,1
5828,836,"第83回椿杯争奪全国競技かるた大会(A,B,C)",,C2,C,58,58,120,6,6,1,0,0,6,6,0,0,0,18,0,0,0,0,0,0,0,0,0,0,0,8,1
5829,837,第92回全国競技かるた学生選手権大会(DE級),2019-08-24,D1,D,62,62,124,6,6,1,0,0,2,2,0,0,0,2,0,0,0,0,0,0,0,0,0,0,0,8,1
5830,837,第92回全国競技かるた学生選手権大会(DE級),2019-08-24,D2,D,63,63,125,6,6,1,0,0,1,1,0,0,0,1,0,0,0,0,0,0,0,0,0,0,0,8,1
5831,837,第92回全国競技かるた学生選手権大会(DE級),2019-08-24,D3,D,63,63,125,6,6,1,0,0,1,1,0,0,0,1,0,0,0,0,0,0,0,0,0,0,0,7,1
5832,837,第92回全国競技かるた学生選手権大会(DE級),2019-08-24,D4,D,62,62,124,6,6,1,0,0,2,2,0,0,0,2,0,0,0,0,0,0,0,0,0,0,0,8,1
5833,837,第92回全国競技かるた学生選手権大会(DE級),2019-08-24,D5,D,61,61,123,6,6,1,0,0,3,3,0,0,0,5,0,0,0,0,0,0,0,0,0,0,0,8,1
5834,837,第92回全国競技かるた学生選手権大会(DE級),2019-08-24,D6,D,63,63,125,6,6,1,0,0,1,1,0,0,0,1,0,0,0,0,0,0,0,0,0,0,0,8,1
5835,837,第92回全国競技かるた学生選手権大会(DE級),2019-08-24,D7,D,64,64,126,6,6,1,0,0,0,0,0,0,0,0,0,0,0,0,0,0,0,0,0,0,0,8,1
5836,837,第92回全国競技かるた学生選手権大会(DE級),2019-08-24,D8,D,63,63,125,6,6,1,0,0,1,1,0,0,0,5,0,0,0,0,0,0,0,0,0,0,0,8,1
5837,838,第2回全国競技かるた秋田大会,2019-09-01,A,A,38,38,100,6,6,1,0,0,26,26,0,0,0,26,0,0,0,0,0,0,0,0,0,0,0,8,1
5838,838,第2回全国競技かるた秋田大会,2019-09-01,B1,B,36,36,84,6,6,1,0,0,14,14,0,0,0,14,0,0,0,0,0,0,0,0,0,0,0,8,1
5839,838,第2回全国競技かるた秋田大会,2019-09-01,B2,B,34,34,81,6,6,1,0,0,15,15,0,0,0,17,0,0,0,0,0,0,0,0,0,0,0,8,1
5840,838,第2回全国競技かるた秋田大会,2019-09-01,C,C,56,56,118,6,6,1,0,0,8,8,0,0,0,8,0,0,0,0,0,0,0,0,0,0,0,8,1
5841,838,第2回全国競技かるた秋田大会,2019-09-01,D1,D,27,27,57,5,5,1,0,0,5,5,0,0,0,5,0,0,0,0,0,0,0,0,0,0,0,8,1
5842,838,第2回全国競技かるた秋田大会,2019-09-01,D2,D,25,25,55,5,5,1,0,0,7,7,0,0,0,7,0,0,0,0,0,0,0,0,0,0,0,8,1
5843,838,第2回全国競技かるた秋田大会,2019-09-01,D3,D,25,25,55,5,5,1,0,0,7,7,0,0,0,7,0,0,0,0,0,0,0,0,0,0,0,8,1
5844,838,第2回全国競技かるた秋田大会,2019-09-01,E1,E,19,19,49,5,5,1,0,0,13,13,0,0,0,13,0,0,0,0,0,0,0,0,0,0,0,8,1
5845,838,第2回全国競技かるた秋田大会,2019-09-01,E2,E,18,18,48,5,5,1,0,0,14,14,0,0,0,14,0,0,0,0,0,0,0,0,0,0,0,8,1
5846,838,第2回全国競技かるた秋田大会,2019-09-01,E3,E,19,19,49,5,5,1,0,0,13,13,0,0,0,13,0,0,0,0,0,0,0,0,0,0,0,8,1
5847,839,第27回全国競技かるた多摩大会,2019-10-14,Ｆ級,,86,86,335,4,4,1,0,0,3,3,0,0,0,3,0,2,0,0,0,0,0,0,0,0,0,0,0
5848,839,第27回全国競技かるた多摩大会,2019-10-14,シニア,,4,4,12,3,3,1,0,0,0,0,0,0,0,0,0,2,0,0,0,0,0,0,0,0,0,0,0
5851,840,第3回全国競技かるた札幌大会,2019-10-14,A,A,19,19,49,5,5,1,0,0,13,13,0,0,0,15,0,0,0,0,0,0,0,0,0,0,0,8,1
5852,840,第3回全国競技かるた札幌大会,2019-10-14,B,B,24,24,54,5,5,1,0,0,8,8,0,0,0,8,0,0,0,0,0,0,0,0,0,0,0,8,1
5853,840,第3回全国競技かるた札幌大会,2019-10-14,C,C,35,35,97,6,6,1,0,0,29,29,0,0,0,31,0,0,0,0,0,0,0,0,0,0,0,8,1
5854,840,第3回全国競技かるた札幌大会,2019-10-14,D１級,D,24,24,54,5,5,1,0,0,8,8,0,0,0,8,0,0,0,0,0,0,0,0,0,0,0,8,1
5855,840,第3回全国競技かるた札幌大会,2019-10-14,D２級,D,28,28,58,5,5,1,0,0,4,4,0,0,0,4,0,0,0,0,0,0,0,0,0,0,0,8,1
5856,840,第3回全国競技かるた札幌大会,2019-10-14,E１級,E,21,21,51,5,5,1,0,0,11,11,0,0,0,11,0,0,0,0,0,0,0,0,0,0,0,8,1
5857,840,第3回全国競技かるた札幌大会,2019-10-14,E２級,E,19,19,49,5,5,1,0,0,13,13,0,0,0,13,0,0,0,0,0,0,0,0,0,0,0,8,1
5858,841,第42回 全国小・中学生競技かるた選手権福井大会 結果報告表,2019-11-10,小学1年生以下級,,12,12,26,4,4,1,0,0,4,4,0,0,0,4,0,0,0,0,0,0,0,0,0,0,0,8,1
5859,841,第42回 全国小・中学生競技かるた選手権福井大会 結果報告表,2019-11-10,小学2年生級,,17,17,47,5,5,1,0,0,15,15,0,0,0,15,0,0,0,0,0,0,0,0,0,0,0,8,1
5860,841,第42回 全国小・中学生競技かるた選手権福井大会 結果報告表,2019-11-10,小学3年生級,,25,25,55,5,5,1,0,0,7,7,0,0,0,7,0,0,0,0,0,0,0,0,0,0,0,8,1
5861,841,第42回 全国小・中学生競技かるた選手権福井大会 結果報告表,2019-11-10,小学4年生級,,41,41,103,6,6,1,0,0,23,23,0,0,0,23,0,2,0,0,0,0,0,0,0,0,0,8,1
5862,841,第42回 全国小・中学生競技かるた選手権福井大会 結果報告表,2019-11-10,小学5年生級,,60,60,122,6,6,1,0,0,4,4,0,0,0,4,0,0,0,0,0,0,0,0,0,0,0,8,1
5863,841,第42回 全国小・中学生競技かるた選手権福井大会 結果報告表,2019-11-10,小学6年生級,,41,41,103,6,6,1,0,0,23,23,0,0,0,23,0,0,0,0,0,0,0,0,0,0,0,8,1
5864,841,第42回 全国小・中学生競技かるた選手権福井大会 結果報告表,2019-11-10,中学生級,,53,53,115,6,6,1,0,0,11,11,0,0,0,11,0,0,0,0,0,0,0,0,0,0,0,8,1
5865,841,第42回 全国小・中学生競技かるた選手権福井大会 結果報告表,2019-11-10,高校生級,,6,6,12,3,3,1,0,0,2,2,0,0,0,2,0,0,0,0,0,0,0,0,0,0,0,4,1
5866,842,第21回愛知大会(B級),2019-12-08,B1,B,51,51,113,6,6,1,0,0,13,13,0,0,0,13,0,0,0,0,0,0,0,0,0,0,0,0,1
5867,842,第21回愛知大会(B級),2019-12-08,B2,B,53,53,115,6,6,1,0,0,11,11,0,0,0,11,0,0,0,0,0,0,0,0,0,0,0,0,1
5868,842,第21回愛知大会(B級),2019-12-08,B3,B,50,50,112,6,6,1,0,1,15,14,0,0,0,14,0,0,0,1,0,0,0,0,0,0,0,0,1
5869,843,第21回愛知大会(CE級),2019-06-01,C1,C,56,56,118,6,6,1,0,0,8,8,0,0,0,8,0,0,0,0,0,0,0,0,0,0,0,4,1
5870,843,第21回愛知大会(CE級),2019-06-01,C2,C,48,48,110,6,6,1,0,0,16,16,0,0,0,16,0,0,0,0,0,0,0,0,0,0,0,4,1
5871,843,第21回愛知大会(CE級),2019-06-01,C3,C,55,55,117,6,6,1,0,0,9,9,0,0,0,11,0,0,0,0,0,0,0,0,0,0,0,4,1
5872,843,第21回愛知大会(CE級),2019-06-01,E1,E,15,15,29,4,4,1,0,0,1,1,0,0,0,1,0,0,0,0,0,0,0,0,0,0,0,2,1
5873,843,第21回愛知大会(CE級),2019-06-01,E2,E,15,15,29,4,4,1,0,0,1,1,0,0,0,1,0,0,0,0,0,0,0,0,0,0,0,2,1
5874,843,第21回愛知大会(CE級),2019-06-01,E3,E,15,15,29,4,4,1,0,0,1,1,0,0,0,1,0,0,0,0,0,0,0,0,0,0,0,2,1
5875,843,第21回愛知大会(CE級),2019-06-01,E4,E,16,16,30,4,4,1,0,0,0,0,0,0,0,0,0,0,0,0,0,0,0,0,0,0,0,2,1
5876,843,第21回愛知大会(CE級),2019-06-01,E5,E,16,16,30,4,4,1,0,0,0,0,0,0,0,0,0,0,0,0,0,0,0,0,0,0,0,2,1
5877,843,第21回愛知大会(CE級),2019-06-01,E6,E,16,16,30,4,4,1,0,0,0,0,0,0,0,0,0,0,0,0,0,0,0,0,0,0,0,2,1
5878,843,第21回愛知大会(CE級),2019-06-01,E7,E,13,13,27,4,4,1,0,0,3,3,0,0,0,3,0,0,0,0,0,0,0,0,0,0,0,2,1
5879,843,第21回愛知大会(CE級),2019-06-01,E8,E,16,16,30,4,4,1,0,0,0,0,0,0,0,0,0,0,0,0,0,0,0,0,0,0,0,2,1
5880,844,第7回全国競技かるた山口大会(DE級),2019-12-23,D,D,168,168,348,5,5,1,0,0,24,24,0,0,0,24,0,0,0,0,0,0,0,0,0,0,0,24,0
5881,844,第7回全国競技かるた山口大会(DE級),2019-12-23,E,E,67,67,157,5,5,1,0,0,29,29,0,0,0,29,0,0,0,0,0,0,0,0,0,0,0,12,0
5882,845,第7回全国競技かるた山口大会,,A,A,75,75,201,7,7,1,0,0,53,53,0,0,0,53,0,0,0,0,0,0,0,0,0,0,0,8,1
5883,845,第7回全国競技かるた山口大会,,B,B,115,115,239,6,6,1,0,0,13,13,0,0,0,13,0,0,0,0,0,0,0,0,0,0,0,8,0
5884,845,第7回全国競技かるた山口大会,,C,C,151,151,337,6,6,1,0,0,41,41,0,0,0,41,0,0,0,0,0,0,0,0,0,0,0,12,0
5885,846,北海道胆振東部地震チャリティー青森大会[個人戦],2019-05-05,A級,A,34,34,96,6,6,1,0,0,30,30,0,0,0,30,0,0,0,0,0,0,0,0,0,0,0,8,1
5886,846,北海道胆振東部地震チャリティー青森大会[個人戦],2019-05-05,B級,B,44,44,106,6,6,1,0,0,20,20,0,0,0,20,0,0,0,0,0,0,0,0,0,0,0,8,1
5887,846,北海道胆振東部地震チャリティー青森大会[個人戦],2019-05-05,C級,C,43,43,105,6,6,1,0,0,21,21,0,0,0,21,0,0,0,0,0,0,0,0,0,0,0,8,1
5888,846,北海道胆振東部地震チャリティー青森大会[個人戦],2019-05-05,D1級,D,26,26,56,5,5,1,0,0,6,6,0,0,0,6,0,0,0,0,0,0,0,0,0,0,0,4,1
5889,846,北海道胆振東部地震チャリティー青森大会[個人戦],2019-05-05,D2級,D,26,26,56,5,5,1,0,0,6,6,0,0,0,6,0,0,0,0,0,0,0,0,0,0,0,4,1
5890,846,北海道胆振東部地震チャリティー青森大会[個人戦],2019-05-05,E1級,E,21,21,51,5,5,1,0,0,11,11,0,0,0,11,0,0,0,0,0,0,0,0,0,0,0,4,1
5891,846,北海道胆振東部地震チャリティー青森大会[個人戦],2019-05-05,E2級,E,21,21,51,5,5,1,0,0,11,11,0,0,0,11,0,0,0,0,0,0,0,0,0,0,0,4,1
5892,847,第101回全国競技かるた横浜大会(E級),2019-07-20,E1,E,54,54,116,6,6,1,0,0,10,10,0,0,0,10,0,0,0,0,0,0,0,0,0,0,0,4,1
5893,847,第101回全国競技かるた横浜大会(E級),2019-07-20,E2,E,53,53,115,6,6,1,0,0,11,11,0,0,0,11,0,0,0,0,0,0,0,0,0,0,0,4,1
5894,847,第101回全国競技かるた横浜大会(E級),2019-07-20,E3,E,55,55,117,6,6,1,0,0,9,9,0,0,0,11,0,0,0,0,0,0,0,0,0,0,0,4,1
5895,847,第101回全国競技かるた横浜大会(E級),2019-07-20,E4,E,54,54,116,6,6,1,0,0,10,10,0,0,0,10,0,0,0,0,0,0,0,0,0,0,0,4,1
5896,847,第101回全国競技かるた横浜大会(E級),2019-07-20,E5,E,54,54,116,6,6,1,0,0,10,10,0,0,0,10,0,0,0,0,0,0,0,0,0,0,0,4,1
5897,847,第101回全国競技かるた横浜大会(E級),2019-07-20,E6,E,53,53,115,6,6,1,0,0,11,11,0,0,0,11,0,0,0,0,0,0,0,0,0,0,0,4,1
5898,847,第101回全国競技かるた横浜大会(E級),2019-07-20,E7,E,53,53,115,6,6,1,0,0,11,11,0,0,0,11,0,0,0,0,0,0,0,0,0,0,0,4,1
5899,847,第101回全国競技かるた横浜大会(E級),2019-07-20,E8,E,53,53,115,6,6,1,0,0,11,11,0,0,0,11,0,0,0,0,0,0,0,0,0,0,0,4,1
5900,848,第101回全国競技かるた横浜大会(D級),2019-07-20,D1,D,47,47,109,6,6,1,0,0,17,17,0,0,0,17,0,0,0,0,0,0,0,0,0,0,0,4,1
5901,848,第101回全国競技かるた横浜大会(D級),2019-07-20,D2,D,46,46,108,6,6,1,0,0,18,18,0,0,0,18,0,0,0,0,0,0,0,0,0,0,0,4,1
5902,848,第101回全国競技かるた横浜大会(D級),2019-07-20,D3,D,47,47,109,6,6,1,0,0,17,17,0,0,0,17,0,0,0,0,0,0,0,0,0,0,0,4,1
5903,848,第101回全国競技かるた横浜大会(D級),2019-07-20,D4,D,42,42,104,6,6,1,0,0,22,22,0,0,0,22,0,0,0,0,0,0,0,0,0,0,0,4,1
5904,848,第101回全国競技かるた横浜大会(D級),2019-07-20,D5,D,46,46,108,6,6,1,0,0,18,18,0,0,0,18,0,0,0,0,0,0,0,0,0,0,0,4,1
5905,848,第101回全国競技かるた横浜大会(D級),2019-07-20,D6,D,47,47,109,6,6,1,0,0,17,17,0,0,0,17,0,0,0,0,0,0,0,0,0,0,0,4,1
5906,849,第7回白瀧杯女流かるた高校選手権大会,,白瀧杯級,,31,31,63,5,5,1,0,0,1,1,0,0,0,1,0,0,0,0,0,0,0,0,0,0,0,3,0
5907,850,第28回埼玉県百人一首大会,2019-09-22,E1,E,43,43,105,6,6,1,0,0,21,21,0,0,0,21,0,0,0,0,0,0,0,0,0,0,0,4,1
5908,850,第28回埼玉県百人一首大会,2019-09-22,E2,E,43,43,105,6,6,1,0,0,21,21,0,0,0,21,0,0,0,0,0,0,0,0,0,0,0,4,1
5909,850,第28回埼玉県百人一首大会,2019-09-22,E3,E,40,40,102,6,6,1,0,0,24,24,0,0,0,24,0,6,0,0,0,0,0,0,0,0,0,4,1
5910,850,第28回埼玉県百人一首大会,2019-09-22,E4,E,43,43,105,6,6,1,0,0,21,21,0,0,0,21,0,0,0,0,0,0,0,0,0,0,0,4,1
5911,850,第28回埼玉県百人一首大会,2019-09-22,入門1級,,50,50,112,6,6,1,0,0,14,14,0,0,0,14,0,0,0,0,0,0,0,0,0,0,0,4,1
5912,850,第28回埼玉県百人一首大会,2019-09-22,入門2級,,50,50,112,6,6,1,0,0,14,14,0,0,0,14,0,4,0,0,0,0,0,0,0,0,0,4,1
5913,851,第9回千葉県かるた大会,,上級,,11,11,20,4,4,1,0,20,20,20,0,0,0,0,0,0,0,0,0,1,0,0,0,0,0,0,1
5914,851,第9回千葉県かるた大会,,中級①,,26,26,50,5,5,1,0,50,50,50,0,0,0,0,0,0,0,0,0,0,0,0,0,0,0,0,1
5915,851,第9回千葉県かるた大会,,中級②,,23,23,44,5,5,1,0,44,44,44,0,0,0,0,0,0,0,0,0,1,0,0,0,0,0,0,1
5916,851,第9回千葉県かるた大会,,初中級①,,30,30,60,5,5,1,0,60,60,60,0,0,0,0,0,2,0,0,0,0,0,0,0,0,0,0,1
5917,851,第9回千葉県かるた大会,,初中級②,,29,29,59,5,5,1,0,59,59,59,0,0,0,0,0,3,0,0,0,0,0,0,0,0,0,0,1
5918,851,第9回千葉県かるた大会,,初級①,,25,25,48,5,5,1,0,48,48,48,0,0,0,0,0,0,0,0,0,0,0,0,0,0,0,0,1
5919,851,第9回千葉県かるた大会,,初級②,,25,25,48,5,5,1,0,48,48,48,0,0,0,0,0,0,0,0,0,0,0,0,0,0,0,0,1
5920,851,第9回千葉県かるた大会,,初級③,,24,24,46,5,5,1,0,46,46,46,0,0,0,0,0,0,0,0,0,0,0,0,0,0,0,0,1
5921,851,第9回千葉県かるた大会,,初級④,,24,24,46,5,5,1,0,46,46,46,0,0,0,0,0,0,0,0,0,0,0,0,0,0,0,0,1
5922,851,第9回千葉県かるた大会,,初級⑤,,23,23,44,5,5,1,0,44,44,44,0,0,0,0,0,0,0,0,0,1,0,0,0,0,0,0,1
5923,851,第9回千葉県かるた大会,,初級⑥,,23,23,44,5,5,1,0,44,44,44,0,0,0,0,0,0,0,0,0,1,0,0,0,0,0,0,1
5924,851,第9回千葉県かるた大会,,初級⑦,,23,23,44,5,5,1,0,44,44,44,0,0,0,0,0,0,0,0,0,1,0,0,0,0,0,0,1
5925,852,第24回東京都かるた選手権大会,,選手権級,,19,19,49,5,5,1,0,0,13,13,0,0,0,13,0,0,0,0,0,0,0,0,0,0,0,2,1
5926,852,第24回東京都かるた選手権大会,,E1,E,26,26,56,5,5,1,0,0,6,6,0,0,0,6,0,0,0,0,0,0,0,0,0,0,0,4,1
5927,852,第24回東京都かるた選手権大会,,E2,E,24,24,54,5,5,1,0,0,8,8,0,0,0,8,0,0,0,0,0,0,0,0,0,0,0,4,1
5928,852,第24回東京都かるた選手権大会,,E3,E,25,25,55,5,5,1,0,0,7,7,0,0,0,7,0,0,0,0,0,0,0,0,0,0,0,4,1
5929,852,第24回東京都かるた選手権大会,,E4,E,23,23,53,5,5,1,0,0,9,9,0,0,0,9,0,0,0,0,0,0,0,0,0,0,0,4,1
5930,852,第24回東京都かるた選手権大会,,F1級,,31,31,61,5,5,1,0,0,1,1,0,0,0,1,0,0,0,0,0,0,0,0,0,0,0,4,1
5931,852,第24回東京都かるた選手権大会,,F2級,,30,30,60,5,5,1,0,0,2,2,0,0,0,2,0,0,0,0,0,0,0,0,0,0,0,4,1
5932,852,第24回東京都かるた選手権大会,,F3級,,31,31,61,5,5,1,0,0,1,1,0,0,0,1,0,0,0,0,0,0,0,0,0,0,0,4,1
5933,853,第33回 全国競技かるた小学生選手権大会 結果報告表,,6年生級,,28,28,58,5,5,1,0,0,4,4,0,0,0,4,0,0,0,0,0,0,0,0,0,0,0,8,1
5934,853,第33回 全国競技かるた小学生選手権大会 結果報告表,,5年生級,,14,14,28,4,4,1,0,0,2,2,0,0,0,2,0,0,0,0,0,0,0,0,0,0,0,8,1
5935,853,第33回 全国競技かるた小学生選手権大会 結果報告表,,4年生以下級,,15,15,29,4,4,1,0,0,1,1,0,0,0,1,0,0,0,0,0,0,0,0,0,0,0,8,1
5936,854,"第50回太宰府小倉百人一首競技かるた大会(A,B)",,A,A,109,109,235,7,7,1,0,0,19,19,0,0,0,19,0,0,0,0,0,0,0,0,0,0,0,8,1
5937,854,"第50回太宰府小倉百人一首競技かるた大会(A,B)",,B,B,107,107,231,6,6,1,0,0,21,21,0,0,0,21,0,0,0,0,0,0,0,0,0,0,0,16,0
5938,855,第1回 ちはやふる小倉山杯,2020-02-23,A,A,8,8,16,3,3,1,0,0,0,0,0,0,0,0,0,0,0,0,0,0,0,0,0,0,0,8,0
5939,856,第67期名人戦東日本予選,2020-10-18,名人位の部級,,16,16,30,4,4,1,0,0,0,0,0,0,0,0,0,0,0,0,0,0,0,0,0,0,0,8,1
5940,1531,第65期クイーン戦東日本予選,2020-10-18,クイーン位の部級,,16,16,30,4,4,1,0,0,0,0,0,0,0,0,0,0,0,0,0,0,0,0,0,0,0,8,1
5941,857,第67期名人戦西日本予選,2020-10-18,名人位の部級,,16,16,30,4,4,1,0,0,0,0,0,0,0,0,0,0,0,0,0,0,0,0,0,0,0,8,1
5942,1532,第65期クイーン戦西日本予選,2020-10-18,クイーン位の部級,,16,16,30,4,4,1,0,0,0,0,0,0,0,0,0,0,0,0,0,0,0,0,0,0,0,8,1
5943,858,第50回太宰府小倉百人一首競技かるた大会(D),,Ｄ級詳報,D,198,198,408,5,5,1,0,0,26,26,0,0,0,26,0,0,0,0,0,0,0,0,0,0,0,28,0
5944,859,第50回全国競技かるた太宰府大会の結果について(大会報告),2020-01-14,C,C,157,157,343,6,6,1,0,0,35,35,0,0,0,35,0,0,0,0,0,0,0,0,0,0,0,12,0
5945,859,第50回全国競技かるた太宰府大会の結果について(大会報告),2020-01-14,E,E,119,119,269,5,5,1,0,0,41,41,0,0,0,41,0,2,0,0,0,0,0,0,0,0,0,20,0
5946,860,第21回稲城市民かるた大会,2020-02-02,詳細結果,,132,132,525,4,4,1,0,0,35,35,0,0,0,35,0,2,0,0,0,0,0,0,0,0,0,0,0
5947,861,オリンピック・パラリンピック記念あわら世界大会,2021-06-06,国際交流級,,7,7,21,3,3,1,0,0,3,3,0,0,0,3,0,0,0,0,0,0,0,0,0,0,0,7,0
5948,861,オリンピック・パラリンピック記念あわら世界大会,2021-06-06,D,D,13,13,27,4,4,1,0,0,3,3,0,0,0,3,0,0,0,0,0,0,0,0,0,0,0,8,1
5949,862,第5回米国かるた大会,2021-07-18,有段者部門,,8,8,24,3,3,1,0,24,24,0,0,0,0,0,0,11,0,0,0,0,0,0,0,0,0,0,0
5950,862,第5回米国かるた大会,2021-07-18,無段者部門,,4,4,12,3,3,1,0,12,12,0,0,0,0,0,0,6,0,0,0,0,0,0,0,0,0,0,0
5952,863,第35回滋賀県競技かるた大会,,F1級（並び替え前）,,11,11,30,3,3,1,0,0,0,0,0,0,0,0,0,0,0,0,0,0,1,0,0,0,0,0,0
5954,863,第35回滋賀県競技かるた大会,,B,B,13,13,45,5,5,1,0,0,5,5,0,0,0,5,0,0,0,0,0,1,0,0,0,0,0,0,0
5955,863,第35回滋賀県競技かるた大会,,Ｃ級,C,21,21,77,5,5,1,0,0,15,15,0,0,0,15,0,0,0,0,0,0,0,0,0,0,0,0,0
5958,863,第35回滋賀県競技かるた大会,,F2級,,9,9,31,3,3,1,0,0,3,3,0,0,0,3,0,4,3,4,0,0,0,0,0,0,0,0,0
5959,864,小倉百人一首競技かるた 第51回全国小・中学生選手権大会,2021-03-28,中学３年級,,39,39,100,6,6,1,0,11,30,26,0,0,0,19,0,7,0,6,0,0,1,0,0,0,0,8,1
5960,864,小倉百人一首競技かるた 第51回全国小・中学生選手権大会,2021-03-28,中学２年級,,44,44,106,6,6,1,0,3,23,20,0,0,0,20,0,0,0,3,0,0,0,0,0,0,0,8,1
5961,864,小倉百人一首競技かるた 第51回全国小・中学生選手権大会,2021-03-28,中学１年級,,46,46,107,6,6,1,0,0,19,19,0,0,0,19,0,0,0,0,0,0,1,0,0,0,0,8,1
5962,864,小倉百人一首競技かるた 第51回全国小・中学生選手権大会,2021-03-28,小学６年級,,35,35,97,6,6,1,0,0,29,29,0,0,0,29,0,0,0,0,0,0,0,0,0,0,0,8,1
5963,864,小倉百人一首競技かるた 第51回全国小・中学生選手権大会,2021-03-28,小学５年級,,34,34,96,6,6,1,0,0,30,30,0,0,0,30,0,0,0,0,0,0,0,0,0,0,0,8,1
5964,864,小倉百人一首競技かるた 第51回全国小・中学生選手権大会,2021-03-28,小学４年級,,25,25,55,5,5,1,0,0,7,7,0,0,0,7,0,0,0,0,0,0,0,0,0,0,0,8,1
5965,864,小倉百人一首競技かるた 第51回全国小・中学生選手権大会,2021-03-28,小学３年級,,17,17,47,5,5,1,0,0,15,15,0,0,0,15,0,0,0,0,0,0,0,0,0,0,0,8,1
5966,864,小倉百人一首競技かるた 第51回全国小・中学生選手権大会,2021-03-28,小学２年以下級,,14,14,28,4,4,1,0,0,2,2,0,0,0,2,0,0,0,0,0,0,0,0,0,0,0,8,1
5967,865,第3回近江勧学館初心者かるた大会,,E1,E,24,24,86,5,5,1,0,0,14,14,0,0,0,14,0,0,0,0,0,0,0,0,0,0,0,0,0
5968,865,第3回近江勧学館初心者かるた大会,,E2,E,23,23,84,5,5,1,0,0,14,14,0,0,0,14,0,0,0,0,0,0,0,0,0,0,0,0,0
5969,865,第3回近江勧学館初心者かるた大会,,E3,E,23,23,84,5,5,1,0,0,14,14,0,0,0,14,0,0,0,0,0,0,0,0,0,0,0,0,0
5970,865,第3回近江勧学館初心者かるた大会,,F1級,,15,15,45,3,3,1,0,0,3,3,0,0,0,3,0,0,0,0,0,0,0,0,0,0,0,0,0
5971,865,第3回近江勧学館初心者かるた大会,,F2級,,8,8,24,3,3,1,0,0,0,0,0,0,0,0,0,0,0,0,0,0,0,0,0,0,0,0,0
5972,866,第1回競技かるた初段認定會津大会,2021-07-11,対戦結果,,16,16,48,3,3,1,0,2,2,0,0,0,0,0,0,23,0,0,0,0,0,0,0,0,0,0,0
5973,867,第1回競技かるた初段認定青森大会,2021-06-13,初段認定級,,28,28,84,3,3,1,0,0,0,0,0,0,0,0,0,0,0,0,0,0,0,0,0,0,0,0,0
5974,868,第1回競技かるた初段認定宇都宮大会,2021-07-18,対戦結果,,16,16,48,3,3,1,0,0,0,0,0,0,0,0,0,24,0,0,0,0,0,0,0,0,0,0,0
5975,869,第1回競技かるた初段認定米国大会,2021-07-17,対戦結果,,10,10,28,3,3,1,0,2,2,0,0,0,0,0,0,2,0,2,0,0,0,0,0,0,0,0,0
5976,870,第1回競技かるた初段認定富山大会,,E,E,16,16,48,3,3,1,0,0,0,0,0,0,0,0,0,0,0,0,0,0,0,0,0,0,0,8,0
5977,871,第1回競技かるた初段認定三重大会,,E,E,27,27,81,3,3,1,0,0,3,3,0,0,0,3,0,0,0,0,0,0,0,0,0,0,0,14,0
5978,872,第1回競技かるた初段認定奈良大会,,対戦結果詳細 (報告用),,53,53,159,3,3,1,0,0,3,3,0,0,0,3,0,2,0,0,2,0,0,0,0,0,0,0,0
5979,873,第1回競技かるた初段認定山梨大会,2021-09-20,初段認定大会,,36,36,108,3,3,1,0,0,0,0,0,0,0,0,0,0,0,0,0,0,0,0,0,0,0,0,0
5980,874,第1回初段認定京都小倉かるた会大会,2021-11-28,対戦結果,,36,36,108,3,3,1,0,108,108,0,0,108,0,0,0,0,0,0,0,0,0,0,0,0,0,0,0
5981,875,第1回初段認定大阪なにはえ会大会,2021-10-17,Sheet1,,40,40,118,3,3,1,0,0,0,0,0,0,0,0,0,0,0,0,0,0,0,0,0,0,0,0,0
5982,876,第2回競技かるた初段認定宇都宮大会,2021-10-24,対戦表,,16,16,48,3,3,1,0,0,0,0,0,0,0,0,0,24,0,0,0,0,0,0,0,0,0,0,0
5983,877,第2回競技かるた初段認定米国大会,2021-08-22,対戦結果,,9,9,18,3,3,1,0,0,0,0,0,0,0,0,0,0,0,0,0,0,3,0,0,0,0,0,0
5984,878,第1回競技かるた初段認定静岡大会,2021-12-18,詳細,,148,148,432,3,3,1,0,2,2,0,0,0,0,0,0,4,0,2,0,0,4,0,0,0,0,0,0
5985,879,第68期名人戦東日本予選,2021-10-17,名人位の部級,,32,32,62,5,5,1,0,0,0,0,0,0,0,0,0,0,0,0,0,0,0,0,0,0,0,8,1
5986,1533,第66期クイーン戦東日本予選,2021-10-17,クイーン位の部級,,29,29,59,5,5,1,0,0,3,3,0,0,0,3,0,0,0,0,0,0,0,0,0,0,0,8,1
5987,880,第68期名人戦西日本予選,2021-10-17,西名人位予選級,,31,31,61,5,5,1,0,0,1,1,0,0,0,1,0,0,0,0,0,0,0,0,0,0,0,8,1
5988,1534,第66期クイーン戦西日本予選,2021-10-17,西クイーン位予選級,,30,30,60,5,5,1,0,0,2,2,0,0,0,2,0,0,0,0,0,0,0,0,0,0,0,8,1
5989,881,第1回競技かるた初段認定滋賀大会,,F2級（並び替え前）,,9,9,27,3,3,1,0,0,3,3,0,0,0,3,0,0,0,0,0,0,0,0,0,0,0,0,0
5990,881,第1回競技かるた初段認定滋賀大会,,Ｃ級 (非表示),C,21,21,77,5,5,1,0,0,15,15,0,0,0,15,0,0,0,0,0,0,0,0,0,0,0,0,0
5991,881,第1回競技かるた初段認定滋賀大会,,E,E,56,56,167,3,3,1,0,1,1,1,0,0,0,0,0,1,0,0,0,0,0,0,0,0,0,0,0
5993,881,第1回競技かるた初段認定滋賀大会,,B,B,13,13,45,5,5,1,0,0,5,5,0,0,0,5,0,0,0,0,0,1,0,0,0,0,0,0,0
5995,882,"第49回全国競技かるた大分大会(D,E)",2021-11-14,D1,D,21,21,51,5,5,1,0,0,11,11,0,0,0,11,0,0,0,0,0,0,0,0,0,0,0,8,1
5996,882,"第49回全国競技かるた大分大会(D,E)",2021-11-14,D2,D,20,20,50,5,5,1,0,0,12,12,0,0,0,12,0,0,0,0,0,0,0,0,0,0,0,8,1
5997,882,"第49回全国競技かるた大分大会(D,E)",2021-11-14,E1,E,21,21,51,5,5,1,0,0,15,15,0,0,0,17,0,0,0,0,0,0,0,0,0,0,0,8,1
5998,882,"第49回全国競技かるた大分大会(D,E)",2021-11-14,E2,E,21,21,50,5,5,1,0,0,16,16,0,0,0,18,0,0,0,0,0,0,0,0,0,0,0,8,1
5999,882,"第49回全国競技かるた大分大会(D,E)",2021-11-14,E3,E,21,21,50,5,5,1,0,0,16,16,0,0,0,16,0,0,0,0,0,0,0,0,0,0,0,8,1
6000,883,第1回初段認定杉並大会,2021-11-03,荻窪対戦詳細,,16,16,48,3,3,1,0,0,0,0,0,0,0,0,0,0,0,0,0,0,0,0,0,0,0,0,0
6001,883,第1回初段認定杉並大会,2021-11-03,井草対戦詳細,,16,16,48,3,3,1,0,0,0,0,0,0,0,0,0,0,0,0,0,0,0,0,0,0,0,0,0
6002,884,第2回初段認定湘南大会,2021-11-23,大会結果,,32,32,96,3,3,1,0,0,0,0,0,0,0,0,0,0,0,0,0,0,0,0,0,0,0,0,0
6003,885,第1回競技かるた初段認定北九州大会,2021-11-14,詳報,,38,38,114,3,3,1,0,2,2,0,0,0,0,0,0,2,0,0,0,0,0,0,0,0,0,0,0
6004,886,第1回競技かるた初段認定宮崎大会,2021-11-21,詳報,,42,42,126,3,3,1,0,0,0,0,0,0,0,0,0,0,0,0,2,0,0,0,0,0,0,0,0
6005,887,第1回競技かるた初段認定京都大学かるた会大会,,Sheet1,,36,36,108,3,3,1,0,108,108,0,0,108,0,0,0,0,0,0,0,0,0,0,0,0,0,0,0
6006,888,第36回滋賀県競技かるた大会,,D1,D,22,22,52,5,5,1,0,0,10,10,0,0,0,10,0,0,0,0,0,0,0,0,0,0,0,8,1
6007,888,第36回滋賀県競技かるた大会,,D2,D,22,22,52,5,5,1,0,0,10,10,0,0,0,10,0,0,0,0,0,0,0,0,0,0,0,8,1
6008,888,第36回滋賀県競技かるた大会,,D3,D,21,21,51,5,5,1,0,0,11,11,0,0,0,11,0,0,0,0,0,0,0,0,0,0,0,8,1
6009,888,第36回滋賀県競技かるた大会,,F級,,27,27,58,3,3,1,0,12,14,2,0,0,0,2,0,0,0,12,0,0,6,0,0,0,0,2,0
6010,889,第1回競技かるた初段認定茨城大会,2021-12-25,E,E,60,60,178,3,3,1,0,0,0,0,0,0,0,0,0,89,0,0,0,0,0,0,0,0,0,0,0
6011,890,第1回競技かるた初段認定島根大会,2021-12-12,E,E,29,29,87,3,3,1,0,0,3,3,0,0,0,3,0,0,0,0,0,0,0,0,0,0,0,0,0
6012,891,第1回競技かるた初段認定香川大会,2021-12-12,詳報,,13,13,39,3,3,1,0,3,3,0,0,0,0,0,0,3,0,0,0,0,0,0,0,0,0,0,0
6013,892,第1回競技かるた初段認定東京都大会,2021-11-28,対戦成績,,97,97,288,3,3,1,0,0,0,0,0,0,0,0,0,288,0,0,0,0,1,0,0,0,0,0,0
6014,893,第26回東京都かるた選手権大会,,選手権級,,27,27,57,5,5,1,0,0,5,5,0,0,0,5,0,0,0,0,0,0,0,0,0,0,0,2,1
6015,894,第1回競技かるた初段認定石川大会,2021-11-07,結果詳報,,67,67,201,3,3,1,0,3,5,0,0,0,0,2,0,3,0,2,2,0,0,0,0,0,0,0,0
6016,895,第2回競技かるた初段認定三重大会,,E,E,23,23,63,3,3,1,0,0,3,3,0,0,0,3,0,0,0,0,0,0,2,0,0,0,0,11,0
6017,896,第1回初段認定大垣大会,,E,E,49,49,147,3,3,1,0,0,3,3,0,0,0,3,0,0,0,0,0,0,0,0,0,0,0,0,0
6018,897,第3回競技かるた初段認定宇都宮大会,2021-12-26,対戦表,,24,24,72,3,3,1,0,0,0,0,0,0,0,0,0,36,0,0,0,0,0,0,0,0,0,0,0
6019,898,第1回競技かるた初段認定岡山大会,2021-12-26,対戦,,51,51,153,3,3,1,0,3,3,3,0,0,0,0,0,3,0,0,0,0,0,0,0,0,0,0,0
6020,899,第2回初段認定杉並大会,2021-12-27,荻窪,,32,32,90,3,3,1,0,0,0,0,0,0,0,0,0,0,0,0,0,0,2,0,0,0,0,0,0
6021,899,第2回初段認定杉並大会,2021-12-27,九品仏(午前),,24,24,66,3,3,1,0,0,0,0,0,0,0,0,0,2,0,0,0,0,2,0,0,0,0,0,0
6022,899,第2回初段認定杉並大会,2021-12-27,九品仏(午後),,24,24,72,3,3,1,0,0,0,0,0,0,0,0,0,2,0,0,0,0,0,0,0,0,0,0,0
6023,900,第1回競技かるた初段認定鳥取大会,,Sheet1,,27,27,81,3,3,1,0,81,81,3,0,78,0,0,0,3,0,0,0,0,0,0,0,0,0,0,0
6024,901,第1回 初段認定前橋大会,2021-11-28,初段認定の部,,13,13,39,3,3,1,0,0,3,3,0,0,0,3,0,0,0,0,0,0,0,0,0,0,0,0,0
6025,902,第2回競技かるた初段認定滋賀大会,,F級対戦結果,,45,45,135,3,3,1,0,0,3,3,0,0,0,3,0,0,0,0,0,0,0,0,0,0,0,0,0
6026,903,第19回全国競技かるた香川大会(E),2023-10-15,E1,E,20,20,50,5,5,1,0,0,12,12,0,0,0,12,0,0,0,0,0,0,0,0,0,0,0,8,1
6027,903,第19回全国競技かるた香川大会(E),2023-10-15,E2,E,19,19,49,5,5,1,0,0,13,13,0,0,0,13,0,0,0,0,0,0,0,0,0,0,0,8,1
6028,904,第70期名人戦東日本予選,2023-10-15,名人位級,,30,30,60,5,5,1,0,0,2,2,0,0,0,2,0,0,0,0,0,0,0,0,0,0,0,8,1
6029,1535,第68期クイーン戦東日本予選,2023-10-15,クイーン位級,,32,32,62,5,5,1,0,0,0,0,0,0,0,0,0,0,0,0,0,0,0,0,0,0,0,8,1
6030,905,第70期名人戦西日本予選,2023-10-15,名人位級,,31,31,61,5,5,1,0,0,1,1,0,0,0,1,0,0,0,0,0,0,0,0,0,0,0,8,1
6031,1536,第68期クイーン戦西日本予選,2023-10-15,クイーン位級,,32,32,62,5,5,1,0,0,0,0,0,0,0,0,0,0,0,0,0,0,0,0,0,0,0,8,1
6032,906,"第105回全国競技かるた大阪大会(D,E)",2023-10-21,D1,D,31,31,61,5,5,1,0,0,1,1,0,0,0,1,0,0,0,0,0,0,0,0,0,0,0,4,1
6033,906,"第105回全国競技かるた大阪大会(D,E)",2023-10-21,D2,D,30,30,60,5,5,1,0,0,2,2,0,0,0,2,0,0,0,0,0,0,0,0,0,0,0,4,1
6034,906,"第105回全国競技かるた大阪大会(D,E)",2023-10-21,E1,E,15,15,29,4,4,1,0,0,1,1,0,0,0,1,0,0,0,0,0,0,0,0,0,0,0,4,1
6035,906,"第105回全国競技かるた大阪大会(D,E)",2023-10-21,E2,E,15,15,29,4,4,1,0,0,1,1,0,0,0,1,0,2,0,0,0,0,0,0,0,0,0,4,1
6036,906,"第105回全国競技かるた大阪大会(D,E)",2023-10-21,E3,E,16,16,30,4,4,1,0,0,0,0,0,0,0,0,0,0,0,0,0,0,0,0,0,0,0,4,1
6037,906,"第105回全国競技かるた大阪大会(D,E)",2023-10-21,E4,E,16,16,30,4,4,1,0,0,0,0,0,0,0,0,0,0,0,0,0,0,0,0,0,0,0,4,1
6038,906,"第105回全国競技かるた大阪大会(D,E)",2023-10-21,D3,D,32,32,62,5,5,1,0,0,0,0,0,0,0,0,0,0,0,0,0,0,0,0,0,0,0,4,1
6039,906,"第105回全国競技かるた大阪大会(D,E)",2023-10-21,D4,D,32,32,62,5,5,1,0,0,0,0,0,0,0,0,0,0,0,0,0,0,0,0,0,0,0,4,1
6040,906,"第105回全国競技かるた大阪大会(D,E)",2023-10-21,E5,E,16,16,30,4,4,1,0,0,0,0,0,0,0,0,0,0,0,0,0,0,0,0,0,0,0,4,1
6041,906,"第105回全国競技かるた大阪大会(D,E)",2023-10-21,E6,E,16,16,30,4,4,1,0,0,0,0,0,0,0,0,0,0,0,0,0,0,0,0,0,0,0,4,1
6042,906,"第105回全国競技かるた大阪大会(D,E)",2023-10-21,E7,E,16,16,30,4,4,1,0,0,0,0,0,0,0,0,0,0,0,0,0,0,0,0,0,0,0,4,1
6043,906,"第105回全国競技かるた大阪大会(D,E)",2023-10-21,E8,E,14,14,28,4,4,1,0,0,2,2,0,0,0,2,0,0,0,0,0,0,0,0,0,0,0,4,1
6044,907,第73回高松宮記念杯近江神宮全国競技かるた大会(D),2023-10-22,D1,D,23,23,53,5,5,1,0,0,9,9,0,0,0,9,0,0,0,0,0,0,0,0,0,0,0,4,1
6045,907,第73回高松宮記念杯近江神宮全国競技かるた大会(D),2023-10-22,D2,D,21,21,51,5,5,1,0,0,11,11,0,0,0,11,0,0,0,0,0,0,0,0,0,0,0,4,1
6046,907,第73回高松宮記念杯近江神宮全国競技かるた大会(D),2023-10-22,D3,D,19,19,49,5,5,1,0,0,13,13,0,0,0,13,0,0,0,0,0,0,0,0,0,0,0,4,1
6047,908,第4回競技かるた初段認定滋賀県大会,2023-10-22,E,E,47,47,72,3,3,1,0,0,3,3,0,0,0,3,0,0,0,69,0,0,6,0,0,0,0,0,0
6048,909,"第19回全国競技かるた香川大会(A,B)",2023-10-21,A1,A,52,52,114,6,6,1,0,0,12,12,0,0,0,12,0,0,0,0,0,0,0,0,0,0,0,8,1
6049,909,"第19回全国競技かるた香川大会(A,B)",2023-10-21,A2,A,52,52,114,6,6,1,0,0,12,12,0,0,0,12,0,0,0,0,0,0,0,0,0,0,0,8,1
6050,909,"第19回全国競技かるた香川大会(A,B)",2023-10-21,B1,B,48,48,110,6,6,1,0,0,16,16,0,0,0,16,0,0,0,0,0,0,0,0,0,0,0,8,1
6051,909,"第19回全国競技かるた香川大会(A,B)",2023-10-21,B2,B,46,46,108,6,6,1,0,0,18,18,0,0,0,18,0,0,0,0,0,0,0,0,0,0,0,8,1
6052,909,"第19回全国競技かるた香川大会(A,B)",2023-10-21,B3,B,49,49,111,6,6,1,0,0,15,15,0,0,0,15,0,0,0,0,0,0,0,0,0,0,0,8,1
6053,910,"第19回全国競技かるた香川大会(C,D)",2023-10-22,C1,C,47,47,109,6,6,1,0,0,17,17,0,0,0,17,0,0,0,0,0,0,0,0,0,0,0,8,1
6054,910,"第19回全国競技かるた香川大会(C,D)",2023-10-22,C2,C,47,47,109,6,6,1,0,0,17,17,0,0,0,17,0,0,0,0,0,0,0,0,0,0,0,8,1
6055,910,"第19回全国競技かるた香川大会(C,D)",2023-10-22,D1,D,25,25,55,5,5,1,0,0,7,7,0,0,0,7,0,0,0,0,0,0,0,0,0,0,0,8,1
6056,910,"第19回全国競技かるた香川大会(C,D)",2023-10-22,D2,D,25,25,55,5,5,1,0,0,7,7,0,0,0,7,0,0,0,0,0,0,0,0,0,0,0,8,1
6057,910,"第19回全国競技かるた香川大会(C,D)",2023-10-22,D3,D,24,24,54,5,5,1,0,0,8,8,0,0,0,8,0,0,0,0,0,0,0,0,0,0,0,8,1
6058,910,"第19回全国競技かるた香川大会(C,D)",2023-10-22,D4,D,23,23,53,5,5,1,0,0,9,9,0,0,0,9,0,0,0,0,0,0,0,0,0,0,0,8,1
6059,910,"第19回全国競技かるた香川大会(C,D)",2023-10-22,D5,D,24,24,54,5,5,1,0,0,8,8,0,0,0,8,0,0,0,0,0,0,0,0,0,0,0,8,1
6060,911,第4回競技かるた初段認定 福岡大会,2023-10-29,詳報,,137,137,411,3,3,1,0,0,19,19,0,0,0,23,0,2,0,0,0,0,0,0,0,0,0,0,0
6061,912,第2回競技かるた初段認定三原大会,2023-10-29,詳細結果（午前）,,29,29,81,3,3,1,0,0,9,2,0,0,0,9,0,4,0,2,0,0,2,0,0,0,0,0,0
6062,912,第2回競技かるた初段認定三原大会,2023-10-29,詳細結果（午後）,,29,29,84,3,3,1,0,0,8,0,0,0,0,8,0,0,0,2,0,0,1,0,0,0,0,0,0
6063,913,第3回競技かるた初段認定熊本大会,2023-10-29,詳報,,52,52,144,3,3,1,0,0,0,0,0,0,0,0,0,0,0,0,0,0,4,0,0,0,0,0,0
6064,914,蓮生記念第10回全国競技かるた宇都宮大会,2023-10-28,A,A,165,165,351,6,6,1,0,0,27,27,0,0,0,27,0,0,0,0,0,0,0,0,0,0,0,24,0
6065,914,蓮生記念第10回全国競技かるた宇都宮大会,2023-10-28,B1,B,64,64,126,6,6,1,0,0,0,0,0,0,0,2,0,0,0,0,0,0,0,0,0,0,0,8,1
6066,914,蓮生記念第10回全国競技かるた宇都宮大会,2023-10-28,B2,B,64,64,126,6,6,1,0,0,0,0,0,0,0,0,0,0,0,0,0,0,0,0,0,0,0,8,1
6067,914,蓮生記念第10回全国競技かるた宇都宮大会,2023-10-28,B3,B,63,63,125,6,6,1,0,0,1,1,0,0,0,1,0,0,0,0,0,0,0,0,0,0,0,8,1
6068,914,蓮生記念第10回全国競技かるた宇都宮大会,2023-10-28,C1,C,63,63,125,6,6,1,0,0,1,1,0,0,0,1,0,0,0,0,0,0,0,0,0,0,0,8,1
6069,914,蓮生記念第10回全国競技かるた宇都宮大会,2023-10-28,C2,C,64,64,126,6,6,1,0,0,0,0,0,0,0,2,0,0,0,0,0,0,0,0,0,0,0,8,1
6070,914,蓮生記念第10回全国競技かるた宇都宮大会,2023-10-28,C3,C,61,61,123,6,6,1,0,0,3,3,0,0,0,5,0,0,0,0,0,0,0,0,0,0,0,8,1
6071,914,蓮生記念第10回全国競技かるた宇都宮大会,2023-10-28,D1,D,29,29,59,5,5,1,0,0,3,3,0,0,0,3,0,0,0,0,0,0,0,0,0,0,0,4,1
6072,914,蓮生記念第10回全国競技かるた宇都宮大会,2023-10-28,D2,D,30,30,60,5,5,1,0,0,2,2,0,0,0,2,0,0,0,0,0,0,0,0,0,0,0,4,1
6073,914,蓮生記念第10回全国競技かるた宇都宮大会,2023-10-28,D3,D,31,31,61,5,5,1,0,0,1,1,0,0,0,3,0,0,0,0,0,0,0,0,0,0,0,4,1
6074,914,蓮生記念第10回全国競技かるた宇都宮大会,2023-10-28,D4,D,27,27,56,5,5,1,0,0,4,4,0,0,0,6,0,0,0,0,0,0,0,0,0,0,0,4,1
6075,914,蓮生記念第10回全国競技かるた宇都宮大会,2023-10-28,D5,D,30,30,60,5,5,1,0,0,2,2,0,0,0,4,0,0,0,0,0,0,0,0,0,0,0,4,1
6076,914,蓮生記念第10回全国競技かるた宇都宮大会,2023-10-28,D6,D,29,29,59,5,5,1,0,0,3,3,0,0,0,7,0,0,0,0,0,0,0,0,0,0,0,4,1
6077,915,"第39回全国競技かるた宮崎大会(D,E)",2023-10-29,D,D,57,57,117,5,5,1,0,0,7,7,0,0,0,7,0,0,0,0,0,0,0,0,0,0,0,16,0
6078,915,"第39回全国競技かるた宮崎大会(D,E)",2023-10-29,E,E,71,71,161,5,5,1,0,0,25,25,0,0,0,25,0,0,0,0,0,0,0,0,0,0,0,24,0
6079,916,第11回全国競技かるた山口大会(11/05),2023-11-05,後分割,,72,72,196,6,6,1,0,2,58,56,0,0,0,56,0,0,0,2,0,0,0,0,0,0,0,8,0
6080,916,第11回全国競技かるた山口大会(11/05),2023-11-05,-,,56,56,118,6,6,1,0,0,8,8,0,0,0,8,0,0,0,0,0,0,0,0,0,0,0,4,1
6081,917,"第11回全国競技かるた山口大会(D,E)",2023-11-04,D級,D,70,70,160,5,5,1,0,0,26,26,0,0,0,26,0,0,0,0,0,0,0,0,0,0,0,12,0
6082,917,"第11回全国競技かるた山口大会(D,E)",2023-11-04,E級,E,35,35,77,4,4,1,0,0,13,13,0,0,0,13,0,0,0,0,0,0,0,0,0,0,0,0,0
6083,918,東京大学かるた会創立40周年記念全国大会,2023-11-04,B,B,251,251,561,6,6,1,0,0,69,69,0,0,0,71,0,0,0,0,0,0,0,0,0,0,0,40,0
6084,918,東京大学かるた会創立40周年記念全国大会,2023-11-04,C,C,278,278,588,6,6,1,0,0,42,42,0,0,0,42,0,0,0,0,0,0,0,0,0,0,0,40,0
6085,918,東京大学かるた会創立40周年記念全国大会,2023-11-04,D,D,309,309,681,6,6,1,0,0,75,75,0,0,0,75,0,4,0,0,0,0,0,0,0,0,0,48,0
6086,918,東京大学かるた会創立40周年記念全国大会,2023-11-04,E,E,406,406,856,5,5,1,0,0,74,74,0,0,0,82,0,6,0,0,0,0,0,0,0,0,0,60,0
6087,919,第3回競技かるた初段認定長崎大会,2023-11-12,詳細,,22,22,66,3,3,1,0,0,0,0,0,0,0,0,0,0,0,0,0,0,0,0,0,0,0,0,0
6088,920,"第51回全国競技かるた大分大会(C,D)",2023-11-12,C,C,34,34,96,6,6,1,0,0,30,30,0,0,0,30,0,2,0,0,0,0,0,0,0,0,0,8,1
6089,920,"第51回全国競技かるた大分大会(C,D)",2023-11-12,D1,D,31,31,61,5,5,1,0,0,1,1,0,0,0,1,0,0,0,0,0,0,0,0,0,0,0,8,1
6090,920,"第51回全国競技かるた大分大会(C,D)",2023-11-12,D2,D,31,31,61,5,5,1,0,0,1,1,0,0,0,1,0,0,0,0,0,0,0,0,0,0,0,8,1
6091,921,第3回競技かるた初段認定大分大会,2023-11-12,詳細,,30,30,90,3,3,1,0,2,2,0,0,0,0,0,0,4,0,0,2,0,0,0,0,0,0,0,0
6092,922,"第32回全国競技かるた奈良大会(A,B)",2023-11-23,A,A,94,94,218,6,6,1,0,0,34,34,0,0,0,34,0,0,0,0,0,0,0,0,0,0,0,16,0
6093,922,"第32回全国競技かるた奈良大会(A,B)",2023-11-23,B1,B,46,46,108,6,6,1,0,0,18,18,0,0,0,18,0,0,0,0,0,0,0,0,0,0,0,4,1
6094,922,"第32回全国競技かるた奈良大会(A,B)",2023-11-23,B2,B,46,46,108,6,6,1,0,0,18,18,0,0,0,18,0,0,0,0,0,0,0,0,0,0,0,4,1
6095,922,"第32回全国競技かるた奈良大会(A,B)",2023-11-23,B3,B,43,43,105,6,6,1,0,0,21,21,0,0,0,21,0,0,0,0,0,0,0,0,0,0,0,4,1
6096,923,"第39回全国競技かるた熊本大会(C,D)",2023-11-26,C,C,44,44,106,6,6,1,0,0,20,20,0,0,0,20,0,0,0,0,0,0,0,0,0,0,0,4,1
6097,923,"第39回全国競技かるた熊本大会(C,D)",2023-11-26,D,D,67,67,157,5,5,1,0,0,29,29,0,0,0,29,0,0,0,0,0,0,0,0,0,0,0,12,0
6098,924,第23回全国競技かるた愛知大会(B),2023-12-09,B1,B,55,55,117,6,6,1,0,0,9,9,0,0,0,9,0,0,0,0,0,0,0,0,0,0,0,8,1
6099,924,第23回全国競技かるた愛知大会(B),2023-12-09,B2,B,57,57,119,6,6,1,0,0,7,7,0,0,0,7,0,2,0,0,0,0,0,0,0,0,0,8,1
6100,924,第23回全国競技かるた愛知大会(B),2023-12-09,B3,B,54,54,116,6,6,1,0,0,10,10,0,0,0,10,0,0,0,0,0,0,0,0,0,0,0,8,1
6101,925,第11回全国競技かるた山口大会(A),2023-12-10,A級,A,66,66,190,6,6,1,0,62,62,62,0,0,0,0,0,62,0,0,0,0,0,0,0,0,0,16,0
6102,926,"第23回全国競技かるた愛知大会(A,C)",2023-12-10,A1,A,52,52,114,6,6,1,0,0,12,12,0,0,0,12,0,0,0,0,0,0,0,0,0,0,0,8,1
6103,926,"第23回全国競技かるた愛知大会(A,C)",2023-12-10,A2,A,43,43,105,6,6,1,0,0,21,21,0,0,0,21,0,0,0,0,0,0,0,0,0,0,0,8,1
6104,926,"第23回全国競技かるた愛知大会(A,C)",2023-12-10,C1,C,55,55,117,6,6,1,0,0,9,9,0,0,0,9,0,0,0,0,0,0,0,0,0,0,0,8,1
6105,926,"第23回全国競技かるた愛知大会(A,C)",2023-12-10,C2,C,57,57,119,6,6,1,0,0,7,7,0,0,0,7,0,0,0,0,0,0,0,0,0,0,0,8,1
6106,927,"第7回全国競技かるた信州大会(B,C)",2023-11-26,B1,B,55,55,117,6,6,1,0,0,9,9,0,0,0,9,0,0,0,0,0,0,0,0,0,0,0,4,1
6107,927,"第7回全国競技かるた信州大会(B,C)",2023-11-26,B2,B,50,50,112,6,6,1,0,0,14,14,0,0,0,14,0,0,0,2,0,0,0,0,0,0,0,4,1
6108,927,"第7回全国競技かるた信州大会(B,C)",2023-11-26,C1,C,37,37,99,6,6,1,0,0,27,27,0,0,0,29,0,0,0,0,0,0,0,0,0,0,0,4,1
6109,927,"第7回全国競技かるた信州大会(B,C)",2023-11-26,C2,C,39,39,101,6,6,1,0,0,25,25,0,0,0,25,0,0,0,0,0,0,0,0,0,0,0,4,1
6110,928,第3回競技かるた初段認定鳥取大会,2023-12-03,Sheet1,,26,26,78,3,3,1,0,78,78,78,0,0,0,0,0,0,0,0,0,0,0,0,0,0,0,0,0
6111,929,第7回全国競技かるた信州大会(A),2023-12-17,A級,A,100,100,224,6,6,1,0,0,28,28,0,0,0,28,0,0,0,0,0,0,0,0,0,0,0,16,0
6112,930,第6回競技かるた初段認定静岡大会,2023-12-17,詳細,,71,71,195,3,3,1,0,0,3,0,0,0,0,3,0,2,0,2,0,0,6,0,0,0,0,0,0
6113,931,第73回高松宮記念杯近江神宮全国競技かるた大会(C),2023-12-17,C1,C,58,58,120,6,6,1,0,0,6,0,0,0,0,6,0,0,0,0,0,0,0,0,0,0,0,8,1
6114,931,第73回高松宮記念杯近江神宮全国競技かるた大会(C),2023-12-17,C2,C,60,60,122,6,6,1,0,0,4,0,0,0,0,4,0,0,0,0,0,0,0,0,0,0,0,8,1
6115,931,第73回高松宮記念杯近江神宮全国競技かるた大会(C),2023-12-17,C3,C,58,58,120,6,6,1,0,0,6,0,0,0,0,6,0,0,0,2,0,0,0,0,0,0,0,8,1
6116,932,第4回競技かるた初段認定三重大会,2023-12-17,結果詳報,,19,19,51,3,3,1,0,3,3,0,0,0,0,0,0,3,0,0,0,0,2,0,0,0,0,0,0
6117,933,第42回全国競技かるた東京吉野会大会(B),2023-12-16,B1,B,58,58,120,6,6,1,0,0,6,6,0,0,0,6,0,0,0,0,0,0,0,0,0,0,0,8,1
6118,933,第42回全国競技かるた東京吉野会大会(B),2023-12-16,B2,B,61,61,123,6,6,1,0,0,3,3,0,0,0,5,0,0,0,0,0,0,0,0,0,0,0,8,1
6119,933,第42回全国競技かるた東京吉野会大会(B),2023-12-16,B3,B,57,57,119,6,6,1,0,0,7,7,0,0,0,7,0,0,0,0,0,0,0,0,0,0,0,8,1
6120,933,第42回全国競技かるた東京吉野会大会(B),2023-12-16,B4,B,57,57,119,6,6,1,0,0,7,7,0,0,0,7,0,0,0,0,0,0,0,0,0,0,0,8,1
6121,934,第69回小倉百人一首競技かるた新春全国大会(C),2023-12-24,C1,C,64,64,126,6,6,1,0,0,0,0,0,0,0,0,0,0,0,0,0,0,0,0,0,0,0,8,1
6122,934,第69回小倉百人一首競技かるた新春全国大会(C),2023-12-24,C2,C,64,64,126,6,6,1,0,0,0,0,0,0,0,0,0,0,0,0,0,0,0,0,0,0,0,8,1
6123,935,第77回全国競技かるた東京東会大会(A・01/08),2024-01-08,A1,A,47,47,109,6,6,1,0,0,17,17,0,0,0,17,0,0,0,0,0,0,0,0,0,0,0,8,1
6124,936,"第73回高松宮記念杯近江神宮全国競技かるた大会(A,B)",2024-01-07,A,A,120,120,244,6,6,1,0,0,8,8,0,0,0,8,0,0,0,0,0,0,0,0,0,0,0,16,0
6125,936,"第73回高松宮記念杯近江神宮全国競技かるた大会(A,B)",2024-01-07,B1,B,62,62,124,6,6,1,0,0,2,2,0,0,0,2,0,0,0,0,0,0,0,0,0,0,0,8,1
6126,936,"第73回高松宮記念杯近江神宮全国競技かるた大会(A,B)",2024-01-07,B2,B,61,61,123,6,6,1,0,0,3,3,0,0,0,5,0,0,0,0,0,0,0,0,0,0,0,8,1
6127,936,"第73回高松宮記念杯近江神宮全国競技かるた大会(A,B)",2024-01-07,B3,B,62,62,124,6,6,1,0,0,2,2,0,0,0,2,0,0,0,0,0,0,0,0,0,0,0,8,1
6128,937,第69回小倉百人一首競技かるた新春全国大会(E),2024-01-08,E1,E,26,26,56,5,5,1,0,0,6,6,0,0,0,8,0,0,0,0,0,0,0,0,0,0,0,8,1
6129,937,第69回小倉百人一首競技かるた新春全国大会(E),2024-01-08,E2,E,26,26,56,5,5,1,0,0,6,6,0,0,0,6,0,0,0,0,0,0,0,0,0,0,0,8,1
6130,937,第69回小倉百人一首競技かるた新春全国大会(E),2024-01-08,E3,E,25,25,55,5,5,1,0,0,7,7,0,0,0,7,0,2,0,0,0,0,0,0,0,0,0,8,1
6131,937,第69回小倉百人一首競技かるた新春全国大会(E),2024-01-08,E4,E,28,28,58,5,5,1,0,0,4,4,0,0,0,4,0,0,0,0,0,0,0,0,0,0,0,8,1
6132,937,第69回小倉百人一首競技かるた新春全国大会(E),2024-01-08,E5,E,27,27,57,5,5,1,0,0,5,5,0,0,0,5,0,0,0,0,0,0,0,0,0,0,0,8,1
6133,937,第69回小倉百人一首競技かるた新春全国大会(E),2024-01-08,E6,E,26,26,56,5,5,1,0,0,6,6,0,0,0,6,0,0,0,0,0,0,0,0,0,0,0,8,1
6134,937,第69回小倉百人一首競技かるた新春全国大会(E),2024-01-08,E7,E,28,28,58,5,5,1,0,0,4,4,0,0,0,4,0,0,0,0,0,0,0,0,0,0,0,8,1
6135,937,第69回小倉百人一首競技かるた新春全国大会(E),2024-01-08,E8,E,28,28,58,5,5,1,0,0,4,4,0,0,0,4,0,0,0,0,0,0,0,0,0,0,0,8,1
6136,937,第69回小倉百人一首競技かるた新春全国大会(E),2024-01-08,E9,E,28,28,58,5,5,1,0,0,4,4,0,0,0,4,0,0,0,0,0,0,0,0,0,0,0,8,1
6137,937,第69回小倉百人一首競技かるた新春全国大会(E),2024-01-08,E10,E,26,26,56,5,5,1,0,0,6,6,0,0,0,6,0,0,0,0,0,0,0,0,0,0,0,8,1
6138,937,第69回小倉百人一首競技かるた新春全国大会(E),2024-01-08,E11,E,28,28,58,5,5,1,0,0,4,4,0,0,0,4,0,0,0,0,0,0,0,0,0,0,0,8,1
6139,937,第69回小倉百人一首競技かるた新春全国大会(E),2024-01-08,E12,E,27,27,57,5,5,1,0,0,5,5,0,0,0,5,0,2,0,0,0,0,0,0,0,0,0,8,1
6140,937,第69回小倉百人一首競技かるた新春全国大会(E),2024-01-08,E13,E,24,24,54,5,5,1,0,0,8,8,0,0,0,8,0,0,0,0,0,0,0,0,0,0,0,8,1
6141,937,第69回小倉百人一首競技かるた新春全国大会(E),2024-01-08,E14,E,28,28,58,5,5,1,0,0,4,4,0,0,0,4,0,0,0,0,0,0,0,0,0,0,0,8,1
6142,937,第69回小倉百人一首競技かるた新春全国大会(E),2024-01-08,E15,E,28,28,58,5,5,1,0,0,4,4,0,0,0,4,0,2,0,0,0,0,0,0,0,0,0,8,1
6143,937,第69回小倉百人一首競技かるた新春全国大会(E),2024-01-08,E16,E,28,28,58,5,5,1,0,0,4,4,0,0,0,4,0,2,0,0,0,0,0,0,0,0,0,8,1
6144,938,第69回小倉百人一首競技かるた新春全国大会(D),2024-01-07,D1,D,30,30,60,5,5,1,0,0,2,2,0,0,0,4,0,0,0,0,0,0,0,0,0,0,0,8,1
6145,938,第69回小倉百人一首競技かるた新春全国大会(D),2024-01-07,D2,D,31,31,61,5,5,1,0,0,1,1,0,0,0,1,0,0,0,0,0,0,0,0,0,0,0,8,1
6146,938,第69回小倉百人一首競技かるた新春全国大会(D),2024-01-07,D3,D,31,31,61,5,5,1,0,0,1,1,0,0,0,1,0,0,0,0,0,0,0,0,0,0,0,8,1
6147,938,第69回小倉百人一首競技かるた新春全国大会(D),2024-01-07,D4,D,30,30,60,5,5,1,0,0,2,2,0,0,0,2,0,0,0,0,0,0,0,0,0,0,0,8,1
6148,938,第69回小倉百人一首競技かるた新春全国大会(D),2024-01-07,D5,D,30,30,60,5,5,1,0,0,2,2,0,0,0,2,0,0,0,0,0,0,0,0,0,0,0,8,1
6149,938,第69回小倉百人一首競技かるた新春全国大会(D),2024-01-07,D6,D,31,31,61,5,5,1,0,0,1,1,0,0,0,1,0,0,0,0,0,0,0,0,0,0,0,8,1
6150,938,第69回小倉百人一首競技かるた新春全国大会(D),2024-01-07,D7,D,31,31,61,5,5,1,0,0,1,1,0,0,0,1,0,0,0,0,0,0,0,0,0,0,0,8,1
6151,938,第69回小倉百人一首競技かるた新春全国大会(D),2024-01-07,D8,D,30,30,60,5,5,1,0,0,2,2,0,0,0,4,0,0,0,0,0,0,0,0,0,0,0,8,1
6152,938,第69回小倉百人一首競技かるた新春全国大会(D),2024-01-07,D9,D,32,32,62,5,5,1,0,0,0,0,0,0,0,2,0,0,0,0,0,0,0,0,0,0,0,8,1
6153,938,第69回小倉百人一首競技かるた新春全国大会(D),2024-01-07,D10,D,31,31,61,5,5,1,0,0,1,1,0,0,0,3,0,0,0,0,0,0,0,0,0,0,0,8,1
6154,938,第69回小倉百人一首競技かるた新春全国大会(D),2024-01-07,D11,D,32,32,62,5,5,1,0,0,0,0,0,0,0,2,0,0,0,0,0,0,0,0,0,0,0,8,1
6155,938,第69回小倉百人一首競技かるた新春全国大会(D),2024-01-07,D12,D,29,29,59,5,5,1,0,0,3,3,0,0,0,3,0,0,0,0,0,0,0,0,0,0,0,8,1
6156,939,第53回太宰府小倉百人一首競技かるた大会(A),2024-01-14,A,A,70,70,194,6,6,1,0,0,58,58,0,0,0,58,0,0,0,0,0,0,0,0,0,0,0,16,0
6157,940,第53回太宰府小倉百人一首競技かるた大会(B),2024-01-13,B,B,82,82,206,6,6,1,0,0,46,46,0,0,0,46,0,2,0,0,0,0,0,0,0,0,0,16,0
6158,941,第69回小倉百人一首競技かるた新春全国大会(B),2024-01-13,B1,B,62,62,124,6,6,1,0,0,2,2,0,0,0,2,0,0,0,0,0,0,0,0,0,0,0,8,1
6159,941,第69回小倉百人一首競技かるた新春全国大会(B),2024-01-13,B2,B,63,63,125,6,6,1,0,0,1,1,0,0,0,1,0,0,0,0,0,0,0,0,0,0,0,8,1
6160,941,第69回小倉百人一首競技かるた新春全国大会(B),2024-01-13,B3,B,61,61,123,6,6,1,0,0,3,3,0,0,0,3,0,0,0,0,0,0,0,0,0,0,0,8,1
6161,941,第69回小倉百人一首競技かるた新春全国大会(B),2024-01-13,B4,B,61,61,123,6,6,1,0,0,3,3,0,0,0,3,0,0,0,0,0,0,0,0,0,0,0,8,1
6162,942,第2回競技かるた初段認定広島大会,2024-01-14,詳細結果,,25,25,72,3,3,1,0,0,0,0,0,0,0,2,0,0,0,0,0,0,1,0,0,0,0,0,0
6163,943,第69回小倉百人一首競技かるた新春全国大会(A),2024-01-14,A1,A,61,61,123,6,6,1,0,0,3,3,0,0,0,3,0,0,0,0,0,0,0,0,0,0,0,8,1
6164,943,第69回小倉百人一首競技かるた新春全国大会(A),2024-01-14,A2,A,61,61,123,6,6,1,0,0,3,3,0,0,0,3,0,0,0,0,0,0,0,0,0,0,0,8,1
6165,943,第69回小倉百人一首競技かるた新春全国大会(A),2024-01-14,A3,A,63,63,125,6,6,1,0,0,1,1,0,0,0,1,0,0,0,0,0,0,0,0,0,0,0,8,1
6166,944,"第53回全国競技かるた松山大会(D,E)",2024-01-08,D1,D,21,21,51,5,5,1,0,0,11,11,0,0,0,13,0,0,0,0,0,0,0,0,0,0,0,4,1
6167,944,"第53回全国競技かるた松山大会(D,E)",2024-01-08,D2,D,23,23,53,5,5,1,0,0,9,9,0,0,0,9,0,0,0,0,0,0,0,0,0,0,0,4,1
6168,944,"第53回全国競技かるた松山大会(D,E)",2024-01-08,D3,D,19,19,49,5,5,1,0,0,13,13,0,0,0,13,0,0,0,0,0,0,0,0,0,0,0,4,1
6169,944,"第53回全国競技かるた松山大会(D,E)",2024-01-08,D4,D,22,22,52,5,5,1,0,3,13,10,0,0,0,10,0,0,0,3,0,0,0,0,0,0,0,4,1
6170,944,"第53回全国競技かるた松山大会(D,E)",2024-01-08,E1,E,26,26,56,5,5,1,0,0,6,6,0,0,0,6,0,2,0,0,0,0,0,0,0,0,0,4,1
6171,944,"第53回全国競技かるた松山大会(D,E)",2024-01-08,E2,E,25,25,55,5,5,1,0,0,7,7,0,0,0,7,0,0,0,0,0,0,0,0,0,0,0,4,1
6172,945,"第53回太宰府小倉百人一首競技かるた大会(A,B,C,D)",2024-01-21,A,A,70,70,194,6,6,1,0,0,58,58,0,0,0,58,0,0,0,0,0,0,0,0,0,0,0,16,0
6173,945,"第53回太宰府小倉百人一首競技かるた大会(A,B,C,D)",2024-01-21,B,B,82,82,206,6,6,1,0,0,46,46,0,0,0,46,0,0,0,0,0,0,0,0,0,0,0,16,0
6174,945,"第53回太宰府小倉百人一首競技かるた大会(A,B,C,D)",2024-01-21,C,C,68,68,192,6,6,1,0,0,60,60,0,0,0,60,0,0,0,0,0,0,0,0,0,0,0,16,0
6175,945,"第53回太宰府小倉百人一首競技かるた大会(A,B,C,D)",2024-01-21,D,D,116,116,236,5,5,1,0,0,12,12,0,0,0,12,0,0,0,0,0,0,0,0,0,0,0,32,0
6176,946,第37回 全国競技かるた小学生選手権大会 結果報告表,2024-01-21,B,B,2,2,9,5,5,1,0,8,9,1,0,0,0,1,0,0,0,0,0,0,0,0,0,0,0,2,1
6177,946,第37回 全国競技かるた小学生選手権大会 結果報告表,2024-01-21,C,C,12,12,31,5,5,1,0,23,25,2,0,0,0,2,0,0,0,0,0,0,0,0,0,0,0,4,0
6178,946,第37回 全国競技かるた小学生選手権大会 結果報告表,2024-01-21,D,D,27,27,51,4,4,1,0,19,31,12,0,0,0,12,0,0,0,0,0,0,0,0,0,0,0,4,0
6179,947,第75回全国競技かるた京都大会,2024-01-21,C,C,144,144,330,6,6,1,0,0,48,48,0,0,0,48,0,0,0,0,0,0,0,0,0,0,0,12,0
6180,947,第75回全国競技かるた京都大会,2024-01-21,D,D,225,225,465,5,5,1,0,0,31,31,0,0,0,31,0,0,0,0,0,0,0,0,0,0,0,32,0
6181,947,第75回全国競技かるた京都大会,2024-01-21,E,E,227,227,467,5,5,1,0,0,29,29,0,0,0,29,0,0,0,0,0,0,0,0,0,0,0,32,0
6182,948,第32回全国競技かるた広島大会,2024-01-21,A,A,62,62,124,6,6,1,0,0,2,2,0,0,0,2,0,0,0,0,0,0,0,0,0,0,0,8,1
6183,948,第32回全国競技かるた広島大会,2024-01-21,B,B,60,60,122,6,6,1,0,0,4,4,0,0,0,4,0,0,0,0,0,0,0,0,0,0,0,4,1
6184,948,第32回全国競技かるた広島大会,2024-01-21,C,C,49,49,109,6,6,1,0,0,13,13,0,0,0,15,0,0,0,0,0,0,0,0,0,0,0,4,1
6185,948,第32回全国競技かるた広島大会,2024-01-21,D,D,27,27,57,5,5,1,0,0,5,5,0,0,0,5,0,0,0,0,0,0,0,0,0,0,0,4,1
6186,949,第105回全国競技かるた大阪大会(A),2024-01-28,A級,A,62,62,124,6,6,1,0,0,2,2,0,0,0,2,0,0,0,0,0,0,0,0,0,0,0,8,1
6187,950,"第81回全国競技かるた桑名大会(C,E)",2024-01-27,C,C,100,100,224,6,6,1,0,0,28,28,0,0,0,28,0,0,0,0,0,0,0,0,0,0,0,16,0
6188,950,"第81回全国競技かるた桑名大会(C,E)",2024-01-27,E,E,103,103,229,7,7,1,0,0,25,25,0,0,0,31,0,0,0,0,0,0,0,0,0,0,0,16,1
6189,950,"第81回全国競技かるた桑名大会(C,E)",2024-01-27,E1,E,5,5,2,1,7,7,0,2,2,2,0,0,0,0,0,2,0,0,0,0,3,0,0,0,0,5,1
6190,951,第77回全国競技かるた東京東会大会(A・01/28),2024-01-28,A2,A,48,48,110,6,6,1,0,0,16,16,0,0,0,16,0,0,0,0,0,0,0,0,0,0,0,8,1
6191,951,第77回全国競技かるた東京東会大会(A・01/28),2024-01-28,A3,A,92,92,216,6,6,1,0,0,36,36,0,0,0,36,0,0,0,0,0,0,0,0,0,0,0,16,0
6192,952,能登半島地震復興支援チャリティー大会,2024-02-03,E1,E,31,31,61,5,5,1,0,0,1,1,0,0,0,1,0,2,0,0,0,0,0,0,0,0,0,8,1
6193,952,能登半島地震復興支援チャリティー大会,2024-02-03,E2,E,31,31,61,5,5,1,0,0,1,1,0,0,0,3,0,0,0,0,0,0,0,0,0,0,0,8,1
6194,952,能登半島地震復興支援チャリティー大会,2024-02-03,E3,E,31,31,61,5,5,1,0,0,1,1,0,0,0,1,0,0,0,0,0,0,0,0,0,0,0,8,1
6195,952,能登半島地震復興支援チャリティー大会,2024-02-03,E4,E,32,32,62,5,5,1,0,0,0,0,0,0,0,0,0,0,0,0,0,0,0,0,0,0,0,8,1
6196,952,能登半島地震復興支援チャリティー大会,2024-02-03,E5,E,32,32,62,5,5,1,0,0,0,0,0,0,0,0,0,0,0,0,0,0,0,0,0,0,0,8,1
6197,952,能登半島地震復興支援チャリティー大会,2024-02-03,E6,E,32,32,62,5,5,1,0,0,0,0,0,0,0,2,0,0,0,0,0,0,0,0,0,0,0,8,1
6198,952,能登半島地震復興支援チャリティー大会,2024-02-03,E7,E,30,30,60,5,5,1,0,0,2,2,0,0,0,2,0,0,0,0,0,0,0,0,0,0,0,8,1
6199,952,能登半島地震復興支援チャリティー大会,2024-02-03,E8,E,32,32,62,5,5,1,0,0,0,0,0,0,0,2,0,0,0,0,0,0,0,0,0,0,0,8,1
6200,953,能登半島地震復興支援チャリティー大会,2024-02-12,D1,D,30,30,60,5,5,1,0,0,2,2,0,0,0,4,0,0,0,0,0,0,0,0,0,0,0,8,1
6201,953,能登半島地震復興支援チャリティー大会,2024-02-12,D2,D,30,30,60,5,5,1,0,0,2,2,0,0,0,2,0,0,0,0,0,0,0,0,0,0,0,8,1
6202,953,能登半島地震復興支援チャリティー大会,2024-02-12,D3,D,29,29,59,5,5,1,0,0,3,3,0,0,0,3,0,0,0,0,0,0,0,0,0,0,0,8,1
6203,953,能登半島地震復興支援チャリティー大会,2024-02-12,D4,D,29,29,59,5,5,1,0,0,3,3,0,0,0,3,0,0,0,0,0,0,0,0,0,0,0,8,1
6204,953,能登半島地震復興支援チャリティー大会,2024-02-12,D5,D,30,30,60,5,5,1,0,0,2,2,0,0,0,2,0,0,0,0,0,0,0,0,0,0,0,8,1
6205,953,能登半島地震復興支援チャリティー大会,2024-02-12,D6,D,26,26,56,5,5,1,0,0,6,6,0,0,0,6,0,0,0,0,0,0,0,0,0,0,0,8,1
6206,953,能登半島地震復興支援チャリティー大会,2024-02-12,D7,D,30,30,60,5,5,1,0,0,2,2,0,0,0,4,0,0,0,0,0,0,0,0,0,0,0,8,1
6207,953,能登半島地震復興支援チャリティー大会,2024-02-12,D8,D,28,28,58,5,5,1,0,0,4,4,0,0,0,4,0,0,0,0,0,0,0,0,0,0,0,8,1
6208,953,能登半島地震復興支援チャリティー大会,2024-02-12,D9,D,29,29,59,5,5,1,0,0,3,3,0,0,0,3,0,0,0,0,0,0,0,0,0,0,0,8,1
6209,954,能登半島地震復興支援チャリティー大会,2024-02-18,A1,A,59,59,121,6,6,1,0,0,5,5,0,0,0,5,0,0,0,0,0,0,0,0,0,0,0,8,1
6210,954,能登半島地震復興支援チャリティー大会,2024-02-18,A2,A,56,56,118,6,6,1,0,0,8,8,0,0,0,8,0,0,0,0,0,0,0,0,0,0,0,8,1
6211,954,能登半島地震復興支援チャリティー大会,2024-02-18,A3,A,60,60,122,6,6,1,0,0,4,4,0,0,0,4,0,0,0,0,0,0,0,0,0,0,0,8,1
6212,955,能登半島地震復興支援チャリティー大会,2024-02-17,B1,B,49,49,111,6,6,1,0,0,15,15,0,0,0,15,0,0,0,0,0,0,0,0,0,0,0,8,1
6213,955,能登半島地震復興支援チャリティー大会,2024-02-17,B2,B,53,53,115,6,6,1,0,0,11,11,0,0,0,11,0,0,0,0,0,0,0,0,0,0,0,8,1
6214,955,能登半島地震復興支援チャリティー大会,2024-02-17,B3,B,46,46,108,6,6,1,0,0,18,18,0,0,0,20,0,0,0,0,0,0,0,0,0,0,0,8,1
6215,955,能登半島地震復興支援チャリティー大会,2024-02-17,B4,B,45,45,107,6,6,1,0,0,19,19,0,0,0,19,0,0,0,0,0,0,0,0,0,0,0,8,1
6216,955,能登半島地震復興支援チャリティー大会,2024-02-17,C1,C,50,50,112,6,6,1,0,0,14,14,0,0,0,14,0,0,0,0,0,0,0,0,0,0,0,8,1
6217,955,能登半島地震復興支援チャリティー大会,2024-02-17,C2,C,49,49,111,6,6,1,0,0,15,15,0,0,0,15,0,0,0,0,0,0,0,0,0,0,0,8,1
6218,955,能登半島地震復興支援チャリティー大会,2024-02-17,C3,C,50,50,112,6,6,1,0,0,14,14,0,0,0,14,0,0,0,0,0,0,0,0,0,0,0,8,1
6219,955,能登半島地震復興支援チャリティー大会,2024-02-17,C4,C,46,46,108,6,6,1,0,5,23,18,0,0,0,18,0,0,0,5,0,0,0,0,0,0,0,8,1
6220,956,"第57回全国競技かるた静岡大会(C,D,E)",2024-02-17,C1,C,40,40,102,6,6,1,0,0,24,24,0,0,0,24,0,0,0,0,0,0,0,0,0,0,0,8,1
6221,956,"第57回全国競技かるた静岡大会(C,D,E)",2024-02-17,C2,C,38,38,100,6,6,1,0,0,26,26,0,0,0,26,0,0,0,0,0,0,0,0,0,0,0,8,1
6222,956,"第57回全国競技かるた静岡大会(C,D,E)",2024-02-17,D1,D,26,26,56,5,5,1,0,0,6,6,0,0,0,6,0,0,0,0,0,0,0,0,0,0,0,4,1
6223,956,"第57回全国競技かるた静岡大会(C,D,E)",2024-02-17,D2,D,28,28,58,5,5,1,0,0,4,4,0,0,0,4,0,0,0,0,0,0,0,0,0,0,0,4,1
6224,956,"第57回全国競技かるた静岡大会(C,D,E)",2024-02-17,D3,D,29,29,59,5,5,1,0,0,3,3,0,0,0,3,0,0,0,0,0,0,0,0,0,0,0,4,1
6225,956,"第57回全国競技かるた静岡大会(C,D,E)",2024-02-17,D4,D,25,25,55,5,5,1,0,0,7,7,0,0,0,7,0,0,0,0,0,0,0,0,0,0,0,4,1
6226,956,"第57回全国競技かるた静岡大会(C,D,E)",2024-02-17,E1,E,14,14,28,4,4,1,0,0,2,2,0,0,0,2,0,0,0,0,0,0,0,0,0,0,0,4,1
6227,956,"第57回全国競技かるた静岡大会(C,D,E)",2024-02-17,E2,E,15,15,29,4,4,1,0,0,1,1,0,0,0,1,0,0,0,0,0,0,0,0,0,0,0,4,1
6228,956,"第57回全国競技かるた静岡大会(C,D,E)",2024-02-17,F級,,9,9,23,4,4,1,0,0,7,7,0,0,0,7,0,0,0,0,0,0,0,0,0,0,0,4,1
6229,957,第77回全国競技かるた東京東会大会(D),2024-02-18,D,D,252,252,492,5,5,1,0,0,4,4,0,0,0,4,0,0,0,0,0,0,0,0,0,0,0,32,0
6230,958,第1回競技かるた初段認定久留米大会,2024-02-23,詳報,,77,77,231,3,3,1,0,0,11,11,0,0,0,11,0,0,0,0,0,0,0,0,0,0,0,0,0
6231,959,第103回全国競技かるた横浜大会(A),2024-02-17,A級,A,201,201,422,6,6,1,0,0,28,28,0,0,0,28,0,0,0,0,0,0,0,0,0,0,0,32,0
6232,960,第103回全国競技かるた横浜大会(B),2024-02-18,B級,B,249,249,496,6,6,1,0,0,6,6,0,0,0,6,0,0,0,0,0,0,0,0,0,0,0,32,0
6233,961,第39回全国選抜かるた大会,2024-03-03,A,A,32,32,72,5,5,1,0,0,0,0,0,0,0,8,0,0,0,0,0,0,0,0,0,0,0,8,0
6234,962,第46回全国小・中学生競技かるた選手権福井大会,2023-11-05,小学２年生以下級,,7,7,13,3,3,1,0,0,1,1,0,0,0,1,0,0,0,0,0,0,0,0,0,0,0,4,1
6235,962,第46回全国小・中学生競技かるた選手権福井大会,2023-11-05,小学３年生級,,13,13,27,4,4,1,0,0,3,3,0,0,0,3,0,0,0,0,0,0,0,0,0,0,0,4,1
6236,962,第46回全国小・中学生競技かるた選手権福井大会,2023-11-05,小学４年生級,,30,30,60,5,5,1,0,0,2,2,0,0,0,2,0,0,0,0,0,0,0,0,0,0,0,8,1
6237,962,第46回全国小・中学生競技かるた選手権福井大会,2023-11-05,小学５年生級,,18,18,48,5,5,1,0,0,14,14,0,0,0,14,0,0,0,0,0,0,0,0,0,0,0,8,1
6238,962,第46回全国小・中学生競技かるた選手権福井大会,2023-11-05,小学６年生級,,24,24,54,5,5,1,0,0,8,8,0,0,0,8,0,0,0,0,0,0,0,0,0,0,0,8,1
6239,962,第46回全国小・中学生競技かるた選手権福井大会,2023-11-05,中学生級,,38,38,100,6,6,1,0,0,26,26,0,0,0,26,0,0,0,0,0,0,0,0,0,0,0,8,1
6240,962,第46回全国小・中学生競技かるた選手権福井大会,2023-11-05,高校生級,,7,7,13,3,3,1,0,0,1,1,0,0,0,1,0,0,0,0,0,0,0,0,0,0,0,4,1
6241,963,第3回競技かるた初段認定香川大会,2024-03-10,詳報,,25,25,74,3,3,1,0,2,2,0,0,0,0,0,0,2,0,0,0,0,0,0,0,0,0,0,0
6242,964,小倉百人一首競技かるた 第54回全国小・中学生選手権大会,2024-03-24,中学３年級,,45,45,107,6,6,1,0,4,23,23,0,0,0,19,0,0,0,4,0,0,0,0,0,0,0,8,1
6243,964,小倉百人一首競技かるた 第54回全国小・中学生選手権大会,2024-03-24,中学２年級,,51,51,110,6,6,1,0,0,16,16,0,0,0,16,0,0,0,0,0,0,3,0,0,0,0,8,1
6244,964,小倉百人一首競技かるた 第54回全国小・中学生選手権大会,2024-03-24,中学１年級,,47,47,109,6,6,1,0,0,17,17,0,0,0,17,0,0,0,0,0,0,0,0,0,0,0,8,1
6245,964,小倉百人一首競技かるた 第54回全国小・中学生選手権大会,2024-03-24,小学６年級,,40,40,102,6,6,1,0,0,24,24,0,0,0,24,0,0,0,2,0,0,0,0,0,0,0,8,1
6246,964,小倉百人一首競技かるた 第54回全国小・中学生選手権大会,2024-03-24,小学５年級,,40,40,102,6,6,1,0,0,24,24,0,0,0,26,0,2,0,0,0,0,0,0,0,0,0,8,1
6247,964,小倉百人一首競技かるた 第54回全国小・中学生選手権大会,2024-03-24,小学４年級,,36,36,98,6,6,1,0,0,28,28,0,0,0,28,0,0,0,0,0,0,0,0,0,0,0,8,1
6248,964,小倉百人一首競技かるた 第54回全国小・中学生選手権大会,2024-03-24,小学３年級,,22,22,52,5,5,1,0,0,10,10,0,0,0,10,0,0,0,0,0,0,0,0,0,0,0,8,1
6249,964,小倉百人一首競技かるた 第54回全国小・中学生選手権大会,2024-03-24,小学２年以下級,,25,25,55,5,5,1,0,6,13,13,0,0,0,7,0,0,0,6,0,0,0,0,0,0,0,8,1
6250,965,第43回全国競技かるた鹿児島大会,2024-03-24,A,A,52,52,114,6,6,1,0,0,12,12,0,0,0,12,0,0,0,0,0,0,0,0,0,0,0,8,1
6251,965,第43回全国競技かるた鹿児島大会,2024-03-24,B,B,75,75,199,6,6,1,0,0,53,53,0,0,0,53,0,0,0,0,0,0,0,0,0,0,0,16,0
6252,965,第43回全国競技かるた鹿児島大会,2024-03-24,C,C,79,79,203,6,6,1,0,0,49,49,0,0,0,51,0,0,0,0,0,0,0,0,0,0,0,16,0
6253,965,第43回全国競技かるた鹿児島大会,2024-03-24,D,D,96,96,186,5,5,1,0,0,0,0,0,0,0,2,0,0,0,0,0,0,0,0,0,0,0,24,0
6254,966,"第53回全国競技かるた松山大会(A,B,C)",2024-03-20,A1,A,40,40,102,6,6,1,0,0,24,24,0,0,0,24,0,0,0,0,0,0,0,0,0,0,0,8,1
6255,966,"第53回全国競技かるた松山大会(A,B,C)",2024-03-20,A2,A,40,40,102,6,6,1,0,0,24,24,0,0,0,24,0,0,0,0,0,0,0,0,0,0,0,8,1
6256,966,"第53回全国競技かるた松山大会(A,B,C)",2024-03-20,B1,B,42,42,104,6,6,1,0,0,22,22,0,0,0,22,0,0,0,0,0,0,0,0,0,0,0,8,1
6257,966,"第53回全国競技かるた松山大会(A,B,C)",2024-03-20,B2,B,44,44,106,6,6,1,0,0,20,20,0,0,0,20,0,0,0,0,0,0,0,0,0,0,0,8,1
6258,966,"第53回全国競技かるた松山大会(A,B,C)",2024-03-20,C1,C,40,40,102,6,6,1,0,0,24,24,0,0,0,24,0,0,0,0,0,0,0,0,0,0,0,8,1
6259,966,"第53回全国競技かるた松山大会(A,B,C)",2024-03-20,C2,C,40,40,102,6,6,1,0,0,24,24,0,0,0,24,0,0,0,0,0,0,0,0,0,0,0,8,1
6260,967,第4回競技かるた初段認定徳島大会,2024-02-18,大会結果,,28,28,84,3,3,1,0,0,0,0,0,0,0,2,0,0,0,0,0,0,0,0,0,0,0,0,0
6261,968,第57回全国競技かるた静岡大会(B),2024-02-23,B1,B,59,59,121,6,6,1,0,0,5,5,0,0,0,5,0,0,0,0,0,0,0,0,0,0,0,8,1
6262,968,第57回全国競技かるた静岡大会(B),2024-02-23,B2,B,57,57,119,6,6,1,0,0,7,7,0,0,0,7,0,0,0,0,0,0,0,0,0,0,0,8,1
6263,968,第57回全国競技かるた静岡大会(B),2024-02-23,B3,B,61,61,123,6,6,1,0,0,3,3,0,0,0,3,0,0,0,0,0,0,0,0,0,0,0,8,1
6264,969,第57回全国競技かるた静岡大会(A),2024-02-25,A1,A,44,44,106,6,6,1,0,0,20,20,0,0,0,20,0,0,0,0,0,0,0,0,0,0,0,8,1
6265,969,第57回全国競技かるた静岡大会(A),2024-02-25,A2,A,44,44,106,6,6,1,0,0,20,20,0,0,0,20,0,0,0,0,0,0,0,0,0,0,0,8,1
6266,969,第57回全国競技かるた静岡大会(A),2024-02-25,A3,A,51,51,113,6,6,1,0,0,13,13,0,0,0,13,0,0,0,0,0,0,0,0,0,0,0,8,1
6267,970,"第35回全国競技かるた東大阪大会(B,C,D)",2024-02-25,B1,B,61,61,123,6,6,1,0,0,3,3,0,0,0,3,0,0,0,0,0,0,0,0,0,0,0,8,1
6268,970,"第35回全国競技かるた東大阪大会(B,C,D)",2024-02-25,B2,B,63,63,125,6,6,1,0,0,1,1,0,0,0,1,0,0,0,0,0,0,0,0,0,0,0,8,1
6269,970,"第35回全国競技かるた東大阪大会(B,C,D)",2024-02-25,C1,C,64,64,126,6,6,1,0,0,0,0,0,0,0,0,0,0,0,0,0,0,0,0,0,0,0,8,1
6270,970,"第35回全国競技かるた東大阪大会(B,C,D)",2024-02-25,C2,C,62,62,124,6,6,1,0,0,2,2,0,0,0,2,0,0,0,0,0,0,0,0,0,0,0,8,1
6271,970,"第35回全国競技かるた東大阪大会(B,C,D)",2024-02-25,D1,D,29,29,59,5,5,1,0,0,3,3,0,0,0,3,0,0,0,0,0,0,0,0,0,0,0,4,1
6272,970,"第35回全国競技かるた東大阪大会(B,C,D)",2024-02-25,D2,D,31,31,61,5,5,1,0,0,1,1,0,0,0,1,0,0,0,0,0,0,0,0,0,0,0,4,1
6273,970,"第35回全国競技かるた東大阪大会(B,C,D)",2024-02-25,D3,D,29,29,59,5,5,1,0,0,3,3,0,0,0,3,0,0,0,0,0,0,0,0,0,0,0,4,1
6274,970,"第35回全国競技かるた東大阪大会(B,C,D)",2024-02-25,D4,D,31,31,61,5,5,1,0,0,1,1,0,0,0,1,0,0,0,0,0,0,0,0,0,0,0,4,1
6275,971,第42回全国競技かるた東京吉野会大会(C),2024-02-25,C1,C,64,64,126,6,6,1,0,0,0,0,0,0,0,0,0,0,0,0,0,0,0,0,0,0,0,8,1
6276,971,第42回全国競技かるた東京吉野会大会(C),2024-02-25,C2,C,64,64,126,6,6,1,0,0,0,0,0,0,0,0,0,0,0,0,0,0,0,0,0,0,0,8,1
6277,972,"第81回全国競技かるた桑名大会(A,B,C,D,E)",2024-03-16,A,A,159,159,347,7,8,1,0,2,35,35,0,0,0,33,0,2,0,0,0,0,0,0,0,0,0,24,0
6278,972,"第81回全国競技かるた桑名大会(A,B,C,D,E)",2024-03-16,B,B,157,157,345,7,8,1,0,2,37,37,0,0,0,35,0,2,0,0,0,0,0,0,0,0,0,24,0
6279,972,"第81回全国競技かるた桑名大会(A,B,C,D,E)",2024-03-16,C,C,100,100,224,6,6,1,0,0,28,28,0,0,0,28,0,0,0,0,0,0,0,0,0,0,0,16,0
6280,972,"第81回全国競技かるた桑名大会(A,B,C,D,E)",2024-03-16,D,D,142,142,294,6,8,1,0,2,20,20,0,0,0,20,0,2,0,0,0,0,0,0,0,0,0,20,0
6281,972,"第81回全国競技かるた桑名大会(A,B,C,D,E)",2024-03-16,E,E,103,103,229,7,7,1,0,0,25,25,0,0,0,31,0,0,0,0,0,0,0,0,0,0,0,16,1
6282,973,第7回競技かるた初段認定静岡大会,2024-03-30,詳細,,36,36,105,3,3,1,0,4,4,0,0,0,0,0,0,4,0,1,0,0,1,0,0,0,0,0,0
6283,974,第94回全国競技かるた学生選手権大会(A),2024-03-30,A,A,64,64,126,6,6,1,0,0,0,0,0,0,0,0,0,0,0,0,0,0,0,0,0,0,0,8,1
6284,975,第25回こばえちゃ山形全国競技かるた酒田大会,2024-04-21,A級,A,46,46,108,6,6,1,0,0,18,18,0,0,0,18,0,0,0,0,0,0,0,0,0,0,0,8,1
6285,975,第25回こばえちゃ山形全国競技かるた酒田大会,2024-04-21,B,B,74,74,198,6,6,1,0,0,54,54,0,0,0,54,0,0,0,0,0,0,0,0,0,0,0,16,0
6286,975,第25回こばえちゃ山形全国競技かるた酒田大会,2024-04-21,C級,C,54,54,114,5,5,1,0,0,10,10,0,0,0,10,0,0,0,0,0,0,0,0,0,0,0,16,0
6287,975,第25回こばえちゃ山形全国競技かるた酒田大会,2024-04-21,D級,D,63,63,123,5,5,1,0,0,1,1,0,0,0,5,0,0,0,0,0,0,0,0,0,0,0,16,0
6288,975,第25回こばえちゃ山形全国競技かるた酒田大会,2024-04-21,E級,E,63,63,123,5,5,1,0,0,1,1,0,0,0,5,0,0,0,0,0,0,0,0,0,0,0,16,0
6289,976,"第40回全国競技かるた熊本大会(A,B)",2024-04-27,A,A,49,49,111,6,6,1,0,0,15,15,0,0,0,15,0,0,0,0,0,0,0,0,0,0,0,8,1
6290,976,"第40回全国競技かるた熊本大会(A,B)",2024-04-27,Ｂ級,B,81,81,205,6,6,1,0,0,47,47,0,0,0,47,0,0,0,0,0,0,0,0,0,0,0,8,0
6291,977,小倉百人一首競技かるた 第63回全日本選手権大会,2024-04-28,A,A,62,62,124,6,6,1,0,0,2,2,0,0,0,2,0,0,0,0,0,0,0,0,0,0,0,8,1
6292,978,第19回全国競技かるた兵庫大会,2024-04-29,A1,A,51,51,113,6,6,1,0,0,13,13,0,0,0,13,0,0,0,0,0,0,0,0,0,0,0,8,1
6293,978,第19回全国競技かるた兵庫大会,2024-04-29,A2,A,51,51,113,6,6,1,0,0,13,13,0,0,0,13,0,0,0,0,0,0,0,0,0,0,0,8,1
6294,978,第19回全国競技かるた兵庫大会,2024-04-29,A3,A,51,51,113,6,6,1,0,0,13,13,0,0,0,13,0,0,0,0,0,0,0,0,0,0,0,8,1
6295,978,第19回全国競技かるた兵庫大会,2024-04-29,B1,B,50,50,112,6,6,1,0,0,14,14,0,0,0,14,0,0,0,2,0,0,0,0,0,0,0,8,1
6296,978,第19回全国競技かるた兵庫大会,2024-04-29,B2,B,50,50,112,6,6,1,0,0,14,14,0,0,0,14,0,0,0,0,0,0,0,0,0,0,0,8,1
6297,978,第19回全国競技かるた兵庫大会,2024-04-29,B3,B,51,51,113,6,6,1,0,0,13,13,0,0,0,13,0,0,0,2,0,0,0,0,0,0,0,8,1
6298,978,第19回全国競技かるた兵庫大会,2024-04-29,B4,B,47,47,109,6,6,1,0,0,17,17,0,0,0,17,0,0,0,0,0,0,0,0,0,0,0,8,1
6299,978,第19回全国競技かるた兵庫大会,2024-04-29,C1,C,28,28,58,5,5,1,0,0,4,4,0,0,0,4,0,2,0,0,0,0,0,0,0,0,0,4,1
6300,978,第19回全国競技かるた兵庫大会,2024-04-29,C2,C,27,27,57,5,5,1,0,0,5,5,0,0,0,5,0,0,0,0,0,0,0,0,0,0,0,4,1
6301,978,第19回全国競技かるた兵庫大会,2024-04-29,C3,C,27,27,57,5,5,1,0,0,5,5,0,0,0,5,0,0,0,0,0,0,0,0,0,0,0,4,1
6302,978,第19回全国競技かるた兵庫大会,2024-04-29,C4,C,27,27,57,5,5,1,0,0,5,5,0,0,0,5,0,0,0,0,0,0,0,0,0,0,0,4,1
6303,978,第19回全国競技かるた兵庫大会,2024-04-29,C5,C,26,26,56,5,5,1,0,0,6,6,0,0,0,6,0,0,0,0,0,0,0,0,0,0,0,4,1
6304,978,第19回全国競技かるた兵庫大会,2024-04-29,C6,C,27,27,57,5,5,1,0,0,5,5,0,0,0,5,0,0,0,0,0,0,0,0,0,0,0,4,1
6305,978,第19回全国競技かるた兵庫大会,2024-04-29,C7,C,28,28,58,5,5,1,0,0,4,4,0,0,0,4,0,0,0,0,0,0,0,0,0,0,0,4,1
6306,978,第19回全国競技かるた兵庫大会,2024-04-29,C8,C,28,28,58,5,5,1,0,0,4,4,0,0,0,4,0,0,0,0,0,0,0,0,0,0,0,4,1
6307,978,第19回全国競技かるた兵庫大会,2024-04-29,D1,D,31,31,61,5,5,1,0,0,1,1,0,0,0,1,0,0,0,0,0,0,0,0,0,0,0,4,1
6308,978,第19回全国競技かるた兵庫大会,2024-04-29,D2,D,28,28,58,5,5,1,0,0,4,4,0,0,0,4,0,0,0,0,0,0,0,0,0,0,0,4,1
6309,978,第19回全国競技かるた兵庫大会,2024-04-29,D3,D,29,29,59,5,5,1,0,0,3,3,0,0,0,5,0,0,0,0,0,0,0,0,0,0,0,4,1
6310,978,第19回全国競技かるた兵庫大会,2024-04-29,D4,D,29,29,59,5,5,1,0,0,3,3,0,0,0,3,0,0,0,0,0,0,0,0,0,0,0,4,1
6311,978,第19回全国競技かるた兵庫大会,2024-04-29,D5,D,30,30,60,5,5,1,0,0,2,2,0,0,0,2,0,0,0,0,0,0,0,0,0,0,0,4,1
6312,978,第19回全国競技かるた兵庫大会,2024-04-29,D6,D,30,30,60,5,5,1,0,0,2,2,0,0,0,2,0,0,0,0,0,0,0,0,0,0,0,4,1
6313,978,第19回全国競技かるた兵庫大会,2024-04-29,D7,D,29,29,59,5,5,1,0,0,3,3,0,0,0,3,0,0,0,0,0,0,0,0,0,0,0,4,1
6314,978,第19回全国競技かるた兵庫大会,2024-04-29,D8,D,27,27,57,5,5,1,0,0,5,5,0,0,0,5,0,0,0,0,0,0,0,0,0,0,0,4,1
6315,978,第19回全国競技かるた兵庫大会,2024-04-29,D9,D,24,24,54,5,5,1,0,0,8,8,0,0,0,8,0,0,0,0,0,0,0,0,0,0,0,4,1
6316,978,第19回全国競技かるた兵庫大会,2024-04-29,D10,D,30,30,60,5,5,1,0,0,2,2,0,0,0,2,0,0,0,0,0,0,0,0,0,0,0,4,1
6317,978,第19回全国競技かるた兵庫大会,2024-04-29,D11,D,27,27,57,5,5,1,0,0,5,5,0,0,0,5,0,0,0,0,0,0,0,0,0,0,0,4,1
6318,978,第19回全国競技かるた兵庫大会,2024-04-29,E1,E,15,15,29,4,4,1,0,0,1,1,0,0,0,1,0,0,0,0,0,0,0,0,0,0,0,4,1
6319,978,第19回全国競技かるた兵庫大会,2024-04-29,E2,E,16,16,30,4,4,1,0,0,0,0,0,0,0,0,0,0,0,0,0,0,0,0,0,0,0,4,1
6320,978,第19回全国競技かるた兵庫大会,2024-04-29,E3,E,16,16,30,4,4,1,0,0,0,0,0,0,0,0,0,0,0,0,0,0,0,0,0,0,0,4,1
6321,978,第19回全国競技かるた兵庫大会,2024-04-29,E4,E,14,14,28,4,4,1,0,0,2,2,0,0,0,2,0,0,0,0,0,0,0,0,0,0,0,4,1
6322,978,第19回全国競技かるた兵庫大会,2024-04-29,E5,E,16,16,30,4,4,1,0,0,0,0,0,0,0,0,0,0,0,0,0,0,0,0,0,0,0,4,1
6323,978,第19回全国競技かるた兵庫大会,2024-04-29,E6,E,16,16,30,4,4,1,0,0,0,0,0,0,0,0,0,0,0,0,0,0,0,0,0,0,0,4,1
6324,978,第19回全国競技かるた兵庫大会,2024-04-29,E7,E,14,14,28,4,4,1,0,0,2,2,0,0,0,2,0,0,0,0,0,0,0,0,0,0,0,4,1
6325,978,第19回全国競技かるた兵庫大会,2024-04-29,E8,E,15,15,29,4,4,1,0,0,1,1,0,0,0,1,0,0,0,0,0,0,0,0,0,0,0,4,1
6326,978,第19回全国競技かるた兵庫大会,2024-04-29,E9,E,13,13,27,4,4,1,0,0,3,3,0,0,0,3,0,0,0,0,0,0,0,0,0,0,0,4,1
6327,978,第19回全国競技かるた兵庫大会,2024-04-29,E10,E,15,15,29,4,4,1,0,0,1,1,0,0,0,1,0,0,0,0,0,0,0,0,0,0,0,4,1
6328,978,第19回全国競技かるた兵庫大会,2024-04-29,E11,E,14,14,28,4,4,1,0,0,2,2,0,0,0,2,0,0,0,0,0,0,0,0,0,0,0,4,1
6329,978,第19回全国競技かるた兵庫大会,2024-04-29,E12,E,15,15,29,4,4,1,0,0,1,1,0,0,0,1,0,0,0,0,0,0,0,0,0,0,0,4,1
6330,978,第19回全国競技かるた兵庫大会,2024-04-29,E13,E,15,15,29,4,4,1,0,0,1,1,0,0,0,1,0,0,0,0,0,0,0,0,0,0,0,4,1
6331,979,第42回全国競技かるた東京吉野会大会(D),2024-05-03,D1,D,30,30,60,5,5,1,0,0,2,2,0,0,0,2,0,0,0,0,0,0,0,0,0,0,0,8,1
6332,979,第42回全国競技かるた東京吉野会大会(D),2024-05-03,D2,D,26,26,56,5,5,1,0,0,6,6,0,0,0,6,0,0,0,0,0,0,0,0,0,0,0,8,1
6333,979,第42回全国競技かるた東京吉野会大会(D),2024-05-03,D3,D,28,28,58,5,5,1,0,0,4,4,0,0,0,4,0,0,0,0,0,0,0,0,0,0,0,8,1
6334,979,第42回全国競技かるた東京吉野会大会(D),2024-05-03,D4,D,30,30,60,5,5,1,0,0,2,2,0,0,0,2,0,0,0,0,0,0,0,0,0,0,0,8,1
6335,979,第42回全国競技かるた東京吉野会大会(D),2024-05-03,D5,D,31,31,61,5,5,1,0,0,1,1,0,0,0,1,0,0,0,0,0,0,0,0,0,0,0,8,1
6336,979,第42回全国競技かるた東京吉野会大会(D),2024-05-03,D6,D,29,29,59,5,5,1,0,0,3,3,0,0,0,3,0,0,0,0,0,0,0,0,0,0,0,8,1
6337,979,第42回全国競技かるた東京吉野会大会(D),2024-05-03,D7,D,27,27,57,5,5,1,0,0,5,5,0,0,0,5,0,0,0,0,0,0,0,0,0,0,0,8,1
6338,979,第42回全国競技かるた東京吉野会大会(D),2024-05-03,D8,D,25,25,55,5,5,1,0,0,7,7,0,0,0,7,0,0,0,0,0,0,0,0,0,0,0,8,1
6339,979,第42回全国競技かるた東京吉野会大会(D),2024-05-03,D9,D,28,28,58,5,5,1,0,0,4,4,0,0,0,4,0,2,0,0,0,0,0,0,0,0,0,8,1
6340,979,第42回全国競技かるた東京吉野会大会(D),2024-05-03,D10,D,27,27,57,5,5,1,0,0,5,5,0,0,0,5,0,0,0,0,0,0,0,0,0,0,0,8,1
6341,980,第42回全国競技かるた東京吉野会大会(E),2024-05-04,E1,E,29,29,59,5,5,1,0,0,3,3,0,0,0,3,0,0,0,0,2,0,0,0,0,0,0,8,0
6342,980,第42回全国競技かるた東京吉野会大会(E),2024-05-04,E2,E,28,28,58,5,5,1,0,0,4,4,0,0,0,4,0,0,0,0,0,0,0,0,0,0,0,8,1
6343,980,第42回全国競技かるた東京吉野会大会(E),2024-05-04,E3,E,29,29,59,5,5,1,0,0,3,3,0,0,0,3,0,0,0,0,0,0,0,0,0,0,0,8,1
6344,980,第42回全国競技かるた東京吉野会大会(E),2024-05-04,E4,E,28,28,58,5,5,1,0,0,4,4,0,0,0,4,0,0,0,0,0,0,0,0,0,0,0,8,1
6345,980,第42回全国競技かるた東京吉野会大会(E),2024-05-04,E5,E,29,29,59,5,5,1,0,0,3,3,0,0,0,3,0,0,0,0,0,0,0,0,0,0,0,8,1
6346,980,第42回全国競技かるた東京吉野会大会(E),2024-05-04,E6,E,26,26,56,5,5,1,0,0,6,6,0,0,0,6,0,0,0,0,0,0,0,0,0,0,0,8,1
6347,980,第42回全国競技かるた東京吉野会大会(E),2024-05-04,E7,E,28,28,58,5,5,1,0,0,4,4,0,0,0,4,0,0,0,0,0,0,0,0,0,0,0,8,1
6348,980,第42回全国競技かるた東京吉野会大会(E),2024-05-04,E8,E,26,26,56,5,5,1,0,0,6,6,0,0,0,8,0,0,0,0,0,0,0,0,0,0,0,8,1
6349,980,第42回全国競技かるた東京吉野会大会(E),2024-05-04,E9,E,28,28,58,5,5,1,0,0,4,4,0,0,0,4,0,0,0,0,0,0,0,0,0,0,0,8,1
6350,980,第42回全国競技かるた東京吉野会大会(E),2024-05-04,E10,E,27,27,57,5,5,1,0,0,5,5,0,0,0,5,0,0,0,0,0,0,0,0,0,0,0,8,1
6351,980,第42回全国競技かるた東京吉野会大会(E),2024-05-04,E11,E,27,27,56,5,5,1,0,0,5,5,0,0,0,5,0,0,0,1,0,0,0,0,0,0,0,8,0
6352,981,第2回全国競技かるた千葉大会(C級),2024-05-19,結果,,176,176,170,5,5,1,0,0,0,0,0,0,0,0,0,0,0,170,0,0,6,0,0,0,0,24,0
6353,982,第29回人麿の里・全国競技かるた益田大会(E・05/26),2024-05-26,E1,E,13,13,27,4,4,1,0,0,3,3,0,0,0,3,0,0,0,0,0,0,0,0,0,0,0,8,1
6354,982,第29回人麿の里・全国競技かるた益田大会(E・05/26),2024-05-26,E2,E,14,14,28,4,4,1,0,0,2,2,0,0,0,2,0,0,0,0,0,0,0,0,0,0,0,8,1
6355,983,"第88回椿杯争奪全国競技かるた大会(A,B,C)",2024-05-25,A,A,97,97,221,6,6,1,0,0,31,31,0,0,0,35,0,0,0,0,0,0,0,0,0,0,0,16,0
6356,983,"第88回椿杯争奪全国競技かるた大会(A,B,C)",2024-05-25,B,B,111,111,235,6,6,1,0,0,17,17,0,0,0,29,0,0,0,0,0,0,0,0,0,0,0,16,0
6357,983,"第88回椿杯争奪全国競技かるた大会(A,B,C)",2024-05-25,C,C,81,81,171,5,5,1,0,0,15,15,0,0,0,21,0,0,0,0,0,0,0,0,0,0,0,12,0
6358,984,"第38回全国かるたさがみ野大会(D,E)",2024-06-02,D1,D,32,32,62,5,5,1,0,0,0,0,0,0,0,2,0,0,0,0,0,0,0,0,0,0,0,8,1
6359,984,"第38回全国かるたさがみ野大会(D,E)",2024-06-02,D2,D,31,31,61,5,5,1,0,0,1,1,0,0,0,1,0,0,0,0,0,0,0,0,0,0,0,8,1
6360,984,"第38回全国かるたさがみ野大会(D,E)",2024-06-02,D3,D,30,30,60,5,5,1,0,0,2,2,0,0,0,2,0,0,0,0,0,0,0,0,0,0,0,8,1
6361,984,"第38回全国かるたさがみ野大会(D,E)",2024-06-02,D4,D,31,31,61,5,5,1,0,0,1,1,0,0,0,3,0,0,0,0,0,0,0,0,0,0,0,8,1
6362,984,"第38回全国かるたさがみ野大会(D,E)",2024-06-02,D5,D,32,32,62,5,5,1,0,0,0,0,0,0,0,0,0,0,0,0,0,0,0,0,0,0,0,8,1
6363,984,"第38回全国かるたさがみ野大会(D,E)",2024-06-02,E1,E,32,32,62,5,5,1,0,0,0,0,0,0,0,0,0,0,0,0,0,0,0,0,0,0,0,8,1
6364,984,"第38回全国かるたさがみ野大会(D,E)",2024-06-02,E2,E,32,32,62,5,5,1,0,0,0,0,0,0,0,0,0,0,0,0,0,0,0,0,0,0,0,8,1
6365,984,"第38回全国かるたさがみ野大会(D,E)",2024-06-02,E3,E,32,32,62,5,5,1,0,0,0,0,0,0,0,0,0,0,0,0,0,0,0,0,0,0,0,8,1
6366,984,"第38回全国かるたさがみ野大会(D,E)",2024-06-02,E4,E,31,31,61,5,5,1,0,0,1,1,0,0,0,1,0,0,0,0,0,0,0,0,0,0,0,8,1
6367,984,"第38回全国かるたさがみ野大会(D,E)",2024-06-02,E5,E,32,32,62,5,5,1,0,0,0,0,0,0,0,0,0,0,0,0,0,0,0,0,0,0,0,8,1
6368,985,第56回全国女流選手権大会,2024-06-02,A,A,62,62,124,6,6,1,0,0,2,2,0,0,0,2,0,0,0,0,0,0,0,0,0,0,0,8,1
6369,985,第56回全国女流選手権大会,2024-06-02,B,B,115,115,239,6,6,1,0,0,13,13,0,0,0,13,0,0,0,0,0,0,0,0,0,0,0,16,0
6370,985,第56回全国女流選手権大会,2024-06-02,C,C,96,96,186,5,5,1,0,0,0,0,0,0,0,0,0,0,0,0,0,0,0,0,0,0,0,12,0
6371,986,第76回全国競技かるた京都大会(AB級),2024-06-08,A,A,64,64,126,6,6,1,0,0,0,0,0,0,0,0,0,0,0,0,0,0,0,0,0,0,0,8,1
6372,986,第76回全国競技かるた京都大会(AB級),2024-06-08,B1,B,63,63,125,6,6,1,0,0,1,1,0,0,0,1,0,0,0,0,0,0,0,0,0,0,0,4,1
6373,986,第76回全国競技かるた京都大会(AB級),2024-06-08,B2,B,62,62,124,6,6,1,0,0,2,2,0,0,0,2,0,2,0,0,0,0,0,0,0,0,0,4,1
6374,986,第76回全国競技かるた京都大会(AB級),2024-06-08,B3,B,64,64,126,6,6,1,0,0,0,0,0,0,0,0,0,0,0,0,0,0,0,0,0,0,0,4,1
6375,987,"第24回全国競技かるた愛知大会(D,E)",2024-06-08,D1,D,23,23,53,5,5,1,0,0,9,9,0,0,0,9,0,0,0,0,0,0,0,0,0,0,0,4,1
6376,987,"第24回全国競技かるた愛知大会(D,E)",2024-06-08,D2,D,24,24,54,5,5,1,0,0,8,8,0,0,0,8,0,0,0,0,0,0,0,0,0,0,0,4,1
6377,987,"第24回全国競技かるた愛知大会(D,E)",2024-06-08,D3,D,25,25,55,5,5,1,0,0,7,7,0,0,0,7,0,0,0,0,0,0,0,0,0,0,0,4,1
6378,987,"第24回全国競技かるた愛知大会(D,E)",2024-06-08,D4,D,23,23,53,5,5,1,0,0,9,9,0,0,0,9,0,0,0,0,0,0,0,0,0,0,0,4,1
6379,987,"第24回全国競技かるた愛知大会(D,E)",2024-06-08,E1,E,15,15,29,4,4,1,0,0,1,1,0,0,0,1,0,0,0,0,0,0,0,0,0,0,0,2,1
6380,987,"第24回全国競技かるた愛知大会(D,E)",2024-06-08,E2,E,14,14,28,4,4,1,0,0,2,2,0,0,0,2,0,0,0,0,0,0,0,0,0,0,0,2,1
6381,987,"第24回全国競技かるた愛知大会(D,E)",2024-06-08,E3,E,15,15,29,4,4,1,0,0,1,1,0,0,0,1,0,0,0,0,0,0,0,0,0,0,0,2,1
6382,987,"第24回全国競技かるた愛知大会(D,E)",2024-06-08,E4,E,15,15,29,4,4,1,0,0,1,1,0,0,0,1,0,0,0,0,0,0,0,0,0,0,0,2,1
6383,987,"第24回全国競技かるた愛知大会(D,E)",2024-06-08,E5,E,15,15,29,4,4,1,0,0,1,1,0,0,0,1,0,0,0,0,0,0,0,0,0,0,0,2,1
6384,987,"第24回全国競技かるた愛知大会(D,E)",2024-06-08,E6,E,14,14,28,4,4,1,0,0,2,2,0,0,0,2,0,0,0,0,0,0,0,0,0,0,0,2,1
6385,987,"第24回全国競技かるた愛知大会(D,E)",2024-06-08,E7,E,14,14,28,4,4,1,0,0,2,2,0,0,0,2,0,0,0,0,0,0,0,0,0,0,0,2,1
6386,987,"第24回全国競技かるた愛知大会(D,E)",2024-06-08,E8,E,16,16,30,4,4,1,0,0,0,0,0,0,0,0,0,2,0,0,0,0,0,0,0,0,0,2,1
6387,988,第36回全日本シニア選手権大会,2024-06-15,G級,,15,15,29,4,4,1,0,0,1,1,0,0,0,1,0,0,0,0,0,0,0,0,0,0,0,4,1
6388,988,第36回全日本シニア選手権大会,2024-06-15,A,A,29,29,59,5,5,1,0,0,3,3,0,0,0,3,0,0,0,0,0,0,0,0,0,0,0,4,1
6389,988,第36回全日本シニア選手権大会,2024-06-15,B,B,31,31,61,5,5,1,0,0,1,1,0,0,0,1,0,0,0,0,0,0,0,0,0,0,0,4,1
6390,988,第36回全日本シニア選手権大会,2024-06-15,C1,C,19,19,49,5,5,1,0,1,14,13,0,0,0,13,0,0,0,1,0,0,0,0,0,0,0,4,1
6391,988,第36回全日本シニア選手権大会,2024-06-15,C2,C,18,18,48,5,5,1,0,0,14,14,0,0,0,14,0,0,0,0,0,0,0,0,0,0,0,4,1
6392,988,第36回全日本シニア選手権大会,2024-06-15,D,D,24,24,54,5,5,1,0,0,8,8,0,0,0,8,0,0,0,0,0,0,0,0,0,0,0,4,1
6393,989,第2回全国競技かるた千葉大会(06/15),2024-06-15,結果,,169,169,166,6,6,1,0,0,0,0,0,0,0,1,0,0,0,166,0,0,3,0,0,0,0,24,0
6394,990,第一回全国競技かるた杉並大会,2024-06-23,試合結果,,164,164,350,6,6,1,0,0,28,28,0,0,0,28,0,0,0,0,0,0,0,0,0,0,0,0,0
6395,991,"第77回全国競技かるた福井大会(A,B,C)",2024-06-30,A,A,125,125,249,6,6,1,0,0,3,3,0,0,0,3,0,0,0,0,0,0,0,0,0,0,0,16,0
6396,991,"第77回全国競技かるた福井大会(A,B,C)",2024-06-30,B,B,125,125,249,6,6,1,0,0,3,3,0,0,0,3,0,0,0,0,0,0,0,0,0,0,0,16,0
6397,991,"第77回全国競技かるた福井大会(A,B,C)",2024-06-30,C,C,139,139,289,5,5,1,0,0,21,21,0,0,0,21,0,0,0,0,0,0,0,0,0,0,0,20,0
6398,992,第78回全国競技かるた東京東会大会(B),2024-06-30,B,B,238,238,486,6,6,1,0,0,18,18,0,0,0,20,0,0,0,0,0,0,0,0,0,0,0,32,0
6399,993,第78回全国競技かるた東京東会大会(C),2024-07-07,C,C,294,294,594,5,5,1,0,0,26,26,0,0,0,26,0,2,0,0,0,0,0,0,0,0,0,40,0
6400,994,第78回全国競技かるた東京東会大会(D),2024-06-29,D,D,144,144,294,5,5,1,0,0,16,16,0,0,0,16,0,0,0,0,0,0,0,0,0,0,0,20,0
6401,995,第78回全国競技かるた東京東会大会(E),2024-07-06,E,E,208,208,575,4,4,1,0,1,1,0,0,0,0,2,0,6,112,18,0,0,0,0,0,0,0,52,0
6402,996,"第40回全国競技かるた宮崎大会(A,B,C)",2024-07-15,A,A,41,41,103,6,6,1,0,0,23,23,0,0,0,23,0,0,0,0,0,0,0,0,0,0,0,8,1
6403,996,"第40回全国競技かるた宮崎大会(A,B,C)",2024-07-15,B,B,46,46,108,6,6,1,0,0,18,18,0,0,0,20,0,0,0,0,0,0,0,0,0,0,0,8,1
6404,996,"第40回全国競技かるた宮崎大会(A,B,C)",2024-07-15,C,C,43,43,103,5,5,1,0,0,21,21,0,0,0,21,0,0,0,0,0,0,0,0,0,0,0,16,0
6405,997,第2回全国競技かるた千葉大会(A),2024-07-13,A級,A,141,141,138,6,6,1,0,0,0,0,0,0,0,0,0,0,0,138,0,1,3,0,0,0,0,24,0
6407,998,第31回全国競技かるた多摩大会(A),2024-07-28,A1,A,46,46,108,6,6,1,0,1,18,18,0,0,0,17,0,1,0,0,0,0,0,0,0,0,0,0,1
6408,998,第31回全国競技かるた多摩大会(A),2024-07-28,A2,A,46,46,108,6,6,1,0,0,18,18,0,0,0,18,0,0,0,0,0,0,0,0,0,0,0,0,1
6409,998,第31回全国競技かるた多摩大会(A),2024-07-28,A３級,A,47,47,109,6,6,1,0,1,17,17,0,0,0,16,0,1,0,0,0,0,0,0,0,0,0,0,1
6410,999,第31回全国競技かるた多摩大会(07/27),2024-07-27,全体,,221,221,469,6,6,1,0,0,51,51,0,0,0,51,0,0,0,0,0,0,0,0,0,0,0,0,0
6415,1000,"第29回人麿の里・全国競技かるた益田大会(A,B)",2024-08-04,A,A,50,50,112,6,6,1,0,0,14,14,0,0,0,14,0,0,0,0,0,0,0,0,0,0,0,8,1
6416,1000,"第29回人麿の里・全国競技かるた益田大会(A,B)",2024-08-04,B,B,60,60,122,6,6,1,0,0,4,4,0,0,0,4,0,0,0,0,0,0,0,0,0,0,0,8,1
6417,1001,"第29回人麿の里・全国競技かるた益田大会(C,D)",2024-08-03,C1,C,17,17,47,5,5,1,0,0,15,15,0,0,0,15,0,0,0,0,0,0,0,0,0,0,0,8,1
6418,1001,"第29回人麿の里・全国競技かるた益田大会(C,D)",2024-08-03,C2,C,17,17,47,5,5,1,0,0,15,15,0,0,0,15,0,0,0,0,0,0,0,0,0,0,0,8,1
6419,1001,"第29回人麿の里・全国競技かるた益田大会(C,D)",2024-08-03,D1,D,21,21,51,5,5,1,0,1,12,11,0,0,0,11,0,0,0,1,0,0,0,0,0,0,0,4,1
6420,1001,"第29回人麿の里・全国競技かるた益田大会(C,D)",2024-08-03,D2,D,20,20,50,5,5,1,0,0,12,12,0,0,0,12,0,0,0,0,0,0,0,0,0,0,0,4,1
6421,1002,第63回全国競技かるた和歌山大会,2024-08-04,-,,311,311,615,6,6,1,0,5,14,9,0,0,0,13,0,0,0,5,0,0,0,0,0,0,0,36,0
6422,1003,第31回全国競技かるた多摩大会(C),2024-08-10,C1,C,30,30,60,5,5,1,0,0,2,2,0,0,0,2,0,0,0,0,0,0,0,0,0,0,0,0,1
6423,1003,第31回全国競技かるた多摩大会(C),2024-08-10,C2,C,31,31,61,5,5,1,0,0,1,1,0,0,0,1,0,0,0,0,0,0,0,0,0,0,0,0,1
6424,1003,第31回全国競技かるた多摩大会(C),2024-08-10,C3,C,31,31,61,5,5,1,0,0,1,1,0,0,0,1,0,0,0,0,0,0,0,0,0,0,0,0,1
6425,1003,第31回全国競技かるた多摩大会(C),2024-08-10,C4,C,31,31,61,5,5,1,0,0,1,1,0,0,0,1,0,0,0,0,0,0,0,0,0,0,0,0,1
6426,1003,第31回全国競技かるた多摩大会(C),2024-08-10,C5,C,31,31,61,5,5,1,0,0,1,1,0,0,0,1,0,0,0,0,0,0,0,0,0,0,0,0,1
6427,1003,第31回全国競技かるた多摩大会(C),2024-08-10,C6,C,32,32,62,5,5,1,0,0,0,0,0,0,0,0,0,0,0,0,0,0,0,0,0,0,0,0,1
6428,1003,第31回全国競技かるた多摩大会(C),2024-08-10,C7,C,30,30,60,5,5,1,0,0,2,2,0,0,0,2,0,0,0,0,0,0,0,0,0,0,0,0,1
6429,1004,第31回全国競技かるた多摩大会(D),2024-08-11,D1,D,32,32,62,5,5,1,0,0,0,0,0,0,0,0,0,0,0,0,0,0,0,0,0,0,0,0,1
6430,1004,第31回全国競技かるた多摩大会(D),2024-08-11,D2,D,32,32,62,5,5,1,0,0,0,0,0,0,0,0,0,0,0,0,0,0,0,0,0,0,0,0,1
6431,1004,第31回全国競技かるた多摩大会(D),2024-08-11,D3,D,31,31,61,5,5,1,0,0,1,1,0,0,0,1,0,0,0,0,0,0,0,0,0,0,0,0,1
6432,1004,第31回全国競技かるた多摩大会(D),2024-08-11,D4,D,29,29,59,5,5,1,0,0,3,3,0,0,0,3,0,0,0,0,0,0,0,0,0,0,0,0,1
6433,1004,第31回全国競技かるた多摩大会(D),2024-08-11,D5,D,29,29,59,5,5,1,0,1,3,3,0,0,0,2,0,1,0,0,0,0,0,0,0,0,0,0,1
6434,1004,第31回全国競技かるた多摩大会(D),2024-08-11,D6,D,29,29,59,5,5,1,0,0,3,3,0,0,0,3,0,0,0,0,0,0,0,0,0,0,0,0,1
6435,1005,第38回全国競技かるたさがみ野大会,2024-08-10,A1,A,59,59,121,6,6,1,0,0,5,5,0,0,0,5,0,0,0,0,0,0,0,0,0,0,0,8,1
6436,1005,第38回全国競技かるたさがみ野大会,2024-08-10,A2,A,63,63,125,6,6,1,0,0,1,1,0,0,0,3,0,0,0,0,0,0,0,0,0,0,0,8,1
6437,1006,第36回全国中学生選手権大会,2024-08-04,３年生　選抜級,,25,25,55,5,5,1,0,0,7,7,0,0,0,7,0,0,0,0,0,0,0,0,0,0,0,4,1
6438,1006,第36回全国中学生選手権大会,2024-08-04,２年生　選抜級,,28,28,58,5,5,1,0,0,4,4,0,0,0,4,0,0,0,0,0,0,0,0,0,0,0,4,1
6439,1006,第36回全国中学生選手権大会,2024-08-04,１年生　選抜級,,17,17,47,5,5,1,0,0,15,15,0,0,0,15,0,0,0,0,0,0,0,0,0,0,0,4,1
6440,1006,第36回全国中学生選手権大会,2024-08-04,３年生（１）一般級,,39,39,101,6,6,1,0,0,25,25,0,0,0,27,0,0,0,0,0,0,0,0,0,0,0,8,1
6441,1006,第36回全国中学生選手権大会,2024-08-04,３年生（２）一般級,,46,46,108,6,6,1,0,0,18,18,0,0,0,20,0,0,0,0,0,0,0,0,0,0,0,8,1
6442,1006,第36回全国中学生選手権大会,2024-08-04,３年生（３）一般級,,40,40,102,6,6,1,0,0,24,24,0,0,0,24,0,2,0,0,0,0,0,0,0,0,0,8,1
6443,1006,第36回全国中学生選手権大会,2024-08-04,２年生（１）一般級,,53,53,115,6,6,1,0,0,11,11,0,0,0,11,0,0,0,0,0,0,0,0,0,0,0,8,1
6444,1006,第36回全国中学生選手権大会,2024-08-04,２年生（２）一般級,,52,52,114,6,6,1,0,0,12,12,0,0,0,12,0,2,0,0,0,0,0,0,0,0,0,8,1
6445,1006,第36回全国中学生選手権大会,2024-08-04,１年生　一般級,,34,34,96,6,6,1,0,0,30,30,0,0,0,30,0,0,0,0,0,0,0,0,0,0,0,8,1
6446,1007,第46回全国高等学校選手権大会（個人戦）,2024-07-21,A,A,75,75,199,6,6,1,0,0,53,53,0,0,0,53,0,0,0,0,0,0,0,0,0,0,0,16,0
6447,1007,第46回全国高等学校選手権大会（個人戦）,2024-07-21,B1,B,56,56,118,6,6,1,0,0,8,8,0,0,0,8,0,0,0,0,0,0,0,0,0,0,0,8,1
6448,1007,第46回全国高等学校選手権大会（個人戦）,2024-07-21,B2,B,56,56,118,6,6,1,0,0,8,8,0,0,0,8,0,0,0,0,0,0,0,0,0,0,0,8,1
6449,1007,第46回全国高等学校選手権大会（個人戦）,2024-07-21,B3,B,56,56,118,6,6,1,0,0,8,8,0,0,0,8,0,0,0,0,0,0,0,0,0,0,0,8,1
6450,1007,第46回全国高等学校選手権大会（個人戦）,2024-07-21,B4,B,56,56,118,6,6,1,0,0,8,8,0,0,0,8,0,0,0,0,0,0,0,0,0,0,0,8,1
6451,1007,第46回全国高等学校選手権大会（個人戦）,2024-07-21,B5,B,56,56,118,6,6,1,0,0,8,8,0,0,0,8,0,0,0,0,0,0,0,0,0,0,0,8,1
6452,1007,第46回全国高等学校選手権大会（個人戦）,2024-07-21,C1,C,29,29,59,5,5,1,0,0,3,3,0,0,0,3,0,0,0,0,0,0,0,0,0,0,0,4,1
6453,1007,第46回全国高等学校選手権大会（個人戦）,2024-07-21,C2,C,30,30,60,5,5,1,0,0,2,2,0,0,0,2,0,0,0,0,0,0,0,0,0,0,0,4,1
6454,1007,第46回全国高等学校選手権大会（個人戦）,2024-07-21,C3,C,29,29,59,5,5,1,0,0,3,3,0,0,0,3,0,0,0,0,0,0,0,0,0,0,0,4,1
6455,1007,第46回全国高等学校選手権大会（個人戦）,2024-07-21,C4,C,31,31,61,5,5,1,0,0,1,1,0,0,0,1,0,0,0,0,0,0,0,0,0,0,0,4,1
6456,1007,第46回全国高等学校選手権大会（個人戦）,2024-07-21,C5,C,30,30,60,5,5,1,0,0,2,2,0,0,0,2,0,0,0,0,0,0,0,0,0,0,0,4,1
6457,1007,第46回全国高等学校選手権大会（個人戦）,2024-07-21,C6,C,31,31,61,5,5,1,0,0,1,1,0,0,0,1,0,0,0,0,0,0,0,0,0,0,0,4,1
6458,1007,第46回全国高等学校選手権大会（個人戦）,2024-07-21,C7,C,31,31,61,5,5,1,0,0,1,1,0,0,0,1,0,0,0,0,0,0,0,0,0,0,0,4,1
6459,1007,第46回全国高等学校選手権大会（個人戦）,2024-07-21,C8,C,28,28,58,5,5,1,0,0,4,4,0,0,0,4,0,0,0,0,0,0,0,0,0,0,0,4,1
6460,1007,第46回全国高等学校選手権大会（個人戦）,2024-07-21,C9,C,30,30,60,5,5,1,0,0,2,2,0,0,0,2,0,0,0,0,0,0,0,0,0,0,0,4,1
6461,1007,第46回全国高等学校選手権大会（個人戦）,2024-07-21,C10,C,30,30,60,5,5,1,0,0,2,0,0,0,0,2,0,28,0,0,0,0,0,0,0,0,0,4,1
6462,1007,第46回全国高等学校選手権大会（個人戦）,2024-07-21,C11,C,29,29,59,5,5,1,0,0,3,3,0,0,0,3,0,0,0,0,0,0,0,0,0,0,0,4,1
6463,1007,第46回全国高等学校選手権大会（個人戦）,2024-07-21,C12,C,30,30,60,5,5,1,0,0,2,2,0,0,0,2,0,0,0,0,0,0,0,0,0,0,0,4,1
6464,1007,第46回全国高等学校選手権大会（個人戦）,2024-07-21,C13,C,29,29,59,5,5,1,0,0,3,3,0,0,0,3,0,2,0,0,0,0,0,0,0,0,0,4,1
6465,1007,第46回全国高等学校選手権大会（個人戦）,2024-07-21,C14,C,27,27,57,5,5,1,0,0,5,5,0,0,0,5,0,0,0,0,0,0,0,0,0,0,0,4,1
6466,1007,第46回全国高等学校選手権大会（個人戦）,2024-07-21,C15,C,29,29,59,5,5,1,0,0,3,3,0,0,0,5,0,0,0,0,0,0,0,0,0,0,0,4,1
6467,1007,第46回全国高等学校選手権大会（個人戦）,2024-07-21,C16,C,29,29,59,5,5,1,0,0,3,3,0,0,0,3,0,0,0,0,0,0,0,0,0,0,0,4,1
6468,1007,第46回全国高等学校選手権大会（個人戦）,2024-07-21,C17,C,29,29,59,5,5,1,0,0,3,3,0,0,0,3,0,0,0,0,0,0,0,0,0,0,0,4,1
6469,1007,第46回全国高等学校選手権大会（個人戦）,2024-07-21,C18,C,30,30,60,5,5,1,0,0,2,2,0,0,0,2,0,0,0,0,0,0,0,0,0,0,0,4,1
6470,1007,第46回全国高等学校選手権大会（個人戦）,2024-07-21,D1,D,31,31,61,5,5,1,0,0,1,1,0,0,0,1,0,0,0,0,0,0,0,0,0,0,0,8,1
6471,1007,第46回全国高等学校選手権大会（個人戦）,2024-07-21,D2,D,32,32,62,5,5,1,0,0,0,0,0,0,0,2,0,0,0,0,0,0,0,0,0,0,0,8,1
6472,1007,第46回全国高等学校選手権大会（個人戦）,2024-07-21,D3,D,31,31,61,5,5,1,0,0,1,1,0,0,0,1,0,0,0,0,0,0,0,0,0,0,0,8,1
6473,1007,第46回全国高等学校選手権大会（個人戦）,2024-07-21,D4,D,30,30,60,5,5,1,0,0,2,2,0,0,0,2,0,0,0,0,0,0,0,0,0,0,0,8,1
6474,1007,第46回全国高等学校選手権大会（個人戦）,2024-07-21,D5,D,31,31,61,5,5,1,0,0,1,1,0,0,0,1,0,0,0,0,0,0,0,0,0,0,0,8,1
6475,1007,第46回全国高等学校選手権大会（個人戦）,2024-07-21,D6,D,31,31,61,5,5,1,0,0,1,1,0,0,0,3,0,0,0,0,0,0,0,0,0,0,0,8,1
6476,1007,第46回全国高等学校選手権大会（個人戦）,2024-07-21,D7,D,31,31,61,5,5,1,0,0,1,1,0,0,0,1,0,0,0,0,0,0,0,0,0,0,0,8,1
6477,1007,第46回全国高等学校選手権大会（個人戦）,2024-07-21,D8,D,32,32,62,5,5,1,0,0,0,0,0,0,0,0,0,0,0,0,0,0,0,0,0,0,0,8,1
6478,1007,第46回全国高等学校選手権大会（個人戦）,2024-07-21,D9,D,32,32,62,5,5,1,0,0,0,0,0,0,0,0,0,0,0,0,0,0,0,0,0,0,0,8,1
6479,1007,第46回全国高等学校選手権大会（個人戦）,2024-07-21,D10,D,32,32,62,5,5,1,0,0,0,0,0,0,0,2,0,0,0,0,0,0,0,0,0,0,0,8,1
6480,1007,第46回全国高等学校選手権大会（個人戦）,2024-07-21,D11,D,31,31,61,5,5,1,0,0,1,1,0,0,0,1,0,0,0,0,0,0,0,0,0,0,0,8,1
6481,1007,第46回全国高等学校選手権大会（個人戦）,2024-07-21,D12,D,32,32,62,5,5,1,0,0,0,0,0,0,0,0,0,0,0,0,0,0,0,0,0,0,0,8,1
6482,1007,第46回全国高等学校選手権大会（個人戦）,2024-07-21,D13,D,32,32,62,5,5,1,0,0,0,0,0,0,0,2,0,0,0,0,0,0,0,0,0,0,0,8,1
6483,1007,第46回全国高等学校選手権大会（個人戦）,2024-07-21,D14,D,31,31,61,5,5,1,0,0,1,0,0,0,0,3,0,0,0,0,0,0,0,0,0,0,0,8,1
6484,1007,第46回全国高等学校選手権大会（個人戦）,2024-07-21,D15,D,31,31,61,5,5,1,0,0,1,1,0,0,0,1,0,0,0,0,0,0,0,0,0,0,0,8,1
6485,1007,第46回全国高等学校選手権大会（個人戦）,2024-07-21,D16,D,31,31,61,5,5,1,0,0,1,1,0,0,0,3,0,0,0,0,0,0,0,0,0,0,0,8,1
6486,1007,第46回全国高等学校選手権大会（個人戦）,2024-07-21,D17,D,30,30,60,5,5,1,0,0,2,2,0,0,0,2,0,0,0,0,0,0,0,0,0,0,0,8,1
6487,1007,第46回全国高等学校選手権大会（個人戦）,2024-07-21,D18,D,30,30,60,5,5,1,0,0,2,2,0,0,0,2,0,0,0,0,0,0,0,0,0,0,0,8,1
6488,1007,第46回全国高等学校選手権大会（個人戦）,2024-07-21,D19,D,30,30,60,5,5,1,0,0,2,2,0,0,0,2,0,2,0,0,0,0,0,0,0,0,0,8,1
6489,1007,第46回全国高等学校選手権大会（個人戦）,2024-07-21,D20,D,30,30,60,5,5,1,0,0,2,2,0,0,0,2,0,0,0,0,0,0,0,0,0,0,0,8,1
6490,1007,第46回全国高等学校選手権大会（個人戦）,2024-07-21,D21,D,31,31,61,5,5,1,0,0,1,1,0,0,0,1,0,0,0,0,0,0,0,0,0,0,0,8,1
6491,1007,第46回全国高等学校選手権大会（個人戦）,2024-07-21,D22,D,29,29,59,5,5,1,0,0,3,0,0,0,0,3,0,0,0,0,0,0,0,0,0,0,0,8,1
6492,1007,第46回全国高等学校選手権大会（個人戦）,2024-07-21,D23,D,31,31,61,5,5,1,0,0,1,1,0,0,0,1,0,0,0,0,0,0,0,0,0,0,0,8,1
6493,1007,第46回全国高等学校選手権大会（個人戦）,2024-07-21,D24,D,31,31,61,5,5,1,0,0,1,0,0,0,0,1,0,0,0,0,0,0,0,0,0,0,0,8,1
6494,1007,第46回全国高等学校選手権大会（個人戦）,2024-07-21,D25,D,31,31,61,5,5,1,0,0,1,1,0,0,0,1,0,0,0,0,0,0,0,0,0,0,0,8,1
6495,1008,第31回全国競技かるた多摩大会(E),2024-08-12,E1,E,30,30,60,5,5,1,0,0,2,2,0,0,0,2,0,0,0,0,0,0,0,0,0,0,0,0,1
6496,1008,第31回全国競技かるた多摩大会(E),2024-08-12,E2,E,28,28,58,5,5,1,0,0,4,4,0,0,0,4,0,0,0,0,0,0,0,0,0,0,0,0,1
6497,1008,第31回全国競技かるた多摩大会(E),2024-08-12,E3,E,29,29,59,5,5,1,0,0,3,3,0,0,0,5,0,0,0,0,0,0,0,0,0,0,0,0,1
6498,1008,第31回全国競技かるた多摩大会(E),2024-08-12,E4,E,28,28,58,5,5,1,0,0,4,4,0,0,0,4,0,0,0,0,0,0,0,0,0,0,0,0,1
6499,1008,第31回全国競技かるた多摩大会(E),2024-08-12,E5,E,30,30,60,5,5,1,0,0,2,2,0,0,0,2,0,2,0,0,0,0,0,0,0,0,0,0,1
6500,1008,第31回全国競技かるた多摩大会(E),2024-08-12,E6,E,27,27,57,5,5,1,0,0,5,5,0,0,0,5,0,0,0,0,0,0,0,0,0,0,0,0,1
6501,1008,第31回全国競技かるた多摩大会(E),2024-08-12,E7,E,29,29,59,5,5,1,0,0,3,3,0,0,0,5,0,0,0,0,0,0,0,0,0,0,0,0,1
6502,1008,第31回全国競技かるた多摩大会(E),2024-08-12,E8,E,30,30,60,5,5,1,0,0,2,2,0,0,0,2,0,0,0,0,0,0,0,0,0,0,0,0,1
6503,1008,第31回全国競技かるた多摩大会(E),2024-08-12,E9,E,32,32,62,5,5,1,0,0,0,0,0,0,0,0,0,0,0,0,0,0,0,0,0,0,0,0,1
6504,1008,第31回全国競技かるた多摩大会(E),2024-08-12,E10,E,27,27,57,5,5,1,0,0,5,5,0,0,0,5,0,0,0,0,0,0,0,0,0,0,0,0,1
6505,1008,第31回全国競技かるた多摩大会(E),2024-08-12,E11,E,29,29,59,5,5,1,0,0,3,3,0,0,0,3,0,0,0,0,0,0,0,0,0,0,0,0,1
6506,1008,第31回全国競技かるた多摩大会(E),2024-08-12,E12,E,32,32,62,5,5,1,0,0,0,0,0,0,0,2,0,0,0,0,0,0,0,0,0,0,0,0,1
6507,1008,第31回全国競技かるた多摩大会(E),2024-08-12,E13,E,27,27,57,5,5,1,0,0,5,5,0,0,0,5,0,0,0,0,0,0,0,0,0,0,0,0,1
6508,1008,第31回全国競技かるた多摩大会(E),2024-08-12,E14,E,32,32,62,5,5,1,0,0,0,0,0,0,0,2,0,0,0,0,0,0,0,0,0,0,0,0,1
6509,1009,"第44回全国競技かるた鹿児島大会(D,E・08/17)",2024-08-17,D,D,69,69,159,5,5,1,0,0,27,27,0,0,0,27,0,0,0,0,0,0,0,0,0,0,0,24,0
6510,1009,"第44回全国競技かるた鹿児島大会(D,E・08/17)",2024-08-17,E,E,45,45,87,4,4,1,0,0,3,3,0,0,0,3,0,0,0,0,0,0,0,0,0,0,0,24,0
6511,1010,第1回競技かるた徳島大会,2024-08-18,結果 (D１),D,18,18,48,5,5,1,0,0,14,14,0,0,0,16,0,0,0,0,0,0,0,0,0,0,0,0,1
6512,1010,第1回競技かるた徳島大会,2024-08-18,結果 (D２),D,18,18,48,5,5,1,0,0,14,14,0,0,0,16,0,0,0,0,0,0,0,0,0,0,0,0,1
6513,1010,第1回競技かるた徳島大会,2024-08-18,結果(E１),E,21,21,51,5,5,1,0,0,11,11,0,0,0,13,0,0,0,0,0,0,0,0,0,0,0,0,1
6514,1010,第1回競技かるた徳島大会,2024-08-18,結果(E2),E,21,21,51,5,5,1,0,0,11,11,0,0,0,11,0,0,0,0,0,0,0,0,0,0,0,0,1
6515,1010,第1回競技かるた徳島大会,2024-08-18,結果(E３),E,20,20,50,5,5,1,0,0,12,12,0,0,0,12,0,0,0,0,0,0,0,0,0,0,0,0,1
6516,1011,"第33回全国競技かるた広島大会(C,D,E)",2024-08-18,C1,C,21,21,51,5,5,1,0,0,11,11,0,0,0,11,0,0,0,0,0,0,0,0,0,0,0,4,1
6517,1011,"第33回全国競技かるた広島大会(C,D,E)",2024-08-18,C2,C,21,21,51,5,5,1,0,0,11,11,0,0,0,13,0,0,0,0,0,0,0,0,0,0,0,4,1
6518,1011,"第33回全国競技かるた広島大会(C,D,E)",2024-08-18,D1,D,19,19,49,5,5,1,0,0,13,13,0,0,0,13,0,0,0,0,0,0,0,0,0,0,0,4,1
6519,1011,"第33回全国競技かるた広島大会(C,D,E)",2024-08-18,D2,D,19,19,49,5,5,1,0,0,13,13,0,0,0,13,0,0,0,0,0,0,0,0,0,0,0,4,1
6520,1011,"第33回全国競技かるた広島大会(C,D,E)",2024-08-18,D3,D,19,19,49,5,5,1,0,0,13,13,0,0,0,13,0,0,0,0,0,0,0,0,0,0,0,4,1
6521,1011,"第33回全国競技かるた広島大会(C,D,E)",2024-08-18,E1,E,23,23,53,5,5,1,0,0,9,9,0,0,0,9,0,0,0,0,0,0,0,0,0,0,0,4,1
6522,1011,"第33回全国競技かるた広島大会(C,D,E)",2024-08-18,E2,E,23,23,53,5,5,1,0,0,9,9,0,0,0,9,0,0,0,0,0,0,0,0,0,0,0,4,1
6523,1011,"第33回全国競技かるた広島大会(C,D,E)",2024-08-18,E3,E,23,23,53,5,5,1,0,0,9,9,0,0,0,9,0,0,0,0,0,0,0,0,0,0,0,4,1
6524,1012,"第95回全国競技かるた学生選手権大会(C,D,E)",2024-08-24,C,C,162,162,342,5,5,1,0,0,30,30,0,0,0,32,0,0,0,0,0,0,0,0,0,0,0,24,0
6525,1012,"第95回全国競技かるた学生選手権大会(C,D,E)",2024-08-24,D,D,181,181,361,5,5,1,0,0,11,11,0,0,0,25,0,0,0,2,0,0,0,0,0,0,0,24,0
6526,1012,"第95回全国競技かるた学生選手権大会(C,D,E)",2024-08-24,E,E,304,304,604,5,5,1,0,0,16,16,0,0,0,50,0,2,0,0,0,0,0,0,0,0,0,40,0
6527,1013,"第52回全国競技かるた大分大会(A,B)",2024-08-25,A,A,64,64,126,6,6,1,0,0,0,0,0,0,0,0,0,0,0,0,0,0,0,0,0,0,0,8,1
6528,1013,"第52回全国競技かるた大分大会(A,B)",2024-08-25,B,B,56,56,118,6,6,1,0,0,8,8,0,0,0,8,0,0,0,0,0,0,0,0,0,0,0,8,1
6529,1014,"第106回全国競技かるた大阪大会(D,E)",2024-08-31,D1,D,28,28,58,5,5,1,0,0,4,4,0,0,0,4,0,0,0,0,0,0,0,0,0,0,0,4,1
6530,1014,"第106回全国競技かるた大阪大会(D,E)",2024-08-31,D2,D,28,28,58,5,5,1,0,0,4,4,0,0,0,4,0,0,0,0,0,0,0,0,0,0,0,4,1
6531,1014,"第106回全国競技かるた大阪大会(D,E)",2024-08-31,E1,E,13,13,27,4,4,1,0,0,3,3,0,0,0,3,0,0,0,0,0,0,0,0,0,0,0,4,1
6532,1014,"第106回全国競技かるた大阪大会(D,E)",2024-08-31,E2,E,15,15,29,4,4,1,0,0,1,1,0,0,0,1,0,0,0,0,0,0,0,0,0,0,0,4,1
6533,1014,"第106回全国競技かるた大阪大会(D,E)",2024-08-31,E3,E,15,15,29,4,4,1,0,0,1,1,0,0,0,1,0,0,0,0,0,0,0,0,0,0,0,4,1
6534,1014,"第106回全国競技かるた大阪大会(D,E)",2024-08-31,E4,E,15,15,29,4,4,1,0,0,1,1,0,0,0,1,0,0,0,0,0,0,0,0,0,0,0,4,1
6535,1014,"第106回全国競技かるた大阪大会(D,E)",2024-08-31,E5,E,15,15,29,4,4,1,0,0,1,1,0,0,0,1,0,0,0,0,0,0,0,0,0,0,0,4,1
6536,1014,"第106回全国競技かるた大阪大会(D,E)",2024-08-31,E6,E,16,16,30,4,4,1,0,0,0,0,0,0,0,0,0,0,0,0,0,0,0,0,0,0,0,4,1
6537,1014,"第106回全国競技かるた大阪大会(D,E)",2024-08-31,E7,E,15,15,29,4,4,1,0,0,1,1,0,0,0,1,0,0,0,0,0,0,0,0,0,0,0,4,1
6538,1014,"第106回全国競技かるた大阪大会(D,E)",2024-08-31,E8,E,15,15,29,4,4,1,0,0,1,1,0,0,0,1,0,0,0,0,0,0,0,0,0,0,0,4,1
6539,1014,"第106回全国競技かるた大阪大会(D,E)",2024-08-31,E9,E,16,16,30,4,4,1,0,0,0,0,0,0,0,0,0,0,0,0,0,0,0,0,0,0,0,4,1
6540,1014,"第106回全国競技かるた大阪大会(D,E)",2024-08-31,E10,E,14,14,28,4,4,1,0,0,2,2,0,0,0,2,0,0,0,0,0,0,0,0,0,0,0,4,1
6541,1014,"第106回全国競技かるた大阪大会(D,E)",2024-08-31,D3,D,32,32,62,5,5,1,0,0,0,0,0,0,0,0,0,0,0,0,0,0,0,0,0,0,0,4,1
6542,1014,"第106回全国競技かるた大阪大会(D,E)",2024-08-31,D4,D,32,32,62,5,5,1,0,0,0,0,0,0,0,0,0,0,0,0,0,0,0,0,0,0,0,4,1
6543,1014,"第106回全国競技かるた大阪大会(D,E)",2024-08-31,E11,E,16,16,30,4,4,1,0,0,0,0,0,0,0,0,0,2,0,0,0,0,0,0,0,0,0,4,1
6544,1014,"第106回全国競技かるた大阪大会(D,E)",2024-08-31,E12,E,15,15,29,4,4,1,0,0,1,1,0,0,0,1,0,0,0,0,0,0,0,0,0,0,0,4,1
6545,1015,"第42回全国競技かるた東京吉野会大会(B,C)",2024-08-17,B1,B,63,63,125,6,6,1,0,0,1,1,0,0,0,3,0,0,0,0,0,0,0,0,0,0,0,8,1
6546,1015,"第42回全国競技かるた東京吉野会大会(B,C)",2024-08-17,B2,B,61,61,123,6,6,1,0,0,3,3,0,0,0,3,0,0,0,0,0,0,0,0,0,0,0,8,1
6547,1015,"第42回全国競技かるた東京吉野会大会(B,C)",2024-08-17,B3,B,61,61,123,6,6,1,0,0,3,3,0,0,0,3,0,0,0,0,0,0,0,0,0,0,0,8,1
6548,1015,"第42回全国競技かるた東京吉野会大会(B,C)",2024-08-17,C1,C,27,27,57,5,5,1,0,0,5,5,0,0,0,5,0,0,0,0,0,0,0,0,0,0,0,8,1
6549,1015,"第42回全国競技かるた東京吉野会大会(B,C)",2024-08-17,C2,C,29,29,59,5,5,1,0,0,3,3,0,0,0,3,0,0,0,0,0,0,0,0,0,0,0,8,1
6550,1015,"第42回全国競技かるた東京吉野会大会(B,C)",2024-08-17,C3,C,29,29,59,5,5,1,0,0,3,3,0,0,0,3,0,0,0,0,0,0,0,0,0,0,0,8,1
6551,1015,"第42回全国競技かるた東京吉野会大会(B,C)",2024-08-17,C4,C,30,30,60,5,5,1,0,0,2,2,0,0,0,2,0,0,0,0,0,0,0,0,0,0,0,8,1
6552,1015,"第42回全国競技かるた東京吉野会大会(B,C)",2024-08-17,C5,C,31,31,61,5,5,1,0,0,1,1,0,0,0,1,0,0,0,0,0,0,0,0,0,0,0,8,1
6553,1015,"第42回全国競技かるた東京吉野会大会(B,C)",2024-08-17,C6,C,28,28,58,5,5,1,0,0,4,4,0,0,0,4,0,0,0,0,0,0,0,0,0,0,0,8,1
6554,1015,"第42回全国競技かるた東京吉野会大会(B,C)",2024-08-17,C7,C,24,24,54,5,5,1,0,0,8,8,0,0,0,8,0,0,0,0,0,0,0,0,0,0,0,8,1
6555,1016,"第1回全国競技かるた青森大会(A,B,C)",2024-09-07,A,A,39,39,101,6,6,1,0,0,25,25,0,0,0,25,0,0,0,0,0,0,0,0,0,0,0,8,1
6556,1016,"第1回全国競技かるた青森大会(A,B,C)",2024-09-07,B,B,39,39,101,6,6,1,0,0,25,25,0,0,0,25,0,0,0,0,0,0,0,0,0,0,0,8,1
6557,1016,"第1回全国競技かるた青森大会(A,B,C)",2024-09-07,C,C,27,27,57,5,5,1,0,0,5,5,0,0,0,5,0,0,0,0,0,0,0,0,0,0,0,4,1
6558,1017,蓮生記念第11回全国競技かるた宇都宮大会E級,2024-09-08,E1,E,13,13,27,4,4,1,0,0,3,3,0,0,0,3,0,0,0,0,0,0,0,0,0,0,0,4,1
6559,1017,蓮生記念第11回全国競技かるた宇都宮大会E級,2024-09-08,E2,E,14,14,28,4,4,1,0,0,2,2,0,0,0,2,0,0,0,0,0,0,0,0,0,0,0,4,1
6560,1017,蓮生記念第11回全国競技かるた宇都宮大会E級,2024-09-08,E3,E,14,14,28,4,4,1,0,0,2,2,0,0,0,2,0,0,0,0,0,0,0,0,0,0,0,4,1
6561,1017,蓮生記念第11回全国競技かるた宇都宮大会E級,2024-09-08,E4,E,11,11,25,4,4,1,0,0,5,5,0,0,0,5,0,0,0,0,0,0,0,0,0,0,0,4,1
6562,1017,蓮生記念第11回全国競技かるた宇都宮大会E級,2024-09-08,E5,E,13,13,27,4,4,1,0,0,3,3,0,0,0,3,0,0,0,0,0,0,0,0,0,0,0,4,1
6563,1017,蓮生記念第11回全国競技かるた宇都宮大会E級,2024-09-08,E6,E,13,13,27,4,4,1,0,0,3,3,0,0,0,3,0,0,0,0,0,0,0,0,0,0,0,4,1
6564,1017,蓮生記念第11回全国競技かるた宇都宮大会E級,2024-09-08,E7,E,14,14,28,4,4,1,0,0,2,2,0,0,0,2,0,0,0,0,0,0,0,0,0,0,0,4,1
6565,1017,蓮生記念第11回全国競技かるた宇都宮大会E級,2024-09-08,E8,E,14,14,28,4,4,1,0,0,2,2,0,0,0,2,0,0,0,0,0,0,0,0,0,0,0,4,1
6566,1017,蓮生記念第11回全国競技かるた宇都宮大会E級,2024-09-08,E9,E,15,15,29,4,4,1,0,0,1,1,0,0,0,1,0,0,0,0,0,0,0,0,0,0,0,4,1
6567,1018,"第8回全国競技かるた信州大会(B,C)",2024-09-08,B1,B,48,48,110,6,6,1,0,0,16,16,0,0,0,16,0,0,0,0,0,0,0,0,0,0,0,4,1
6568,1018,"第8回全国競技かるた信州大会(B,C)",2024-09-08,B2,B,50,50,111,6,6,1,0,0,13,13,0,0,0,13,0,0,0,0,0,0,0,0,0,0,0,4,1
6569,1018,"第8回全国競技かるた信州大会(B,C)",2024-09-08,C1,C,26,26,56,5,5,1,0,0,6,6,0,0,0,6,0,0,0,0,0,0,0,0,0,0,0,4,1
6570,1018,"第8回全国競技かるた信州大会(B,C)",2024-09-08,C2,C,25,25,55,5,5,1,0,0,7,7,0,0,0,7,0,0,0,0,0,0,0,0,0,0,0,4,1
6571,1018,"第8回全国競技かるた信州大会(B,C)",2024-09-08,C3,C,25,25,55,5,5,1,0,0,7,7,0,0,0,7,0,0,0,0,0,0,0,0,0,0,0,4,1
6572,1019,第1回全国競技かるた杉並大会,2024-09-15,B1,B,62,62,124,6,6,1,0,0,2,2,0,0,0,4,0,0,0,0,0,0,0,0,0,0,0,0,1
6573,1019,第1回全国競技かるた杉並大会,2024-09-15,B2,B,62,62,124,6,6,1,0,0,2,2,0,0,0,2,0,0,0,0,0,0,0,0,0,0,0,0,1
6574,1019,第1回全国競技かるた杉並大会,2024-09-15,C1,C,30,30,60,5,5,1,0,0,2,2,0,0,0,2,0,0,0,0,0,0,0,0,0,0,0,0,1
6575,1019,第1回全国競技かるた杉並大会,2024-09-15,C2,C,31,31,61,5,5,1,0,0,1,1,0,0,0,1,0,0,0,0,0,0,0,0,0,0,0,0,1
6576,1019,第1回全国競技かるた杉並大会,2024-09-15,C3,C,31,31,61,5,5,1,0,0,1,1,0,0,0,1,0,0,0,0,0,0,0,0,0,0,0,0,1
6577,1019,第1回全国競技かるた杉並大会,2024-09-15,C4,C,29,29,59,5,5,1,0,0,3,3,0,0,0,3,0,0,0,0,0,0,0,0,0,0,0,0,1
6578,1019,第1回全国競技かるた杉並大会,2024-09-15,C5,C,31,31,61,5,5,1,0,0,1,1,0,0,0,1,0,0,0,0,0,0,0,0,0,0,0,0,1
6579,1020,第104回 全国競技かるた横浜大会(A),2024-09-15,A,A,164,164,339,6,6,1,0,0,17,17,0,0,0,17,0,0,0,0,0,0,0,0,0,0,0,24,0
6580,1021,第104回 全国競技かるた横浜大会(E),2024-09-16,E1,E,31,31,61,5,5,1,0,0,1,1,0,0,0,1,0,2,0,0,0,0,0,0,0,0,0,4,1
6581,1021,第104回 全国競技かるた横浜大会(E),2024-09-16,E2,E,27,27,57,5,5,1,0,0,5,5,0,0,0,9,0,0,0,0,0,0,0,0,0,0,0,4,1
6582,1021,第104回 全国競技かるた横浜大会(E),2024-09-16,E3,E,31,31,61,5,5,1,0,0,1,1,0,0,0,1,0,0,0,0,0,0,0,0,0,0,0,4,1
6583,1021,第104回 全国競技かるた横浜大会(E),2024-09-16,E4,E,29,29,59,5,5,1,0,0,3,3,0,0,0,5,0,0,0,0,0,0,0,0,0,0,0,4,1
6584,1021,第104回 全国競技かるた横浜大会(E),2024-09-16,E5,E,30,30,60,5,5,1,0,0,2,2,0,0,0,4,0,0,0,0,0,0,0,0,0,0,0,4,1
6585,1021,第104回 全国競技かるた横浜大会(E),2024-09-16,E6,E,31,31,61,5,5,1,0,0,1,1,0,0,0,1,0,0,0,0,0,0,0,0,0,0,0,4,1
6586,1021,第104回 全国競技かるた横浜大会(E),2024-09-16,E7,E,30,30,60,5,5,1,0,0,2,2,0,0,0,2,0,2,0,0,0,0,0,0,0,0,0,4,1
6587,1021,第104回 全国競技かるた横浜大会(E),2024-09-16,E8,E,31,31,61,5,5,1,0,0,1,1,0,0,0,1,0,0,0,0,0,0,0,0,0,0,0,4,1
6588,1021,第104回 全国競技かるた横浜大会(E),2024-09-16,E9,E,28,28,56,5,5,1,0,0,2,2,0,0,0,2,0,0,0,0,0,0,0,0,0,0,0,4,1
6589,1021,第104回 全国競技かるた横浜大会(E),2024-09-16,E10,E,30,30,60,5,5,1,0,0,2,2,0,0,0,2,0,0,0,0,0,0,0,0,0,0,0,4,1
6590,1021,第104回 全国競技かるた横浜大会(E),2024-09-16,E11,E,29,29,59,5,5,1,0,0,3,3,0,0,0,3,0,0,0,0,0,0,0,0,0,0,0,4,1
6591,1022,"第106回全国競技かるた大阪大会(B,C)",2024-09-23,B1,B,59,59,121,6,6,1,0,0,5,5,0,0,0,5,0,0,0,0,0,0,0,0,0,0,0,4,1
6592,1022,"第106回全国競技かるた大阪大会(B,C)",2024-09-23,B2,B,57,57,119,6,6,1,0,0,7,7,0,0,0,7,0,0,0,0,0,0,0,0,0,0,0,4,1
6593,1022,"第106回全国競技かるた大阪大会(B,C)",2024-09-23,C1,C,26,26,56,5,5,1,0,0,6,6,0,0,0,6,0,0,0,0,0,0,0,0,0,0,0,4,1
6594,1022,"第106回全国競技かるた大阪大会(B,C)",2024-09-23,C2,C,27,27,57,5,5,1,0,0,5,5,0,0,0,5,0,0,0,0,0,0,0,0,0,0,0,4,1
6595,1022,"第106回全国競技かるた大阪大会(B,C)",2024-09-23,C3,C,28,28,58,5,5,1,0,0,4,4,0,0,0,4,0,0,0,0,0,0,0,0,0,0,0,4,1
6596,1022,"第106回全国競技かるた大阪大会(B,C)",2024-09-23,C4,C,29,29,59,5,5,1,0,0,3,3,0,0,0,3,0,0,0,0,0,0,0,0,0,0,0,4,1
6597,1023,"第20回全国競技かるた香川大会(C,D,E)",2024-09-22,C1,C,31,31,61,5,5,1,0,0,1,1,0,0,0,1,0,0,0,0,0,0,0,0,0,0,0,2,1
6598,1023,"第20回全国競技かるた香川大会(C,D,E)",2024-09-22,C2,C,29,29,59,5,5,1,0,0,3,3,0,0,0,3,0,0,0,0,0,0,0,0,0,0,0,2,1
6599,1023,"第20回全国競技かるた香川大会(C,D,E)",2024-09-22,D1,D,27,27,57,5,5,1,0,0,5,5,0,0,0,5,0,0,0,0,0,0,0,0,0,0,0,4,1
6600,1023,"第20回全国競技かるた香川大会(C,D,E)",2024-09-22,D2,D,26,26,56,5,5,1,0,0,6,6,0,0,0,6,0,0,0,0,0,0,0,0,0,0,0,4,1
6601,1023,"第20回全国競技かるた香川大会(C,D,E)",2024-09-22,D3,D,24,24,54,5,5,1,0,0,8,8,0,0,0,8,0,0,0,0,0,0,0,0,0,0,0,4,1
6602,1023,"第20回全国競技かるた香川大会(C,D,E)",2024-09-22,E1,E,21,21,51,5,5,1,0,0,11,11,0,0,0,11,0,0,0,0,0,0,0,0,0,0,0,4,1
6603,1023,"第20回全国競技かるた香川大会(C,D,E)",2024-09-22,E2,E,20,20,50,5,5,1,0,0,12,12,0,0,0,12,0,0,0,0,0,0,0,0,0,0,0,4,1
6604,1024,"第52回全国競技かるた大分大会(C,D,E)",2024-09-22,C1,C,32,32,62,5,5,1,0,0,0,0,0,0,0,0,0,0,0,0,0,0,0,0,0,0,0,8,1
6605,1024,"第52回全国競技かるた大分大会(C,D,E)",2024-09-22,C2,C,30,30,60,5,5,1,0,0,2,2,0,0,0,2,0,0,0,0,0,0,0,0,0,0,0,8,1
6606,1024,"第52回全国競技かるた大分大会(C,D,E)",2024-09-22,D1,D,24,24,54,5,5,1,0,0,8,8,0,0,0,8,0,0,0,0,0,0,0,0,0,0,0,8,1
6607,1024,"第52回全国競技かるた大分大会(C,D,E)",2024-09-22,D2,D,27,27,57,5,5,1,0,0,5,5,0,0,0,5,0,0,0,0,0,0,0,0,0,0,0,8,1
6608,1024,"第52回全国競技かるた大分大会(C,D,E)",2024-09-22,D3,D,27,27,57,5,5,1,0,0,5,5,0,0,0,5,0,2,0,0,0,0,0,0,0,0,0,8,1
6609,1024,"第52回全国競技かるた大分大会(C,D,E)",2024-09-22,D4,D,24,24,54,5,5,1,0,0,8,8,0,0,0,8,0,0,0,0,0,0,0,0,0,0,0,8,1
6610,1024,"第52回全国競技かるた大分大会(C,D,E)",2024-09-22,E1,E,8,8,22,4,4,1,0,0,8,8,0,0,0,8,0,2,0,0,0,0,0,0,0,0,0,8,1
6611,1024,"第52回全国競技かるた大分大会(C,D,E)",2024-09-22,E2,E,9,9,23,4,4,1,0,0,7,7,0,0,0,7,0,0,0,0,0,0,0,0,0,0,0,8,1
6612,1025,"第7回全国競技かるた秋田大会(D,E)",2024-09-22,D,D,46,46,106,5,5,1,0,18,18,18,0,0,0,0,0,18,0,0,0,0,0,0,0,0,0,0,0
6613,1025,"第7回全国競技かるた秋田大会(D,E)",2024-09-22,E,E,71,71,191,5,5,1,0,57,57,57,0,0,0,0,0,57,0,0,0,0,0,0,0,0,0,0,0
6614,1026,第24回全国競技かるた富山大会,2024-09-22,A,A,63,63,119,6,6,1,0,0,7,7,0,0,0,7,0,0,0,0,0,0,6,0,0,0,0,8,1
6615,1026,第24回全国競技かるた富山大会,2024-09-22,B,B,58,58,116,6,6,1,0,0,10,10,0,0,0,10,0,0,0,0,0,0,4,0,0,0,0,8,1
6616,1026,第24回全国競技かるた富山大会,2024-09-22,C,C,32,32,62,5,5,1,0,0,0,0,0,0,0,0,0,0,0,0,0,0,0,0,0,0,0,4,1
6617,1026,第24回全国競技かるた富山大会,2024-09-22,D,D,44,44,104,5,5,1,0,0,20,20,0,0,0,20,0,0,0,0,0,0,0,0,0,0,0,8,0
6618,1026,第24回全国競技かるた富山大会,2024-09-22,E,E,81,81,148,4,4,1,0,0,2,2,0,0,0,2,0,0,0,0,0,0,3,0,0,0,0,20,0
6619,1027,第36回全国競技かるた東大阪大会(A),2024-09-29,A,A,61,61,123,6,6,1,0,0,3,3,0,0,0,3,0,0,0,0,0,0,0,0,0,0,0,8,1
6620,1028,"第58回全国競技かるた静岡大会(D,E・09/29)",2024-09-29,D1,D,30,30,60,5,5,1,0,0,2,2,0,0,0,2,0,0,0,0,0,0,0,0,0,0,0,4,1
6621,1028,"第58回全国競技かるた静岡大会(D,E・09/29)",2024-09-29,D2,D,31,31,61,5,5,1,0,0,1,1,0,0,0,1,0,0,0,0,0,0,0,0,0,0,0,4,1
6622,1028,"第58回全国競技かるた静岡大会(D,E・09/29)",2024-09-29,D3,D,30,30,60,5,5,1,0,0,2,2,0,0,0,2,0,0,0,0,0,0,0,0,0,0,0,4,1
6623,1028,"第58回全国競技かるた静岡大会(D,E・09/29)",2024-09-29,E1,E,13,13,27,4,4,1,0,0,3,3,0,0,0,3,0,0,0,0,0,0,0,0,0,0,0,4,1
6624,1028,"第58回全国競技かるた静岡大会(D,E・09/29)",2024-09-29,E2,E,12,12,26,4,4,1,0,0,4,4,0,0,0,4,0,0,0,0,0,0,0,0,0,0,0,4,1
6625,1028,"第58回全国競技かるた静岡大会(D,E・09/29)",2024-09-29,E3,E,14,14,28,4,4,1,0,0,2,2,0,0,0,2,0,0,0,0,0,0,0,0,0,0,0,4,1
6626,1028,"第58回全国競技かるた静岡大会(D,E・09/29)",2024-09-29,E4,E,14,14,28,4,4,1,0,0,2,2,0,0,0,2,0,2,0,0,0,0,0,0,0,0,0,4,1
6627,1028,"第58回全国競技かるた静岡大会(D,E・09/29)",2024-09-29,E5,E,11,11,25,4,4,1,0,0,5,5,0,0,0,5,0,0,0,0,0,0,0,0,0,0,0,4,1
6628,1028,"第58回全国競技かるた静岡大会(D,E・09/29)",2024-09-29,E6,E,13,13,27,4,4,1,0,0,3,3,0,0,0,3,0,0,0,0,0,0,0,0,0,0,0,4,1
6629,1028,"第58回全国競技かるた静岡大会(D,E・09/29)",2024-09-29,E7,E,12,12,26,4,4,1,0,0,4,4,0,0,0,4,0,0,0,0,0,0,0,0,0,0,0,4,1
6630,1028,"第58回全国競技かるた静岡大会(D,E・09/29)",2024-09-29,E8,E,14,14,28,4,4,1,0,0,2,2,0,0,0,2,0,0,0,0,0,0,0,0,0,0,0,4,1
6631,1028,"第58回全国競技かるた静岡大会(D,E・09/29)",2024-09-29,E9,E,12,12,26,4,4,1,0,0,4,4,0,0,0,4,0,0,0,0,0,0,0,0,0,0,0,4,1
6632,1028,"第58回全国競技かるた静岡大会(D,E・09/29)",2024-09-29,F級,,7,7,13,3,3,1,0,0,1,1,0,0,0,1,0,0,0,0,0,0,0,0,0,0,0,2,1
6633,1029,第24回全国競技かるた愛知大会(E),2024-09-23,E1,E,15,15,29,4,4,1,0,0,1,1,0,0,0,1,0,0,0,0,0,0,0,0,0,0,0,2,1
6634,1029,第24回全国競技かるた愛知大会(E),2024-09-23,E2,E,14,14,28,4,4,1,0,0,2,2,0,0,0,2,0,0,0,0,0,0,0,0,0,0,0,2,1
6635,1029,第24回全国競技かるた愛知大会(E),2024-09-23,E3,E,15,15,29,4,4,1,0,0,1,1,0,0,0,1,0,0,0,0,0,0,0,0,0,0,0,2,1
6636,1029,第24回全国競技かるた愛知大会(E),2024-09-23,E4,E,15,15,29,4,4,1,0,0,1,1,0,0,0,1,0,0,0,0,0,0,0,0,0,0,0,2,1
6637,1029,第24回全国競技かるた愛知大会(E),2024-09-23,E5,E,15,15,29,4,4,1,0,0,1,1,0,0,0,1,0,0,0,0,0,0,0,0,0,0,0,2,1
6638,1029,第24回全国競技かるた愛知大会(E),2024-09-23,E6,E,14,14,28,4,4,1,0,0,2,2,0,0,0,2,0,0,0,0,0,0,0,0,0,0,0,2,1
6639,1029,第24回全国競技かるた愛知大会(E),2024-09-23,E7,E,15,15,29,4,4,1,0,0,1,1,0,0,0,1,0,0,0,0,0,0,0,0,0,0,0,2,1
6640,1030,第6回全国競技かるた新潟大会,2024-10-05,A,A,46,46,108,6,6,1,0,18,18,0,0,0,0,0,0,18,0,0,0,0,0,0,0,0,0,0,1
6641,1030,第6回全国競技かるた新潟大会,2024-10-05,B,B,46,46,107,6,6,1,0,19,19,0,0,0,0,0,0,19,0,0,0,0,1,0,0,0,0,0,1
6642,1030,第6回全国競技かるた新潟大会,2024-10-05,C,C,56,56,116,5,5,1,0,8,8,0,0,0,0,0,0,8,0,0,0,0,0,0,0,0,0,0,0
6643,1030,第6回全国競技かるた新潟大会,2024-10-05,D,D,47,47,107,5,5,1,0,17,17,0,0,0,0,0,0,17,0,0,0,0,0,0,0,0,0,0,0
6644,1030,第6回全国競技かるた新潟大会,2024-10-05,E,E,67,67,157,5,5,1,0,29,29,0,0,0,0,0,0,29,0,0,0,0,0,0,0,0,0,0,0
6645,1031,"第7回全国競技かるた秋田大会(A,B,C)",2024-10-06,A,A,42,42,104,6,6,1,0,22,22,22,0,0,0,0,0,22,0,0,0,0,0,0,0,0,0,0,1
6646,1031,"第7回全国競技かるた秋田大会(A,B,C)",2024-10-06,B,B,21,21,51,5,5,1,0,11,11,11,0,0,0,0,0,13,0,0,0,0,0,0,0,0,0,0,1
6647,1031,"第7回全国競技かるた秋田大会(A,B,C)",2024-10-06,C,C,28,28,58,5,5,1,0,4,4,4,0,0,0,0,0,4,0,0,0,0,0,0,0,0,0,0,1
6648,1032,第95回全国競技かるた学生選手権,2024-10-12,B1_対戦結果,B,49,49,111,6,6,1,0,0,15,15,0,0,0,15,0,0,0,0,0,0,0,0,0,0,0,4,1
6649,1032,第95回全国競技かるた学生選手権,2024-10-12,B2_対戦結果,B,48,48,110,6,6,1,0,0,16,16,0,0,0,16,0,0,0,0,0,0,0,0,0,0,0,4,1
6650,1032,第95回全国競技かるた学生選手権,2024-10-12,B3_対戦結果,B,47,47,109,6,6,1,0,0,17,17,0,0,0,17,0,0,0,0,0,0,0,0,0,0,0,4,1
6651,1033,第71期名人戦東日本予選,2024-10-20,名人位級,,32,32,62,5,5,1,0,0,0,0,0,0,0,0,0,0,0,0,0,0,0,0,0,0,0,8,1
6652,1537,第69期クイーン戦東日本予選,2024-10-20,クイーン位級,,32,32,62,5,5,1,0,0,0,0,0,0,0,0,0,0,0,0,0,0,0,0,0,0,0,8,1
6653,1034,第71期名人戦西日本予選,2024-10-20,名人位級,,32,32,62,5,5,1,0,0,0,0,0,0,0,0,0,0,0,0,0,0,0,0,0,0,0,8,1
6654,1538,第69期クイーン戦西日本予選,2024-10-20,クイーン位級,,29,29,59,5,5,1,0,0,3,3,0,0,0,3,0,0,0,0,0,0,0,0,0,0,0,8,1
6655,1035,"第1回全国競技かるた青森大会(D,E)",2024-10-13,D,D,22,22,52,5,5,1,0,0,10,10,0,0,0,10,0,0,0,0,0,0,0,0,0,0,0,4,1
6656,1035,"第1回全国競技かるた青森大会(D,E)",2024-10-13,E1,E,17,17,47,5,5,1,0,0,15,15,0,0,0,15,0,0,0,0,0,0,0,0,0,0,0,4,1
6657,1035,"第1回全国競技かるた青森大会(D,E)",2024-10-13,E2,E,17,17,47,5,5,1,0,0,15,15,0,0,0,15,0,0,0,0,0,0,0,0,0,0,0,4,1
6658,1036,第7回全国競技かるた大阪なにはえ大会(B),2024-10-12,B1,B,48,48,110,6,6,1,0,0,16,16,0,0,0,16,0,0,0,0,0,0,0,0,0,0,0,4,1
6659,1036,第7回全国競技かるた大阪なにはえ大会(B),2024-10-12,B2,B,50,50,112,6,6,1,0,0,14,14,0,0,0,14,0,0,0,0,0,0,0,0,0,0,0,4,1
6660,1037,第7回全国競技かるた大阪なにはえ大会(D),2024-10-13,D1,D,29,29,59,5,5,1,0,0,3,3,0,0,0,3,0,0,0,0,0,0,0,0,0,0,0,4,1
6661,1037,第7回全国競技かるた大阪なにはえ大会(D),2024-10-13,D2,D,28,28,58,5,5,1,0,0,4,4,0,0,0,4,0,0,0,0,0,0,0,0,0,0,0,4,1
6662,1037,第7回全国競技かるた大阪なにはえ大会(D),2024-10-13,D3,D,29,29,59,5,5,1,0,0,3,3,0,0,0,3,0,0,0,0,0,0,0,0,0,0,0,4,1
6663,1037,第7回全国競技かるた大阪なにはえ大会(D),2024-10-13,D4,D,29,29,59,5,5,1,0,0,3,3,0,0,0,3,0,0,0,0,0,0,0,0,0,0,0,4,1
6664,1037,第7回全国競技かるた大阪なにはえ大会(D),2024-10-13,D5,D,27,27,57,5,5,1,0,0,5,5,0,0,0,5,0,0,0,0,0,0,0,0,0,0,0,4,1
6665,1038,"第20回全国競技かるた香川大会(A,B)",2024-10-13,A1,A,32,32,62,5,5,1,0,0,0,0,0,0,0,0,0,0,0,0,0,0,0,0,0,0,0,8,1
6666,1038,"第20回全国競技かるた香川大会(A,B)",2024-10-13,A2,A,36,36,98,6,6,1,0,0,28,28,0,0,0,28,0,0,0,0,0,0,0,0,0,0,0,8,1
6667,1038,"第20回全国競技かるた香川大会(A,B)",2024-10-13,B1,B,56,56,118,6,6,1,0,0,8,8,0,0,0,8,0,0,0,0,0,0,0,0,0,0,0,8,1
6668,1038,"第20回全国競技かるた香川大会(A,B)",2024-10-13,B2,B,55,55,117,6,6,1,0,0,9,9,0,0,0,9,0,0,0,0,0,0,0,0,0,0,0,8,1
6669,1039,第29回人麿の里・全国競技かるた益田大会(E・10/27),2024-10-27,E1,E,13,13,27,4,4,1,0,0,3,3,0,0,0,3,0,0,0,0,0,0,0,0,0,0,0,8,1
6670,1039,第29回人麿の里・全国競技かるた益田大会(E・10/27),2024-10-27,E2,E,13,13,27,4,4,1,0,0,3,3,0,0,0,3,0,0,0,0,0,0,0,0,0,0,0,8,1
6671,1040,"第40回全国競技かるた熊本大会(C,D,E)",2024-10-27,C,C,65,65,143,4,5,1,0,0,31,31,0,0,0,31,0,0,0,0,0,0,0,0,0,0,0,12,0
6672,1040,"第40回全国競技かるた熊本大会(C,D,E)",2024-10-27,D,D,84,84,0,0,,,0,0,0,0,0,0,0,0,0,0,0,0,0,0,84,0,0,0,0,12,0
6673,1040,"第40回全国競技かるた熊本大会(C,D,E)",2024-10-27,E,E,55,55,111,4,4,1,0,0,9,9,0,0,0,9,0,6,0,0,0,0,0,0,0,0,0,16,0
6674,1041,蓮生記念第11回全国競技かるた宇都宮大会(ABCD級),2024-10-26,A,A,153,153,339,6,6,1,0,0,39,39,0,0,0,39,0,0,0,0,0,0,0,0,0,0,0,24,0
6675,1041,蓮生記念第11回全国競技かるた宇都宮大会(ABCD級),2024-10-26,B1,B,55,55,117,6,6,1,0,0,9,9,0,0,0,9,0,0,0,0,0,0,0,0,0,0,0,8,1
6676,1041,蓮生記念第11回全国競技かるた宇都宮大会(ABCD級),2024-10-26,B2,B,58,58,120,6,6,1,0,0,6,6,0,0,0,6,0,2,0,0,0,0,0,0,0,0,0,8,1
6677,1041,蓮生記念第11回全国競技かるた宇都宮大会(ABCD級),2024-10-26,B3,B,55,55,117,6,6,1,0,0,9,9,0,0,0,9,0,0,0,0,0,0,0,0,0,0,0,8,1
6678,1041,蓮生記念第11回全国競技かるた宇都宮大会(ABCD級),2024-10-26,B4,B,55,55,117,6,6,1,0,0,9,9,0,0,0,11,0,0,0,0,0,0,0,0,0,0,0,8,1
6679,1041,蓮生記念第11回全国競技かるた宇都宮大会(ABCD級),2024-10-26,C1,C,27,27,57,5,5,1,0,0,5,5,0,0,0,5,0,0,0,0,0,0,0,0,0,0,0,4,1
6680,1041,蓮生記念第11回全国競技かるた宇都宮大会(ABCD級),2024-10-26,C2,C,28,28,58,5,5,1,0,0,4,4,0,0,0,4,0,0,0,0,0,0,0,0,0,0,0,4,1
6681,1041,蓮生記念第11回全国競技かるた宇都宮大会(ABCD級),2024-10-26,C3,C,26,26,56,5,5,1,0,0,6,6,0,0,0,10,0,0,0,0,0,0,0,0,0,0,0,4,1
6682,1041,蓮生記念第11回全国競技かるた宇都宮大会(ABCD級),2024-10-26,C4,C,26,26,56,5,5,1,0,0,6,6,0,0,0,6,0,2,0,0,0,0,0,0,0,0,0,4,1
6683,1041,蓮生記念第11回全国競技かるた宇都宮大会(ABCD級),2024-10-26,C5,C,26,26,56,5,5,1,0,0,6,6,0,0,0,6,0,0,0,0,0,0,0,0,0,0,0,4,1
6684,1041,蓮生記念第11回全国競技かるた宇都宮大会(ABCD級),2024-10-26,C6,C,27,27,57,5,5,1,0,0,5,5,0,0,0,7,0,0,0,0,0,0,0,0,0,0,0,4,1
6685,1041,蓮生記念第11回全国競技かるた宇都宮大会(ABCD級),2024-10-26,C7,C,27,27,57,5,5,1,0,0,5,5,0,0,0,5,0,0,0,0,0,0,0,0,0,0,0,4,1
6686,1041,蓮生記念第11回全国競技かるた宇都宮大会(ABCD級),2024-10-26,C8,C,27,27,57,5,5,1,0,0,5,5,0,0,0,7,0,0,0,0,0,0,0,0,0,0,0,4,1
6687,1041,蓮生記念第11回全国競技かるた宇都宮大会(ABCD級),2024-10-26,D1,D,29,29,59,5,5,1,0,0,3,3,0,0,0,5,0,0,0,0,0,0,0,0,0,0,0,4,1
6688,1041,蓮生記念第11回全国競技かるた宇都宮大会(ABCD級),2024-10-26,D2,D,30,30,60,5,5,1,0,0,2,2,0,0,0,4,0,0,0,0,0,0,0,0,0,0,0,4,1
6689,1041,蓮生記念第11回全国競技かるた宇都宮大会(ABCD級),2024-10-26,D3,D,30,30,60,5,5,1,0,0,2,2,0,0,0,2,0,0,0,0,0,0,0,0,0,0,0,4,1
6690,1041,蓮生記念第11回全国競技かるた宇都宮大会(ABCD級),2024-10-26,D4,D,28,28,58,5,5,1,0,0,4,4,0,0,0,8,0,0,0,0,0,0,0,0,0,0,0,4,1
6691,1041,蓮生記念第11回全国競技かるた宇都宮大会(ABCD級),2024-10-26,D5,D,28,28,58,5,5,1,0,0,4,4,0,0,0,4,0,0,0,0,0,0,0,0,0,0,0,4,1
6692,1041,蓮生記念第11回全国競技かるた宇都宮大会(ABCD級),2024-10-26,D6,D,28,28,58,5,5,1,0,0,4,4,0,0,0,6,0,0,0,0,0,0,0,0,0,0,0,4,1
6693,1041,蓮生記念第11回全国競技かるた宇都宮大会(ABCD級),2024-10-26,D7,D,29,29,59,5,5,1,0,0,3,3,0,0,0,7,0,0,0,0,0,0,0,0,0,0,0,4,1
6694,1042,第77回全国競技かるた福井大会(D),2024-11-03,D,D,107,107,227,5,5,1,0,0,21,21,0,0,0,21,0,0,0,0,0,0,0,0,0,0,0,16,0
6695,1043,"第33回全国競技かるた広島大会(D,E)",2024-11-03,D1,D,24,24,54,5,5,1,0,0,8,8,0,0,0,8,0,0,0,0,0,0,0,0,0,0,0,4,1
6696,1043,"第33回全国競技かるた広島大会(D,E)",2024-11-03,D2,D,29,29,59,5,5,1,0,0,3,3,0,0,0,3,0,0,0,0,0,0,0,0,0,0,0,4,1
6697,1043,"第33回全国競技かるた広島大会(D,E)",2024-11-03,D3,D,28,28,58,5,5,1,0,0,4,4,0,0,0,4,0,0,0,0,0,0,0,0,0,0,0,4,1
6698,1043,"第33回全国競技かるた広島大会(D,E)",2024-11-03,E1,E,20,20,50,5,5,1,0,0,12,12,0,0,0,12,0,0,0,0,0,0,0,0,0,0,0,4,1
6699,1043,"第33回全国競技かるた広島大会(D,E)",2024-11-03,E2,E,20,20,50,5,5,1,0,0,12,12,0,0,0,12,0,0,0,0,0,0,0,0,0,0,0,4,1
6700,1043,"第33回全国競技かるた広島大会(D,E)",2024-11-03,E3,E,21,21,51,5,5,1,0,0,11,11,0,0,0,11,0,0,0,0,0,0,0,0,0,0,0,4,1
6701,1043,"第33回全国競技かるた広島大会(D,E)",2024-11-03,E4,E,22,22,52,5,5,1,0,0,10,10,0,0,0,10,0,0,0,0,0,0,0,0,0,0,0,4,1
6702,1044,第47回全国小・中学生競技かるた選手権福井大会,2024-11-04,小学２年生以下,,13,13,27,4,4,1,0,0,3,3,0,0,0,3,0,0,0,0,0,0,0,0,0,0,0,4,1
6703,1044,第47回全国小・中学生競技かるた選手権福井大会,2024-11-04,小学３年生,,17,17,47,5,5,1,0,0,15,15,0,0,0,15,0,0,0,0,0,0,0,0,0,0,0,8,1
6704,1044,第47回全国小・中学生競技かるた選手権福井大会,2024-11-04,小学４年生,,33,33,95,6,6,1,0,0,31,31,0,0,0,31,0,0,0,0,0,0,0,0,0,0,0,8,1
6705,1044,第47回全国小・中学生競技かるた選手権福井大会,2024-11-04,小学５年生,,30,30,60,5,5,1,0,0,2,2,0,0,0,2,0,0,0,0,0,0,0,0,0,0,0,8,1
6706,1044,第47回全国小・中学生競技かるた選手権福井大会,2024-11-04,小学６年生,,27,27,57,5,5,1,0,0,5,5,0,0,0,5,0,2,0,0,0,0,0,0,0,0,0,8,1
6707,1044,第47回全国小・中学生競技かるた選手権福井大会,2024-11-04,中学生,,30,30,60,5,5,1,0,0,2,2,0,0,0,2,0,2,0,0,0,0,0,0,0,0,0,8,1
6708,1044,第47回全国小・中学生競技かるた選手権福井大会,2024-11-04,高校生,,3,3,6,3,3,1,0,0,0,0,0,0,0,0,0,0,0,0,0,0,0,0,0,0,0,3,0
6709,1045,第104回全国競技かるた横浜大会(D),2024-11-04,D,D,246,246,503,5,5,1,0,0,29,29,0,0,0,35,0,0,0,0,0,0,0,0,0,0,0,72,0
6710,1046,"第40回全国競技かるた宮崎大会(D,E)",2024-11-17,D1,D,18,18,48,5,5,1,0,0,14,14,0,0,0,14,0,0,0,0,0,0,0,0,0,0,0,8,1
6711,1046,"第40回全国競技かるた宮崎大会(D,E)",2024-11-17,D2,D,16,16,44,4,4,1,0,0,16,16,0,0,0,16,0,0,0,0,0,0,0,0,0,0,0,0,0
6712,1046,"第40回全国競技かるた宮崎大会(D,E)",2024-11-17,E1,E,30,30,60,5,5,1,0,0,2,2,0,0,0,2,0,0,0,0,0,0,0,0,0,0,0,8,1
6713,1046,"第40回全国競技かるた宮崎大会(D,E)",2024-11-17,E2,E,29,29,59,5,5,1,0,0,3,3,0,0,0,3,0,2,0,0,0,0,0,0,0,0,0,8,1
6714,1047,"第33回全国競技かるた奈良大会(B,C)",2024-11-23,B1,B,44,44,106,6,6,1,0,0,20,20,0,0,0,20,0,0,0,0,0,0,0,0,0,0,0,4,1
6715,1047,"第33回全国競技かるた奈良大会(B,C)",2024-11-23,B2,B,41,41,103,6,6,1,0,0,23,23,0,0,0,23,0,0,0,0,0,0,0,0,0,0,0,4,1
6716,1047,"第33回全国競技かるた奈良大会(B,C)",2024-11-23,B3,B,43,43,105,6,6,1,0,0,21,21,0,0,0,21,0,0,0,0,0,0,0,0,0,0,0,4,1
6717,1047,"第33回全国競技かるた奈良大会(B,C)",2024-11-23,C1,C,25,25,55,5,5,1,0,0,7,7,0,0,0,7,0,0,0,0,0,0,0,0,0,0,0,4,1
6718,1047,"第33回全国競技かるた奈良大会(B,C)",2024-11-23,C2,C,28,28,58,5,5,1,0,0,4,4,0,0,0,4,0,0,0,0,0,0,0,0,0,0,0,4,1
6719,1047,"第33回全国競技かるた奈良大会(B,C)",2024-11-23,C3,C,28,28,58,5,5,1,0,0,4,4,0,0,0,4,0,0,0,0,0,0,0,0,0,0,0,4,1
6720,1047,"第33回全国競技かるた奈良大会(B,C)",2024-11-23,C4,C,27,27,57,5,5,1,0,0,5,5,0,0,0,5,0,0,0,0,0,0,0,0,0,0,0,4,1
6721,1047,"第33回全国競技かるた奈良大会(B,C)",2024-11-23,C5,C,28,28,58,5,5,1,0,0,4,4,0,0,0,4,0,0,0,0,0,0,0,0,0,0,0,4,1
6722,1047,"第33回全国競技かるた奈良大会(B,C)",2024-11-23,C6,C,27,27,57,5,5,1,0,0,5,5,0,0,0,5,0,0,0,0,0,0,0,0,0,0,0,4,1
6723,1048,"第14回全国競技かるた岡山大会(A,B,C)",2024-11-23,A,A,79,79,203,6,6,1,0,0,49,49,0,0,0,49,0,0,0,0,0,0,0,0,0,0,0,16,0
6724,1048,"第14回全国競技かるた岡山大会(A,B,C)",2024-11-23,B,B,84,84,208,6,6,1,0,0,44,44,0,0,0,44,0,0,0,0,0,0,0,0,0,0,0,16,0
6725,1048,"第14回全国競技かるた岡山大会(A,B,C)",2024-11-23,C23,C,43,43,103,5,5,1,0,0,21,21,0,0,0,21,0,0,0,0,0,0,0,0,0,0,0,8,0
6726,1048,"第14回全国競技かるた岡山大会(A,B,C)",2024-11-23,C24,C,42,42,102,5,5,1,0,0,22,22,0,0,0,22,0,0,0,0,0,0,0,0,0,0,0,8,0
6727,1049,第95回全国競技かるた学生選手権大会(11/30),2024-11-30,対戦結果,,88,88,212,6,6,1,0,1,41,40,0,0,0,40,0,0,0,1,0,0,0,0,0,0,0,16,0
6728,1050,"第88回椿杯争奪全国競技かるた大会(D,E)",2024-12-01,D1,D,27,27,57,5,5,1,0,0,5,5,0,0,0,9,0,0,0,0,0,0,0,0,0,0,0,8,1
6729,1050,"第88回椿杯争奪全国競技かるた大会(D,E)",2024-12-01,D2,D,27,27,57,5,5,1,0,0,5,5,0,0,0,9,0,0,0,0,0,0,0,0,0,0,0,8,1
6730,1050,"第88回椿杯争奪全国競技かるた大会(D,E)",2024-12-01,E1,E,29,29,59,5,5,1,0,0,3,3,0,0,0,5,0,0,0,0,0,0,0,0,0,0,0,8,1
6731,1050,"第88回椿杯争奪全国競技かるた大会(D,E)",2024-12-01,E2,E,29,29,59,5,5,1,0,0,3,3,0,0,0,3,0,0,0,0,0,0,0,0,0,0,0,8,1
6732,1050,"第88回椿杯争奪全国競技かるた大会(D,E)",2024-12-01,E3,E,29,29,59,5,5,1,0,0,3,3,0,0,0,9,0,0,0,0,0,0,0,0,0,0,0,8,1
6733,1050,"第88回椿杯争奪全国競技かるた大会(D,E)",2024-12-01,F1級,,11,11,25,4,4,1,0,0,5,5,0,0,0,5,0,0,0,0,0,0,0,0,0,0,0,8,1
6734,1050,"第88回椿杯争奪全国競技かるた大会(D,E)",2024-12-01,F2級,,11,11,25,4,4,1,0,0,5,5,0,0,0,5,0,2,0,0,0,0,0,0,0,0,0,8,1
6735,1051,第12回全国競技かるた山口大会(12/08),2024-12-08,後分割,,187,187,435,6,6,1,0,0,69,69,0,0,0,69,0,2,0,0,0,0,0,0,0,0,0,16,0
6736,1052,第12回全国競技かるた山口大会(12/07),2024-12-07,後分割,,174,174,352,5,5,1,0,0,18,18,0,0,0,18,0,0,0,0,0,0,0,0,0,0,0,28,0
6737,1053,第24回全国競技かるた愛知大会(B),2024-12-07,B1,B,55,55,117,6,6,1,0,0,9,9,0,0,0,9,0,0,0,0,0,0,0,0,0,0,0,8,1
6738,1053,第24回全国競技かるた愛知大会(B),2024-12-07,B2,B,56,56,118,6,6,1,0,0,8,8,0,0,0,8,0,0,0,0,0,0,0,0,0,0,0,8,1
6739,1053,第24回全国競技かるた愛知大会(B),2024-12-07,B3,B,59,59,121,6,6,1,0,0,5,5,0,0,0,5,0,0,0,0,0,0,0,0,0,0,0,8,1
6740,1054,"第24回全国競技かるた愛知大会(A,C)",2024-12-08,A1,A,47,47,109,6,6,1,0,0,17,17,0,0,0,17,0,0,0,0,0,0,0,0,0,0,0,8,1
6741,1054,"第24回全国競技かるた愛知大会(A,C)",2024-12-08,A2,A,52,52,114,6,6,1,0,0,12,12,0,0,0,12,0,0,0,0,0,0,0,0,0,0,0,8,1
6742,1054,"第24回全国競技かるた愛知大会(A,C)",2024-12-08,C1,C,27,27,57,5,5,1,0,0,5,5,0,0,0,5,0,0,0,0,0,0,0,0,0,0,0,4,1
6743,1054,"第24回全国競技かるた愛知大会(A,C)",2024-12-08,C2,C,29,29,59,5,5,1,0,0,3,3,0,0,0,3,0,0,0,0,0,0,0,0,0,0,0,4,1
6744,1054,"第24回全国競技かるた愛知大会(A,C)",2024-12-08,C3,C,25,25,55,5,5,1,0,0,7,7,0,0,0,7,0,0,0,0,0,0,0,0,0,0,0,4,1
6745,1054,"第24回全国競技かるた愛知大会(A,C)",2024-12-08,C4,C,30,30,60,5,5,1,0,0,2,2,0,0,0,2,0,0,0,0,0,0,0,0,0,0,0,4,1
6746,1055,第74回高松宮記念杯近江神宮全国大会(D),2024-12-15,D1,D,28,28,58,5,5,1,0,0,4,4,0,0,0,4,0,0,0,0,0,0,0,0,0,0,0,4,1
6747,1055,第74回高松宮記念杯近江神宮全国大会(D),2024-12-15,D2,D,29,29,59,5,5,1,0,0,3,3,0,0,0,3,0,0,0,0,0,0,0,0,0,0,0,4,1
6748,1055,第74回高松宮記念杯近江神宮全国大会(D),2024-12-15,D3,D,28,28,50,5,5,1,0,0,4,4,0,0,0,4,0,0,0,0,0,0,0,0,0,0,0,4,0
6749,1055,第74回高松宮記念杯近江神宮全国大会(D),2024-12-15,D4,D,26,26,56,5,5,1,0,0,6,6,0,0,0,6,0,0,0,0,0,0,0,0,0,0,0,4,1
6750,1055,第74回高松宮記念杯近江神宮全国大会(D),2024-12-15,D5,D,26,26,56,5,5,1,0,0,6,6,0,0,0,6,0,0,0,0,0,0,0,0,0,0,0,4,1
6751,1055,第74回高松宮記念杯近江神宮全国大会(D),2024-12-15,D6,D,28,28,58,5,5,1,0,0,4,4,0,0,0,4,0,0,0,0,0,0,0,0,0,0,0,4,1
6752,1055,第74回高松宮記念杯近江神宮全国大会(D),2024-12-15,D7,D,28,28,58,5,5,1,0,0,4,4,0,0,0,4,0,0,0,0,0,0,0,0,0,0,0,4,1
6753,1055,第74回高松宮記念杯近江神宮全国大会(D),2024-12-15,D8,D,26,26,56,5,5,1,0,0,6,6,0,0,0,6,0,0,0,0,0,0,0,0,0,0,0,4,1
6754,1056,第33回全国競技かるた奈良大会(A),2024-12-15,A,A,61,61,123,6,6,1,0,0,3,3,0,0,0,3,0,0,0,0,0,0,0,0,0,0,0,8,1
6755,1057,第8回全国競技かるた信州大会(A),2024-12-22,A級,A,43,43,105,6,6,1,0,0,21,21,0,0,0,21,0,0,0,0,0,0,0,0,0,0,0,8,1
6756,1058,"第14回全国競技かるた岡山大会(D,E)",2024-12-22,D,D,74,74,166,6,7,1,0,2,24,24,0,0,0,22,0,2,0,0,0,0,0,0,0,0,0,12,0
6757,1058,"第14回全国競技かるた岡山大会(D,E)",2024-12-22,E,E,24,24,52,4,4,1,0,0,8,8,0,0,0,8,0,0,0,0,0,0,0,0,0,0,0,8,0
6758,1059,第70回小倉百人一首競技かるた新春全国大会(D),2025-01-04,D1,D,30,30,60,5,5,1,0,0,2,2,0,0,0,2,0,0,0,0,0,0,0,0,0,0,0,8,1
6759,1059,第70回小倉百人一首競技かるた新春全国大会(D),2025-01-04,D2,D,31,31,61,5,5,1,0,0,1,1,0,0,0,1,0,0,0,0,0,0,0,0,0,0,0,8,1
6760,1059,第70回小倉百人一首競技かるた新春全国大会(D),2025-01-04,D3,D,28,28,58,5,5,1,0,0,4,4,0,0,0,4,0,0,0,0,0,0,0,0,0,0,0,8,1
6761,1059,第70回小倉百人一首競技かるた新春全国大会(D),2025-01-04,D4,D,29,29,59,5,5,1,0,0,3,3,0,0,0,3,0,0,0,0,0,0,0,0,0,0,0,8,1
6762,1059,第70回小倉百人一首競技かるた新春全国大会(D),2025-01-04,D5,D,30,30,60,5,5,1,0,0,2,2,0,0,0,2,0,0,0,0,0,0,0,0,0,0,0,8,1
6763,1059,第70回小倉百人一首競技かるた新春全国大会(D),2025-01-04,D6,D,30,30,60,5,5,1,0,0,2,2,0,0,0,2,0,0,0,0,0,0,0,0,0,0,0,8,1
6764,1059,第70回小倉百人一首競技かるた新春全国大会(D),2025-01-04,D7,D,26,26,56,5,5,1,0,0,6,6,0,0,0,6,0,0,0,0,0,0,0,0,0,0,0,8,1
6765,1059,第70回小倉百人一首競技かるた新春全国大会(D),2025-01-04,D8,D,28,28,58,5,5,1,0,0,4,4,0,0,0,4,0,0,0,0,0,0,0,0,0,0,0,8,1
6766,1059,第70回小倉百人一首競技かるた新春全国大会(D),2025-01-04,D9,D,27,27,57,5,5,1,0,0,5,5,0,0,0,5,0,0,0,0,0,0,0,0,0,0,0,8,1
6767,1059,第70回小倉百人一首競技かるた新春全国大会(D),2025-01-04,D10,D,29,29,59,5,5,1,0,0,3,3,0,0,0,5,0,0,0,0,0,0,0,0,0,0,0,8,1
6768,1059,第70回小倉百人一首競技かるた新春全国大会(D),2025-01-04,D11,D,29,29,59,5,5,1,0,0,3,3,0,0,0,3,0,0,0,0,0,0,0,0,0,0,0,8,1
6769,1060,"第58回全国競技かるた静岡大会(D,E・01/12)",2025-01-12,D1,D,27,27,57,5,5,1,0,0,5,5,0,0,0,7,0,0,0,0,0,0,0,0,0,0,0,4,1
6770,1060,"第58回全国競技かるた静岡大会(D,E・01/12)",2025-01-12,D2,D,25,25,55,5,5,1,0,0,7,7,0,0,0,7,0,0,0,0,0,0,0,0,0,0,0,4,1
6771,1060,"第58回全国競技かるた静岡大会(D,E・01/12)",2025-01-12,D3,D,27,27,57,5,5,1,0,0,5,5,0,0,0,5,0,0,0,0,0,0,0,0,0,0,0,4,1
6772,1060,"第58回全国競技かるた静岡大会(D,E・01/12)",2025-01-12,E1,E,15,15,29,4,4,1,0,0,1,1,0,0,0,1,0,0,0,0,0,0,0,0,0,0,0,4,1
6773,1060,"第58回全国競技かるた静岡大会(D,E・01/12)",2025-01-12,E2,E,14,14,28,4,4,1,0,0,2,2,0,0,0,2,0,0,0,0,0,0,0,0,0,0,0,4,1
6774,1060,"第58回全国競技かるた静岡大会(D,E・01/12)",2025-01-12,E3,E,16,16,30,4,4,1,0,0,0,0,0,0,0,0,0,0,0,0,0,0,0,0,0,0,0,4,1
6775,1060,"第58回全国競技かるた静岡大会(D,E・01/12)",2025-01-12,E4,E,16,16,30,4,4,1,0,0,0,0,0,0,0,0,0,0,0,0,0,0,0,0,0,0,0,4,1
6776,1060,"第58回全国競技かるた静岡大会(D,E・01/12)",2025-01-12,F級,,5,5,11,3,3,1,0,0,3,3,0,0,0,3,0,0,0,0,0,0,0,0,0,0,0,2,1
6777,1061,第54回 太宰府小倉百人一首競技かるた大会,2025-01-11,A,A,71,71,195,6,6,1,0,3,60,57,0,3,0,57,0,0,0,3,0,0,0,0,0,0,0,16,0
6778,1061,第54回 太宰府小倉百人一首競技かるた大会,2025-01-11,B,B,73,73,197,6,6,1,0,0,55,55,0,0,0,55,0,0,0,0,0,0,0,0,0,0,0,16,0
6779,1061,第54回 太宰府小倉百人一首競技かるた大会,2025-01-11,C,C,87,87,177,5,5,1,0,0,9,9,0,0,0,9,0,0,0,0,0,0,0,0,0,0,0,24,0
6780,1062,"第74回高松宮記念杯近江神宮全国大会(A,B)",2025-01-12,A,A,126,126,252,7,7,1,0,0,2,2,0,0,0,2,0,0,0,0,0,0,0,0,0,0,0,16,1
6781,1062,"第74回高松宮記念杯近江神宮全国大会(A,B)",2025-01-12,B1,B,55,55,117,6,6,1,0,0,9,9,0,0,0,9,0,0,0,0,0,0,0,0,0,0,0,8,1
6782,1062,"第74回高松宮記念杯近江神宮全国大会(A,B)",2025-01-12,B2,B,56,56,118,6,6,1,0,0,8,8,0,0,0,8,0,0,0,0,0,0,0,0,0,0,0,8,1
6783,1062,"第74回高松宮記念杯近江神宮全国大会(A,B)",2025-01-12,B3,B,54,54,116,6,6,1,0,0,10,10,0,0,0,10,0,0,0,0,0,0,0,0,0,0,0,8,1
6784,1062,"第74回高松宮記念杯近江神宮全国大会(A,B)",2025-01-12,B4,B,57,57,119,6,6,1,0,0,7,7,0,0,0,7,0,0,0,0,0,0,0,0,0,0,0,8,1
6785,1063,第70回小倉百人一首競技かるた新春全国大会(A),2025-01-13,A,A,106,106,230,6,6,1,0,0,22,22,0,0,0,22,0,0,0,0,0,0,0,0,0,0,0,16,0
6786,1063,第70回小倉百人一首競技かるた新春全国大会(A),2025-01-13,A2,A,51,51,113,6,6,1,0,0,13,13,0,0,0,13,0,0,0,0,0,0,0,0,0,0,0,8,1
6787,1064,"第82回全国競技かるた桑名大会(D,E)",2025-01-18,D,D,97,97,217,5,5,1,0,0,31,31,0,0,0,31,0,0,0,0,0,0,0,0,0,0,0,16,0
6788,1064,"第82回全国競技かるた桑名大会(D,E)",2025-01-18,E,E,123,123,243,5,5,1,0,0,5,5,0,0,0,5,0,0,0,0,0,0,0,0,0,0,0,16,0
6789,1065,第82回全国競技かるた桑名大会(C),2025-01-19,C,C,110,110,230,5,5,1,0,0,18,18,0,0,0,18,0,0,0,0,0,0,0,0,0,0,0,32,0
6790,1066,第76回全国競技かるた京都大会,2025-01-18,C1,C,31,31,61,5,5,1,0,0,1,1,0,0,0,1,0,0,0,0,0,0,0,0,0,0,0,2,1
6791,1066,第76回全国競技かるた京都大会,2025-01-18,C2,C,31,31,61,5,5,1,0,0,1,1,0,0,0,1,0,0,0,0,0,0,0,0,0,0,0,2,1
6792,1066,第76回全国競技かるた京都大会,2025-01-18,C3,C,30,30,60,5,5,1,0,0,2,2,0,0,0,2,0,0,0,0,0,0,0,0,0,0,0,2,1
6793,1066,第76回全国競技かるた京都大会,2025-01-18,C4,C,31,31,61,5,5,1,0,0,1,1,0,0,0,1,0,0,0,0,0,0,0,0,0,0,0,2,1
6794,1066,第76回全国競技かるた京都大会,2025-01-18,C5,C,31,31,61,5,5,1,0,0,1,1,0,0,0,1,0,0,0,0,0,0,0,0,0,0,0,2,1
6795,1066,第76回全国競技かるた京都大会,2025-01-18,D1,D,26,26,56,5,5,1,0,0,6,6,0,0,0,6,0,0,0,0,0,0,0,0,0,0,0,4,1
6796,1066,第76回全国競技かるた京都大会,2025-01-18,D2,D,27,27,57,5,5,1,0,0,5,5,0,0,0,5,0,0,0,0,0,0,0,0,0,0,0,4,1
6797,1066,第76回全国競技かるた京都大会,2025-01-18,D3,D,25,25,55,5,5,1,0,0,7,7,0,0,0,7,0,0,0,0,0,0,0,0,0,0,0,4,1
6798,1066,第76回全国競技かるた京都大会,2025-01-18,D4,D,24,24,54,5,5,1,0,0,8,8,0,0,0,8,0,0,0,0,0,0,0,0,0,0,0,4,1
6799,1066,第76回全国競技かるた京都大会,2025-01-18,D5,D,27,27,57,5,5,1,0,0,5,5,0,0,0,5,0,0,0,0,0,0,0,0,0,0,0,4,1
6800,1066,第76回全国競技かるた京都大会,2025-01-18,D6,D,28,28,58,5,5,1,0,0,4,4,0,0,0,4,0,0,0,0,0,0,0,0,0,0,0,8,1
6801,1066,第76回全国競技かるた京都大会,2025-01-18,D7,D,28,28,58,5,5,1,0,0,4,4,0,0,0,4,0,2,0,0,0,0,0,0,0,0,0,8,1
6802,1066,第76回全国競技かるた京都大会,2025-01-18,D8,D,28,28,58,5,5,1,0,0,4,4,0,0,0,4,0,0,0,0,0,0,0,0,0,0,0,8,1
6803,1066,第76回全国競技かるた京都大会,2025-01-18,E1,E,16,16,30,4,4,1,0,0,0,0,0,0,0,0,0,0,0,0,0,0,0,0,0,0,0,8,1
6804,1066,第76回全国競技かるた京都大会,2025-01-18,E2,E,16,16,30,4,4,1,0,0,0,0,0,0,0,0,0,0,0,0,0,0,0,0,0,0,0,8,1
6805,1066,第76回全国競技かるた京都大会,2025-01-18,E3,E,16,16,30,4,4,1,0,0,0,0,0,0,0,0,0,0,0,0,0,0,0,0,0,0,0,8,1
6806,1066,第76回全国競技かるた京都大会,2025-01-18,E4,E,14,14,28,4,4,1,0,0,2,2,0,0,0,2,0,0,0,0,0,0,0,0,0,0,0,8,1
6807,1066,第76回全国競技かるた京都大会,2025-01-18,E5,E,15,15,29,4,4,1,0,0,1,1,0,0,0,1,0,0,0,0,0,0,0,0,0,0,0,8,1
6808,1066,第76回全国競技かるた京都大会,2025-01-18,E6,E,14,14,28,4,4,1,0,0,2,2,0,0,0,2,0,0,0,0,0,0,0,0,0,0,0,8,1
6809,1066,第76回全国競技かるた京都大会,2025-01-18,E7,E,14,14,28,4,4,1,0,0,2,2,0,0,0,2,0,0,0,0,0,0,0,0,0,0,0,8,1
6810,1066,第76回全国競技かるた京都大会,2025-01-18,E8,E,14,14,28,4,4,1,0,0,2,2,0,0,0,2,0,0,0,0,0,0,0,0,0,0,0,8,1
6811,1066,第76回全国競技かるた京都大会,2025-01-18,E9,E,14,14,28,4,4,1,0,0,2,2,0,0,0,2,0,0,0,0,0,0,0,0,0,0,0,8,1
6812,1066,第76回全国競技かるた京都大会,2025-01-18,E10,E,13,13,27,4,4,1,0,0,3,3,0,0,0,3,0,0,0,0,0,0,0,0,0,0,0,8,1
6813,1066,第76回全国競技かるた京都大会,2025-01-18,E11,E,14,14,28,4,4,1,0,0,2,2,0,0,0,2,0,0,0,0,0,0,0,0,0,0,0,8,1
6814,1066,第76回全国競技かるた京都大会,2025-01-18,E12,E,14,14,28,4,4,1,0,0,2,2,0,0,0,2,0,0,0,0,0,0,0,0,0,0,0,8,1
6815,1066,第76回全国競技かるた京都大会,2025-01-18,E13,E,14,14,28,4,4,1,0,0,2,2,0,0,0,2,0,0,0,0,0,0,0,0,0,0,0,8,1
6816,1066,第76回全国競技かるた京都大会,2025-01-18,E14,E,14,14,28,4,4,1,0,0,2,2,0,0,0,2,0,0,0,0,0,0,0,0,0,0,0,8,1
6817,1066,第76回全国競技かるた京都大会,2025-01-18,E15,E,15,15,29,4,4,1,0,0,1,1,0,0,0,1,0,0,0,0,0,0,0,0,0,0,0,8,1
6818,1066,第76回全国競技かるた京都大会,2025-01-18,E16,E,15,15,29,4,4,1,0,0,1,1,0,0,0,1,0,0,0,0,0,0,0,0,0,0,0,8,1
6819,1066,第76回全国競技かるた京都大会,2025-01-18,E17,E,15,15,29,4,4,1,0,0,1,1,0,0,0,1,0,0,0,0,0,0,0,0,0,0,0,8,1
6820,1067,小倉百人一首競技かるた 第38回全国小学生選手権大会 結果報告表,2025-01-19,B,B,4,4,18,5,5,1,0,12,14,2,0,0,0,2,0,0,0,0,0,0,0,0,0,0,0,4,0
6821,1067,小倉百人一首競技かるた 第38回全国小学生選手権大会 結果報告表,2025-01-19,C,C,9,9,22,4,4,1,0,14,18,4,0,0,0,4,0,0,0,0,0,0,0,0,0,0,0,1,0
6822,1067,小倉百人一首競技かるた 第38回全国小学生選手権大会 結果報告表,2025-01-19,D,D,19,19,36,4,4,1,0,18,28,10,0,0,0,10,0,0,0,0,0,0,0,0,0,0,0,3,0
6823,1068,第70回小倉百人一首競技かるた新春全国大会(E),2025-01-05,E1,E,27,27,57,5,5,1,0,0,5,5,0,0,0,5,0,0,0,0,0,0,0,0,0,0,0,8,1
6824,1068,第70回小倉百人一首競技かるた新春全国大会(E),2025-01-05,E2,E,28,28,58,5,5,1,0,0,4,4,0,0,0,4,0,0,0,0,0,0,0,0,0,0,0,8,1
6825,1068,第70回小倉百人一首競技かるた新春全国大会(E),2025-01-05,E3,E,26,26,56,5,5,1,0,0,6,6,0,0,0,6,0,0,0,0,0,0,0,0,0,0,0,8,1
6826,1068,第70回小倉百人一首競技かるた新春全国大会(E),2025-01-05,E4,E,26,26,56,5,5,1,0,0,6,6,0,0,0,6,0,0,0,0,0,0,0,0,0,0,0,8,1
6827,1068,第70回小倉百人一首競技かるた新春全国大会(E),2025-01-05,E5,E,28,28,58,5,5,1,0,0,4,4,0,0,0,4,0,0,0,0,0,0,0,0,0,0,0,8,1
6828,1068,第70回小倉百人一首競技かるた新春全国大会(E),2025-01-05,E6,E,27,27,57,5,5,1,0,0,5,5,0,0,0,5,0,0,0,0,0,0,0,0,0,0,0,8,1
6829,1068,第70回小倉百人一首競技かるた新春全国大会(E),2025-01-05,E7,E,28,28,58,5,5,1,0,0,4,4,0,0,0,4,0,0,0,0,0,0,0,0,0,0,0,8,1
6830,1068,第70回小倉百人一首競技かるた新春全国大会(E),2025-01-05,E8,E,26,26,56,5,5,1,0,0,6,6,0,0,0,6,0,0,0,0,0,0,0,0,0,0,0,8,1
6831,1068,第70回小倉百人一首競技かるた新春全国大会(E),2025-01-05,E9,E,26,26,56,5,5,1,0,0,6,6,0,0,0,6,0,0,0,0,0,0,0,0,0,0,0,8,1
6832,1068,第70回小倉百人一首競技かるた新春全国大会(E),2025-01-05,E10,E,26,26,56,5,5,1,0,0,6,6,0,0,0,6,0,0,0,0,0,0,0,0,0,0,0,8,1
6833,1068,第70回小倉百人一首競技かるた新春全国大会(E),2025-01-05,E11,E,27,27,57,5,5,1,0,0,5,5,0,0,0,5,0,0,0,0,0,0,0,0,0,0,0,8,1
6834,1068,第70回小倉百人一首競技かるた新春全国大会(E),2025-01-05,E12,E,26,26,56,5,5,1,0,0,6,6,0,0,0,6,0,0,0,0,0,0,0,0,0,0,0,8,1
6835,1068,第70回小倉百人一首競技かるた新春全国大会(E),2025-01-05,E13,E,27,27,57,5,5,1,0,0,5,5,0,0,0,5,0,0,0,0,0,0,0,0,0,0,0,8,1
6836,1068,第70回小倉百人一首競技かるた新春全国大会(E),2025-01-05,E14,E,26,26,56,5,5,1,0,0,6,6,0,0,0,6,0,0,0,0,0,0,0,0,0,0,0,8,1
6837,1068,第70回小倉百人一首競技かるた新春全国大会(E),2025-01-05,E15,E,26,26,56,5,5,1,0,0,6,6,0,0,0,6,0,0,0,0,0,0,0,0,0,0,0,8,1
6838,1068,第70回小倉百人一首競技かるた新春全国大会(E),2025-01-05,E16,E,28,28,58,5,5,1,0,0,4,4,0,0,0,4,0,0,0,0,0,0,0,0,0,0,0,8,1
6839,1069,第78回全国競技かるた東京東会大会(A・01/19),2025-01-19,A1,A,63,63,125,6,6,1,0,0,1,1,0,0,0,1,0,0,0,0,0,0,0,0,0,0,0,8,1
6840,1070,第106回全国競技かるた大阪大会(A),2025-02-02,A1,A,48,48,110,6,6,1,0,0,16,16,0,0,0,16,0,0,0,0,0,0,0,0,0,0,0,8,1
6841,1070,第106回全国競技かるた大阪大会(A),2025-02-02,A2,A,47,47,109,6,6,1,0,0,17,17,0,0,0,17,0,2,0,0,0,0,0,0,0,0,0,8,1
6842,1071,第70回小倉百人一首競技かるた新春全国大会(C),2025-01-19,C1,C,32,32,62,5,5,1,0,0,0,0,0,0,0,0,0,0,0,0,0,0,0,0,0,0,0,4,1
6843,1071,第70回小倉百人一首競技かるた新春全国大会(C),2025-01-19,C2,C,32,32,62,5,5,1,0,0,0,0,0,0,0,0,0,0,0,0,0,0,0,0,0,0,0,4,1
6844,1071,第70回小倉百人一首競技かるた新春全国大会(C),2025-01-19,C3,C,32,32,62,5,5,1,0,0,0,0,0,0,0,0,0,0,0,0,0,0,0,0,0,0,0,4,1
6845,1071,第70回小倉百人一首競技かるた新春全国大会(C),2025-01-19,C4,C,32,32,62,5,5,1,0,0,0,0,0,0,0,0,0,0,0,0,0,0,0,0,0,0,0,4,1
6846,1072,"第70回小倉百人一首競技かるた新春全国大会(B,C)",2025-01-25,B1,B,62,62,124,6,6,1,0,0,2,2,0,0,0,4,0,0,0,0,0,0,0,0,0,0,0,8,1
6847,1072,"第70回小倉百人一首競技かるた新春全国大会(B,C)",2025-01-25,B2,B,64,64,126,6,6,1,0,0,0,0,0,0,0,0,0,0,0,0,0,0,0,0,0,0,0,8,1
6848,1072,"第70回小倉百人一首競技かるた新春全国大会(B,C)",2025-01-25,B3,B,63,63,125,6,6,1,0,0,1,1,0,0,0,1,0,0,0,0,0,0,0,0,0,0,0,8,1
6849,1072,"第70回小倉百人一首競技かるた新春全国大会(B,C)",2025-01-25,B4,B,63,63,125,6,6,1,0,0,1,1,0,0,0,3,0,0,0,0,0,0,0,0,0,0,0,8,1
6850,1072,"第70回小倉百人一首競技かるた新春全国大会(B,C)",2025-01-25,C5,C,31,31,61,5,5,1,0,0,1,1,0,0,0,1,0,0,0,0,0,0,0,0,0,0,0,4,1
6851,1072,"第70回小倉百人一首競技かるた新春全国大会(B,C)",2025-01-25,C6,C,32,32,62,5,5,1,0,0,0,0,0,0,0,0,0,0,0,0,0,0,0,0,0,0,0,4,1
6852,1072,"第70回小倉百人一首競技かるた新春全国大会(B,C)",2025-01-25,C7,C,31,31,61,5,5,1,0,0,1,1,0,0,0,1,0,0,0,0,0,0,0,0,0,0,0,4,1
6853,1073,"第44回全国競技かるた鹿児島大会(D,E・01/26)",2025-01-26,D,D,91,91,181,5,5,1,0,0,5,5,0,0,0,5,0,0,0,0,0,0,0,0,0,0,0,12,0
6854,1073,"第44回全国競技かるた鹿児島大会(D,E・01/26)",2025-01-26,E,E,56,56,112,4,4,1,0,0,8,8,0,0,0,8,0,2,0,0,0,0,0,0,0,0,0,16,0
6855,1074,第58回全国競技かるた静岡大会(C),2025-02-11,C1,C,28,28,58,5,5,1,0,0,4,4,0,0,0,4,0,0,0,0,0,0,0,0,0,0,0,4,1
6856,1074,第58回全国競技かるた静岡大会(C),2025-02-11,C2,C,26,26,56,5,5,1,0,0,6,6,0,0,0,6,0,0,0,0,0,0,0,0,0,0,0,4,1
6857,1074,第58回全国競技かるた静岡大会(C),2025-02-11,C3,C,30,30,60,5,5,1,0,0,2,2,0,0,0,2,0,0,0,0,0,0,0,0,0,0,0,4,1
6858,1074,第58回全国競技かるた静岡大会(C),2025-02-11,C4,C,25,25,55,5,5,1,0,0,7,7,0,0,0,7,0,0,0,0,0,0,0,0,0,0,0,4,1
6859,1074,第58回全国競技かるた静岡大会(C),2025-02-11,C5,C,26,26,56,5,5,1,0,0,6,6,0,0,0,6,0,0,0,0,0,0,0,0,0,0,0,4,1
6860,1075,"第33回全国競技かるた奈良大会(D,E)",2025-02-09,D1,D,28,28,58,5,5,1,0,0,4,4,0,0,0,4,0,0,0,0,0,0,0,0,0,0,0,4,1
6861,1075,"第33回全国競技かるた奈良大会(D,E)",2025-02-09,D2,D,26,26,56,5,5,1,0,0,6,6,0,0,0,6,0,0,0,0,0,0,0,0,0,0,0,4,1
6862,1075,"第33回全国競技かるた奈良大会(D,E)",2025-02-09,D3,D,25,25,55,5,5,1,0,0,7,7,0,0,0,7,0,0,0,0,0,0,0,0,0,0,0,4,1
6863,1075,"第33回全国競技かるた奈良大会(D,E)",2025-02-09,D4,D,29,29,59,5,5,1,0,0,3,3,0,0,0,3,0,0,0,0,0,0,0,0,0,0,0,4,1
6864,1075,"第33回全国競技かるた奈良大会(D,E)",2025-02-09,D5,D,24,24,54,5,5,1,0,0,8,8,0,0,0,10,0,0,0,0,0,0,0,0,0,0,0,4,1
6865,1075,"第33回全国競技かるた奈良大会(D,E)",2025-02-09,D6,D,26,26,56,5,5,1,0,0,6,6,0,0,0,6,0,0,0,0,0,0,0,0,0,0,0,4,1
6866,1075,"第33回全国競技かるた奈良大会(D,E)",2025-02-09,E1,E,13,13,27,4,4,1,0,0,3,3,0,0,0,3,0,0,0,0,0,0,0,0,0,0,0,4,1
6867,1075,"第33回全国競技かるた奈良大会(D,E)",2025-02-09,E10,E,15,15,29,4,4,1,0,0,1,1,0,0,0,1,0,0,0,0,0,0,0,0,0,0,0,4,1
6868,1075,"第33回全国競技かるた奈良大会(D,E)",2025-02-09,E11,E,15,15,29,4,4,1,0,0,1,1,0,0,0,1,0,0,0,0,0,0,0,0,0,0,0,4,1
6869,1075,"第33回全国競技かるた奈良大会(D,E)",2025-02-09,E12,E,14,14,28,4,4,1,0,0,2,2,0,0,0,2,0,0,0,0,0,0,0,0,0,0,0,4,1
6870,1075,"第33回全国競技かるた奈良大会(D,E)",2025-02-09,E2,E,16,16,30,4,4,1,0,0,0,0,0,0,0,0,0,0,0,0,0,0,0,0,0,0,0,4,1
6871,1075,"第33回全国競技かるた奈良大会(D,E)",2025-02-09,E3,E,15,15,29,4,4,1,0,0,1,1,0,0,0,1,0,0,0,0,0,0,0,0,0,0,0,4,1
6872,1075,"第33回全国競技かるた奈良大会(D,E)",2025-02-09,E4,E,15,15,29,4,4,1,0,0,1,1,0,0,0,1,0,0,0,0,0,0,0,0,0,0,0,4,1
6873,1075,"第33回全国競技かるた奈良大会(D,E)",2025-02-09,E5,E,15,15,29,4,4,1,0,0,1,1,0,0,0,3,0,0,0,0,0,0,0,0,0,0,0,4,1
6874,1075,"第33回全国競技かるた奈良大会(D,E)",2025-02-09,E6,E,12,12,26,4,4,1,0,0,4,4,0,0,0,4,0,0,0,0,0,0,0,0,0,0,0,4,1
6875,1075,"第33回全国競技かるた奈良大会(D,E)",2025-02-09,E7,E,14,14,28,4,4,1,0,0,2,2,0,0,0,2,0,0,0,0,0,0,0,0,0,0,0,4,1
6876,1075,"第33回全国競技かるた奈良大会(D,E)",2025-02-09,E8,E,14,14,28,4,4,1,0,0,2,2,0,0,0,2,0,0,0,0,0,0,0,0,0,0,0,4,1
6877,1075,"第33回全国競技かるた奈良大会(D,E)",2025-02-09,E9,E,14,14,28,4,4,1,0,0,2,2,0,0,0,2,0,0,0,0,0,0,0,0,0,0,0,4,1
6878,1076,第104回全国競技かるた横浜大会(B),2025-02-11,B,B,314,314,624,6,6,1,0,0,6,6,0,0,0,6,0,0,0,0,0,0,0,0,0,0,0,40,0
6879,1077,第78回全国競技かるた東京東会大会(A・02/15),2025-02-15,A,A,152,152,338,6,6,1,0,0,40,40,0,0,0,40,0,0,0,0,0,0,0,0,0,0,0,24,0
6880,1078,"第20回全国競技かるた香川大会(D,E)",2025-02-16,D1,D,17,17,47,5,5,1,0,0,15,15,0,0,0,15,0,0,0,0,0,0,0,0,0,0,0,4,1
6881,1078,"第20回全国競技かるた香川大会(D,E)",2025-02-16,D2,D,16,16,30,4,4,1,0,0,0,0,0,0,0,0,0,0,0,0,0,0,0,0,0,0,0,4,1
6882,1078,"第20回全国競技かるた香川大会(D,E)",2025-02-16,E1,E,19,19,49,5,5,1,0,0,13,13,0,0,0,13,0,0,0,0,0,0,0,0,0,0,0,4,1
6883,1078,"第20回全国競技かるた香川大会(D,E)",2025-02-16,E2,E,16,16,30,4,4,1,0,0,0,0,0,0,0,0,0,0,0,0,0,0,0,0,0,0,0,4,1
6884,1079,第58回全国競技かるた静岡大会(A),2025-02-24,A1,A,60,60,122,6,6,1,0,0,4,4,0,0,0,4,0,0,0,0,0,0,0,0,0,0,0,8,1
6885,1079,第58回全国競技かるた静岡大会(A),2025-02-24,A2,A,59,59,121,6,6,1,0,0,5,5,0,0,0,5,0,0,0,0,0,0,0,0,0,0,0,8,1
6886,1079,第58回全国競技かるた静岡大会(A),2025-02-24,A3,A,58,58,120,6,6,1,0,0,6,6,0,0,0,6,0,0,0,0,0,0,0,0,0,0,0,8,1
6887,1080,第58回全国競技かるた静岡大会(B),2025-02-23,B1,B,64,64,126,6,6,1,0,0,0,0,0,0,0,0,0,0,0,0,0,0,0,0,0,0,0,8,1
6888,1080,第58回全国競技かるた静岡大会(B),2025-02-23,B2,B,64,64,126,6,6,1,0,0,0,0,0,0,0,0,0,0,0,0,0,0,0,0,0,0,0,8,1
6889,1080,第58回全国競技かるた静岡大会(B),2025-02-23,B3,B,63,63,125,6,6,1,0,0,1,1,0,0,0,1,0,0,0,0,0,0,0,0,0,0,0,8,1
6890,1081,"第36回全国競技かるた東大阪大会(B,C,D)",2025-02-23,B1,B,51,51,113,6,6,1,0,0,13,13,0,0,0,13,0,0,0,0,0,0,0,0,0,0,0,8,1
6891,1081,"第36回全国競技かるた東大阪大会(B,C,D)",2025-02-23,B2,B,54,54,116,6,6,1,0,0,10,10,0,0,0,10,0,0,0,0,0,0,0,0,0,0,0,8,1
6892,1081,"第36回全国競技かるた東大阪大会(B,C,D)",2025-02-23,B3,B,52,52,114,6,6,1,0,0,12,12,0,0,0,12,0,0,0,0,0,0,0,0,0,0,0,8,1
6893,1081,"第36回全国競技かるた東大阪大会(B,C,D)",2025-02-23,C1,C,31,31,61,5,5,1,0,0,1,1,0,0,0,1,0,0,0,0,0,0,0,0,0,0,0,8,1
6894,1081,"第36回全国競技かるた東大阪大会(B,C,D)",2025-02-23,C2,C,31,31,61,5,5,1,0,0,1,1,0,0,0,1,0,0,0,0,0,0,0,0,0,0,0,8,1
6895,1081,"第36回全国競技かるた東大阪大会(B,C,D)",2025-02-23,C3,C,30,30,60,5,5,1,0,0,2,2,0,0,0,2,0,0,0,0,0,0,0,0,0,0,0,8,1
6896,1081,"第36回全国競技かるた東大阪大会(B,C,D)",2025-02-23,C4,C,31,31,61,5,5,1,0,0,1,1,0,0,0,1,0,0,0,0,0,0,0,0,0,0,0,8,1
6897,1081,"第36回全国競技かるた東大阪大会(B,C,D)",2025-02-23,C5,C,32,32,62,5,5,1,0,0,0,0,0,0,0,2,0,0,0,0,0,0,0,0,0,0,0,8,1
6898,1081,"第36回全国競技かるた東大阪大会(B,C,D)",2025-02-23,C6,C,32,32,62,5,5,1,0,0,0,0,0,0,0,0,0,0,0,0,0,0,0,0,0,0,0,8,1
6899,1081,"第36回全国競技かるた東大阪大会(B,C,D)",2025-02-23,D1,D,29,29,59,5,5,1,0,0,3,3,0,0,0,3,0,0,0,0,0,0,0,0,0,0,0,4,1
6900,1081,"第36回全国競技かるた東大阪大会(B,C,D)",2025-02-23,D2,D,27,27,57,5,5,1,0,0,5,5,0,0,0,5,0,0,0,0,0,0,0,0,0,0,0,4,1
6901,1081,"第36回全国競技かるた東大阪大会(B,C,D)",2025-02-23,D3,D,27,27,57,5,5,1,0,0,5,5,0,0,0,5,0,0,0,0,0,0,0,0,0,0,0,4,1
6902,1081,"第36回全国競技かるた東大阪大会(B,C,D)",2025-02-23,D4,D,28,28,58,5,5,1,0,0,4,4,0,0,0,4,0,0,0,0,0,0,0,0,0,0,0,4,1
6903,1082,第40回全国選抜かるた大会,2025-03-09,A,A,32,32,72,5,5,1,0,0,0,0,0,0,0,0,0,0,0,0,0,0,0,0,0,0,0,8,0
6904,1083,第104回全国競技かるた横浜大会(C),2025-03-09,C,C,284,284,554,5,5,1,0,0,4,0,0,0,0,6,0,2,0,0,0,0,0,0,0,0,0,36,0
6905,1084,"第82回全国競技かるた桑名大会(A,B,C,D,E)",2025-03-15,A,A,128,128,254,7,8,1,0,2,2,2,0,0,0,0,0,2,0,0,0,0,0,0,0,0,0,16,0
6906,1084,"第82回全国競技かるた桑名大会(A,B,C,D,E)",2025-03-15,B,B,163,163,351,7,8,1,0,2,31,31,0,0,0,29,0,2,0,0,0,0,0,0,0,0,0,24,0
6907,1084,"第82回全国競技かるた桑名大会(A,B,C,D,E)",2025-03-15,C,C,110,110,230,5,5,1,0,0,18,18,0,0,0,18,0,0,0,0,0,0,0,0,0,0,0,32,0
6908,1084,"第82回全国競技かるた桑名大会(A,B,C,D,E)",2025-03-15,D,D,97,97,217,5,5,1,0,0,31,31,0,0,0,31,0,0,0,0,0,0,0,0,0,0,0,16,0
6909,1084,"第82回全国競技かるた桑名大会(A,B,C,D,E)",2025-03-15,E,E,123,123,243,5,5,1,0,0,5,5,0,0,0,5,0,0,0,0,0,0,0,0,0,0,0,16,0
6910,1085,第29回人麿の里・全国競技かるた益田大会(D),2025-03-20,D1,D,20,20,50,5,5,1,0,0,12,12,0,0,0,12,0,0,0,0,0,0,0,0,0,0,0,4,1
6911,1085,第29回人麿の里・全国競技かるた益田大会(D),2025-03-20,D2,D,20,20,50,5,5,1,0,0,12,12,0,0,0,12,0,0,0,0,0,0,0,0,0,0,0,4,1
6912,1086,第54回全国競技かるた松山大会,2025-03-20,A,A,106,106,229,6,6,1,0,0,23,23,0,0,0,23,0,0,0,0,0,0,1,0,0,0,0,4,0
6913,1086,第54回全国競技かるた松山大会,2025-03-20,B,B,123,123,245,6,6,1,0,0,7,7,0,0,0,9,0,0,0,0,0,0,2,0,0,0,0,4,0
6914,1086,第54回全国競技かるた松山大会,2025-03-20,C,C,123,123,248,7,7,1,0,5,10,10,0,0,0,5,0,5,0,0,0,0,0,0,0,0,0,6,0
6915,1087,第55回全国小・中学生選手権大会,2025-03-23,中三級,,40,40,102,6,6,1,0,0,24,24,0,0,0,24,0,0,0,0,0,0,0,0,0,0,0,8,1
6916,1087,第55回全国小・中学生選手権大会,2025-03-23,中二級,,45,45,107,6,6,1,0,0,19,19,0,0,0,19,0,4,0,0,0,0,0,0,0,0,0,8,1
6917,1087,第55回全国小・中学生選手権大会,2025-03-23,中一級,,45,45,107,6,6,1,0,0,19,19,0,0,0,19,0,0,0,0,0,0,0,0,0,0,0,8,1
6918,1087,第55回全国小・中学生選手権大会,2025-03-23,小六級,,40,40,102,6,6,1,0,7,29,24,0,0,0,22,0,2,0,5,0,0,0,0,0,0,0,8,1
6919,1087,第55回全国小・中学生選手権大会,2025-03-23,小五級,,36,36,98,6,6,1,0,0,28,28,0,0,0,28,0,0,0,0,0,0,0,0,0,0,0,8,1
6920,1087,第55回全国小・中学生選手権大会,2025-03-23,小四級,,40,40,102,6,6,1,0,0,24,24,0,0,0,24,0,2,0,4,0,0,0,0,0,0,0,8,1
6921,1087,第55回全国小・中学生選手権大会,2025-03-23,小三級,,20,20,50,5,5,1,0,1,12,12,0,0,0,11,0,1,0,0,0,0,0,0,0,0,0,8,1
6922,1087,第55回全国小・中学生選手権大会,2025-03-23,小二以下級,,29,29,59,5,5,1,0,5,8,3,0,0,0,5,0,1,0,5,0,0,0,0,0,0,0,8,1
6923,1088,"第44回全国競技かるた鹿児島大会(A,B,C)",2025-03-23,A,A,86,86,210,6,6,1,0,0,42,42,0,0,0,44,0,0,0,0,0,0,0,0,0,0,0,16,0
6924,1088,"第44回全国競技かるた鹿児島大会(A,B,C)",2025-03-23,B,B,99,99,223,6,6,1,0,0,29,29,0,0,0,29,0,0,0,0,0,0,0,0,0,0,0,16,0
6925,1088,"第44回全国競技かるた鹿児島大会(A,B,C)",2025-03-23,C,C,87,87,177,5,5,1,0,0,9,9,0,0,0,9,0,0,0,0,0,0,0,0,0,0,0,24,0
6926,1089,第26回こばえちゃ山形全国競技かるた 酒田大会,2025-04-20,A級,A,57,57,119,6,6,1,0,0,7,7,0,0,0,9,0,2,0,0,0,0,0,0,0,0,0,0,1
6927,1089,第26回こばえちゃ山形全国競技かるた 酒田大会,2025-04-20,B級,B,74,74,198,6,6,1,0,0,54,54,0,0,0,56,0,0,0,0,0,0,0,0,0,0,0,0,0
6928,1089,第26回こばえちゃ山形全国競技かるた 酒田大会,2025-04-20,C級,C,73,73,163,5,5,1,0,0,23,23,0,0,0,27,0,2,0,0,0,0,0,0,0,0,0,0,0
6929,1089,第26回こばえちゃ山形全国競技かるた 酒田大会,2025-04-20,D級,D,66,66,156,5,5,1,0,0,30,30,0,0,0,30,0,2,0,0,0,0,0,0,0,0,0,0,0
6930,1089,第26回こばえちゃ山形全国競技かるた 酒田大会,2025-04-20,E級,E,67,67,157,5,5,1,0,0,29,29,0,0,0,29,0,0,0,0,0,0,0,0,0,0,0,0,0
6931,1090,"第39回全国かるたさがみ野大会(B,C)",2025-04-29,B1,B,63,63,125,6,6,1,0,0,1,1,0,0,0,1,0,0,0,0,0,0,0,0,0,0,0,8,1
6932,1090,"第39回全国かるたさがみ野大会(B,C)",2025-04-29,B2,B,62,62,124,6,6,1,0,0,2,2,0,0,0,4,0,0,0,2,0,0,0,0,0,0,0,8,1
6933,1090,"第39回全国かるたさがみ野大会(B,C)",2025-04-29,C1,C,31,31,61,5,5,1,0,0,1,1,0,0,0,1,0,0,0,0,0,0,0,0,0,0,0,8,1
6934,1090,"第39回全国かるたさがみ野大会(B,C)",2025-04-29,C2,C,31,31,61,5,5,1,0,0,1,1,0,0,0,1,0,0,0,0,0,0,0,0,0,0,0,8,1
6935,1090,"第39回全国かるたさがみ野大会(B,C)",2025-04-29,C3,C,32,32,62,5,5,1,0,0,0,0,0,0,0,0,0,0,0,0,0,0,0,0,0,0,0,8,1
6936,1090,"第39回全国かるたさがみ野大会(B,C)",2025-04-29,C4,C,31,31,61,5,5,1,0,0,1,1,0,0,0,1,0,0,0,0,0,0,0,0,0,0,0,8,1
6937,1091,第64回全日本選手権大会,2025-04-27,A,A,64,64,126,6,6,1,0,0,0,0,0,0,0,0,0,0,0,0,0,0,0,0,0,0,0,8,1
6938,1092,第43回東京吉野会大会(D),2025-05-04,D1,D,30,30,60,5,5,1,0,0,2,2,0,0,0,4,0,0,0,0,0,0,0,0,0,0,0,4,1
6939,1092,第43回東京吉野会大会(D),2025-05-04,D2,D,29,29,59,5,5,1,0,0,3,3,0,0,0,3,0,0,0,0,0,0,0,0,0,0,0,4,1
6940,1092,第43回東京吉野会大会(D),2025-05-04,D3,D,28,28,58,5,5,1,0,0,4,4,0,0,0,4,0,0,0,0,0,0,0,0,0,0,0,4,1
6941,1092,第43回東京吉野会大会(D),2025-05-04,D4,D,29,29,59,5,5,1,0,0,3,3,0,0,0,3,0,0,0,0,0,0,0,0,0,0,0,4,1
6942,1092,第43回東京吉野会大会(D),2025-05-04,D5,D,30,30,60,5,5,1,0,0,2,2,0,0,0,2,0,0,0,0,0,0,0,0,0,0,0,4,1
6943,1092,第43回東京吉野会大会(D),2025-05-04,D6,D,29,29,59,5,5,1,0,0,3,3,0,0,0,3,0,0,0,0,0,0,0,0,0,0,0,4,1
6944,1092,第43回東京吉野会大会(D),2025-05-04,D7,D,30,30,60,5,5,1,0,0,2,2,0,0,0,2,0,0,0,0,0,0,0,0,0,0,0,4,1
6945,1092,第43回東京吉野会大会(D),2025-05-04,D8,D,27,27,57,5,5,1,0,0,5,5,0,0,0,5,0,0,0,0,0,0,0,0,0,0,0,4,1
6946,1092,第43回東京吉野会大会(D),2025-05-04,D9,D,28,28,58,5,5,1,0,0,4,4,0,0,0,4,0,0,0,0,0,0,0,0,0,0,0,4,1
6947,1092,第43回東京吉野会大会(D),2025-05-04,D10,D,29,29,59,5,5,1,0,0,3,3,0,0,0,3,0,0,0,0,0,0,0,0,0,0,0,4,1
6948,1093,第43回東京吉野会大会(E),2025-05-05,E1,E,31,31,61,5,5,1,0,0,1,1,0,0,0,1,0,0,0,0,0,0,0,0,0,0,0,4,1
6949,1093,第43回東京吉野会大会(E),2025-05-05,E2,E,28,28,58,5,5,1,0,0,4,4,0,0,0,4,0,0,0,0,0,0,0,0,0,0,0,4,1
6950,1093,第43回東京吉野会大会(E),2025-05-05,E3,E,30,30,60,5,5,1,0,0,2,2,0,0,0,2,0,2,0,0,0,0,0,0,0,0,0,4,1
6951,1093,第43回東京吉野会大会(E),2025-05-05,E4,E,29,29,59,5,5,1,0,0,3,3,0,0,0,3,0,0,0,0,0,0,0,0,0,0,0,4,1
6952,1093,第43回東京吉野会大会(E),2025-05-05,E5,E,30,30,60,5,5,1,0,0,2,2,0,0,0,2,0,2,0,0,0,0,0,0,0,0,0,4,1
6953,1093,第43回東京吉野会大会(E),2025-05-05,E6,E,29,29,59,5,5,1,0,0,3,3,0,0,0,5,0,0,0,0,0,0,0,0,0,0,0,4,1
6954,1093,第43回東京吉野会大会(E),2025-05-05,E7,E,30,30,60,5,5,1,0,0,2,2,0,0,0,2,0,2,0,0,0,0,0,0,0,0,0,4,1
6955,1093,第43回東京吉野会大会(E),2025-05-05,E8,E,28,28,58,5,5,1,0,0,4,4,0,0,0,4,0,2,0,0,0,0,0,0,0,0,0,4,1
6956,1093,第43回東京吉野会大会(E),2025-05-05,E9,E,30,30,60,5,5,1,0,0,2,2,0,0,0,2,0,2,0,0,0,0,0,0,0,0,0,4,1
6957,1093,第43回東京吉野会大会(E),2025-05-05,E10,E,28,28,58,5,5,1,0,0,4,4,0,0,0,4,0,0,0,0,0,0,0,0,0,0,0,4,1
6958,1094,第41回全国競技かるた熊本大会(A),2025-05-18,Ａ級,A,62,62,124,6,6,1,0,0,2,2,0,0,0,2,0,0,0,0,0,0,0,0,0,0,0,8,1
6959,1095,"第89回椿杯争奪全国競技かるた大会(A,B,C)",2025-05-24,A,A,126,126,250,6,6,1,0,0,2,2,0,0,0,14,0,0,0,0,0,0,0,0,0,0,0,16,0
6960,1095,"第89回椿杯争奪全国競技かるた大会(A,B,C)",2025-05-24,B,B,113,113,237,6,6,1,0,0,15,15,0,0,0,23,0,0,0,0,0,0,0,0,0,0,0,16,0
6961,1095,"第89回椿杯争奪全国競技かるた大会(A,B,C)",2025-05-24,C,C,93,93,183,5,5,1,0,0,3,3,0,0,0,15,0,0,0,0,0,0,0,0,0,0,0,12,0
6962,1096,第30回人麿の里・全国競技かるた益田大会(E・05/31),2025-05-31,E1,E,13,13,27,4,4,1,0,0,3,3,0,0,0,3,0,0,0,0,0,0,0,0,0,0,0,8,1
6963,1096,第30回人麿の里・全国競技かるた益田大会(E・05/31),2025-05-31,E2,E,13,13,27,4,4,1,0,0,3,3,0,0,0,3,0,0,0,0,0,0,0,0,0,0,0,8,1
6964,1096,第30回人麿の里・全国競技かるた益田大会(E・05/31),2025-05-31,E3,E,13,13,27,4,4,1,0,0,3,3,0,0,0,3,0,0,0,0,0,0,0,0,0,0,0,8,1
6965,1097,小倉百人一首競技かるた 第57回全国女流選手権大会,2025-05-31,A,A,64,64,126,6,6,1,0,0,0,0,0,0,0,0,0,0,0,0,0,0,0,0,0,0,0,8,1
6966,1097,小倉百人一首競技かるた 第57回全国女流選手権大会,2025-05-31,B,B,129,129,315,6,6,1,0,0,63,63,0,0,0,63,0,0,0,0,0,0,0,0,0,0,0,12,0
6967,1097,小倉百人一首競技かるた 第57回全国女流選手権大会,2025-05-31,C1,C,29,29,59,5,5,1,0,0,3,3,0,0,0,3,0,0,0,0,0,0,0,0,0,0,0,8,1
6968,1097,小倉百人一首競技かるた 第57回全国女流選手権大会,2025-05-31,C2,C,30,30,60,5,5,1,0,0,2,2,0,0,0,2,0,0,0,0,0,0,0,0,0,0,0,8,1
6969,1097,小倉百人一首競技かるた 第57回全国女流選手権大会,2025-05-31,C3,C,29,29,59,5,5,1,0,0,3,3,0,0,0,3,0,0,0,0,0,0,0,0,0,0,0,8,1
6970,1097,小倉百人一首競技かるた 第57回全国女流選手権大会,2025-05-31,C4,C,29,29,59,5,5,1,0,0,3,3,0,0,0,3,0,0,0,0,0,0,0,0,0,0,0,8,1
6971,1098,"第8回全国競技かるた大阪なにはえ大会(C,D)",2025-05-31,C1,C,31,31,61,5,5,1,0,0,1,1,0,0,0,1,0,0,0,0,0,0,0,0,0,0,0,8,1
6972,1098,"第8回全国競技かるた大阪なにはえ大会(C,D)",2025-05-31,C2,C,29,29,59,5,5,1,0,0,3,3,0,0,0,3,0,0,0,0,0,0,0,0,0,0,0,8,1
6973,1098,"第8回全国競技かるた大阪なにはえ大会(C,D)",2025-05-31,C3,C,29,29,59,5,5,1,0,0,3,3,0,0,0,3,0,0,0,0,0,0,0,0,0,0,0,8,1
6974,1098,"第8回全国競技かるた大阪なにはえ大会(C,D)",2025-05-31,C4,C,27,27,57,5,5,1,0,0,5,5,0,0,0,5,0,0,0,0,0,0,0,0,0,0,0,8,1
6975,1098,"第8回全国競技かるた大阪なにはえ大会(C,D)",2025-05-31,C5,C,30,30,60,5,5,1,0,0,2,2,0,0,0,2,0,0,0,0,0,0,0,0,0,0,0,8,1
6976,1098,"第8回全国競技かるた大阪なにはえ大会(C,D)",2025-05-31,C6,C,29,29,59,5,5,1,0,0,3,3,0,0,0,3,0,0,0,0,0,0,0,0,0,0,0,8,1
6977,1098,"第8回全国競技かるた大阪なにはえ大会(C,D)",2025-05-31,D1,D,31,31,61,5,5,1,0,0,1,1,0,0,0,1,0,0,0,0,0,0,0,0,0,0,0,4,1
6978,1098,"第8回全国競技かるた大阪なにはえ大会(C,D)",2025-05-31,D2,D,29,29,59,5,5,1,0,0,3,3,0,0,0,3,0,0,0,0,0,0,0,0,0,0,0,4,1
6979,1098,"第8回全国競技かるた大阪なにはえ大会(C,D)",2025-05-31,D3,D,31,31,61,5,5,1,0,0,1,1,0,0,0,1,0,0,0,0,0,0,0,0,0,0,0,4,1
6980,1098,"第8回全国競技かるた大阪なにはえ大会(C,D)",2025-05-31,D4,D,29,29,59,5,5,1,0,0,3,3,0,0,0,3,0,0,0,0,0,0,0,0,0,0,0,4,1
6981,1099,第37回全日本シニア選手権大会,2025-06-07,G級,,21,21,51,5,5,1,0,0,11,11,0,0,0,11,0,0,0,0,0,0,0,0,0,0,0,4,1
6982,1099,第37回全日本シニア選手権大会,2025-06-07,A,A,32,32,62,5,5,1,0,0,0,0,0,0,0,0,0,0,0,0,0,0,0,0,0,0,0,4,1
6983,1099,第37回全日本シニア選手権大会,2025-06-07,B,B,43,43,105,6,6,1,0,0,21,21,0,0,0,21,0,0,0,0,0,0,0,0,0,0,0,4,1
6984,1099,第37回全日本シニア選手権大会,2025-06-07,C1,C,17,17,47,5,5,1,0,0,15,15,0,0,0,15,0,0,0,0,0,0,0,0,0,0,0,4,1
6985,1099,第37回全日本シニア選手権大会,2025-06-07,C2,C,20,20,50,5,5,1,0,0,12,12,0,0,0,12,0,0,0,0,0,0,0,0,0,0,0,4,1
6986,1099,第37回全日本シニア選手権大会,2025-06-07,D,D,25,25,55,5,5,1,0,0,7,7,0,0,0,7,0,0,0,0,0,0,0,0,0,0,0,4,1
6987,1100,"第39回全国かるたさがみ野大会(B,D)",2025-06-08,B1,B,62,62,124,6,6,1,0,0,2,2,0,0,0,2,0,0,0,0,0,0,0,0,0,0,0,8,1
6988,1100,"第39回全国かるたさがみ野大会(B,D)",2025-06-08,B2,B,64,64,126,6,6,1,0,0,0,0,0,0,0,0,0,0,0,0,0,0,0,0,0,0,0,8,1
6989,1100,"第39回全国かるたさがみ野大会(B,D)",2025-06-08,D1,D,32,32,62,5,5,1,0,0,0,0,0,0,0,0,0,0,0,0,0,0,0,0,0,0,0,8,1
6990,1100,"第39回全国かるたさがみ野大会(B,D)",2025-06-08,D2,D,30,30,60,5,5,1,0,0,2,2,0,0,0,2,0,0,0,0,0,0,0,0,0,0,0,8,1
6991,1100,"第39回全国かるたさがみ野大会(B,D)",2025-06-08,D3,D,30,30,60,5,5,1,0,0,2,2,0,0,0,2,0,0,0,0,0,0,0,0,0,0,0,8,1
6992,1100,"第39回全国かるたさがみ野大会(B,D)",2025-06-08,D4,D,32,32,62,5,5,1,0,0,0,0,0,0,0,0,0,0,0,0,0,0,0,0,0,0,0,8,1
6993,1101,第2回全国競技かるた青森大会,2025-06-07,A,A,37,37,99,6,6,1,0,0,27,27,0,0,0,29,0,0,0,0,0,0,0,0,0,0,0,8,1
6994,1101,第2回全国競技かるた青森大会,2025-06-07,B,B,40,40,102,6,6,1,0,0,24,24,0,0,0,24,0,0,0,0,0,0,0,0,0,0,0,8,1
6995,1101,第2回全国競技かるた青森大会,2025-06-07,C,C,26,26,56,5,5,1,0,0,6,6,0,0,0,6,0,0,0,0,0,0,0,0,0,0,0,4,1
6996,1101,第2回全国競技かるた青森大会,2025-06-07,D,D,32,32,62,5,5,1,0,0,0,0,0,0,0,0,0,0,0,0,0,0,0,0,0,0,0,4,1
6997,1101,第2回全国競技かるた青森大会,2025-06-07,E,E,59,59,149,5,5,1,0,0,37,37,0,0,0,39,0,2,0,0,0,0,0,0,0,0,0,12,0
6998,1102,第20回全国競技かるた兵庫大会,2025-04-29,A,A,151,151,337,6,6,1,0,0,41,41,0,0,0,41,0,0,0,0,0,0,0,0,0,0,0,0,0
6999,1102,第20回全国競技かるた兵庫大会,2025-04-29,B,B,219,219,467,6,6,1,0,0,37,37,0,0,0,37,0,0,0,0,0,0,0,0,0,0,0,0,0
7000,1102,第20回全国競技かるた兵庫大会,2025-04-29,C,C,317,317,647,5,5,1,0,0,35,35,0,0,0,35,0,0,0,0,0,0,0,0,0,0,0,0,0
7001,1102,第20回全国競技かるた兵庫大会,2025-04-29,D,D,263,263,533,5,5,1,0,0,25,25,0,0,0,27,0,0,0,0,0,0,0,0,0,0,0,0,0
7002,1102,第20回全国競技かるた兵庫大会,2025-04-29,E,E,164,164,318,4,4,1,0,0,12,12,0,0,0,12,0,0,0,0,0,0,0,0,0,0,0,0,0
7003,1103,"第2回全国競技かるた杉並大会(A,B,C)",2025-06-15,A,A,252,252,500,6,6,1,0,0,4,4,0,0,0,4,0,0,0,0,0,0,0,0,0,0,0,32,0
7004,1103,"第2回全国競技かるた杉並大会(A,B,C)",2025-06-15,B1,B,63,63,125,6,6,1,0,0,1,1,0,0,0,1,0,0,0,0,0,0,0,0,0,0,0,8,1
7005,1103,"第2回全国競技かるた杉並大会(A,B,C)",2025-06-15,B2,B,64,64,126,6,6,1,0,0,0,0,0,0,0,0,0,0,0,0,0,0,0,0,0,0,0,8,1
7006,1103,"第2回全国競技かるた杉並大会(A,B,C)",2025-06-15,B3,B,62,62,124,6,6,1,0,0,2,2,0,0,0,2,0,0,0,0,0,0,0,0,0,0,0,8,1
7007,1103,"第2回全国競技かるた杉並大会(A,B,C)",2025-06-15,B4,B,63,63,125,6,6,1,0,0,1,1,0,0,0,1,0,0,0,0,0,0,0,0,0,0,0,8,1
7008,1103,"第2回全国競技かるた杉並大会(A,B,C)",2025-06-15,B5,B,63,63,125,6,6,1,0,0,1,1,0,0,0,3,0,0,0,0,0,0,0,0,0,0,0,8,1
7009,1103,"第2回全国競技かるた杉並大会(A,B,C)",2025-06-15,C1,C,32,32,62,5,5,1,0,0,0,0,0,0,0,0,0,0,0,0,0,0,0,0,0,0,0,4,1
7010,1103,"第2回全国競技かるた杉並大会(A,B,C)",2025-06-15,C2,C,32,32,62,5,5,1,0,0,0,0,0,0,0,0,0,0,0,0,0,0,0,0,0,0,0,4,1
7011,1103,"第2回全国競技かるた杉並大会(A,B,C)",2025-06-15,C3,C,32,32,62,5,5,1,0,0,0,0,0,0,0,2,0,0,0,0,0,0,0,0,0,0,0,4,1
7012,1103,"第2回全国競技かるた杉並大会(A,B,C)",2025-06-15,C4,C,32,32,62,5,5,1,0,0,0,0,0,0,0,0,0,0,0,0,0,0,0,0,0,0,0,4,1
7013,1103,"第2回全国競技かるた杉並大会(A,B,C)",2025-06-15,C5,C,31,31,61,5,5,1,0,0,1,1,0,0,0,1,0,0,0,0,0,0,0,0,0,0,0,4,1
7014,1103,"第2回全国競技かるた杉並大会(A,B,C)",2025-06-15,C6,C,31,31,61,5,5,1,0,0,1,1,0,0,0,1,0,0,0,0,0,0,0,0,0,0,0,4,1
7015,1103,"第2回全国競技かるた杉並大会(A,B,C)",2025-06-15,C7,C,31,31,61,5,5,1,0,0,1,1,0,0,0,1,0,0,0,0,0,0,0,0,0,0,0,4,1
7016,1103,"第2回全国競技かるた杉並大会(A,B,C)",2025-06-15,C8,C,32,32,62,5,5,1,0,0,0,0,0,0,0,0,0,0,0,0,0,0,0,0,0,0,0,4,1
7017,1103,"第2回全国競技かるた杉並大会(A,B,C)",2025-06-15,C9,C,32,32,62,5,5,1,0,0,0,0,0,0,0,0,0,0,0,0,0,0,0,0,0,0,0,4,1
7018,1104,"第25回全国競技かるた愛知大会(C,D)",2025-06-14,C1,C,26,26,56,5,5,1,0,0,6,6,0,0,0,6,0,0,0,0,0,0,0,0,0,0,0,2,1
7019,1104,"第25回全国競技かるた愛知大会(C,D)",2025-06-14,C2,C,25,25,55,5,5,1,0,0,7,7,0,0,0,7,0,0,0,0,0,0,0,0,0,0,0,2,1
7020,1104,"第25回全国競技かるた愛知大会(C,D)",2025-06-14,C3,C,26,26,56,5,5,1,0,0,6,6,0,0,0,6,0,0,0,0,0,0,0,0,0,0,0,2,1
7021,1104,"第25回全国競技かるた愛知大会(C,D)",2025-06-14,C4,C,24,24,54,5,5,1,0,0,8,8,0,0,0,8,0,0,0,0,0,0,0,0,0,0,0,2,1
7022,1104,"第25回全国競技かるた愛知大会(C,D)",2025-06-14,C5,C,24,24,54,5,5,1,0,0,8,8,0,0,0,8,0,0,0,0,0,0,0,0,0,0,0,2,1
7023,1104,"第25回全国競技かるた愛知大会(C,D)",2025-06-14,D1,D,30,30,60,5,5,1,0,0,2,2,0,0,0,4,0,0,0,0,0,0,0,0,0,0,0,4,1
7024,1104,"第25回全国競技かるた愛知大会(C,D)",2025-06-14,D2,D,30,30,60,5,5,1,0,0,2,2,0,0,0,4,0,0,0,0,0,0,0,0,0,0,0,4,1
7025,1104,"第25回全国競技かるた愛知大会(C,D)",2025-06-14,D3,D,27,27,57,5,5,1,0,0,5,5,0,0,0,5,0,0,0,0,0,0,0,0,0,0,0,4,1
7026,1104,"第25回全国競技かるた愛知大会(C,D)",2025-06-14,D4,D,31,31,61,5,5,1,0,0,1,1,0,0,0,1,0,0,0,0,0,0,0,0,0,0,0,4,1
7027,1105,"第41回全国競技かるた宮崎大会(A,B,C)",2025-06-15,A,A,46,46,108,6,6,1,0,0,18,18,0,0,0,18,0,0,0,0,0,0,0,0,0,0,0,8,1
7028,1105,"第41回全国競技かるた宮崎大会(A,B,C)",2025-06-15,B,B,50,50,112,6,6,1,0,0,14,14,0,0,0,14,0,0,0,0,0,0,0,0,0,0,0,8,1
7029,1105,"第41回全国競技かるた宮崎大会(A,B,C)",2025-06-15,C1,C,18,18,48,5,5,1,0,0,14,14,0,0,0,14,0,2,0,0,0,0,0,0,0,0,0,8,1
7030,1105,"第41回全国競技かるた宮崎大会(A,B,C)",2025-06-15,C2,C,22,22,52,5,5,1,0,0,10,10,0,0,0,10,0,0,0,0,0,0,0,0,0,0,0,8,1
7031,1106,"第2回全国競技かるた杉並大会(D,E)",2025-06-14,D1,D,29,29,59,5,5,1,0,0,3,3,0,0,0,3,0,0,0,0,0,0,0,0,0,0,0,4,1
7032,1106,"第2回全国競技かるた杉並大会(D,E)",2025-06-14,D2,D,29,29,59,5,5,1,0,0,3,3,0,0,0,3,0,0,0,0,0,0,0,0,0,0,0,4,1
7033,1106,"第2回全国競技かるた杉並大会(D,E)",2025-06-14,D3,D,28,28,58,5,5,1,0,0,4,4,0,0,0,6,0,0,0,0,0,0,0,0,0,0,0,4,1
7034,1106,"第2回全国競技かるた杉並大会(D,E)",2025-06-14,D4,D,29,29,59,5,5,1,0,0,3,3,0,0,0,3,0,0,0,0,0,0,0,0,0,0,0,4,1
7035,1106,"第2回全国競技かるた杉並大会(D,E)",2025-06-14,D5,D,28,28,58,5,5,1,0,0,4,4,0,0,0,4,0,0,0,0,0,0,0,0,0,0,0,4,1
7036,1106,"第2回全国競技かるた杉並大会(D,E)",2025-06-14,D6,D,27,27,57,5,5,1,0,0,5,5,0,0,0,5,0,0,0,0,0,0,0,0,0,0,0,4,1
7037,1106,"第2回全国競技かるた杉並大会(D,E)",2025-06-14,E1,E,16,16,30,4,4,1,0,0,0,0,0,0,0,0,0,2,0,0,0,0,0,0,0,0,0,4,1
7038,1106,"第2回全国競技かるた杉並大会(D,E)",2025-06-14,E2,E,15,15,29,4,4,1,0,0,1,1,0,0,0,1,0,0,0,0,0,0,0,0,0,0,0,4,1
7039,1106,"第2回全国競技かるた杉並大会(D,E)",2025-06-14,E3,E,16,16,30,4,4,1,0,0,0,0,0,0,0,0,0,0,0,0,0,0,0,0,0,0,0,4,1
7040,1106,"第2回全国競技かるた杉並大会(D,E)",2025-06-14,E4,E,13,13,27,4,4,1,0,0,3,3,0,0,0,3,0,0,0,0,0,0,0,0,0,0,0,4,1
7041,1106,"第2回全国競技かるた杉並大会(D,E)",2025-06-14,E5,E,15,15,29,4,4,1,0,0,1,1,0,0,0,1,0,0,0,0,0,0,0,0,0,0,0,4,1
7042,1106,"第2回全国競技かるた杉並大会(D,E)",2025-06-14,E6,E,16,16,30,4,4,1,0,0,0,0,0,0,0,2,0,0,0,0,0,0,0,0,0,0,0,4,1
7043,1106,"第2回全国競技かるた杉並大会(D,E)",2025-06-14,E7,E,16,16,30,4,4,1,0,0,0,0,0,0,0,0,0,0,0,0,0,0,0,0,0,0,0,4,1
7044,1106,"第2回全国競技かるた杉並大会(D,E)",2025-06-14,E8,E,16,16,30,4,4,1,0,0,0,0,0,0,0,0,0,0,0,0,0,0,0,0,0,0,0,4,1
7045,1106,"第2回全国競技かるた杉並大会(D,E)",2025-06-14,E9,E,16,16,30,4,4,1,0,0,0,0,0,0,0,0,0,0,0,0,0,0,0,0,0,0,0,4,1
7046,1106,"第2回全国競技かるた杉並大会(D,E)",2025-06-14,E10,E,14,14,28,4,4,1,0,0,2,2,0,0,0,2,0,0,0,0,0,0,0,0,0,0,0,4,1
7047,1106,"第2回全国競技かるた杉並大会(D,E)",2025-06-14,E11,E,16,16,30,4,4,1,0,0,0,0,0,0,0,2,0,0,0,0,0,0,0,0,0,0,0,4,1
7048,1106,"第2回全国競技かるた杉並大会(D,E)",2025-06-14,E12,E,14,14,28,4,4,1,0,0,2,2,0,0,0,2,0,0,0,0,0,0,0,0,0,0,0,4,1
7049,1106,"第2回全国競技かるた杉並大会(D,E)",2025-06-14,E13,E,14,14,28,4,4,1,0,0,2,2,0,0,0,2,0,0,0,0,0,0,0,0,0,0,0,4,1
7050,1106,"第2回全国競技かるた杉並大会(D,E)",2025-06-14,E14,E,14,14,28,4,4,1,0,0,2,2,0,0,0,2,0,0,0,0,0,0,0,0,0,0,0,4,1
7051,1106,"第2回全国競技かるた杉並大会(D,E)",2025-06-14,E15,E,15,15,29,4,4,1,0,0,1,1,0,0,0,1,0,0,0,0,0,0,0,0,0,0,0,4,1
7052,1106,"第2回全国競技かるた杉並大会(D,E)",2025-06-14,F1,,15,15,29,4,4,1,0,0,1,1,0,0,0,1,0,0,0,0,0,0,0,0,0,0,0,4,1
7053,1106,"第2回全国競技かるた杉並大会(D,E)",2025-06-14,F2,,15,15,29,4,4,1,0,0,1,1,0,0,0,3,0,2,0,0,0,0,0,0,0,0,0,4,1
7054,1106,"第2回全国競技かるた杉並大会(D,E)",2025-06-14,F3,,15,15,29,4,4,1,0,0,1,1,0,0,0,1,0,0,0,0,0,0,0,0,0,0,0,4,1
7055,1106,"第2回全国競技かるた杉並大会(D,E)",2025-06-14,F4,,15,15,29,4,4,1,0,0,1,1,0,0,0,1,0,0,0,0,0,0,0,0,0,0,0,4,1
7056,1106,"第2回全国競技かるた杉並大会(D,E)",2025-06-14,F5,,13,13,27,4,4,1,0,0,3,3,0,0,0,3,0,0,0,0,0,0,0,0,0,0,0,4,1
7057,1106,"第2回全国競技かるた杉並大会(D,E)",2025-06-14,Sheet28,,13,13,27,4,4,1,0,0,3,3,0,0,0,3,0,0,0,0,0,0,0,0,0,0,0,4,1
7058,1107,第77回全国競技かるた京都大会(AB級),2025-06-29,A,A,63,63,125,6,6,1,0,0,1,1,0,0,0,1,0,0,0,0,0,0,0,0,0,0,0,8,1
7059,1107,第77回全国競技かるた京都大会(AB級),2025-06-29,B1,B,62,62,124,6,6,1,0,0,2,2,0,0,0,2,0,0,0,0,0,0,0,0,0,0,0,4,1
7060,1107,第77回全国競技かるた京都大会(AB級),2025-06-29,B2,B,63,63,125,6,6,1,0,0,1,1,0,0,0,1,0,0,0,0,0,0,0,0,0,0,0,4,1
7061,1108,第3回全国競技かるた千葉大会(A),2025-07-26,A級,A,181,181,178,6,6,1,0,0,0,0,0,0,0,0,0,0,0,178,0,0,3,0,0,0,0,24,0
7062,1109,"第30回人麿の里・全国競技かるた益田大会(B,D)",2025-08-02,B1,B,45,45,107,6,6,1,0,0,19,19,0,0,0,19,0,0,0,0,0,0,0,0,0,0,0,4,1
7063,1109,"第30回人麿の里・全国競技かるた益田大会(B,D)",2025-08-02,B2,B,43,43,105,6,6,1,0,0,21,21,0,0,0,21,0,2,0,0,0,0,0,0,0,0,0,4,1
7064,1109,"第30回人麿の里・全国競技かるた益田大会(B,D)",2025-08-02,D1,D,19,19,49,5,5,1,0,0,13,13,0,0,0,13,0,0,0,0,0,0,0,0,0,0,0,4,1
7065,1109,"第30回人麿の里・全国競技かるた益田大会(B,D)",2025-08-02,D2,D,19,19,49,5,5,1,0,0,13,13,0,0,0,13,0,0,0,0,0,0,0,0,0,0,0,4,1
7066,1110,"第30回人麿の里・全国競技かるた益田大会(A,C)",2025-08-03,A1,A,43,43,105,6,6,1,0,0,21,21,0,0,0,21,0,0,0,0,0,0,0,0,0,0,0,8,1
7067,1110,"第30回人麿の里・全国競技かるた益田大会(A,C)",2025-08-03,A2,A,43,43,105,6,6,1,0,0,21,21,0,0,0,21,0,2,0,0,0,0,0,0,0,0,0,8,1
7068,1110,"第30回人麿の里・全国競技かるた益田大会(A,C)",2025-08-03,C1,C,23,23,53,5,5,1,0,0,9,9,0,0,0,9,0,0,0,0,0,0,0,0,0,0,0,4,1
7069,1110,"第30回人麿の里・全国競技かるた益田大会(A,C)",2025-08-03,C2,C,22,22,52,5,5,1,0,0,10,10,0,0,0,10,0,0,0,0,0,0,0,0,0,0,0,4,1
7070,1110,"第30回人麿の里・全国競技かるた益田大会(A,C)",2025-08-03,C3,C,22,22,52,5,5,1,0,0,10,10,0,0,0,10,0,0,0,0,0,0,0,0,0,0,0,4,1
7071,1111,第47回全国高等学校選手権大会,2025-07-21,A,A,62,62,124,6,6,1,0,0,2,2,0,0,0,2,0,0,0,0,0,0,0,0,0,0,0,8,1
7072,1111,第47回全国高等学校選手権大会,2025-07-21,B1,B,61,61,123,6,6,1,0,0,3,3,0,0,0,3,0,0,0,0,0,0,0,0,0,0,0,8,1
7073,1111,第47回全国高等学校選手権大会,2025-07-21,B2,B,60,60,122,6,6,1,0,0,4,4,0,0,0,4,0,0,0,0,0,0,0,0,0,0,0,8,1
7074,1111,第47回全国高等学校選手権大会,2025-07-21,B3,B,60,60,122,6,6,1,0,0,4,4,0,0,0,4,0,0,0,0,0,0,0,0,0,0,0,8,1
7075,1111,第47回全国高等学校選手権大会,2025-07-21,B4,B,59,59,121,6,6,1,0,0,5,5,0,0,0,5,0,0,0,0,0,0,0,0,0,0,0,8,1
7076,1111,第47回全国高等学校選手権大会,2025-07-21,B5,B,60,60,122,6,6,1,0,0,4,4,0,0,0,4,0,0,0,0,0,0,0,0,0,0,0,8,1
7077,1111,第47回全国高等学校選手権大会,2025-07-21,C1,C,31,31,61,5,5,1,0,0,1,1,0,0,0,1,0,0,0,0,0,0,0,0,0,0,0,4,1
7078,1111,第47回全国高等学校選手権大会,2025-07-21,C2,C,31,31,61,5,5,1,0,0,1,1,0,0,0,1,0,0,0,0,0,0,0,0,0,0,0,4,1
7079,1111,第47回全国高等学校選手権大会,2025-07-21,C3,C,29,29,59,5,5,1,0,0,3,3,0,0,0,3,0,0,0,0,0,0,0,0,0,0,0,4,1
7080,1111,第47回全国高等学校選手権大会,2025-07-21,C4,C,30,30,60,5,5,1,0,0,2,2,0,0,0,4,0,0,0,0,0,0,0,0,0,0,0,4,1
7081,1111,第47回全国高等学校選手権大会,2025-07-21,C5,C,31,31,61,5,5,1,0,0,1,1,0,0,0,1,0,0,0,0,0,0,0,0,0,0,0,4,1
7082,1111,第47回全国高等学校選手権大会,2025-07-21,C6,C,31,31,61,5,5,1,0,0,1,1,0,0,0,1,0,0,0,0,0,0,0,0,0,0,0,4,1
7083,1111,第47回全国高等学校選手権大会,2025-07-21,C7,C,29,29,59,5,5,1,0,0,3,3,0,0,0,3,0,0,0,0,0,0,0,0,0,0,0,4,1
7084,1111,第47回全国高等学校選手権大会,2025-07-21,C8,C,30,30,60,5,5,1,0,0,2,2,0,0,0,2,0,0,0,0,0,0,0,0,0,0,0,4,1
7085,1111,第47回全国高等学校選手権大会,2025-07-21,C9,C,30,30,58,5,5,1,0,0,2,2,0,0,0,2,0,0,0,0,0,0,1,0,0,0,0,4,1
7086,1111,第47回全国高等学校選手権大会,2025-07-21,C10,C,30,30,60,5,5,1,0,0,2,2,0,0,0,2,0,0,0,0,0,0,0,0,0,0,0,4,1
7087,1111,第47回全国高等学校選手権大会,2025-07-21,C11,C,29,29,59,5,5,1,0,0,3,3,0,0,0,3,0,0,0,0,0,0,0,0,0,0,0,4,1
7088,1111,第47回全国高等学校選手権大会,2025-07-21,C12,C,28,28,58,5,5,1,0,0,4,4,0,0,0,4,0,0,0,0,0,0,0,0,0,0,0,4,1
7089,1111,第47回全国高等学校選手権大会,2025-07-21,C13,C,30,30,60,5,5,1,0,0,2,2,0,0,0,2,0,0,0,0,0,0,0,0,0,0,0,4,1
7090,1111,第47回全国高等学校選手権大会,2025-07-21,C14,C,29,29,59,5,5,1,0,0,3,3,0,0,0,3,0,0,0,0,0,0,0,0,0,0,0,4,1
7091,1111,第47回全国高等学校選手権大会,2025-07-21,C15,C,30,30,60,5,5,1,0,0,2,2,0,0,0,2,0,0,0,0,0,0,0,0,0,0,0,4,1
7092,1111,第47回全国高等学校選手権大会,2025-07-21,C16,C,30,30,60,5,5,1,0,0,2,2,0,0,0,4,0,0,0,0,0,0,0,0,0,0,0,4,1
7093,1111,第47回全国高等学校選手権大会,2025-07-21,C17,C,30,30,60,5,5,1,0,0,2,2,0,0,0,4,0,0,0,0,0,0,0,0,0,0,0,4,1
7094,1111,第47回全国高等学校選手権大会,2025-07-21,C18,C,30,30,60,5,5,1,0,0,2,2,0,0,0,2,0,0,0,0,0,0,0,0,0,0,0,4,1
7095,1111,第47回全国高等学校選手権大会,2025-07-21,C19,C,30,30,60,5,5,1,0,0,2,2,0,0,0,2,0,0,0,0,0,0,0,0,0,0,0,4,1
7096,1111,第47回全国高等学校選手権大会,2025-07-21,C20,C,30,30,60,5,5,1,0,0,2,2,0,0,0,2,0,0,0,0,0,0,0,0,0,0,0,4,1
7097,1111,第47回全国高等学校選手権大会,2025-07-21,C21,C,30,30,60,5,5,1,0,0,2,2,0,0,0,2,0,0,0,0,0,0,0,0,0,0,0,4,1
7098,1111,第47回全国高等学校選手権大会,2025-07-21,D1,D,31,31,61,5,5,1,0,0,1,1,0,0,0,1,0,0,0,0,0,0,0,0,0,0,0,8,1
7099,1111,第47回全国高等学校選手権大会,2025-07-21,D2,D,31,31,61,5,5,1,0,0,1,1,0,0,0,1,0,0,0,0,0,0,0,0,0,0,0,8,1
7100,1111,第47回全国高等学校選手権大会,2025-07-21,D3,D,31,31,61,5,5,1,0,0,1,1,0,0,0,1,0,0,0,0,0,0,0,0,0,0,0,8,1
7101,1111,第47回全国高等学校選手権大会,2025-07-21,D4,D,31,31,61,5,5,1,0,0,1,1,0,0,0,1,0,0,0,0,0,0,0,0,0,0,0,8,1
7102,1111,第47回全国高等学校選手権大会,2025-07-21,D5,D,30,30,60,5,5,1,0,0,2,2,0,0,0,2,0,0,0,0,0,0,0,0,0,0,0,8,1
7103,1111,第47回全国高等学校選手権大会,2025-07-21,D6,D,31,31,61,5,5,1,0,0,1,1,0,0,0,1,0,4,0,0,0,0,0,0,0,0,0,8,1
7104,1111,第47回全国高等学校選手権大会,2025-07-21,D7,D,32,32,62,5,5,1,0,0,0,0,0,0,0,0,0,2,0,0,0,0,0,0,0,0,0,8,1
7105,1111,第47回全国高等学校選手権大会,2025-07-21,D8,D,32,32,62,5,5,1,0,0,0,0,0,0,0,0,0,0,0,0,0,0,0,0,0,0,0,8,1
7106,1111,第47回全国高等学校選手権大会,2025-07-21,D9,D,30,30,60,5,5,1,0,0,2,2,0,0,0,2,0,0,0,0,0,0,0,0,0,0,0,8,1
7107,1111,第47回全国高等学校選手権大会,2025-07-21,D10,D,30,30,60,5,5,1,0,0,2,2,0,0,0,2,0,0,0,0,0,0,0,0,0,0,0,8,1
7108,1111,第47回全国高等学校選手権大会,2025-07-21,D11,D,30,30,60,5,5,1,0,0,2,2,0,0,0,2,0,0,0,0,0,0,0,0,0,0,0,8,1
7109,1111,第47回全国高等学校選手権大会,2025-07-21,D12,D,30,30,60,5,5,1,0,0,2,2,0,0,0,2,0,0,0,0,0,0,0,0,0,0,0,8,1
7110,1111,第47回全国高等学校選手権大会,2025-07-21,D13,D,31,31,61,5,5,1,0,0,1,1,0,0,0,1,0,0,0,0,0,0,0,0,0,0,0,8,1
7111,1111,第47回全国高等学校選手権大会,2025-07-21,D14,D,31,31,61,5,5,1,0,0,1,1,0,0,0,1,0,0,0,0,0,0,0,0,0,0,0,8,1
7112,1111,第47回全国高等学校選手権大会,2025-07-21,D15,D,31,31,61,5,5,1,0,0,1,1,0,0,0,1,0,0,0,0,0,0,0,0,0,0,0,8,1
7113,1111,第47回全国高等学校選手権大会,2025-07-21,D16,D,31,31,61,5,5,1,0,0,1,1,0,0,0,1,0,0,0,0,0,0,0,0,0,0,0,8,1
7114,1111,第47回全国高等学校選手権大会,2025-07-21,D17,D,30,30,60,5,5,1,0,0,2,2,0,0,0,2,0,0,0,0,0,0,0,0,0,0,0,8,1
7115,1111,第47回全国高等学校選手権大会,2025-07-21,D18,D,30,30,60,5,5,1,0,0,2,2,0,0,0,2,0,0,0,0,0,0,0,0,0,0,0,8,1
7116,1111,第47回全国高等学校選手権大会,2025-07-21,D19,D,28,28,58,5,5,1,0,0,4,4,0,0,0,4,0,0,0,0,0,0,0,0,0,0,0,8,1
7117,1111,第47回全国高等学校選手権大会,2025-07-21,D20,D,31,31,61,5,5,1,0,0,1,1,0,0,0,1,0,0,0,0,0,0,0,0,0,0,0,8,1
7118,1111,第47回全国高等学校選手権大会,2025-07-21,D21,D,31,31,61,5,5,1,0,0,1,1,0,0,0,1,0,0,0,0,0,0,0,0,0,0,0,8,1
7119,1111,第47回全国高等学校選手権大会,2025-07-21,D22,D,31,31,61,5,5,1,0,0,1,1,0,0,0,1,0,0,0,0,0,0,0,0,0,0,0,8,1
7120,1111,第47回全国高等学校選手権大会,2025-07-21,D23,D,31,31,61,5,5,1,0,0,1,1,0,0,0,1,0,0,0,0,0,0,0,0,0,0,0,8,1
7121,1112,第8回全国競技かるた大阪なにはえ大会(B),2025-08-17,B1,B,49,49,111,6,6,1,0,0,15,15,0,0,0,15,0,0,0,0,0,0,0,0,0,0,0,4,1
7122,1112,第8回全国競技かるた大阪なにはえ大会(B),2025-08-17,B2,B,52,52,114,6,6,1,0,0,12,12,0,0,0,12,0,0,0,0,0,0,0,0,0,0,0,4,1
7123,1113,"第45回全国競技かるた鹿児島大会(D,E・08/17)",2025-08-17,D,D,76,76,166,5,5,1,0,0,20,20,0,0,0,20,0,2,0,0,0,0,0,0,0,0,0,12,0
7124,1113,"第45回全国競技かるた鹿児島大会(D,E・08/17)",2025-08-17,E,E,43,43,85,4,4,1,0,0,5,5,0,0,0,5,0,0,0,0,0,0,0,0,0,0,0,12,0
7125,1114,第105回全国競技かるた横浜大会(C),2025-08-17,C,C,201,201,403,5,5,1,0,0,15,15,0,0,0,15,0,0,0,0,0,0,0,0,0,0,0,28,0
7126,1115,第105回全国競技かるた横浜大会(B),2025-08-16,B,B,256,256,537,6,6,1,0,0,35,35,0,0,0,35,0,0,0,0,0,0,0,0,0,0,0,40,0
7127,1116,第32回全国競技かるた多摩大会(C),2025-08-09,C１級_x0009_,C,29,29,59,5,5,1,0,0,3,3,0,0,0,3,0,0,0,0,0,0,0,0,0,0,0,0,1
7128,1116,第32回全国競技かるた多摩大会(C),2025-08-09,C２級,C,27,27,57,5,5,1,0,0,5,5,0,0,0,5,0,0,0,0,0,0,0,0,0,0,0,0,1
7129,1116,第32回全国競技かるた多摩大会(C),2025-08-09,C３級,C,30,30,60,5,5,1,0,0,2,2,0,0,0,2,0,0,0,0,0,0,0,0,0,0,0,0,1
7130,1116,第32回全国競技かるた多摩大会(C),2025-08-09,C４級,C,24,24,54,5,5,1,0,0,8,8,0,0,0,8,0,0,0,0,0,0,0,0,0,0,0,0,1
7131,1116,第32回全国競技かるた多摩大会(C),2025-08-09,C５級,C,30,30,60,5,5,1,0,0,2,2,0,0,0,2,0,0,0,0,0,0,0,0,0,0,0,0,1
7132,1116,第32回全国競技かるた多摩大会(C),2025-08-09,C６級,C,31,31,61,5,5,1,0,0,1,1,0,0,0,1,0,0,0,0,0,0,0,0,0,0,0,0,1
7133,1116,第32回全国競技かるた多摩大会(C),2025-08-09,C７級,C,28,28,58,5,5,1,0,0,4,4,0,0,0,4,0,0,0,0,0,0,0,0,0,0,0,0,1
7134,1117,第32回全国競技かるた多摩大会(D),2025-08-11,D１級,D,28,28,58,5,5,1,0,0,4,4,0,0,0,4,0,0,0,0,0,0,0,0,0,0,0,0,1
7135,1117,第32回全国競技かるた多摩大会(D),2025-08-11,D２級,D,28,28,58,5,5,1,0,0,4,4,0,0,0,4,0,0,0,0,0,0,0,0,0,0,0,0,1
7136,1117,第32回全国競技かるた多摩大会(D),2025-08-11,D３級,D,27,27,57,5,5,1,0,0,5,5,0,0,0,5,0,0,0,0,0,0,0,0,0,0,0,0,1
7137,1117,第32回全国競技かるた多摩大会(D),2025-08-11,D４級,D,30,30,60,5,5,1,0,0,2,2,0,0,0,2,0,0,0,0,0,0,0,0,0,0,0,0,1
7138,1117,第32回全国競技かるた多摩大会(D),2025-08-11,D５級,D,31,31,61,5,5,1,0,0,1,1,0,0,0,1,0,0,0,0,0,0,0,0,0,0,0,0,1
7139,1117,第32回全国競技かるた多摩大会(D),2025-08-11,D６級,D,28,28,58,5,5,1,0,0,4,4,0,0,0,4,0,0,0,0,0,0,0,0,0,0,0,0,1
7140,1117,第32回全国競技かるた多摩大会(D),2025-08-11,D７級,D,28,28,58,5,5,1,0,0,4,4,0,0,0,4,0,0,0,0,0,0,0,0,0,0,0,0,1
7141,1118,第32回全国競技かるた多摩大会(08/10),2025-08-10,Sheet1,,460,460,866,4,4,1,0,3,7,4,0,0,0,12,0,6,0,7,0,0,0,0,0,0,0,0,0
7142,1119,第32回全国競技かるた多摩大会(B),2025-08-23,B1,B,63,63,125,6,6,1,0,0,1,1,0,0,0,1,0,0,0,0,0,0,0,0,0,0,0,0,1
7143,1119,第32回全国競技かるた多摩大会(B),2025-08-23,B2,B,63,63,125,6,6,1,0,0,1,1,0,0,0,1,0,0,0,0,0,0,0,0,0,0,0,0,1
7144,1119,第32回全国競技かるた多摩大会(B),2025-08-23,B3,B,61,61,123,6,6,1,0,0,3,3,0,0,0,3,0,0,0,0,0,0,0,0,0,0,0,0,1
7145,1120,"第53回全国競技かるた大分大会(A,B)",2025-08-24,A,A,78,78,202,6,6,1,0,0,50,50,0,0,0,54,0,0,0,0,0,0,0,0,0,0,0,16,0
7146,1120,"第53回全国競技かるた大分大会(A,B)",2025-08-24,B,B,64,64,126,6,6,1,0,0,0,0,0,0,0,0,0,0,0,0,0,0,0,0,0,0,0,8,1
7147,1121,第32回全国競技かるた多摩大会(A),2025-08-24,A1,A,59,59,121,6,6,1,0,0,5,5,0,0,0,5,0,0,0,0,0,0,0,0,0,0,0,0,1
7148,1121,第32回全国競技かるた多摩大会(A),2025-08-24,A2,A,58,58,120,6,6,1,0,0,6,6,0,0,0,6,0,2,0,0,0,0,0,0,0,0,0,0,1
7149,1121,第32回全国競技かるた多摩大会(A),2025-08-24,A3,A,64,64,126,6,6,1,0,0,0,0,0,0,0,0,0,0,0,0,0,0,0,0,0,0,0,0,1
7150,1122,第9回全国競技かるた信州大会(A),2025-08-31,A級,A,96,96,220,6,6,1,0,0,32,32,0,0,0,32,0,0,0,0,0,0,0,0,0,0,0,16,0
7151,1123,"第8回全国競技かるた秋田大会(D,E)",2025-08-31,D,D,43,43,93,5,5,1,0,11,11,11,0,0,0,0,0,11,0,0,0,0,0,0,0,0,0,0,0
7152,1123,"第8回全国競技かるた秋田大会(D,E)",2025-08-31,E,E,73,73,166,5,5,1,0,28,28,28,0,0,0,0,0,28,0,0,0,0,0,0,0,0,0,0,0
7153,1124,蓮生記念第12回全国競技かるた宇都宮大会E級,2025-09-07,E1,E,24,24,54,5,5,1,0,0,8,8,0,0,0,10,0,0,0,0,0,0,0,0,0,0,0,4,1
7154,1124,蓮生記念第12回全国競技かるた宇都宮大会E級,2025-09-07,E2,E,27,27,57,5,5,1,0,0,5,5,0,0,0,7,0,0,0,0,0,0,0,0,0,0,0,4,1
7155,1124,蓮生記念第12回全国競技かるた宇都宮大会E級,2025-09-07,E3,E,27,27,57,5,5,1,0,0,5,5,0,0,0,5,0,0,0,0,0,0,0,0,0,0,0,4,1
7156,1124,蓮生記念第12回全国競技かるた宇都宮大会E級,2025-09-07,E4,E,27,27,57,5,5,1,0,0,5,5,0,0,0,7,0,0,0,0,0,0,0,0,0,0,0,4,1
7157,1124,蓮生記念第12回全国競技かるた宇都宮大会E級,2025-09-07,E5,E,25,25,55,5,5,1,0,0,7,7,0,0,0,7,0,0,0,0,0,0,0,0,0,0,0,4,1
7158,1125,"第34回全国競技かるた広島大会(C,D,E)",2025-09-07,C1,C,31,31,61,5,5,1,0,0,1,1,0,0,0,1,0,0,0,0,0,0,0,0,0,0,0,4,1
7159,1125,"第34回全国競技かるた広島大会(C,D,E)",2025-09-07,C2,C,30,30,60,5,5,1,0,0,2,2,0,0,0,2,0,0,0,0,0,0,0,0,0,0,0,4,1
7160,1125,"第34回全国競技かるた広島大会(C,D,E)",2025-09-07,C3,C,29,29,59,5,5,1,0,0,3,3,0,0,0,3,0,0,0,0,0,0,0,0,0,0,0,4,1
7161,1125,"第34回全国競技かるた広島大会(C,D,E)",2025-09-07,D1,D,27,27,57,5,5,1,0,0,5,5,0,0,0,5,0,0,0,0,0,0,0,0,0,0,0,4,1
7162,1125,"第34回全国競技かるた広島大会(C,D,E)",2025-09-07,D2,D,27,27,57,5,5,1,0,0,5,5,0,0,0,5,0,0,0,0,0,0,0,0,0,0,0,4,1
7163,1125,"第34回全国競技かるた広島大会(C,D,E)",2025-09-07,D3,D,26,26,56,5,5,1,0,0,6,6,0,0,0,6,0,0,0,0,0,0,0,0,0,0,0,4,1
7164,1125,"第34回全国競技かるた広島大会(C,D,E)",2025-09-07,E1,E,20,20,50,5,5,1,0,0,12,12,0,0,0,12,0,0,0,0,0,0,0,0,0,0,0,4,1
7165,1125,"第34回全国競技かるた広島大会(C,D,E)",2025-09-07,E2,E,20,20,50,5,5,1,0,0,12,12,0,0,0,12,0,0,0,0,0,0,0,0,0,0,0,0,1
7166,1125,"第34回全国競技かるた広島大会(C,D,E)",2025-09-07,E3,E,19,19,49,5,5,1,0,0,13,13,0,0,0,13,0,0,0,0,0,0,0,0,0,0,0,4,1
7167,1125,"第34回全国競技かるた広島大会(C,D,E)",2025-09-07,E4,E,18,18,48,5,5,1,0,0,14,14,0,0,0,14,0,0,0,0,0,0,0,0,0,0,0,4,1
7168,1125,"第34回全国競技かるた広島大会(C,D,E)",2025-09-07,E5,E,19,19,49,5,5,1,0,0,13,13,0,0,0,13,0,2,0,0,0,0,0,0,0,0,0,4,1
7169,1125,"第34回全国競技かるた広島大会(C,D,E)",2025-09-07,E6,E,19,19,49,5,5,1,0,0,13,13,0,0,0,13,0,2,0,0,0,0,0,0,0,0,0,4,1
7170,1126,第37回全国中学生選手権大会(個人戦),2025-08-03,A,A,2,2,10,5,5,1,0,8,8,0,0,0,0,0,0,0,0,0,0,0,0,0,0,0,0,2,1
7171,1126,第37回全国中学生選手権大会(個人戦),2025-08-03,B,B,40,40,90,5,5,1,0,16,34,18,0,0,0,18,0,0,0,0,0,0,0,0,0,0,0,8,0
7172,1126,第37回全国中学生選手権大会(個人戦),2025-08-03,C,C,77,77,229,6,6,1,0,104,119,15,0,0,0,15,0,1,0,0,0,0,0,0,0,0,0,27,0
7173,1126,第37回全国中学生選手権大会(個人戦),2025-08-03,D,D,94,94,205,6,6,1,0,113,131,18,0,0,0,18,0,1,0,0,0,0,0,0,0,0,0,13,0
7174,1126,第37回全国中学生選手権大会(個人戦),2025-08-03,E,E,117,117,180,4,4,1,0,89,108,19,0,0,0,19,0,0,0,0,0,0,0,0,0,0,0,2,0
7175,1127,"第107回全国競技かるた大阪大会(B,C,D,E)",2025-09-13,B1,B,61,61,123,6,6,1,0,0,3,3,0,0,0,3,0,0,0,0,0,0,0,0,0,0,0,4,1
7176,1127,"第107回全国競技かるた大阪大会(B,C,D,E)",2025-09-13,B2,B,58,58,120,6,6,1,0,0,6,6,0,0,0,6,0,0,0,0,0,0,0,0,0,0,0,4,1
7177,1127,"第107回全国競技かるた大阪大会(B,C,D,E)",2025-09-13,C1,C,27,27,57,5,5,1,0,0,5,5,0,0,0,5,0,0,0,0,0,0,0,0,0,0,0,4,1
7178,1127,"第107回全国競技かるた大阪大会(B,C,D,E)",2025-09-13,C2,C,29,29,59,5,5,1,0,0,3,3,0,0,0,3,0,0,0,0,0,0,0,0,0,0,0,4,1
7179,1127,"第107回全国競技かるた大阪大会(B,C,D,E)",2025-09-13,C3,C,31,31,61,5,5,1,0,0,1,1,0,0,0,1,0,0,0,0,0,0,0,0,0,0,0,4,1
7180,1127,"第107回全国競技かるた大阪大会(B,C,D,E)",2025-09-13,C4,C,32,32,62,5,5,1,0,0,0,0,0,0,0,0,0,0,0,0,0,0,0,0,0,0,0,4,1
7181,1127,"第107回全国競技かるた大阪大会(B,C,D,E)",2025-09-13,D1,D,29,29,59,5,5,1,0,0,3,3,0,0,0,3,0,0,0,0,0,0,0,0,0,0,0,4,1
7182,1127,"第107回全国競技かるた大阪大会(B,C,D,E)",2025-09-13,D2,D,28,28,58,5,5,1,0,0,4,4,0,0,0,4,0,0,0,0,0,0,0,0,0,0,0,4,1
7183,1127,"第107回全国競技かるた大阪大会(B,C,D,E)",2025-09-13,D3,D,28,28,58,5,5,1,0,0,4,4,0,0,0,4,0,0,0,0,0,0,0,0,0,0,0,4,1
7184,1127,"第107回全国競技かるた大阪大会(B,C,D,E)",2025-09-13,E1,E,15,15,29,4,4,1,0,0,1,1,0,0,0,1,0,0,0,0,0,0,0,0,0,0,0,4,1
7185,1127,"第107回全国競技かるた大阪大会(B,C,D,E)",2025-09-13,E2,E,14,14,28,4,4,1,0,0,2,2,0,0,0,2,0,0,0,0,0,0,0,0,0,0,0,4,1
7186,1127,"第107回全国競技かるた大阪大会(B,C,D,E)",2025-09-13,E3,E,15,15,29,4,4,1,0,0,1,1,0,0,0,1,0,0,0,0,0,0,0,0,0,0,0,4,1
7187,1127,"第107回全国競技かるた大阪大会(B,C,D,E)",2025-09-13,E4,E,16,16,30,4,4,1,0,0,0,0,0,0,0,0,0,0,0,0,0,0,0,0,0,0,0,4,1
7188,1127,"第107回全国競技かるた大阪大会(B,C,D,E)",2025-09-13,E5,E,15,15,29,4,4,1,0,0,1,1,0,0,0,1,0,0,0,0,0,0,0,0,0,0,0,4,1
7189,1127,"第107回全国競技かるた大阪大会(B,C,D,E)",2025-09-13,E6,E,16,16,30,4,4,1,0,0,0,0,0,0,0,0,0,0,0,0,0,0,0,0,0,0,0,4,1
7190,1127,"第107回全国競技かるた大阪大会(B,C,D,E)",2025-09-13,E7,E,16,16,30,4,4,1,0,0,0,0,0,0,0,0,0,0,0,0,0,0,0,0,0,0,0,4,1
7191,1127,"第107回全国競技かるた大阪大会(B,C,D,E)",2025-09-13,E8,E,16,16,30,4,4,1,0,0,0,0,0,0,0,0,0,0,0,0,0,0,0,0,0,0,0,4,1
7192,1128,"第96回全国競技かるた学生選手権大会(B,C,D)",2025-08-23,B1,B,48,48,110,6,6,1,0,0,16,16,0,0,0,16,0,0,0,0,0,0,0,0,0,0,0,4,1
7193,1128,"第96回全国競技かるた学生選手権大会(B,C,D)",2025-08-23,B2,B,49,49,111,6,6,1,0,0,15,15,0,0,0,15,0,0,0,0,0,0,0,0,0,0,0,4,1
7194,1128,"第96回全国競技かるた学生選手権大会(B,C,D)",2025-08-23,B3,B,49,49,111,6,6,1,0,0,15,15,0,0,0,15,0,0,0,0,0,0,0,0,0,0,0,4,1
7195,1128,"第96回全国競技かるた学生選手権大会(B,C,D)",2025-08-23,C1,C,31,31,61,5,5,1,0,0,1,1,0,0,0,1,0,0,0,0,0,0,0,0,0,0,0,4,1
7196,1128,"第96回全国競技かるた学生選手権大会(B,C,D)",2025-08-23,C2,C,31,31,61,5,5,1,0,0,1,1,0,0,0,1,0,0,0,0,0,0,0,0,0,0,0,4,1
7197,1128,"第96回全国競技かるた学生選手権大会(B,C,D)",2025-08-23,C3,C,31,31,61,5,5,1,0,0,0,0,0,0,0,1,0,0,0,1,0,0,0,0,0,0,0,4,1
7198,1128,"第96回全国競技かるた学生選手権大会(B,C,D)",2025-08-23,C4,C,31,31,61,5,5,1,0,0,1,1,0,0,0,1,0,0,0,0,0,0,0,0,0,0,0,4,1
7199,1128,"第96回全国競技かるた学生選手権大会(B,C,D)",2025-08-23,C5,C,31,31,61,5,5,1,0,0,1,1,0,0,0,1,0,0,0,0,0,0,0,0,0,0,0,4,1
7200,1128,"第96回全国競技かるた学生選手権大会(B,C,D)",2025-08-23,C6,C,31,31,61,5,5,1,0,0,1,1,0,0,0,1,0,0,0,0,0,0,0,0,0,0,0,4,1
7201,1128,"第96回全国競技かるた学生選手権大会(B,C,D)",2025-08-23,C7,C,31,31,61,5,5,1,0,0,1,1,0,0,0,1,0,0,0,0,0,0,0,0,0,0,0,4,1
7202,1128,"第96回全国競技かるた学生選手権大会(B,C,D)",2025-08-23,D1,D,28,28,58,5,5,1,0,0,4,4,0,0,0,4,0,0,0,0,0,0,0,0,0,0,0,4,1
7203,1128,"第96回全国競技かるた学生選手権大会(B,C,D)",2025-08-23,D2,D,31,31,61,5,5,1,0,0,1,1,0,0,0,1,0,0,0,0,0,0,0,0,0,0,0,4,1
7204,1128,"第96回全国競技かるた学生選手権大会(B,C,D)",2025-08-23,D3,D,31,31,61,5,5,1,0,0,1,1,0,0,0,1,0,0,0,0,0,0,0,0,0,0,0,4,1
7205,1128,"第96回全国競技かるた学生選手権大会(B,C,D)",2025-08-23,D4,D,29,29,59,5,5,1,0,0,3,3,0,0,0,3,0,0,0,0,0,0,0,0,0,0,0,4,1
7206,1128,"第96回全国競技かるた学生選手権大会(B,C,D)",2025-08-23,D5,D,29,29,59,5,5,1,0,1,4,3,0,0,0,3,0,0,0,1,0,0,0,0,0,0,0,4,1
7207,1129,第105回全国競技かるた横浜大会(A),2025-09-14,A,A,207,207,432,6,6,1,0,0,26,26,0,0,0,26,0,0,0,0,0,0,0,0,0,0,0,32,0
7208,1130,"第21回全国競技かるた香川大会(C,D,E)",2025-09-21,C,C,85,85,175,5,5,1,0,0,11,11,0,0,0,11,0,0,0,0,0,0,0,0,0,0,0,6,0
7209,1130,"第21回全国競技かるた香川大会(C,D,E)",2025-09-21,D,D,50,50,110,5,5,1,0,0,14,14,0,0,0,14,0,0,0,0,0,0,0,0,0,0,0,8,0
7210,1130,"第21回全国競技かるた香川大会(C,D,E)",2025-09-21,E,E,68,68,158,5,5,1,0,0,28,28,0,0,0,28,0,4,0,0,0,0,0,0,0,0,0,12,0
7211,1131,第25回全国競技かるた愛知大会(E),2025-09-20,E1,E,14,14,28,4,4,1,0,0,2,2,0,0,0,2,0,0,0,0,0,0,0,0,0,0,0,4,1
7212,1131,第25回全国競技かるた愛知大会(E),2025-09-20,E10,E,14,14,28,4,4,1,0,0,2,2,0,0,0,2,0,0,0,0,0,0,0,0,0,0,0,4,1
7213,1131,第25回全国競技かるた愛知大会(E),2025-09-20,E11,E,15,15,29,4,4,1,0,0,1,1,0,0,0,1,0,0,0,0,0,0,0,0,0,0,0,4,1
7214,1131,第25回全国競技かるた愛知大会(E),2025-09-20,E12,E,15,15,29,4,4,1,0,0,1,1,0,0,0,1,0,0,0,0,0,0,0,0,0,0,0,4,1
7215,1131,第25回全国競技かるた愛知大会(E),2025-09-20,E2,E,16,16,30,4,4,1,0,0,0,0,0,0,0,0,0,0,0,0,0,0,0,0,0,0,0,4,1
7216,1131,第25回全国競技かるた愛知大会(E),2025-09-20,E3,E,14,14,28,4,4,1,0,0,2,2,0,0,0,2,0,0,0,0,0,0,0,0,0,0,0,4,1
7217,1131,第25回全国競技かるた愛知大会(E),2025-09-20,E4,E,15,15,29,4,4,1,0,0,1,1,0,0,0,1,0,0,0,0,0,0,0,0,0,0,0,4,1
7218,1131,第25回全国競技かるた愛知大会(E),2025-09-20,E5,E,14,14,28,4,4,1,0,0,2,2,0,0,0,2,0,2,0,0,0,0,0,0,0,0,0,4,1
7219,1131,第25回全国競技かるた愛知大会(E),2025-09-20,E6,E,14,14,28,4,4,1,0,0,2,2,0,0,0,2,0,0,0,0,0,0,0,0,0,0,0,4,1
7220,1131,第25回全国競技かるた愛知大会(E),2025-09-20,E7,E,14,14,28,4,4,1,0,0,2,2,0,0,0,2,0,0,0,0,0,0,0,0,0,0,0,4,1
7221,1131,第25回全国競技かるた愛知大会(E),2025-09-20,E8,E,11,11,25,4,4,1,0,0,5,5,0,0,0,5,0,0,0,0,0,0,0,0,0,0,0,4,1
7222,1131,第25回全国競技かるた愛知大会(E),2025-09-20,E9,E,13,13,27,4,4,1,0,0,3,3,0,0,0,3,0,0,0,0,0,0,0,0,0,0,0,4,1
7223,1132,第44回全国競技かるた東京吉野会大会(B),2025-09-14,B,B,128,128,252,6,6,1,0,0,0,0,0,0,0,0,0,0,0,0,0,0,0,0,0,0,0,16,0
7224,1133,"第25回全国競技かるた富山大会(A,B,C)",2025-09-21,A1,A,35,35,97,6,6,1,0,0,29,29,0,0,0,29,0,0,0,0,0,0,0,0,0,0,0,8,1
7225,1133,"第25回全国競技かるた富山大会(A,B,C)",2025-09-21,A2,A,37,37,99,6,6,1,0,0,27,27,0,0,0,27,0,0,0,0,0,0,0,0,0,0,0,8,1
7226,1133,"第25回全国競技かるた富山大会(A,B,C)",2025-09-21,B1,B,53,53,115,6,6,1,0,0,11,11,0,0,0,11,0,0,0,0,0,0,0,0,0,0,0,8,1
7227,1133,"第25回全国競技かるた富山大会(A,B,C)",2025-09-21,B2,B,53,53,115,6,6,1,0,0,11,11,0,0,0,11,0,0,0,0,0,0,0,0,0,0,0,8,1
7228,1133,"第25回全国競技かるた富山大会(A,B,C)",2025-09-21,C1,C,30,30,60,5,5,1,0,0,2,2,0,0,0,2,0,0,0,0,0,0,0,0,0,0,0,4,1
7229,1133,"第25回全国競技かるた富山大会(A,B,C)",2025-09-21,C2,C,25,25,55,5,5,1,0,0,7,7,0,0,0,7,0,0,0,0,0,0,0,0,0,0,0,4,1
7230,1134,"第59回全国競技かるた静岡大会(D,E・09/23)",2025-09-23,D1,D,30,30,60,5,5,1,0,0,2,2,0,0,0,2,0,0,0,0,0,0,0,0,0,0,0,4,1
7231,1134,"第59回全国競技かるた静岡大会(D,E・09/23)",2025-09-23,D2,D,27,27,57,5,5,1,0,0,5,5,0,0,0,5,0,0,0,0,0,0,0,0,0,0,0,4,1
7232,1134,"第59回全国競技かるた静岡大会(D,E・09/23)",2025-09-23,D3,D,25,25,55,5,5,1,0,0,7,7,0,0,0,7,0,0,0,0,0,0,0,0,0,0,0,4,1
7233,1134,"第59回全国競技かるた静岡大会(D,E・09/23)",2025-09-23,D4,D,26,26,56,5,5,1,0,0,6,6,0,0,0,6,0,0,0,0,0,0,0,0,0,0,0,4,1
7234,1134,"第59回全国競技かるた静岡大会(D,E・09/23)",2025-09-23,E1,E,14,14,28,4,4,1,0,0,2,2,0,0,0,2,0,0,0,0,0,0,0,0,0,0,0,4,1
7235,1134,"第59回全国競技かるた静岡大会(D,E・09/23)",2025-09-23,E2,E,15,15,29,4,4,1,0,0,1,1,0,0,0,1,0,0,0,0,0,0,0,0,0,0,0,4,1
7236,1134,"第59回全国競技かるた静岡大会(D,E・09/23)",2025-09-23,E3,E,16,16,30,4,4,1,0,0,0,0,0,0,0,0,0,0,0,0,0,0,0,0,0,0,0,4,1
7237,1134,"第59回全国競技かるた静岡大会(D,E・09/23)",2025-09-23,E4,E,16,16,30,4,4,1,0,0,0,0,0,0,0,0,0,0,0,0,0,0,0,0,0,0,0,4,1
7238,1134,"第59回全国競技かるた静岡大会(D,E・09/23)",2025-09-23,E5,E,16,16,30,4,4,1,0,0,0,0,0,0,0,0,0,0,0,0,0,0,0,0,0,0,0,4,1
7239,1134,"第59回全国競技かるた静岡大会(D,E・09/23)",2025-09-23,E6,E,16,16,30,4,4,1,0,0,0,0,0,0,0,0,0,0,0,0,0,0,0,0,0,0,0,4,1
7240,1134,"第59回全国競技かるた静岡大会(D,E・09/23)",2025-09-23,E7,E,16,16,30,4,4,1,0,0,0,0,0,0,0,0,0,0,0,0,0,0,0,0,0,0,0,4,1
7241,1134,"第59回全国競技かるた静岡大会(D,E・09/23)",2025-09-23,F級,,7,7,13,3,3,1,0,0,1,1,0,0,0,1,0,0,0,0,0,0,0,0,0,0,0,2,1
7242,1135,第37回全国競技かるた東大阪大会(A),2025-09-28,A,A,62,62,124,6,6,1,0,0,2,2,0,0,0,2,0,0,0,0,0,0,0,0,0,0,0,8,1
7243,1136,"第33回全国競技かるた広島大会(A,B)",2025-01-26,A,A,67,67,193,7,7,1,0,0,61,61,0,0,0,61,0,0,0,0,0,0,0,0,0,0,0,16,1
7244,1136,"第33回全国競技かるた広島大会(A,B)",2025-01-26,B,B,65,65,191,7,7,1,0,0,63,63,0,0,0,63,0,2,0,0,0,0,0,0,0,0,0,8,1
7245,1137,"第8回全国競技かるた秋田大会(A,B,C,D)",2025-10-05,A,A,53,53,115,6,6,1,0,11,11,11,0,0,0,0,0,11,0,0,0,0,0,0,0,0,0,0,1
7246,1137,"第8回全国競技かるた秋田大会(A,B,C,D)",2025-10-05,B,B,47,47,109,6,6,1,0,17,17,17,0,0,0,0,0,17,0,0,0,0,0,0,0,0,0,0,1
7247,1137,"第8回全国競技かるた秋田大会(A,B,C,D)",2025-10-05,C,C,65,65,155,5,5,1,0,31,31,31,0,0,0,0,0,31,0,0,0,0,0,0,0,0,0,0,0
7248,1137,"第8回全国競技かるた秋田大会(A,B,C,D)",2025-10-05,D,D,55,55,115,5,5,1,0,9,9,9,0,0,0,0,0,9,0,0,0,0,0,0,0,0,0,0,0
7249,1138,第3回全国競技かるた千葉大会(B),2025-10-04,B級,B,199,199,195,6,6,1,0,0,0,0,0,0,0,0,0,0,0,195,0,0,4,0,0,0,0,32,0
7250,1139,第32回全国競技かるた多摩大会(10/11),2025-10-11,F,,101,101,388,4,4,1,0,1,7,6,0,0,0,6,0,4,0,1,0,0,0,0,0,0,0,0,0
7254,1140,第72期名人戦東日本予選,2025-10-12,名人位級,,32,32,62,5,5,1,0,0,0,0,0,0,0,0,0,0,0,0,0,0,0,0,0,0,0,8,1
7255,1539,第70期クイーン戦東日本予選,2025-10-12,クイーン位級,,30,30,60,5,5,1,0,0,2,2,0,0,0,2,0,0,0,0,0,0,0,0,0,0,0,8,1
7256,1141,第72期名人戦西日本予選,2025-10-12,名人位級,,30,30,60,5,5,1,0,0,2,2,0,0,0,2,0,0,0,0,0,0,0,0,0,0,0,8,1
7257,1540,第70期クイーン戦西日本予選,2025-10-12,クイーン位級,,32,32,62,5,5,1,0,0,0,0,0,0,0,0,0,0,0,0,0,0,0,0,0,0,0,8,1
7258,1142,第7回全国競技かるた新潟大会,2025-10-11,A,A,79,79,203,6,6,1,0,49,49,0,0,0,0,0,0,49,0,0,0,0,0,0,0,0,0,0,0
7259,1142,第7回全国競技かるた新潟大会,2025-10-11,B,B,111,111,235,6,6,1,0,19,19,0,0,0,0,0,0,19,0,0,0,0,0,0,0,0,0,0,0
7260,1142,第7回全国競技かるた新潟大会,2025-10-11,C,C,89,89,212,6,6,1,0,40,40,0,0,0,0,0,0,40,0,0,0,0,0,0,0,0,0,0,0
7261,1142,第7回全国競技かるた新潟大会,2025-10-11,D,D,91,91,181,5,5,1,0,7,7,0,0,0,0,0,0,7,0,0,0,0,0,0,0,0,0,0,0
7262,1142,第7回全国競技かるた新潟大会,2025-10-11,E,E,119,119,269,5,5,1,0,43,43,0,0,0,0,0,0,43,0,0,0,0,0,0,0,0,0,0,0
7263,1143,"第41回全国競技かるた熊本大会(C,D)",2025-10-19,Ｃ級,C,95,95,185,5,5,1,0,0,1,1,0,0,0,1,0,0,0,0,0,0,0,0,0,0,0,12,0
7264,1144,"第53回全国競技かるた大分大会(C,D,E)",2025-09-21,C,C,71,71,161,5,5,1,0,0,25,25,0,0,0,25,0,0,0,0,0,0,0,0,0,0,0,12,0
7265,1144,"第53回全国競技かるた大分大会(C,D,E)",2025-09-21,D,D,91,91,181,5,5,1,0,0,5,5,0,0,0,5,0,0,0,0,0,0,0,0,0,0,0,12,0
7266,1144,"第53回全国競技かるた大分大会(C,D,E)",2025-09-21,E,E,22,22,50,4,4,1,0,0,10,10,0,0,0,10,0,0,0,0,0,0,0,0,0,0,0,8,0
7267,1145,第84回全国競技かるた北國大会,2025-10-25,A級,A,110,110,234,6,6,1,0,0,18,18,0,0,0,18,0,0,0,0,0,0,0,0,0,0,0,0,0
7268,1145,第84回全国競技かるた北國大会,2025-10-25,B級,B,106,106,230,6,6,1,0,0,22,22,0,0,0,22,0,0,0,0,0,0,0,0,0,0,0,0,0
7269,1145,第84回全国競技かるた北國大会,2025-10-25,C級,C,108,108,228,5,5,1,0,0,20,20,0,0,0,20,0,0,0,0,0,0,0,0,0,0,0,0,0
7270,1145,第84回全国競技かるた北國大会,2025-10-25,D級,D,62,62,122,5,5,1,0,0,2,2,0,0,0,2,0,0,0,0,0,0,0,0,0,0,0,0,0
7271,1145,第84回全国競技かるた北國大会,2025-10-25,E級,E,108,108,286,5,5,1,0,80,84,84,0,0,0,4,0,82,0,0,0,0,0,0,0,0,0,0,0
7272,1146,第30回人麿の里・全国競技かるた益田大会(E・10/26),2025-10-26,E1,E,15,15,29,4,4,1,0,0,1,1,0,0,0,1,0,0,0,0,0,0,0,0,0,0,0,4,1
7273,1146,第30回人麿の里・全国競技かるた益田大会(E・10/26),2025-10-26,E2,E,14,14,28,4,4,1,0,0,2,2,0,0,0,2,0,0,0,0,0,0,0,0,0,0,0,4,1
7274,1147,第96回全国競技かるた学生選手権大会(E),2025-11-02,E1,E,16,16,30,4,4,1,0,0,0,0,0,0,0,0,0,0,0,0,0,0,0,0,0,0,0,0,1
7275,1147,第96回全国競技かるた学生選手権大会(E),2025-11-02,E2,E,16,16,30,4,4,1,0,0,0,0,0,0,0,0,0,0,0,0,0,0,0,0,0,0,0,0,1
7276,1147,第96回全国競技かるた学生選手権大会(E),2025-11-02,E3,E,16,16,30,4,4,1,0,0,0,0,0,0,0,0,0,0,0,2,0,0,0,0,0,0,0,0,1
7277,1147,第96回全国競技かるた学生選手権大会(E),2025-11-02,E4,E,15,15,29,4,4,1,0,1,1,1,0,0,0,0,0,1,0,0,0,0,0,0,0,0,0,0,1
7278,1147,第96回全国競技かるた学生選手権大会(E),2025-11-02,E5,E,15,15,29,4,4,1,0,1,1,0,0,0,0,0,0,1,0,0,0,0,0,0,0,0,0,0,1
7279,1147,第96回全国競技かるた学生選手権大会(E),2025-11-02,E6,E,15,15,29,4,4,1,0,1,1,0,0,0,0,0,0,1,0,0,0,0,0,0,0,0,0,0,1
7280,1147,第96回全国競技かるた学生選手権大会(E),2025-11-02,E7,E,14,14,28,4,4,1,0,3,3,1,0,0,0,0,0,2,0,1,0,0,0,0,0,0,0,0,1
7281,1147,第96回全国競技かるた学生選手権大会(E),2025-11-02,E8,E,14,14,28,4,4,1,0,2,2,0,0,0,0,0,0,2,0,0,0,0,0,0,0,0,0,0,1
7282,1147,第96回全国競技かるた学生選手権大会(E),2025-11-02,E9,E,15,15,29,4,4,1,0,1,1,1,0,0,0,0,0,1,0,0,0,0,0,0,0,0,0,0,1
7283,1147,第96回全国競技かるた学生選手権大会(E),2025-11-02,E10,E,16,16,30,4,4,1,0,0,0,0,0,0,0,0,0,0,0,0,0,0,0,0,0,0,0,0,1
7284,1147,第96回全国競技かるた学生選手権大会(E),2025-11-02,E11,E,15,15,29,4,4,1,0,1,1,1,0,0,0,0,0,1,0,0,0,0,0,0,0,0,0,0,1
7285,1147,第96回全国競技かるた学生選手権大会(E),2025-11-02,E12,E,15,15,29,4,4,1,0,1,1,0,0,0,0,0,0,1,0,0,0,0,0,0,0,0,0,0,1
7286,1147,第96回全国競技かるた学生選手権大会(E),2025-11-02,E13,E,15,15,29,4,4,1,0,1,1,1,0,0,0,0,0,3,0,0,0,0,0,0,0,0,0,0,1
7287,1147,第96回全国競技かるた学生選手権大会(E),2025-11-02,E14,E,16,16,30,4,4,1,0,0,0,0,0,0,0,0,0,0,0,0,0,0,0,0,0,0,0,0,1
7288,1147,第96回全国競技かるた学生選手権大会(E),2025-11-02,E15,E,16,16,30,4,4,1,0,0,0,0,0,0,0,0,0,0,0,0,0,0,0,0,0,0,0,0,1
7289,1147,第96回全国競技かるた学生選手権大会(E),2025-11-02,E16,E,16,16,30,4,4,1,0,0,0,0,0,0,0,0,0,0,0,0,0,0,0,0,0,0,0,0,1
7290,1148,第48回全国小・中学生競技かるた選手権福井大会,2025-11-02,小学２年生以下,,13,13,27,4,4,1,0,0,3,3,0,0,0,3,0,0,0,0,0,0,0,0,0,0,0,4,1
7291,1148,第48回全国小・中学生競技かるた選手権福井大会,2025-11-02,小学３年生,,13,13,27,4,4,1,0,0,3,3,0,0,0,3,0,0,0,0,0,0,0,0,0,0,0,4,1
7292,1148,第48回全国小・中学生競技かるた選手権福井大会,2025-11-02,小学４年生,,24,24,54,5,5,1,0,0,8,8,0,0,0,8,0,2,0,0,0,0,0,0,0,0,0,8,1
7293,1148,第48回全国小・中学生競技かるた選手権福井大会,2025-11-02,小学５年生,,37,37,99,6,6,1,0,0,27,27,0,0,0,27,0,0,0,0,0,0,0,0,0,0,0,8,1
7294,1148,第48回全国小・中学生競技かるた選手権福井大会,2025-11-02,小学６年生,,31,31,61,5,5,1,0,0,1,1,0,0,0,1,0,0,0,0,0,0,0,0,0,0,0,8,1
7295,1148,第48回全国小・中学生競技かるた選手権福井大会,2025-11-02,中学生,,39,39,101,6,6,1,0,0,25,25,0,0,0,25,0,0,0,0,0,0,0,0,0,0,0,8,1
7296,1148,第48回全国小・中学生競技かるた選手権福井大会,2025-11-02,高校生,,2,2,4,2,2,1,0,0,0,0,0,0,0,0,0,0,0,0,0,0,0,0,0,0,0,2,0
7297,1149,"第34回全国競技かるた広島大会(D,E)",2025-11-03,D1,D,28,28,58,5,5,1,0,0,4,4,0,0,0,4,0,0,0,0,0,0,0,0,0,0,0,4,1
7298,1149,"第34回全国競技かるた広島大会(D,E)",2025-11-03,D2,D,27,27,57,5,5,1,0,0,5,5,0,0,0,5,0,0,0,0,0,0,0,0,0,0,0,4,1
7299,1149,"第34回全国競技かるた広島大会(D,E)",2025-11-03,D3,D,27,27,57,5,5,1,0,0,5,5,0,0,0,5,0,0,0,0,0,0,0,0,0,0,0,4,1
7300,1149,"第34回全国競技かるた広島大会(D,E)",2025-11-03,D4,D,26,26,56,5,5,1,0,0,6,6,0,0,0,6,0,0,0,0,0,0,0,0,0,0,0,4,1
7301,1149,"第34回全国競技かるた広島大会(D,E)",2025-11-03,E1,E,18,18,48,5,5,1,0,0,14,14,0,0,0,14,0,0,0,0,0,0,0,0,0,0,0,4,1
7302,1149,"第34回全国競技かるた広島大会(D,E)",2025-11-03,E2,E,18,18,48,5,5,1,0,0,14,14,0,0,0,14,0,0,0,0,0,0,0,0,0,0,0,8,1
7303,1149,"第34回全国競技かるた広島大会(D,E)",2025-11-03,E3,E,19,19,49,5,5,1,0,0,13,13,0,0,0,13,0,0,0,0,0,0,0,0,0,0,0,8,1
7304,1149,"第34回全国競技かるた広島大会(D,E)",2025-11-03,E4,E,21,21,51,5,5,1,0,0,11,11,0,0,0,11,0,0,0,0,0,0,0,0,0,0,0,8,1
7305,1150,第41回全国競技かるた宮崎大会(D),2025-11-09,D1,D,21,21,51,5,5,1,0,0,11,11,0,0,0,11,0,0,0,0,0,0,0,0,0,0,0,8,1
7306,1150,第41回全国競技かるた宮崎大会(D),2025-11-09,D2,D,21,21,51,5,5,1,0,0,11,11,0,0,0,11,0,0,0,0,0,0,0,0,0,0,0,8,1
7307,1150,第41回全国競技かるた宮崎大会(D),2025-11-09,D3,D,19,19,49,5,5,1,0,0,13,13,0,0,0,13,0,0,0,0,0,0,0,0,0,0,0,8,1
7308,1151,第39回全国競技かるたさがみ野大会,2025-11-15,A1,A,61,61,123,6,6,1,0,0,3,3,0,0,0,3,0,0,0,0,0,0,0,0,0,0,0,8,1
7309,1151,第39回全国競技かるたさがみ野大会,2025-11-15,A2,A,61,61,123,6,6,1,0,0,3,3,0,0,0,3,0,0,0,0,0,0,0,0,0,0,0,8,1
7310,1152,"第25回全国競技かるた富山大会(D,E)",2025-11-16,D1,D,22,22,52,5,5,1,0,0,10,10,0,0,0,10,0,0,0,0,0,0,0,0,0,0,0,4,1
7311,1152,"第25回全国競技かるた富山大会(D,E)",2025-11-16,D2,D,20,20,50,5,5,1,0,0,12,12,0,0,0,12,0,0,0,0,0,0,0,0,0,0,0,4,1
7312,1152,"第25回全国競技かるた富山大会(D,E)",2025-11-16,E1,E,12,12,26,4,4,1,0,0,4,4,0,0,0,4,0,0,0,0,0,0,0,0,0,0,0,4,1
7313,1152,"第25回全国競技かるた富山大会(D,E)",2025-11-16,E2,E,10,10,24,4,4,1,0,0,6,6,0,0,0,6,0,0,0,0,0,0,0,0,0,0,0,4,1
7314,1153,"第21回全国競技かるた香川大会(A,B)",2025-11-23,A,A,86,86,210,6,6,1,0,0,42,42,0,0,0,42,0,0,0,0,0,0,0,0,0,0,0,16,0
7315,1153,"第21回全国競技かるた香川大会(A,B)",2025-11-23,B,B,82,82,206,6,6,1,0,0,46,46,0,0,0,46,0,0,0,0,0,0,0,0,0,0,0,8,0
7316,1154,第64回全国競技かるた和歌山大会,2025-11-23,-,,281,281,583,6,6,1,0,0,39,39,0,0,0,39,0,0,0,0,0,0,0,0,0,0,0,40,0
7317,1155,第34回全国競技かるた奈良大会,2025-11-23,B1,B,47,47,109,6,6,1,0,0,17,17,0,0,0,17,0,0,0,0,0,0,0,0,0,0,0,4,1
7318,1155,第34回全国競技かるた奈良大会,2025-11-23,B2,B,48,48,110,6,6,1,0,0,16,16,0,0,0,16,0,0,0,0,0,0,0,0,0,0,0,4,1
7319,1155,第34回全国競技かるた奈良大会,2025-11-23,B3,B,49,49,111,6,6,1,0,0,15,15,0,0,0,15,0,0,0,0,0,0,0,0,0,0,0,4,1
7320,1155,第34回全国競技かるた奈良大会,2025-11-23,C1,C,29,29,59,5,5,1,0,0,3,3,0,0,0,3,0,0,0,0,0,0,0,0,0,0,0,4,1
7321,1155,第34回全国競技かるた奈良大会,2025-11-23,C2,C,28,28,58,5,5,1,0,0,4,4,0,0,0,4,0,0,0,0,0,0,0,0,0,0,0,4,1
7322,1155,第34回全国競技かるた奈良大会,2025-11-23,C3,C,26,26,56,5,5,1,0,0,6,6,0,0,0,6,0,0,0,0,0,0,0,0,0,0,0,4,1
7323,1155,第34回全国競技かるた奈良大会,2025-11-23,C4,C,29,29,59,5,5,1,0,0,3,3,0,0,0,3,0,0,0,0,0,0,0,0,0,0,0,4,1
7324,1155,第34回全国競技かるた奈良大会,2025-11-23,C5,C,27,27,57,5,5,1,0,0,5,5,0,0,0,5,0,0,0,0,0,0,0,0,0,0,0,4,1
7325,1155,第34回全国競技かるた奈良大会,2025-11-23,C6,C,30,30,60,5,5,1,0,0,2,2,0,0,0,2,0,0,0,0,0,0,0,0,0,0,0,4,1
7326,1155,第34回全国競技かるた奈良大会,2025-11-23,D1,D,29,29,59,5,5,1,0,0,3,3,0,0,0,3,0,0,0,0,0,0,0,0,0,0,0,4,1
7327,1155,第34回全国競技かるた奈良大会,2025-11-23,D2,D,28,28,58,5,5,1,0,0,4,4,0,0,0,4,0,0,0,0,0,0,0,0,0,0,0,4,1
7328,1155,第34回全国競技かるた奈良大会,2025-11-23,D3,D,31,31,61,5,5,1,0,0,1,1,0,0,0,1,0,0,0,0,0,0,0,0,0,0,0,4,1
7329,1155,第34回全国競技かるた奈良大会,2025-11-23,D4,D,30,30,60,5,5,1,0,0,2,2,0,0,0,2,0,0,0,0,0,0,0,0,0,0,0,4,1
7330,1155,第34回全国競技かるた奈良大会,2025-11-23,D5,D,31,31,61,5,5,1,0,0,1,1,0,0,0,1,0,0,0,0,0,0,0,0,0,0,0,4,1
7331,1155,第34回全国競技かるた奈良大会,2025-11-23,D6,D,30,30,60,5,5,1,0,0,2,2,0,0,0,2,0,0,0,0,0,0,0,0,0,0,0,4,1
7332,1155,第34回全国競技かるた奈良大会,2025-11-23,D7,D,30,30,60,5,5,1,0,0,2,2,0,0,0,2,0,0,0,0,0,0,0,0,0,0,0,4,1
7333,1155,第34回全国競技かるた奈良大会,2025-11-23,E1,E,16,16,30,4,4,1,0,0,0,0,0,0,0,0,0,0,0,0,0,0,0,0,0,0,0,4,1
7334,1155,第34回全国競技かるた奈良大会,2025-11-23,E10,E,16,16,30,4,4,1,0,0,0,0,0,0,0,0,0,0,0,0,0,0,0,0,0,0,0,4,1
7335,1155,第34回全国競技かるた奈良大会,2025-11-23,E11,E,15,15,29,4,4,1,0,0,1,1,0,0,0,1,0,0,0,0,0,0,0,0,0,0,0,4,1
7336,1155,第34回全国競技かるた奈良大会,2025-11-23,E12,E,14,14,28,4,4,1,0,0,2,2,0,0,0,2,0,0,0,0,0,0,0,0,0,0,0,4,1
7337,1155,第34回全国競技かるた奈良大会,2025-11-23,E13,E,13,13,27,4,4,1,0,1,3,2,0,0,0,2,0,0,0,0,0,0,0,0,0,0,0,4,1
7338,1156,"第89回椿杯争奪全国競技かるた大会(D,E)",2025-11-24,D,D,58,58,118,5,5,1,0,0,6,6,0,0,0,20,0,0,0,0,0,0,0,0,0,0,0,8,0
7339,1156,"第89回椿杯争奪全国競技かるた大会(D,E)",2025-11-24,E,E,91,91,181,5,5,1,0,0,5,5,0,0,0,17,0,0,0,0,0,0,0,0,0,0,0,12,0
7340,1156,"第89回椿杯争奪全国競技かるた大会(D,E)",2025-11-24,F級,,19,19,49,5,5,1,0,3,16,13,0,0,0,17,0,0,0,3,0,0,0,0,0,0,0,4,1
7341,1157,蓮生記念第12回全国競技かるた宇都宮大会,2025-11-22,A,A,186,186,372,6,6,1,0,0,6,6,0,0,0,6,0,0,0,0,0,0,0,0,0,0,0,24,0
7342,1157,蓮生記念第12回全国競技かるた宇都宮大会,2025-11-22,B1,B,56,56,118,6,6,1,0,0,8,8,0,0,0,8,0,0,0,0,0,0,0,0,0,0,0,8,1
7343,1157,蓮生記念第12回全国競技かるた宇都宮大会,2025-11-22,B2,B,59,59,121,6,6,1,0,0,5,5,0,0,0,5,0,0,0,0,0,0,0,0,0,0,0,8,1
7344,1157,蓮生記念第12回全国競技かるた宇都宮大会,2025-11-22,B3,B,57,57,119,6,6,1,0,0,7,7,0,0,0,7,0,0,0,0,0,0,0,0,0,0,0,8,1
7345,1157,蓮生記念第12回全国競技かるた宇都宮大会,2025-11-22,B4,B,55,55,117,6,6,1,0,0,9,9,0,0,0,9,0,0,0,0,0,0,0,0,0,0,0,8,1
7346,1157,蓮生記念第12回全国競技かるた宇都宮大会,2025-11-22,B5,B,52,52,114,6,6,1,0,0,12,12,0,0,0,12,0,0,0,0,0,0,0,0,0,0,0,8,1
7347,1157,蓮生記念第12回全国競技かるた宇都宮大会,2025-11-22,C1,C,28,28,58,5,5,1,0,0,4,4,0,0,0,6,0,0,0,0,0,0,0,0,0,0,0,4,1
7348,1157,蓮生記念第12回全国競技かるた宇都宮大会,2025-11-22,C2,C,25,25,55,5,5,1,0,0,7,7,0,0,0,7,0,0,0,0,0,0,0,0,0,0,0,4,1
7349,1157,蓮生記念第12回全国競技かるた宇都宮大会,2025-11-22,C3,C,29,29,59,5,5,1,0,0,3,3,0,0,0,5,0,0,0,0,0,0,0,0,0,0,0,4,1
7350,1157,蓮生記念第12回全国競技かるた宇都宮大会,2025-11-22,C4,C,28,28,58,5,5,1,0,0,4,4,0,0,0,8,0,0,0,0,0,0,0,0,0,0,0,4,1
7351,1157,蓮生記念第12回全国競技かるた宇都宮大会,2025-11-22,C5,C,28,28,58,5,5,1,0,0,4,4,0,0,0,4,0,0,0,0,0,0,0,0,0,0,0,4,1
7352,1157,蓮生記念第12回全国競技かるた宇都宮大会,2025-11-22,C6,C,26,26,56,5,5,1,0,0,6,6,0,0,0,8,0,0,0,0,0,0,0,0,0,0,0,4,1
7353,1157,蓮生記念第12回全国競技かるた宇都宮大会,2025-11-22,C7,C,29,29,59,5,5,1,0,0,3,3,0,0,0,3,0,0,0,0,0,0,0,0,0,0,0,4,1
7354,1157,蓮生記念第12回全国競技かるた宇都宮大会,2025-11-22,D1,D,27,27,57,5,5,1,0,0,5,5,0,0,0,5,0,0,0,0,0,0,0,0,0,0,0,4,1
7355,1157,蓮生記念第12回全国競技かるた宇都宮大会,2025-11-22,D2,D,27,27,57,5,5,1,0,0,5,5,0,0,0,7,0,0,0,0,0,0,0,0,0,0,0,4,1
7356,1157,蓮生記念第12回全国競技かるた宇都宮大会,2025-11-22,D3,D,29,29,59,5,5,1,0,0,3,3,0,0,0,3,0,0,0,0,0,0,0,0,0,0,0,4,1
7357,1157,蓮生記念第12回全国競技かるた宇都宮大会,2025-11-22,D4,D,28,28,58,5,5,1,0,0,4,4,0,0,0,4,0,0,0,0,0,0,0,0,0,0,0,4,1
7358,1157,蓮生記念第12回全国競技かるた宇都宮大会,2025-11-22,D5,D,28,28,58,5,5,1,0,0,4,4,0,0,0,6,0,0,0,0,0,0,0,0,0,0,0,4,1
7359,1157,蓮生記念第12回全国競技かるた宇都宮大会,2025-11-22,D6,D,27,27,57,5,5,1,0,0,5,5,0,0,0,7,0,0,0,0,0,0,0,0,0,0,0,4,1
7360,1158,"第15回全国競技かるた岡山大会(A,B,C)",2025-11-29,A,A,119,119,243,6,6,1,0,0,9,9,0,0,0,9,0,0,0,0,0,0,0,0,0,0,0,16,0
7361,1158,"第15回全国競技かるた岡山大会(A,B,C)",2025-11-29,B,B,114,114,238,6,6,1,0,0,14,14,0,0,0,14,0,0,0,0,0,0,0,0,0,0,0,16,0
7362,1158,"第15回全国競技かるた岡山大会(A,B,C)",2025-11-29,C29,C,55,55,115,5,5,1,0,0,9,9,0,0,0,9,0,0,0,0,0,0,0,0,0,0,0,8,0
7363,1158,"第15回全国競技かるた岡山大会(A,B,C)",2025-11-29,C30,C,54,54,114,5,5,1,0,0,10,10,0,0,0,10,0,0,0,0,0,0,0,0,0,0,0,8,0
7364,1159,第79回全国競技かるた東京東会大会(B),2025-11-30,B,B,303,303,298,6,6,1,0,0,0,0,0,0,0,0,0,0,0,298,0,0,5,0,0,0,0,40,0
7365,1160,第79回全国競技かるた東京東会大会(C),2025-11-29,C,C,177,177,171,5,5,1,0,0,0,0,0,0,0,0,0,0,0,171,0,0,6,0,0,0,0,24,0
7366,1161,第75回高松宮記念杯近江神宮全国競技かるた大会(E),2025-11-30,E1,E,16,16,30,4,4,1,0,0,0,0,0,0,0,0,0,0,0,0,0,0,0,0,0,0,0,4,1
7367,1161,第75回高松宮記念杯近江神宮全国競技かるた大会(E),2025-11-30,E2,E,16,16,30,4,4,1,0,0,0,0,0,0,0,0,0,0,0,0,0,0,0,0,0,0,0,4,1
7368,1161,第75回高松宮記念杯近江神宮全国競技かるた大会(E),2025-11-30,E3,E,13,13,27,4,4,1,0,0,3,3,0,0,0,3,0,0,0,0,0,0,0,0,0,0,0,4,1
7369,1161,第75回高松宮記念杯近江神宮全国競技かるた大会(E),2025-11-30,E4,E,16,16,30,4,4,1,0,0,0,0,0,0,0,0,0,0,0,0,0,0,0,0,0,0,0,4,1
7370,1161,第75回高松宮記念杯近江神宮全国競技かるた大会(E),2025-11-30,E5,E,13,13,27,4,4,1,0,0,3,3,0,0,0,3,0,0,0,0,0,0,0,0,0,0,0,4,1
7371,1161,第75回高松宮記念杯近江神宮全国競技かるた大会(E),2025-11-30,E6,E,12,12,26,4,4,1,0,0,4,4,0,0,0,4,0,2,0,0,0,0,0,0,0,0,0,4,1
7372,1161,第75回高松宮記念杯近江神宮全国競技かるた大会(E),2025-11-30,E7,E,14,14,28,4,4,1,0,0,2,2,0,0,0,2,0,0,0,0,0,0,0,0,0,0,0,4,1
7373,1161,第75回高松宮記念杯近江神宮全国競技かるた大会(E),2025-11-30,E8,E,13,13,27,4,4,1,0,0,3,3,0,0,0,9,0,0,0,0,0,0,0,0,0,0,0,4,1
7374,1161,第75回高松宮記念杯近江神宮全国競技かるた大会(E),2025-11-30,E9,E,14,14,28,4,4,1,0,0,2,2,0,0,0,2,0,0,0,0,0,0,0,0,0,0,0,4,1
7375,1162,第25回全国競技かるた愛知大会(B),2025-12-06,B1,B,47,47,109,6,6,1,0,0,17,17,0,0,0,17,0,0,0,0,0,0,0,0,0,0,0,8,1
7376,1162,第25回全国競技かるた愛知大会(B),2025-12-06,B2,B,47,47,109,6,6,1,0,0,17,17,0,0,0,17,0,0,0,0,0,0,0,0,0,0,0,8,1
7377,1162,第25回全国競技かるた愛知大会(B),2025-12-06,B3,B,47,47,109,6,6,1,0,0,17,17,0,0,0,17,0,0,0,0,0,0,0,0,0,0,0,8,1
7378,1163,第25回全国競技かるた愛知大会(A),2025-12-07,A1,A,38,38,100,6,6,1,0,0,26,26,0,0,0,26,0,0,0,0,0,0,0,0,0,0,0,8,1
7379,1163,第25回全国競技かるた愛知大会(A),2025-12-07,A2,A,45,45,107,6,6,1,0,0,19,19,0,0,0,19,0,0,0,0,0,0,0,0,0,0,0,8,1
7380,1164,第55回太宰府小倉百人一首競技かるた大会(E),2025-12-07,E,E,123,123,235,4,4,1,0,0,5,5,0,0,0,5,0,0,0,0,0,0,0,0,0,0,0,32,0
7381,1165,第96回全国競技かるた学生選手権大会(A),2025-12-06,A,A,75,75,146,6,6,1,0,0,0,0,0,0,0,0,0,0,0,0,0,1,0,0,0,0,0,0,0
7382,1166,第75回高松宮記念杯近江神宮全国競技かるた大会(D),2025-12-14,D1,D,25,25,55,5,5,1,0,0,7,7,0,0,0,7,0,0,0,0,0,0,0,0,0,0,0,4,1
7383,1166,第75回高松宮記念杯近江神宮全国競技かるた大会(D),2025-12-14,D2,D,29,29,59,5,5,1,0,2,5,5,0,0,0,3,0,2,0,0,0,0,0,0,0,0,0,4,1
7384,1166,第75回高松宮記念杯近江神宮全国競技かるた大会(D),2025-12-14,D3,D,26,26,56,5,5,1,0,0,6,6,0,0,0,6,0,0,0,0,0,0,0,0,0,0,0,4,1
7385,1166,第75回高松宮記念杯近江神宮全国競技かるた大会(D),2025-12-14,D4,D,28,28,58,5,5,1,0,0,4,4,0,0,0,4,0,0,0,0,0,0,0,0,0,0,0,4,1
7386,1166,第75回高松宮記念杯近江神宮全国競技かるた大会(D),2025-12-14,D5,D,27,27,57,5,5,1,0,0,5,5,0,0,0,5,0,0,0,0,0,0,0,0,0,0,0,4,1
7387,1166,第75回高松宮記念杯近江神宮全国競技かるた大会(D),2025-12-14,D6,D,29,29,59,5,5,1,0,0,3,3,0,0,0,3,0,0,0,0,0,0,0,0,0,0,0,4,1
7388,1166,第75回高松宮記念杯近江神宮全国競技かるた大会(D),2025-12-14,D7,D,26,26,56,5,5,1,0,0,6,6,0,0,0,6,0,0,0,0,0,0,0,0,0,0,0,4,1
7389,1167,第13回全国競技かるた山口大会(12/21),2025-12-21,後分割,,188,188,436,6,6,1,0,1,69,68,0,0,0,68,0,0,0,1,0,0,0,0,0,0,0,24,0
7390,1168,第13回全国競技かるた山口大会(12/20),2025-12-20,後分割,,217,217,439,5,5,1,0,0,23,23,0,0,0,23,0,0,0,0,0,0,0,0,0,0,0,36,0
7391,1169,"第15回全国競技かるた岡山大会(D,E・12/21)",2025-12-21,D,D,63,63,125,6,6,1,0,0,1,1,0,0,0,3,0,0,0,0,0,0,0,0,0,0,0,8,1
7392,1169,"第15回全国競技かるた岡山大会(D,E・12/21)",2025-12-21,E,E,25,25,55,5,5,1,0,0,7,7,0,0,0,7,0,0,0,0,0,0,0,0,0,0,0,8,1
7393,1170,第8回全国競技かるた大阪なにはえ大会(A),2025-12-21,A,A,73,73,197,6,6,1,0,0,55,55,0,0,0,55,0,0,0,0,0,0,0,0,0,0,0,16,0
7394,1171,第75回高松宮記念杯近江神宮全国競技かるた大会(C),2025-12-21,C1,C,30,30,60,5,5,1,0,0,2,2,0,0,0,2,0,0,0,0,0,0,0,0,0,0,0,4,1
7395,1171,第75回高松宮記念杯近江神宮全国競技かるた大会(C),2025-12-21,C2,C,29,29,59,5,5,1,0,0,3,3,0,0,0,3,0,0,0,0,0,0,0,0,0,0,0,4,1
7396,1171,第75回高松宮記念杯近江神宮全国競技かるた大会(C),2025-12-21,C3,C,30,30,60,5,5,1,0,0,2,2,0,0,0,2,0,0,0,0,0,0,0,0,0,0,0,4,1
7397,1171,第75回高松宮記念杯近江神宮全国競技かるた大会(C),2025-12-21,C4,C,29,29,59,5,5,1,0,0,3,3,0,0,0,3,0,0,0,0,0,0,0,0,0,0,0,4,1
7398,1171,第75回高松宮記念杯近江神宮全国競技かるた大会(C),2025-12-21,C5,C,27,27,57,5,5,1,0,0,5,5,0,0,0,5,0,0,0,0,0,0,0,0,0,0,0,4,1
7399,1171,第75回高松宮記念杯近江神宮全国競技かるた大会(C),2025-12-21,C6,C,28,28,58,5,5,1,0,0,4,4,0,0,0,4,0,0,0,0,0,0,0,0,0,0,0,4,1
7400,1171,第75回高松宮記念杯近江神宮全国競技かるた大会(C),2025-12-21,C7,C,29,29,59,5,5,1,0,0,3,3,0,0,0,3,0,0,0,0,0,0,0,0,0,0,0,4,1
7401,1171,第75回高松宮記念杯近江神宮全国競技かるた大会(C),2025-12-21,C8,C,28,28,58,5,5,1,0,0,4,4,0,0,0,4,0,0,0,0,0,0,0,0,0,0,0,4,1
7402,1171,第75回高松宮記念杯近江神宮全国競技かるた大会(C),2025-12-21,C9,C,26,26,56,5,5,1,0,0,6,6,0,0,0,6,0,0,0,0,0,0,0,0,0,0,0,4,1
7403,1172,第71回小倉百人一首競技かるた新春全国大会(D),2025-12-28,D1,D,32,32,62,5,5,1,0,0,0,0,0,0,0,2,0,0,0,0,0,0,0,0,0,0,0,8,1
7404,1172,第71回小倉百人一首競技かるた新春全国大会(D),2025-12-28,D2,D,32,32,62,5,5,1,0,0,0,0,0,0,0,2,0,0,0,0,0,0,0,0,0,0,0,8,1
7405,1172,第71回小倉百人一首競技かるた新春全国大会(D),2025-12-28,D3,D,32,32,62,5,5,1,0,0,0,0,0,0,0,0,0,0,0,0,0,0,0,0,0,0,0,8,1
7406,1172,第71回小倉百人一首競技かるた新春全国大会(D),2025-12-28,D4,D,32,32,62,5,5,1,0,0,0,0,0,0,0,0,0,0,0,0,0,0,0,0,0,0,0,8,1
7407,1173,第44回全国競技かるた東京吉野会大会(A),2025-12-20,A1,A,64,64,126,6,6,1,0,0,0,0,0,0,0,0,0,0,0,0,0,0,0,0,0,0,0,8,1
7408,1173,第44回全国競技かるた東京吉野会大会(A),2025-12-20,A2,A,64,64,126,6,6,1,0,0,0,0,0,0,0,0,0,0,0,0,0,0,0,0,0,0,0,8,1
7409,1173,第44回全国競技かるた東京吉野会大会(A),2025-12-20,A3,A,64,64,126,6,6,1,0,0,0,0,0,0,0,0,0,0,0,0,0,0,0,0,0,0,0,8,1
7410,1174,第75回高松宮記念杯近江神宮全国競技かるた大会(A),2026-01-12,A,A,124,124,248,6,6,1,0,0,4,4,0,0,0,4,0,0,0,0,0,0,0,0,0,0,0,16,0
7411,1175,"第55回太宰府小倉百人一首競技かるた大会(B,C)",2026-01-10,B,B,95,95,219,6,6,1,0,0,33,33,0,0,0,33,0,0,0,0,0,0,0,0,0,0,0,8,0
7412,1175,"第55回太宰府小倉百人一首競技かるた大会(B,C)",2026-01-10,C,C,114,114,234,5,5,1,0,0,14,14,0,0,0,14,0,2,0,0,0,0,0,0,0,0,0,16,0
7413,1176,第77回全国競技かるた京都大会(CDE級),2026-01-17,C1,C,28,28,58,5,5,1,0,0,4,4,0,0,0,4,0,0,0,0,0,0,0,0,0,0,0,2,1
7414,1176,第77回全国競技かるた京都大会(CDE級),2026-01-17,C2,C,28,28,58,5,5,1,0,0,4,4,0,0,0,4,0,0,0,0,0,0,0,0,0,0,0,2,1
7415,1176,第77回全国競技かるた京都大会(CDE級),2026-01-17,C3,C,30,30,60,5,5,1,0,0,2,2,0,0,0,2,0,0,0,0,0,0,0,0,0,0,0,2,1
7416,1176,第77回全国競技かるた京都大会(CDE級),2026-01-17,C4,C,28,28,58,5,5,1,0,0,4,4,0,0,0,4,0,0,0,0,0,0,0,0,0,0,0,2,1
7417,1176,第77回全国競技かるた京都大会(CDE級),2026-01-17,C5,C,26,26,56,5,5,1,0,0,6,6,0,0,0,6,0,0,0,0,0,0,0,0,0,0,0,2,1
7418,1176,第77回全国競技かるた京都大会(CDE級),2026-01-17,C6,C,26,26,56,5,5,1,0,0,6,6,0,0,0,6,0,0,0,0,0,0,0,0,0,0,0,2,1
7419,1176,第77回全国競技かるた京都大会(CDE級),2026-01-17,C7,C,26,26,56,5,5,1,0,0,6,6,0,0,0,6,0,0,0,0,0,0,0,0,0,0,0,2,1
7420,1176,第77回全国競技かるた京都大会(CDE級),2026-01-17,D1,D,26,26,56,5,5,1,0,0,6,6,0,0,0,6,0,0,0,0,0,0,0,0,0,0,0,4,1
7421,1176,第77回全国競技かるた京都大会(CDE級),2026-01-17,D2,D,26,26,56,5,5,1,0,0,6,6,0,0,0,6,0,0,0,0,0,0,0,0,0,0,0,4,1
7422,1176,第77回全国競技かるた京都大会(CDE級),2026-01-17,D3,D,28,28,58,5,5,1,0,0,4,4,0,0,0,4,0,0,0,0,0,0,0,0,0,0,0,4,1
7423,1176,第77回全国競技かるた京都大会(CDE級),2026-01-17,D4,D,27,27,57,5,5,1,0,0,5,5,0,0,0,5,0,0,0,0,0,0,0,0,0,0,0,4,1
7424,1176,第77回全国競技かるた京都大会(CDE級),2026-01-17,D5,D,26,26,56,5,5,1,0,0,6,6,0,0,0,6,0,0,0,0,0,0,0,0,0,0,0,4,1
7425,1176,第77回全国競技かるた京都大会(CDE級),2026-01-17,D6,D,25,25,55,5,5,1,0,0,7,7,0,0,0,7,0,0,0,0,0,0,0,0,0,0,0,4,1
7426,1176,第77回全国競技かるた京都大会(CDE級),2026-01-17,D7,D,27,27,57,5,5,1,0,0,5,5,0,0,0,5,0,0,0,0,0,0,0,0,0,0,0,4,1
7427,1176,第77回全国競技かるた京都大会(CDE級),2026-01-17,D8,D,26,26,56,5,5,1,0,0,6,6,0,0,0,6,0,0,0,0,0,0,0,0,0,0,0,4,1
7428,1176,第77回全国競技かるた京都大会(CDE級),2026-01-17,D9,D,27,27,55,4,4,1,0,0,5,5,0,0,0,5,0,0,0,0,0,0,0,0,0,0,0,4,0
7429,1176,第77回全国競技かるた京都大会(CDE級),2026-01-17,E1,E,23,23,53,5,5,1,0,0,9,9,0,0,0,11,0,2,0,0,0,0,0,0,0,0,0,4,1
7430,1176,第77回全国競技かるた京都大会(CDE級),2026-01-17,E2,E,22,22,52,5,5,1,0,0,10,10,0,0,0,10,0,0,0,0,0,0,0,0,0,0,0,4,1
7431,1176,第77回全国競技かるた京都大会(CDE級),2026-01-17,E3,E,22,22,52,5,5,1,0,0,10,10,0,0,0,10,0,0,0,0,0,0,0,0,0,0,0,4,1
7432,1176,第77回全国競技かるた京都大会(CDE級),2026-01-17,E4,E,21,21,51,5,5,1,0,0,11,11,0,0,0,13,0,0,0,0,0,0,0,0,0,0,0,4,1
7433,1176,第77回全国競技かるた京都大会(CDE級),2026-01-17,E5,E,22,22,52,5,5,1,0,0,10,10,0,0,0,10,0,0,0,0,0,0,0,0,0,0,0,4,1
7434,1176,第77回全国競技かるた京都大会(CDE級),2026-01-17,E6,E,21,21,51,5,5,1,0,0,11,11,0,0,0,11,0,0,0,0,0,0,0,0,0,0,0,4,1
7435,1176,第77回全国競技かるた京都大会(CDE級),2026-01-17,E7,E,20,20,50,5,5,1,0,0,12,12,0,0,0,12,0,0,0,0,0,0,0,0,0,0,0,4,1
7436,1176,第77回全国競技かるた京都大会(CDE級),2026-01-17,E8,E,15,15,44,5,5,1,0,7,16,9,0,0,0,9,0,0,0,0,0,0,0,0,0,0,0,4,1
7437,1177,"第59回全国競技かるた静岡大会(D,E・01/18)",2026-01-18,D1,D,28,28,58,5,5,1,0,0,4,4,0,0,0,4,0,0,0,0,0,0,0,0,0,0,0,4,1
7438,1177,"第59回全国競技かるた静岡大会(D,E・01/18)",2026-01-18,D2,D,25,25,55,5,5,1,0,0,7,7,0,0,0,7,0,0,0,0,0,0,0,0,0,0,0,4,1
7439,1177,"第59回全国競技かるた静岡大会(D,E・01/18)",2026-01-18,D3,D,27,27,57,5,5,1,0,0,5,5,0,0,0,5,0,0,0,0,0,0,0,0,0,0,0,4,1
7440,1177,"第59回全国競技かるた静岡大会(D,E・01/18)",2026-01-18,E1,E,13,13,27,4,4,1,0,0,3,3,0,0,0,3,0,0,0,0,0,0,0,0,0,0,0,4,1
7441,1177,"第59回全国競技かるた静岡大会(D,E・01/18)",2026-01-18,E2,E,12,12,26,4,4,1,0,0,4,4,0,0,0,4,0,0,0,0,0,0,0,0,0,0,0,4,1
7442,1177,"第59回全国競技かるた静岡大会(D,E・01/18)",2026-01-18,E3,E,15,15,29,4,4,1,0,0,1,1,0,0,0,1,0,0,0,0,0,0,0,0,0,0,0,4,1
7443,1177,"第59回全国競技かるた静岡大会(D,E・01/18)",2026-01-18,E4,E,14,14,28,4,4,1,0,0,2,2,0,0,0,2,0,0,0,0,0,0,0,0,0,0,0,4,1
7444,1177,"第59回全国競技かるた静岡大会(D,E・01/18)",2026-01-18,E5,E,11,11,25,4,4,1,0,0,5,5,0,0,0,5,0,2,0,0,0,0,0,0,0,0,0,4,1
7445,1177,"第59回全国競技かるた静岡大会(D,E・01/18)",2026-01-18,-,,5,5,11,3,3,1,0,0,3,3,0,0,0,3,0,0,0,0,0,0,0,0,0,0,0,2,1
7446,1178,"第83回全国競技かるた桑名大会(C,D,E)",2026-01-17,C1,C,28,28,58,5,5,1,0,0,4,4,0,0,0,4,0,0,0,0,0,0,0,0,0,0,0,4,1
7447,1178,"第83回全国競技かるた桑名大会(C,D,E)",2026-01-17,C2,C,30,30,60,5,5,1,0,0,2,2,0,0,0,2,0,0,0,0,0,0,0,0,0,0,0,4,1
7448,1178,"第83回全国競技かるた桑名大会(C,D,E)",2026-01-17,C3,C,30,30,60,5,5,1,0,0,2,2,0,0,0,2,0,0,0,0,0,0,0,0,0,0,0,4,1
7449,1178,"第83回全国競技かるた桑名大会(C,D,E)",2026-01-17,C4,C,30,30,60,5,5,1,0,0,2,2,0,0,0,2,0,0,0,0,0,0,0,0,0,0,0,4,1
7450,1178,"第83回全国競技かるた桑名大会(C,D,E)",2026-01-17,D1,D,25,25,55,5,5,1,0,0,7,7,0,0,0,7,0,0,0,0,0,0,0,0,0,0,0,4,1
7451,1178,"第83回全国競技かるた桑名大会(C,D,E)",2026-01-17,D2,D,29,29,59,5,5,1,0,0,3,3,0,0,0,3,0,2,0,0,0,0,0,0,0,0,0,4,1
7452,1178,"第83回全国競技かるた桑名大会(C,D,E)",2026-01-17,D3,D,28,28,58,5,5,1,0,0,4,4,0,0,0,4,0,0,0,0,0,0,0,0,0,0,0,4,1
7453,1178,"第83回全国競技かるた桑名大会(C,D,E)",2026-01-17,D4,D,25,25,55,5,5,1,0,0,7,7,0,0,0,7,0,0,0,0,0,0,0,0,0,0,0,4,1
7454,1178,"第83回全国競技かるた桑名大会(C,D,E)",2026-01-17,E1,E,27,27,57,5,5,1,0,0,5,5,0,0,0,5,0,0,0,0,0,0,0,0,0,0,0,4,1
7455,1178,"第83回全国競技かるた桑名大会(C,D,E)",2026-01-17,E2,E,22,22,52,5,5,1,0,0,10,10,0,0,0,10,0,2,0,0,0,0,0,0,0,0,0,4,1
7456,1178,"第83回全国競技かるた桑名大会(C,D,E)",2026-01-17,E3,E,31,31,61,5,5,1,0,0,1,1,0,0,0,1,0,0,0,0,0,0,0,0,0,0,0,4,1
7457,1178,"第83回全国競技かるた桑名大会(C,D,E)",2026-01-17,E4,E,27,27,57,5,5,1,0,0,5,5,0,0,0,5,0,0,0,0,0,0,0,0,0,0,0,4,1
7458,1178,"第83回全国競技かるた桑名大会(C,D,E)",2026-01-17,E5,E,24,24,54,5,5,1,0,0,8,8,0,0,0,8,0,0,0,0,0,0,0,0,0,0,0,4,1
7459,1179,"第55回太宰府小倉百人一首競技かるた大会(A,D)",2026-01-17,A,A,98,98,222,6,6,1,0,2,32,30,0,0,0,30,0,0,0,2,0,0,0,0,0,0,0,16,0
7460,1179,"第55回太宰府小倉百人一首競技かるた大会(A,D)",2026-01-17,D,D,135,135,285,5,5,1,0,0,25,25,0,0,0,25,0,2,0,0,0,0,0,0,0,0,0,40,0
7461,1180,第75回高松宮記念杯近江神宮全国競技かるた大会(B),2026-01-18,B1,B,62,62,124,6,6,1,0,0,2,2,0,0,0,2,0,0,0,0,0,0,0,0,0,0,0,8,1
7462,1180,第75回高松宮記念杯近江神宮全国競技かるた大会(B),2026-01-18,B2,B,61,61,123,6,6,1,0,0,3,3,0,0,0,3,0,0,0,0,0,0,0,0,0,0,0,8,1
7463,1180,第75回高松宮記念杯近江神宮全国競技かるた大会(B),2026-01-18,B3,B,62,62,124,6,6,1,0,0,2,2,0,0,0,2,0,0,0,0,0,0,0,0,0,0,0,8,1
7464,1181,"第71回小倉百人一首競技かるた新春全国大会(B,D)",2026-01-11,B1,B,62,62,124,6,6,1,0,0,2,2,0,0,0,2,0,0,0,0,0,0,0,0,0,0,0,8,1
7465,1181,"第71回小倉百人一首競技かるた新春全国大会(B,D)",2026-01-11,B2,B,64,64,126,6,6,1,0,0,0,0,0,0,0,0,0,0,0,0,0,0,0,0,0,0,0,8,1
7466,1181,"第71回小倉百人一首競技かるた新春全国大会(B,D)",2026-01-11,B3,B,64,64,126,6,6,1,0,0,0,0,0,0,0,0,0,0,0,0,0,0,0,0,0,0,0,8,1
7467,1181,"第71回小倉百人一首競技かるた新春全国大会(B,D)",2026-01-11,B4,B,64,64,126,6,6,1,0,0,0,0,0,0,0,0,0,0,0,0,0,0,0,0,0,0,0,8,1
7468,1181,"第71回小倉百人一首競技かるた新春全国大会(B,D)",2026-01-11,D5,D,32,32,62,5,5,1,0,0,0,0,0,0,0,0,0,0,0,0,0,0,0,0,0,0,0,8,1
7469,1181,"第71回小倉百人一首競技かるた新春全国大会(B,D)",2026-01-11,D6,D,32,32,62,5,5,1,0,0,0,0,0,0,0,0,0,0,0,0,0,0,0,0,0,0,0,8,1
7470,1181,"第71回小倉百人一首競技かるた新春全国大会(B,D)",2026-01-11,D7,D,32,32,62,5,5,1,0,0,0,0,0,0,0,2,0,0,0,0,0,0,0,0,0,0,0,8,1
7471,1181,"第71回小倉百人一首競技かるた新春全国大会(B,D)",2026-01-11,D8,D,32,32,62,5,5,1,0,0,0,0,0,0,0,0,0,0,0,0,0,0,0,0,0,0,0,8,1
7472,1182,第39回全国小学生選手権大会,2026-01-18,B,B,4,4,13,4,4,1,0,7,7,0,0,0,0,0,0,0,0,0,0,0,0,0,0,0,0,4,1
7473,1182,第39回全国小学生選手権大会,2026-01-18,D,D,20,20,41,5,5,1,0,22,29,7,0,0,0,7,0,0,0,0,0,0,0,0,0,0,0,7,0
7474,1182,第39回全国小学生選手権大会,2026-01-18,C,C,11,11,27,5,5,1,0,17,21,3,0,0,0,4,0,0,0,0,0,0,0,0,0,0,0,6,0
7475,1182,第39回全国小学生選手権大会,2026-01-18,E,E,11,11,23,3,3,1,0,9,17,8,0,0,0,8,0,0,0,0,0,0,0,0,0,0,0,3,0
7476,1183,第71回小倉百人一首競技かるた新春全国大会(E),2026-01-10,E1,E,27,27,57,5,5,1,0,0,5,5,0,0,0,5,0,0,0,0,0,0,0,0,0,0,0,8,1
7477,1183,第71回小倉百人一首競技かるた新春全国大会(E),2026-01-10,E2,E,27,27,57,5,5,1,0,0,5,5,0,0,0,5,0,0,0,0,0,0,0,0,0,0,0,8,1
7478,1183,第71回小倉百人一首競技かるた新春全国大会(E),2026-01-10,E3,E,26,26,56,5,5,1,0,0,6,6,0,0,0,6,0,0,0,0,0,0,0,0,0,0,0,8,1
7479,1183,第71回小倉百人一首競技かるた新春全国大会(E),2026-01-10,E4,E,28,28,58,5,5,1,0,0,4,4,0,0,0,4,0,0,0,0,0,0,0,0,0,0,0,8,1
7480,1183,第71回小倉百人一首競技かるた新春全国大会(E),2026-01-10,E5,E,27,27,57,5,5,1,0,0,5,5,0,0,0,5,0,0,0,0,0,0,0,0,0,0,0,8,1
7481,1183,第71回小倉百人一首競技かるた新春全国大会(E),2026-01-10,E6,E,28,28,58,5,5,1,0,0,4,4,0,0,0,4,0,2,0,0,0,0,0,0,0,0,0,8,1
7482,1183,第71回小倉百人一首競技かるた新春全国大会(E),2026-01-10,E7,E,25,25,55,5,5,1,0,0,7,7,0,0,0,7,0,0,0,0,0,0,0,0,0,0,0,8,1
7483,1183,第71回小倉百人一首競技かるた新春全国大会(E),2026-01-10,E8,E,28,28,58,5,5,1,0,0,4,4,0,0,0,4,0,0,0,0,0,0,0,0,0,0,0,8,1
7484,1183,第71回小倉百人一首競技かるた新春全国大会(E),2026-01-10,E9,E,27,27,57,5,5,1,0,0,5,5,0,0,0,5,0,0,0,0,0,0,0,0,0,0,0,8,1
7485,1183,第71回小倉百人一首競技かるた新春全国大会(E),2026-01-10,E10,E,28,28,58,5,5,1,0,0,4,4,0,0,0,4,0,2,0,0,0,0,0,0,0,0,0,8,1
7486,1183,第71回小倉百人一首競技かるた新春全国大会(E),2026-01-10,E11,E,28,28,58,5,5,1,0,0,4,4,0,0,0,4,0,2,0,4,0,0,0,0,0,0,0,8,1
7487,1183,第71回小倉百人一首競技かるた新春全国大会(E),2026-01-10,E12,E,27,27,57,5,5,1,0,0,5,5,0,0,0,5,0,0,0,0,0,0,0,0,0,0,0,8,1
7488,1183,第71回小倉百人一首競技かるた新春全国大会(E),2026-01-10,E13,E,24,24,54,5,5,1,0,0,8,8,0,0,0,10,0,2,0,0,0,0,0,0,0,0,0,8,1
7489,1183,第71回小倉百人一首競技かるた新春全国大会(E),2026-01-10,E14,E,25,25,55,5,5,1,0,0,7,7,0,0,0,7,0,0,0,0,0,0,0,0,0,0,0,8,1
7490,1183,第71回小倉百人一首競技かるた新春全国大会(E),2026-01-10,E15,E,26,26,56,5,5,1,0,0,6,6,0,0,0,6,0,0,0,0,0,0,0,0,0,0,0,8,1
7491,1183,第71回小倉百人一首競技かるた新春全国大会(E),2026-01-10,E16,E,26,26,56,5,5,1,0,0,6,6,0,0,0,6,0,0,0,0,0,0,0,0,0,0,0,8,1
7492,1184,第79回全国競技かるた東京東会大会(E),2026-01-18,E1,E,16,16,15,4,4,1,0,0,0,0,0,0,0,0,0,1,0,15,0,0,1,0,0,0,0,4,0
7493,1184,第79回全国競技かるた東京東会大会(E),2026-01-18,E2,E,16,16,15,4,4,1,0,0,0,0,0,0,0,0,0,0,0,15,0,0,1,0,0,0,0,4,0
7494,1184,第79回全国競技かるた東京東会大会(E),2026-01-18,E3,E,16,16,15,4,4,1,0,0,0,0,0,0,0,0,0,0,0,15,0,0,1,0,0,0,0,4,0
7495,1184,第79回全国競技かるた東京東会大会(E),2026-01-18,E4,E,16,16,15,4,4,1,0,0,0,0,0,0,0,0,0,0,0,15,0,0,1,0,0,0,0,4,0
7496,1184,第79回全国競技かるた東京東会大会(E),2026-01-18,E5,E,16,16,15,4,4,1,0,0,0,0,0,0,0,0,0,0,0,15,0,0,1,0,0,0,0,4,0
7497,1184,第79回全国競技かるた東京東会大会(E),2026-01-18,E6,E,16,16,15,4,4,1,0,0,0,0,0,0,0,0,0,0,0,15,0,0,1,0,0,0,0,4,0
7498,1184,第79回全国競技かるた東京東会大会(E),2026-01-18,E7,E,16,16,15,4,4,1,0,0,0,0,0,0,0,0,0,0,0,15,0,0,1,0,0,0,0,4,0
7499,1184,第79回全国競技かるた東京東会大会(E),2026-01-18,E8,E,16,16,15,4,4,1,0,0,0,0,0,0,0,0,0,0,0,15,0,0,1,0,0,0,0,4,0
7500,1184,第79回全国競技かるた東京東会大会(E),2026-01-18,E9,E,16,16,15,4,4,1,0,0,0,0,0,0,0,0,0,0,0,15,0,0,1,0,0,0,0,4,0
7501,1184,第79回全国競技かるた東京東会大会(E),2026-01-18,E10,E,15,15,14,4,4,1,0,0,0,0,0,0,0,0,0,0,0,14,0,0,1,0,0,0,0,4,0
7502,1184,第79回全国競技かるた東京東会大会(E),2026-01-18,E11,E,15,15,14,4,4,1,0,0,0,0,0,0,0,0,0,0,0,14,0,0,1,0,0,0,0,4,0
7503,1184,第79回全国競技かるた東京東会大会(E),2026-01-18,E12,E,15,15,14,4,4,1,0,0,0,0,0,0,0,0,0,0,0,14,0,0,1,0,0,0,0,4,0
7504,1184,第79回全国競技かるた東京東会大会(E),2026-01-18,E13,E,15,15,14,4,4,1,0,0,0,0,0,0,0,0,0,0,0,14,0,0,1,0,0,0,0,4,0
7505,1184,第79回全国競技かるた東京東会大会(E),2026-01-18,E14,E,15,15,14,4,4,1,0,0,0,0,0,0,0,0,0,0,0,14,0,0,1,0,0,0,0,4,0
7506,1185,第71回小倉百人一首競技かるた新春全国大会(A),2026-01-25,A1,A,52,52,114,6,6,1,0,0,12,12,0,0,0,12,0,0,0,0,0,0,0,0,0,0,0,8,1
7507,1185,第71回小倉百人一首競技かるた新春全国大会(A),2026-01-25,A2,A,49,49,111,6,6,1,0,0,15,15,0,0,0,15,0,0,0,0,0,0,0,0,0,0,0,8,1
7508,1185,第71回小倉百人一首競技かるた新春全国大会(A),2026-01-25,A3,A,55,55,117,6,6,1,0,0,9,9,0,0,0,9,0,0,0,0,0,0,0,0,0,0,0,8,1
7509,1186,第71回小倉百人一首競技かるた新春全国大会(C),2026-01-24,C1,C,28,28,58,5,5,1,0,0,4,4,0,0,0,4,0,0,0,0,0,0,0,0,0,0,0,4,1
7510,1186,第71回小倉百人一首競技かるた新春全国大会(C),2026-01-24,C2,C,29,29,59,5,5,1,0,0,3,3,0,0,0,3,0,0,0,0,0,0,0,0,0,0,0,4,1
7511,1186,第71回小倉百人一首競技かるた新春全国大会(C),2026-01-24,C3,C,29,29,59,5,5,1,0,0,3,3,0,0,0,3,0,0,0,0,0,0,0,0,0,0,0,4,1
7512,1186,第71回小倉百人一首競技かるた新春全国大会(C),2026-01-24,C4,C,30,30,60,5,5,1,0,0,2,2,0,0,0,2,0,0,0,0,0,0,0,0,0,0,0,4,1
7513,1186,第71回小倉百人一首競技かるた新春全国大会(C),2026-01-24,C5,C,29,29,59,5,5,1,0,0,3,3,0,0,0,3,0,0,0,0,0,0,0,0,0,0,0,4,1
7514,1186,第71回小倉百人一首競技かるた新春全国大会(C),2026-01-24,C6,C,30,30,60,5,5,1,0,0,2,2,0,0,0,2,0,0,0,0,0,0,0,0,0,0,0,4,1
7515,1186,第71回小倉百人一首競技かるた新春全国大会(C),2026-01-24,C7,C,29,29,59,5,5,1,0,0,3,3,0,0,0,3,0,0,0,0,0,0,0,0,0,0,0,4,1
7516,1186,第71回小倉百人一首競技かるた新春全国大会(C),2026-01-24,C8,C,30,30,60,5,5,1,0,0,2,2,0,0,0,2,0,0,0,0,0,0,0,0,0,0,0,4,1
7517,1187,第107回全国競技かるた大阪大会(A),2026-02-01,A1,A,44,44,106,6,6,1,0,0,20,20,0,0,0,20,0,0,0,0,0,0,0,0,0,0,0,8,1
7518,1187,第107回全国競技かるた大阪大会(A),2026-02-01,A2,A,50,50,112,6,6,1,0,0,14,14,0,0,0,14,0,0,0,0,0,0,0,0,0,0,0,8,1
7519,1188,"第34回全国競技かるた広島大会(A,B)",2026-01-25,A級,A,79,79,203,6,6,1,0,0,49,49,0,0,0,49,0,0,0,0,0,0,0,0,0,0,0,16,0
7520,1188,"第34回全国競技かるた広島大会(A,B)",2026-01-25,B級,B,91,91,215,6,6,1,0,0,37,37,0,0,0,37,0,0,0,0,0,0,0,0,0,0,0,8,0
7521,1189,"第21回全国競技かるた香川大会(D,E)",2026-02-11,D,D,54,54,114,5,5,1,0,0,10,10,0,0,0,10,0,0,0,0,0,0,0,0,0,0,0,8,0
7522,1189,"第21回全国競技かるた香川大会(D,E)",2026-02-11,E,E,37,37,97,5,5,1,0,0,27,27,0,0,0,29,0,0,0,0,0,0,0,0,0,0,0,8,0
7523,1190,"第45回全国競技かるた鹿児島大会(D,E・02/08)",2026-02-08,D,D,59,59,119,5,5,1,0,0,5,5,0,0,0,7,0,0,0,0,0,0,0,0,0,0,0,8,0
7524,1190,"第45回全国競技かるた鹿児島大会(D,E・02/08)",2026-02-08,E,E,47,47,89,4,4,1,0,0,1,1,0,0,0,1,0,0,0,0,0,0,0,0,0,0,0,12,0
7525,1191,"第9回全国競技かるた信州大会(B,C)",2026-02-14,B級,B,139,139,325,6,6,1,0,0,53,53,0,0,0,55,0,0,0,0,0,0,0,0,0,0,0,12,0
7526,1191,"第9回全国競技かるた信州大会(B,C)",2026-02-14,C級,C,78,78,168,5,5,1,0,0,18,18,0,0,0,18,0,0,0,0,0,0,0,0,0,0,0,12,0
7527,1192,第59回全国競技かるた静岡大会(C),2026-02-11,C1,C,27,27,57,5,5,1,0,0,5,5,0,0,0,5,0,0,0,0,0,0,0,0,0,0,0,4,1
7528,1192,第59回全国競技かるた静岡大会(C),2026-02-11,C2,C,29,29,59,5,5,1,0,0,3,3,0,0,0,3,0,0,0,0,0,0,0,0,0,0,0,4,1
7529,1192,第59回全国競技かるた静岡大会(C),2026-02-11,C3,C,29,29,59,5,5,1,0,0,3,3,0,0,0,3,0,0,0,0,0,0,0,0,0,0,0,4,1
7530,1192,第59回全国競技かるた静岡大会(C),2026-02-11,C4,C,27,27,57,5,5,1,0,0,5,5,0,0,0,5,0,0,0,0,0,0,0,0,0,0,0,4,1
7531,1192,第59回全国競技かるた静岡大会(C),2026-02-11,C5,C,31,31,61,5,5,1,0,0,1,1,0,0,0,1,0,0,0,0,0,0,0,0,0,0,0,4,1
7532,1193,"第37回全国競技かるた東大阪大会(B,C,D)",2026-02-22,B1,B,62,62,124,6,6,1,0,0,2,2,0,0,0,2,0,0,0,0,0,0,0,0,0,0,0,8,1
7533,1193,"第37回全国競技かるた東大阪大会(B,C,D)",2026-02-22,B2,B,64,64,126,6,6,1,0,0,0,0,0,0,0,0,0,0,0,0,0,0,0,0,0,0,0,8,1
7534,1193,"第37回全国競技かるた東大阪大会(B,C,D)",2026-02-22,C1,C,31,31,61,5,5,1,0,0,1,1,0,0,0,1,0,0,0,0,0,0,0,0,0,0,0,8,1
7535,1193,"第37回全国競技かるた東大阪大会(B,C,D)",2026-02-22,C2,C,31,31,61,5,5,1,0,0,1,1,0,0,0,1,0,0,0,0,0,0,0,0,0,0,0,8,1
7536,1193,"第37回全国競技かるた東大阪大会(B,C,D)",2026-02-22,C3,C,32,32,62,5,5,1,0,0,0,0,0,0,0,0,0,0,0,0,0,0,0,0,0,0,0,8,1
7537,1193,"第37回全国競技かるた東大阪大会(B,C,D)",2026-02-22,C4,C,28,28,58,5,5,1,0,0,4,4,0,0,0,4,0,0,0,0,0,0,0,0,0,0,0,8,1
7538,1193,"第37回全国競技かるた東大阪大会(B,C,D)",2026-02-22,D1,D,32,32,62,5,5,1,0,0,0,0,0,0,0,0,0,0,0,0,0,0,0,0,0,0,0,4,1
7539,1193,"第37回全国競技かるた東大阪大会(B,C,D)",2026-02-22,D2,D,32,32,62,5,5,1,0,0,0,0,0,0,0,0,0,0,0,0,0,0,0,0,0,0,0,4,1
7540,1193,"第37回全国競技かるた東大阪大会(B,C,D)",2026-02-22,D3,D,29,29,59,5,5,1,0,0,3,3,0,0,0,3,0,0,0,0,0,0,0,0,0,0,0,4,1
7541,1193,"第37回全国競技かるた東大阪大会(B,C,D)",2026-02-22,D4,D,32,32,62,5,5,1,0,0,0,0,0,0,0,0,0,0,0,0,0,0,0,0,0,0,0,4,1
7542,1194,"第59回全国競技かるた静岡大会(A,B)",2026-02-23,A1,A,63,63,125,6,6,1,0,0,1,1,0,0,0,1,0,0,0,0,0,0,0,0,0,0,0,8,1
7543,1194,"第59回全国競技かるた静岡大会(A,B)",2026-02-23,A2,A,64,64,126,6,6,1,0,0,0,0,0,0,0,0,0,0,0,0,0,0,0,0,0,0,0,8,1
7544,1194,"第59回全国競技かるた静岡大会(A,B)",2026-02-23,A3,A,62,62,124,6,6,1,0,0,2,2,0,0,0,2,0,0,0,0,0,0,0,0,0,0,0,8,1
7545,1194,"第59回全国競技かるた静岡大会(A,B)",2026-02-23,B1,B,58,58,120,6,6,1,0,0,6,6,0,0,0,8,0,0,0,0,0,0,0,0,0,0,0,8,1
7546,1194,"第59回全国競技かるた静岡大会(A,B)",2026-02-23,B2,B,61,61,123,6,6,1,0,0,3,3,0,0,0,3,0,0,0,0,0,0,0,0,0,0,0,8,1
7547,1194,"第59回全国競技かるた静岡大会(A,B)",2026-02-23,B3,B,57,57,119,6,6,1,0,0,7,7,0,0,0,7,0,0,0,0,0,0,0,0,0,0,0,8,1
7548,1194,"第59回全国競技かるた静岡大会(A,B)",2026-02-23,B4,B,63,63,125,6,6,1,0,0,1,1,0,0,0,1,0,0,0,0,0,0,0,0,0,0,0,8,1
7549,1195,第79回全国競技かるた東京東会大会(A),2026-02-21,A,A,249,249,245,6,6,1,0,0,0,0,0,0,0,0,0,0,0,245,0,0,4,0,0,0,0,32,0
7550,1196,第79回全国競技かるた東京東会大会(D),2026-02-22,D,D,357,357,345,5,5,1,0,0,0,0,0,0,0,2,0,0,0,345,0,0,12,0,0,0,0,48,0
7551,1197,第41回全国選抜かるた大会,2026-03-08,A,A,32,32,72,5,5,1,0,0,0,0,0,0,0,0,0,0,0,0,0,0,0,0,0,0,0,8,0
7552,1198,"第83回全国競技かるた桑名大会(A,B)",2026-03-14,A1,A,60,60,122,6,6,1,0,0,4,4,0,0,0,4,0,0,0,0,0,0,0,0,0,0,0,8,1
7553,1198,"第83回全国競技かるた桑名大会(A,B)",2026-03-14,A2,A,53,53,115,6,6,1,0,0,11,11,0,0,0,11,0,0,0,0,0,0,0,0,0,0,0,8,1
7554,1198,"第83回全国競技かるた桑名大会(A,B)",2026-03-14,A3,A,59,59,121,6,6,1,0,0,5,5,0,0,0,5,0,0,0,0,0,0,0,0,0,0,0,8,1
7555,1198,"第83回全国競技かるた桑名大会(A,B)",2026-03-14,B1,B,62,62,124,6,6,1,0,0,2,2,0,0,0,2,0,0,0,0,0,0,0,0,0,0,0,8,1
7556,1198,"第83回全国競技かるた桑名大会(A,B)",2026-03-14,B2,B,62,62,124,6,6,1,0,0,2,2,0,0,0,4,0,0,0,0,0,0,0,0,0,0,0,8,1
7557,1198,"第83回全国競技かるた桑名大会(A,B)",2026-03-14,B3,B,61,61,123,6,6,1,0,0,3,3,0,0,0,3,0,0,0,0,0,0,0,0,0,0,0,8,1
7558,1198,"第83回全国競技かるた桑名大会(A,B)",2026-03-14,B4,B,60,60,122,6,6,1,0,0,4,4,0,0,0,4,0,0,0,0,0,0,0,0,0,0,0,8,1
7559,1199,"第45回全国競技かるた鹿児島大会(A,B,C)",2026-03-15,A,A,102,102,226,6,6,1,0,0,26,26,0,0,0,26,0,0,0,0,0,0,0,0,0,0,0,16,0
7560,1199,"第45回全国競技かるた鹿児島大会(A,B,C)",2026-03-15,B,B,113,113,237,6,6,1,0,0,15,15,0,0,0,15,0,0,0,0,0,0,0,0,0,0,0,16,0
7561,1199,"第45回全国競技かるた鹿児島大会(A,B,C)",2026-03-15,C,C,100,100,220,5,5,1,0,0,28,28,0,0,0,28,0,0,0,0,0,0,0,0,0,0,0,16,0
7562,1200,第30回人麿の里・全国競技かるた益田大会(D),2026-03-20,D,D,32,32,62,5,5,1,0,0,0,0,0,0,0,0,0,0,0,0,0,0,0,0,0,0,0,4,1
7563,1201,第55回全国競技かるた松山大会,2026-03-20,A,A,112,112,236,6,6,1,0,0,16,16,0,0,0,16,0,0,0,0,0,0,0,0,0,0,0,16,0
7564,1201,第55回全国競技かるた松山大会,2026-03-20,B,B,122,122,246,6,6,1,0,0,6,6,0,0,0,6,0,0,0,0,0,0,0,0,0,0,0,8,0
7565,1201,第55回全国競技かるた松山大会,2026-03-20,C,C,106,106,226,5,5,1,0,0,21,21,0,0,0,21,0,0,0,1,0,0,0,0,0,0,0,16,0
7566,1202,小倉百人一首競技かるた 第56回全国小・中学生選手権大会,2026-03-22,中３級,,39,39,101,6,6,1,0,0,25,25,0,0,0,25,0,0,0,0,0,0,0,0,0,0,0,8,1
7567,1202,小倉百人一首競技かるた 第56回全国小・中学生選手権大会,2026-03-22,中２級,,52,52,114,6,6,1,0,0,12,12,0,0,0,12,0,2,0,0,0,0,0,0,0,0,0,8,1
7568,1202,小倉百人一首競技かるた 第56回全国小・中学生選手権大会,2026-03-22,中１級,,48,48,110,6,6,1,0,0,16,16,0,0,0,16,0,2,0,0,0,0,0,0,0,0,0,8,1
7569,1202,小倉百人一首競技かるた 第56回全国小・中学生選手権大会,2026-03-22,小６級,,40,40,102,6,6,1,0,0,24,24,0,0,0,24,0,2,0,4,0,0,0,0,0,0,0,8,1
7570,1202,小倉百人一首競技かるた 第56回全国小・中学生選手権大会,2026-03-22,小５級,,47,47,109,6,6,1,0,0,17,17,0,0,0,17,0,1,0,0,0,0,0,0,0,0,0,8,1
7571,1202,小倉百人一首競技かるた 第56回全国小・中学生選手権大会,2026-03-22,小４級,,39,39,101,6,6,1,0,0,25,25,0,0,0,25,0,0,0,0,0,0,0,0,0,0,0,8,1
7572,1202,小倉百人一首競技かるた 第56回全国小・中学生選手権大会,2026-03-22,小３級,,28,28,58,5,5,1,0,0,4,4,0,0,0,4,0,0,0,0,0,0,0,0,0,0,0,8,1
7573,1202,小倉百人一首競技かるた 第56回全国小・中学生選手権大会,2026-03-22,小２以下級,,81,81,58,5,5,1,0,54,58,4,0,0,0,4,0,0,0,0,0,0,53,0,0,0,0,8,1
7574,1203,"第15回全国競技かるた岡山大会(D,E・03/29)",2026-03-29,D,D,47,47,107,5,5,1,0,0,17,17,0,0,0,17,0,0,0,0,0,0,0,0,0,0,0,8,0
7575,1203,"第15回全国競技かるた岡山大会(D,E・03/29)",2026-03-29,E,E,36,36,80,5,6,1,0,2,14,14,0,0,0,12,0,6,0,0,0,0,0,0,0,0,0,12,0
7576,1204,第27回こばえちゃ山形全国競技かるた酒田大会,2026-04-19,A,A,74,74,198,6,6,1,0,0,54,54,0,0,0,58,0,0,0,0,0,0,0,0,0,0,0,16,0
7577,1204,第27回こばえちゃ山形全国競技かるた酒田大会,2026-04-19,B級,B,84,84,208,6,6,1,0,0,44,44,0,0,0,44,0,0,0,0,0,0,0,0,0,0,0,16,0
7578,1204,第27回こばえちゃ山形全国競技かるた酒田大会,2026-04-19,C級,C,91,91,181,5,5,1,0,0,5,5,0,0,0,13,0,0,0,0,0,0,0,0,0,0,0,12,0
7579,1204,第27回こばえちゃ山形全国競技かるた酒田大会,2026-04-19,D級,D,81,81,171,5,5,1,0,0,15,15,0,0,0,23,0,0,0,0,0,0,0,0,0,0,0,12,0
7580,1204,第27回こばえちゃ山形全国競技かるた酒田大会,2026-04-19,E級,E,85,85,175,5,5,1,0,0,11,11,0,0,0,13,0,0,0,0,0,0,0,0,0,0,0,12,0
7581,1205,第21回全国競技かるた兵庫大会,2026-04-25,A級,A,148,148,334,6,6,1,0,0,44,44,0,0,0,44,0,0,0,0,0,0,0,0,0,0,0,24,0
7582,1205,第21回全国競技かるた兵庫大会,2026-04-25,B級,B,272,272,582,6,6,1,0,0,48,48,0,0,0,50,0,0,0,0,0,0,0,0,0,0,0,40,0
7583,1205,第21回全国競技かるた兵庫大会,2026-04-25,C級,C,176,176,520,5,5,1,0,163,192,29,0,0,0,29,0,0,0,0,0,0,0,0,0,0,0,48,0
7584,1206,第65回全日本選手権大会,2026-04-26,-,,63,63,125,6,6,1,0,0,1,1,0,0,0,1,0,0,0,0,0,0,0,0,0,0,0,8,1
7585,1207,第42回全国競技かるた熊本大会,2026-04-26,Ａ級詳報,A,86,86,198,4,4,1,0,0,42,42,0,0,0,42,0,0,0,0,0,0,0,0,0,0,0,0,0
7586,1207,第42回全国競技かるた熊本大会,2026-04-26,Ｂ級詳報,B,89,89,201,4,4,1,0,0,39,39,0,0,0,39,0,0,0,0,0,0,0,0,0,0,0,0,0
7587,1208,"第40回全国競技かるたさがみ野大会(B,C)",2026-04-29,B1,B,62,62,124,6,6,1,0,0,2,2,0,0,0,2,0,0,0,0,0,0,0,0,0,0,0,8,1
7588,1208,"第40回全国競技かるたさがみ野大会(B,C)",2026-04-29,B2,B,63,63,125,6,6,1,0,0,1,1,0,0,0,1,0,0,0,0,0,0,0,0,0,0,0,8,1
7589,1208,"第40回全国競技かるたさがみ野大会(B,C)",2026-04-29,C1,C,31,31,61,5,5,1,0,0,1,1,0,0,0,1,0,0,0,0,0,0,0,0,0,0,0,8,1
7590,1208,"第40回全国競技かるたさがみ野大会(B,C)",2026-04-29,C2,C,31,31,61,5,5,1,0,0,1,1,0,0,0,1,0,0,0,0,0,0,0,0,0,0,0,8,1
7591,1208,"第40回全国競技かるたさがみ野大会(B,C)",2026-04-29,C3,C,31,31,61,5,5,1,0,0,1,1,0,0,0,1,0,0,0,0,0,0,0,0,0,0,0,8,1
7592,1208,"第40回全国競技かるたさがみ野大会(B,C)",2026-04-29,C4,C,32,32,62,5,5,1,0,0,0,0,0,0,0,0,0,0,0,0,0,0,0,0,0,0,0,8,1
7593,1209,"第44回全国競技かるた東京吉野会大会(C,D)",2026-05-02,C1,C,30,30,60,5,5,1,0,0,2,2,0,0,0,2,0,0,0,0,0,0,0,0,0,0,0,8,1
7594,1209,"第44回全国競技かるた東京吉野会大会(C,D)",2026-05-02,C2,C,32,32,62,5,5,1,0,0,0,0,0,0,0,0,0,0,0,0,0,0,0,0,0,0,0,8,1
7595,1209,"第44回全国競技かるた東京吉野会大会(C,D)",2026-05-02,C3,C,31,31,61,5,5,1,0,0,1,1,0,0,0,1,0,0,0,0,0,0,0,0,0,0,0,8,1
7596,1209,"第44回全国競技かるた東京吉野会大会(C,D)",2026-05-02,C4,C,32,32,62,5,5,1,0,0,0,0,0,0,0,0,0,0,0,0,0,0,0,0,0,0,0,8,1
7597,1209,"第44回全国競技かるた東京吉野会大会(C,D)",2026-05-02,D1,D,31,31,61,5,5,1,0,0,1,1,0,0,0,1,0,0,0,0,0,0,0,0,0,0,0,8,1
7598,1209,"第44回全国競技かるた東京吉野会大会(C,D)",2026-05-02,D2,D,31,31,61,5,5,1,0,0,1,1,0,0,0,1,0,0,0,0,0,0,0,0,0,0,0,8,1
7599,1209,"第44回全国競技かるた東京吉野会大会(C,D)",2026-05-02,D3,D,31,31,61,5,5,1,0,0,1,1,0,0,0,1,0,0,0,0,0,0,0,0,0,0,0,8,1
7600,1209,"第44回全国競技かるた東京吉野会大会(C,D)",2026-05-02,D4,D,31,31,61,5,5,1,0,0,1,1,0,0,0,1,0,0,0,0,0,0,0,0,0,0,0,8,1
7601,1209,"第44回全国競技かるた東京吉野会大会(C,D)",2026-05-02,D5,D,31,31,61,5,5,1,0,0,1,1,0,0,0,3,0,0,0,0,0,0,0,0,0,0,0,8,1
7602,1209,"第44回全国競技かるた東京吉野会大会(C,D)",2026-05-02,D6,D,32,32,62,5,5,1,0,0,0,0,0,0,0,0,0,0,0,0,0,0,0,0,0,0,0,8,1
7603,1209,"第44回全国競技かるた東京吉野会大会(C,D)",2026-05-02,D7,D,31,31,61,5,5,1,0,0,1,1,0,0,0,1,0,0,0,0,0,0,0,0,0,0,0,8,1
7604,1209,"第44回全国競技かるた東京吉野会大会(C,D)",2026-05-02,D8,D,31,31,61,5,5,1,0,0,1,1,0,0,0,1,0,0,0,0,0,0,0,0,0,0,0,8,1
7605,1210,"第44回全国競技かるた東京吉野会大会(C,E)",2026-05-03,C5,C,31,31,61,5,5,1,0,0,1,1,0,0,0,1,0,0,0,0,0,0,0,0,0,0,0,8,1
7606,1210,"第44回全国競技かるた東京吉野会大会(C,E)",2026-05-03,C6,C,32,32,62,5,5,1,0,0,0,0,0,0,0,0,0,0,0,0,0,0,0,0,0,0,0,8,1
7607,1210,"第44回全国競技かるた東京吉野会大会(C,E)",2026-05-03,C7,C,32,32,62,5,5,1,0,0,0,0,0,0,0,0,0,0,0,0,0,0,0,0,0,0,0,8,1
7608,1210,"第44回全国競技かるた東京吉野会大会(C,E)",2026-05-03,C8,C,31,31,61,5,5,1,0,0,1,1,0,0,0,1,0,0,0,0,0,0,0,0,0,0,0,8,1
7609,1210,"第44回全国競技かるた東京吉野会大会(C,E)",2026-05-03,E1,E,31,31,61,5,5,1,0,0,1,1,0,0,0,1,0,0,0,0,0,0,0,0,0,0,0,8,1
7610,1210,"第44回全国競技かるた東京吉野会大会(C,E)",2026-05-03,E2,E,32,32,62,5,5,1,0,0,0,0,0,0,0,0,0,0,0,0,0,0,0,0,0,0,0,8,1
7611,1210,"第44回全国競技かるた東京吉野会大会(C,E)",2026-05-03,E3,E,31,31,61,5,5,1,0,0,1,1,0,0,0,1,0,2,0,0,0,0,0,0,0,0,0,8,1
7612,1210,"第44回全国競技かるた東京吉野会大会(C,E)",2026-05-03,E4,E,32,32,62,5,5,1,0,0,0,0,0,0,0,0,0,0,0,0,0,0,0,0,0,0,0,8,1
7613,1210,"第44回全国競技かるた東京吉野会大会(C,E)",2026-05-03,E5,E,30,30,60,5,5,1,0,0,2,2,0,0,0,2,0,2,0,0,0,0,0,0,0,0,0,8,1
7614,1210,"第44回全国競技かるた東京吉野会大会(C,E)",2026-05-03,E6,E,31,31,61,5,5,1,0,0,1,1,0,0,0,1,0,0,0,0,0,0,0,0,0,0,0,8,1
7615,1210,"第44回全国競技かるた東京吉野会大会(C,E)",2026-05-03,E7,E,31,31,61,5,5,1,0,0,1,1,0,0,0,1,0,0,0,0,0,0,0,0,0,0,0,8,1
7616,1210,"第44回全国競技かるた東京吉野会大会(C,E)",2026-05-03,E8,E,31,31,61,5,5,1,0,0,1,1,0,0,0,1,0,0,0,0,0,0,0,0,0,0,0,8,1
7617,1211,第14回奥の細道むすびの地全国競技かるた大垣大会,2026-05-03,A,A,163,163,349,6,6,1,0,0,29,29,0,0,0,29,0,0,0,0,0,0,0,0,0,0,0,0,0
7618,1211,第14回奥の細道むすびの地全国競技かるた大垣大会,2026-05-03,Ｂ級詳細,B,254,254,564,6,6,1,0,0,66,66,0,0,0,68,0,2,0,0,0,0,0,0,0,0,0,0,0
7619,1211,第14回奥の細道むすびの地全国競技かるた大垣大会,2026-05-03,Ｃ級詳細,C,225,225,464,5,5,1,0,2,33,0,0,31,0,32,0,1,0,3,0,0,1,0,0,0,0,0,0
7620,1211,第14回奥の細道むすびの地全国競技かるた大垣大会,2026-05-03,Ｄ級詳細,D,240,240,510,5,5,1,0,0,48,0,0,47,0,49,0,1,0,0,0,0,0,0,0,0,0,0,0
7621,1211,第14回奥の細道むすびの地全国競技かるた大垣大会,2026-05-03,E,E,156,156,306,5,5,1,0,0,4,0,0,4,0,4,0,0,0,0,0,0,0,0,0,0,0,0,0
7622,1212,第26回全国競技かるた富山大会,2026-05-24,D1,D,24,24,54,5,5,1,0,0,8,8,0,0,0,8,0,0,0,0,0,0,0,0,0,0,0,4,1
7623,1212,第26回全国競技かるた富山大会,2026-05-24,D2,D,25,25,55,5,5,1,0,0,7,7,0,0,0,7,0,0,0,0,0,0,0,0,0,0,0,4,1
7624,1212,第26回全国競技かるた富山大会,2026-05-24,E1,E,28,28,58,5,5,1,0,0,4,4,0,0,0,4,0,0,0,0,0,0,0,0,0,0,0,4,1
7625,1212,第26回全国競技かるた富山大会,2026-05-24,E2,E,30,30,60,5,5,1,0,0,2,2,0,0,0,2,0,0,0,0,0,0,0,0,0,0,0,4,1
7626,1213,第31回人麿の里・全国競技かるた益田大会,2026-05-30,E1,E,31,31,61,5,5,1,0,0,1,1,0,0,0,1,0,0,0,0,0,0,0,0,0,0,0,4,1
7627,1213,第31回人麿の里・全国競技かるた益田大会,2026-05-30,E2,E,30,30,60,5,5,1,0,0,2,2,0,0,0,2,0,0,0,0,0,0,0,0,0,0,0,4,1
7628,1214,第56回全国競技かるた松山大会,2026-05-31,Entry,E,104,104,224,5,5,1,0,0,24,24,0,0,0,24,0,0,0,0,0,0,0,0,0,0,0,16,0
7629,1214,第56回全国競技かるた松山大会,2026-05-31,欠席,,1,1,0,0,,,0,0,0,0,0,0,0,0,0,0,0,0,0,0,1,0,0,0,0,0,0
7630,1215,第9回全国競技かるた大阪なにはえ大会,2026-05-30,C1,C,31,31,61,5,5,1,0,0,1,1,0,0,0,1,0,0,0,0,0,0,0,0,0,0,0,4,1
7631,1215,第9回全国競技かるた大阪なにはえ大会,2026-05-30,C2,C,32,32,62,5,5,1,0,0,0,0,0,0,0,0,0,0,0,0,0,0,0,0,0,0,0,4,1
7632,1215,第9回全国競技かるた大阪なにはえ大会,2026-05-30,C3,C,32,32,62,5,5,1,0,0,0,0,0,0,0,0,0,0,0,0,0,0,0,0,0,0,0,4,1
7633,1215,第9回全国競技かるた大阪なにはえ大会,2026-05-30,C4,C,32,32,62,5,5,1,0,0,0,0,0,0,0,0,0,0,0,0,0,0,0,0,0,0,0,4,1
7634,1215,第9回全国競技かるた大阪なにはえ大会,2026-05-30,C5,C,32,32,62,5,5,1,0,0,0,0,0,0,0,0,0,0,0,0,0,0,0,0,0,0,0,4,1
7635,1215,第9回全国競技かるた大阪なにはえ大会,2026-05-30,C6,C,32,32,62,5,5,1,0,0,0,0,0,0,0,0,0,0,0,0,0,0,0,0,0,0,0,4,1
7636,1215,第9回全国競技かるた大阪なにはえ大会,2026-05-30,D1,D,28,28,58,5,5,1,0,0,4,4,0,0,0,4,0,0,0,0,0,0,0,0,0,0,0,4,1
7637,1215,第9回全国競技かるた大阪なにはえ大会,2026-05-30,D2,D,27,27,57,5,5,1,0,0,5,5,0,0,0,5,0,0,0,0,0,0,0,0,0,0,0,4,1
7638,1215,第9回全国競技かるた大阪なにはえ大会,2026-05-30,D3,D,27,27,57,5,5,1,0,0,5,5,0,0,0,5,0,0,0,0,0,0,0,0,0,0,0,4,1
7639,1215,第9回全国競技かるた大阪なにはえ大会,2026-05-30,D4,D,27,27,57,5,5,1,0,0,5,5,0,0,0,5,0,0,0,0,0,0,0,0,0,0,0,4,1
7640,1215,第9回全国競技かるた大阪なにはえ大会,2026-05-30,D5,D,26,26,56,5,5,1,0,0,6,6,0,0,0,6,0,0,0,0,0,0,0,0,0,0,0,4,1
7641,1215,第9回全国競技かるた大阪なにはえ大会,2026-05-30,D6,D,27,27,57,5,5,1,0,0,5,5,0,0,0,5,0,0,0,0,0,0,0,0,0,0,0,4,1
7642,1216,第4回全国競技かるた千葉大会,2026-05-31,優勝1,,58,58,63,6,6,1,0,0,6,6,0,0,0,6,0,0,0,57,0,0,1,0,0,0,0,0,0
7643,1216,第4回全国競技かるた千葉大会,2026-05-31,優勝2,,59,59,63,6,6,1,0,0,5,5,0,0,0,5,0,0,0,58,0,0,1,0,0,0,0,0,0
7644,1216,第4回全国競技かるた千葉大会,2026-05-31,優勝3,,59,59,63,6,6,1,0,0,5,5,0,0,0,5,0,0,0,58,0,0,1,0,0,0,0,0,0
7645,1217,第90回椿杯争奪全国競技かるた大会,2026-05-30,D,D,72,72,162,5,5,1,0,0,24,24,0,0,0,32,0,0,0,0,0,0,0,0,0,0,0,12,0
7646,1217,第90回椿杯争奪全国競技かるた大会,2026-05-30,E,E,95,95,185,5,5,1,0,0,1,1,0,0,0,7,0,0,0,0,0,0,0,0,0,0,0,12,0
7647,1217,第90回椿杯争奪全国競技かるた大会,2026-05-30,F級,,47,47,107,5,5,1,0,0,17,17,0,0,0,25,0,0,0,0,0,0,0,0,0,0,0,8,0
7648,1218,小倉百人一首競技かるた 第58回全国女流選手権大会,2026-06-06,A,A,63,63,125,6,6,1,0,0,1,1,0,0,0,1,0,0,0,0,0,0,0,0,0,0,0,8,1
7649,1218,小倉百人一首競技かるた 第58回全国女流選手権大会,2026-06-06,B,B,159,159,331,6,6,1,0,0,19,19,0,0,0,19,0,0,0,0,0,0,0,0,0,0,0,24,0
7650,1218,小倉百人一首競技かるた 第58回全国女流選手権大会,2026-06-06,C1,C,28,28,58,5,5,1,0,0,4,4,0,0,0,4,0,0,0,0,0,0,0,0,0,0,0,8,1
7651,1218,小倉百人一首競技かるた 第58回全国女流選手権大会,2026-06-06,C2,C,28,28,58,5,5,1,0,0,4,4,0,0,0,4,0,0,0,0,0,0,0,0,0,0,0,8,1
7652,1218,小倉百人一首競技かるた 第58回全国女流選手権大会,2026-06-06,C3,C,28,28,58,5,5,1,0,0,4,4,0,0,0,4,0,0,0,0,0,0,0,0,0,0,0,8,1
7653,1218,小倉百人一首競技かるた 第58回全国女流選手権大会,2026-06-06,C4,C,28,28,58,5,5,1,0,0,4,4,0,0,0,4,0,0,0,0,0,0,0,0,0,0,0,8,1
7654,1218,小倉百人一首競技かるた 第58回全国女流選手権大会,2026-06-06,C5,C,25,25,55,5,5,1,0,0,7,7,0,0,0,7,0,0,0,0,0,0,0,0,0,0,0,7,1
7655,1219,"第40回全国競技かるたさがみ野大会(D,E)",2026-06-07,D1,D,32,32,62,5,5,1,0,0,0,0,0,0,0,2,0,0,0,0,0,0,0,0,0,0,0,4,1
7656,1219,"第40回全国競技かるたさがみ野大会(D,E)",2026-06-07,D2,D,31,31,61,5,5,1,0,0,1,1,0,0,0,1,0,0,0,0,0,0,0,0,0,0,0,4,1
7657,1219,"第40回全国競技かるたさがみ野大会(D,E)",2026-06-07,D3,D,32,32,62,5,5,1,0,0,0,0,0,0,0,0,0,0,0,0,0,0,0,0,0,0,0,4,1
7658,1219,"第40回全国競技かるたさがみ野大会(D,E)",2026-06-07,D4,D,32,32,62,5,5,1,0,0,0,0,0,0,0,0,0,0,0,0,0,0,0,0,0,0,0,4,1
7659,1219,"第40回全国競技かるたさがみ野大会(D,E)",2026-06-07,D5,D,30,30,60,5,5,1,0,0,2,2,0,0,0,2,0,0,0,0,0,0,0,0,0,0,0,4,1
7660,1219,"第40回全国競技かるたさがみ野大会(D,E)",2026-06-07,E1,E,32,32,62,5,5,1,0,0,0,0,0,0,0,2,0,0,0,0,0,0,0,0,0,0,0,4,1
7661,1219,"第40回全国競技かるたさがみ野大会(D,E)",2026-06-07,E2,E,30,30,60,5,5,1,0,0,2,2,0,0,0,2,0,0,0,0,0,0,0,0,0,0,0,4,1
7662,1219,"第40回全国競技かるたさがみ野大会(D,E)",2026-06-07,E3,E,32,32,62,5,5,1,0,0,0,0,0,2,0,0,0,0,0,0,0,0,0,1,0,0,0,4,1
7663,1219,"第40回全国競技かるたさがみ野大会(D,E)",2026-06-07,E4,E,32,32,62,5,5,1,0,0,0,0,0,0,0,0,0,0,0,0,0,0,0,0,0,0,0,4,1
7664,1219,"第40回全国競技かるたさがみ野大会(D,E)",2026-06-07,E5,E,29,29,59,5,5,1,0,0,3,3,0,0,0,3,0,0,0,0,0,0,0,0,0,0,0,4,1
7665,1220,第5回全国競技かるた大阪なにはえ大会,2022-01-16,D1,D,17,17,47,5,5,1,0,0,15,15,0,0,0,15,0,0,0,0,0,0,0,0,0,0,0,4,1
7666,1220,第5回全国競技かるた大阪なにはえ大会,2022-01-16,D2,D,18,18,48,5,5,1,0,0,14,14,0,0,0,14,0,0,0,0,0,0,0,0,0,0,0,4,1
7667,1221,第71回高松宮記念杯近江神宮全国競技かるた大会(1日目),2022-01-09,A,A,63,63,125,6,6,1,0,0,1,1,0,0,0,1,0,0,0,0,0,0,0,0,0,0,0,8,1
7668,1221,第71回高松宮記念杯近江神宮全国競技かるた大会(1日目),2022-01-09,B1,B,26,26,56,5,5,1,0,0,6,6,0,0,0,6,0,0,0,0,0,0,0,0,0,0,0,8,1
7669,1221,第71回高松宮記念杯近江神宮全国競技かるた大会(1日目),2022-01-09,B2,B,27,27,57,5,5,1,0,0,5,5,0,0,0,5,0,0,0,0,0,0,0,0,0,0,0,8,1
7670,1221,第71回高松宮記念杯近江神宮全国競技かるた大会(1日目),2022-01-09,B3,B,28,28,58,5,5,1,0,0,4,4,0,0,0,4,0,0,0,0,0,0,0,0,0,0,0,8,1
7671,1221,第71回高松宮記念杯近江神宮全国競技かるた大会(1日目),2022-01-09,B4,B,24,24,54,5,5,1,0,0,8,8,0,0,0,8,0,0,0,0,0,0,0,0,0,0,0,8,1
7672,1221,第71回高松宮記念杯近江神宮全国競技かるた大会(1日目),2022-01-09,B5,B,24,24,54,5,5,1,0,0,8,8,0,0,0,8,0,0,0,0,0,0,0,0,0,0,0,8,1
7673,1221,第71回高松宮記念杯近江神宮全国競技かるた大会(1日目),2022-01-09,B6,B,24,24,54,5,5,1,0,0,8,8,0,0,0,8,0,0,0,0,0,0,0,0,0,0,0,8,1
7674,1222,第51回太宰府小倉百人一首競技かるた大会,2022-01-09,A,A,33,33,95,6,6,1,0,0,31,31,0,0,0,31,0,0,0,0,0,0,0,0,0,0,0,8,1
7675,1222,第51回太宰府小倉百人一首競技かるた大会,2022-01-09,B,B,53,53,113,5,5,1,0,0,11,11,0,0,0,11,0,0,0,0,0,0,0,0,0,0,0,16,0
7676,1223,小倉百人一首競技かるた第67回新春全国大会(A),2022-01-16,A,A,63,63,125,6,6,1,0,0,1,1,0,0,0,1,0,0,0,0,0,0,0,0,0,0,0,8,1
7677,1224,小倉百人一首競技かるた第67回新春全国大会(D),2022-01-16,D1,D,31,31,61,5,5,1,0,0,1,1,0,0,0,1,0,0,0,0,0,0,0,0,0,0,0,8,1
7678,1224,小倉百人一首競技かるた第67回新春全国大会(D),2022-01-16,D2,D,30,30,60,5,5,1,0,0,2,2,0,0,0,2,0,0,0,0,0,0,0,0,0,0,0,8,1
7679,1224,小倉百人一首競技かるた第67回新春全国大会(D),2022-01-16,D3,D,31,31,61,5,5,1,0,0,1,1,0,0,0,1,0,0,0,0,0,0,0,0,0,0,0,8,1
7680,1224,小倉百人一首競技かるた第67回新春全国大会(D),2022-01-16,D4,D,32,32,62,5,5,1,0,0,0,0,0,0,0,0,0,0,0,0,0,0,0,0,0,0,0,8,1
7681,1224,小倉百人一首競技かるた第67回新春全国大会(D),2022-01-16,D5,D,29,29,59,5,5,1,0,0,3,3,0,0,0,3,0,0,0,0,0,0,0,0,0,0,0,8,1
7682,1224,小倉百人一首競技かるた第67回新春全国大会(D),2022-01-16,D6,D,32,32,62,5,5,1,0,0,0,0,0,0,0,0,0,0,0,0,0,0,0,0,0,0,0,8,1
7683,1224,小倉百人一首競技かるた第67回新春全国大会(D),2022-01-16,D7,D,29,29,59,5,5,1,0,0,3,3,0,0,0,3,0,0,0,0,0,0,0,0,0,0,0,8,1
7684,1224,小倉百人一首競技かるた第67回新春全国大会(D),2022-01-16,D8,D,31,31,61,5,5,1,0,0,1,1,0,0,0,1,0,0,0,0,0,0,0,0,0,0,0,8,1
7685,1225,第40回全国競技かるた東京吉野会大会(C),2022-01-15,C1,C,28,28,58,5,5,1,0,0,4,4,0,0,0,4,0,0,0,0,0,0,0,0,0,0,0,8,1
7686,1225,第40回全国競技かるた東京吉野会大会(C),2022-01-15,C2,C,26,26,56,5,5,1,0,0,6,6,0,0,0,6,0,0,0,0,0,0,0,0,0,0,0,8,1
7687,1225,第40回全国競技かるた東京吉野会大会(C),2022-01-15,C3,C,28,28,58,5,5,1,0,0,4,4,0,0,0,4,0,0,0,0,0,0,0,0,0,0,0,8,1
7688,1225,第40回全国競技かるた東京吉野会大会(C),2022-01-15,C4,C,29,29,59,5,5,1,0,0,3,3,0,0,0,3,0,0,0,0,0,0,0,0,0,0,0,8,1
7689,1225,第40回全国競技かるた東京吉野会大会(C),2022-01-15,C5,C,28,28,58,5,5,1,0,0,4,4,0,0,0,4,0,0,0,0,0,0,0,0,0,0,0,8,0
7690,1226,"第24回神奈川県かるた選手権大会(A,B)",2022-01-08,A,A,31,31,61,5,5,1,0,0,1,1,0,0,0,1,0,0,0,0,0,0,0,0,0,0,0,8,1
7691,1226,"第24回神奈川県かるた選手権大会(A,B)",2022-01-08,B,B,22,22,52,5,5,1,0,0,10,10,0,0,0,10,0,0,0,0,0,0,0,0,0,0,0,8,1
7692,1227,第2回競技かるた初段認定福岡大会,2022-03-21,詳報,,72,72,216,3,3,1,0,6,6,0,0,0,0,0,0,5,0,0,0,0,0,0,0,0,0,0,0
7693,1228,第1回競技かるた初段認定呉大会,2022-03-27,詳細結果,,61,61,177,3,3,1,0,3,3,0,0,0,0,0,0,3,0,0,0,0,2,0,0,0,0,0,0
7694,1229,第1回競技かるた初段認定長崎大会,2022-03-27,詳細,,14,14,42,3,3,1,0,0,0,0,0,0,0,0,0,0,0,0,0,0,0,0,0,0,0,0,0
7695,1230,"第24回神奈川県かるた選手権大会(D,E)",2022-03-26,D1,D,31,31,61,5,5,1,0,0,1,1,0,0,0,1,0,0,0,0,0,0,0,0,0,0,0,8,1
7696,1230,"第24回神奈川県かるた選手権大会(D,E)",2022-03-26,D2,D,31,31,61,5,5,1,0,0,1,1,0,0,0,1,0,0,0,0,0,0,0,0,0,0,0,8,1
7697,1230,"第24回神奈川県かるた選手権大会(D,E)",2022-03-26,E1,E,30,30,60,5,5,1,0,0,2,2,0,0,0,2,0,0,0,0,0,0,0,0,0,0,0,8,1
7698,1230,"第24回神奈川県かるた選手権大会(D,E)",2022-03-26,E2,E,32,32,62,5,5,1,0,0,0,0,0,0,0,0,0,2,0,0,0,0,0,0,0,0,0,8,1
7699,1231,第2回競技かるた初段認定静岡大会,2022-03-27,詳細,,41,41,120,3,3,1,0,0,0,0,0,0,0,0,0,0,0,2,2,0,1,0,0,0,0,0,0
7700,1232,第2回小倉百人一首競技かるた近江勧学館フロンティア大会(D),2022-03-27,D1,D,31,31,61,5,5,1,0,0,1,1,0,0,0,1,0,0,0,0,0,0,0,0,0,0,0,8,1
7701,1232,第2回小倉百人一首競技かるた近江勧学館フロンティア大会(D),2022-03-27,D2,D,31,31,61,5,5,1,0,0,1,1,0,0,0,1,0,0,0,0,0,0,0,0,0,0,0,8,1
7702,1232,第2回小倉百人一首競技かるた近江勧学館フロンティア大会(D),2022-03-27,D3,D,32,32,62,5,5,1,0,0,0,0,0,0,0,0,0,0,0,0,0,0,0,0,0,0,0,8,1
7703,1232,第2回小倉百人一首競技かるた近江勧学館フロンティア大会(D),2022-03-27,D4,D,30,30,60,5,5,1,0,0,2,2,0,0,0,2,0,0,0,0,0,0,0,0,0,0,0,8,1
7704,1232,第2回小倉百人一首競技かるた近江勧学館フロンティア大会(D),2022-03-27,D5,D,31,31,61,5,5,1,0,0,1,1,0,0,0,1,0,0,0,0,0,0,0,0,0,0,0,8,1
7705,1233,第41回全国競技かるた鹿児島大会,2022-03-27,A,A,32,32,62,5,5,1,0,0,0,0,0,0,0,0,0,0,0,0,0,0,0,0,0,0,0,8,1
7706,1233,第41回全国競技かるた鹿児島大会,2022-03-27,B,B,37,37,97,5,5,1,0,0,27,27,0,0,0,27,0,0,0,0,0,0,0,0,0,0,0,16,0
7707,1233,第41回全国競技かるた鹿児島大会,2022-03-27,C,C,41,41,101,5,5,1,0,0,23,23,0,0,0,23,0,0,0,0,0,0,0,0,0,0,0,16,0
7708,1233,第41回全国競技かるた鹿児島大会,2022-03-27,D,D,21,21,51,5,5,1,0,0,11,11,0,0,0,11,0,0,0,0,0,0,0,0,0,0,0,8,1
7709,1233,第41回全国競技かるた鹿児島大会,2022-03-27,E,E,48,48,104,4,4,1,0,0,16,16,0,0,0,16,0,2,0,0,0,0,0,0,0,0,0,32,0
7710,1234,第30回全国競技かるた奈良大会,2022-04-03,B1,B,23,23,53,5,5,1,0,0,9,9,0,0,0,9,0,0,0,0,0,0,0,0,0,0,0,8,1
7711,1234,第30回全国競技かるた奈良大会,2022-04-03,B2,B,25,25,55,5,5,1,0,0,7,7,0,0,0,7,0,0,0,0,0,0,0,0,0,0,0,8,1
7712,1234,第30回全国競技かるた奈良大会,2022-04-03,B3,B,25,25,55,5,5,1,0,0,7,7,0,0,0,7,0,0,0,0,0,0,0,0,0,0,0,8,1
7713,1234,第30回全国競技かるた奈良大会,2022-04-03,B4,B,25,25,55,5,5,1,0,0,7,7,0,0,0,7,0,0,0,0,0,0,0,0,0,0,0,8,1
7714,1234,第30回全国競技かるた奈良大会,2022-04-03,B5,B,25,25,55,5,5,1,0,0,7,7,0,0,0,7,0,0,0,0,0,0,0,0,0,0,0,8,1
7715,1234,第30回全国競技かるた奈良大会,2022-04-03,C1,C,20,20,50,5,5,1,0,0,12,12,0,0,0,12,0,0,0,0,0,0,0,0,0,0,0,8,1
7716,1234,第30回全国競技かるた奈良大会,2022-04-03,C2,C,20,20,50,5,5,1,0,0,12,12,0,0,0,12,0,0,0,0,0,0,0,0,0,0,0,8,1
7717,1234,第30回全国競技かるた奈良大会,2022-04-03,C3,C,20,20,50,5,5,1,0,0,12,12,0,0,0,12,0,0,0,0,0,0,0,0,0,0,0,8,1
7718,1235,第1回競技かるた初段認定徳島大会,2022-03-20,詳報,,34,34,102,3,3,1,0,54,54,0,0,0,0,0,0,2,0,26,0,0,0,0,0,0,0,0,0
7719,1236,第1回競技かるた初段認定愛知県高等学校大会,2022-04-10,E,E,48,48,136,3,3,1,0,0,2,2,0,0,0,2,0,0,0,2,4,0,2,0,0,0,0,24,0
7720,1237,"第79回全国競技かるた桑名大会(D,E)",2022-04-17,D1,D,31,31,61,5,5,1,0,0,1,1,0,0,0,1,0,2,0,0,0,0,0,0,0,0,0,8,1
7721,1237,"第79回全国競技かるた桑名大会(D,E)",2022-04-17,D2,D,32,32,62,5,5,1,0,0,0,0,0,0,0,2,0,2,0,0,0,0,0,0,0,0,0,8,1
7722,1237,"第79回全国競技かるた桑名大会(D,E)",2022-04-17,D3,D,31,31,61,5,5,1,0,0,1,1,0,0,0,1,0,2,0,0,0,0,0,0,0,0,0,8,1
7723,1237,"第79回全国競技かるた桑名大会(D,E)",2022-04-17,D4,D,32,32,62,5,5,1,0,0,0,0,0,0,0,2,0,0,0,0,0,0,0,0,0,0,0,8,1
7724,1237,"第79回全国競技かるた桑名大会(D,E)",2022-04-17,E1,E,28,28,58,5,5,1,0,0,4,4,0,0,0,4,0,0,0,0,0,0,0,0,0,0,0,4,1
7725,1237,"第79回全国競技かるた桑名大会(D,E)",2022-04-17,E2,E,26,26,56,5,5,1,0,0,6,6,0,0,0,6,0,2,0,0,0,0,0,0,0,0,0,4,1
7726,1237,"第79回全国競技かるた桑名大会(D,E)",2022-04-17,E3,E,27,27,57,5,5,1,0,0,5,5,0,0,0,5,0,0,0,0,0,0,0,0,0,0,0,4,1
7727,1237,"第79回全国競技かるた桑名大会(D,E)",2022-04-17,E4,E,26,26,56,5,5,1,0,0,6,6,0,0,0,6,0,0,0,0,0,0,0,0,0,0,0,4,1
7728,1238,"第38回全国競技かるた熊本大会(A,B)",2022-04-24,A,A,29,29,59,5,5,1,0,0,3,3,0,0,0,3,0,0,0,0,0,0,0,0,0,0,0,8,1
7729,1238,"第38回全国競技かるた熊本大会(A,B)",2022-04-24,B1,B,20,20,50,5,5,1,0,0,12,12,0,0,0,12,0,0,0,0,0,0,0,0,0,0,0,8,1
7730,1238,"第38回全国競技かるた熊本大会(A,B)",2022-04-24,B2,B,22,22,52,5,5,1,0,0,10,10,0,0,0,10,0,0,0,0,0,0,0,0,0,0,0,8,1
7731,1239,"第93回全国競技かるた学生選手権大会(B,C)",2022-05-05,B1,B,32,32,62,5,5,1,0,0,0,0,0,0,0,0,0,0,0,0,0,0,0,0,0,0,0,8,1
7732,1239,"第93回全国競技かるた学生選手権大会(B,C)",2022-05-05,B2,B,31,31,61,5,5,1,0,0,1,1,0,0,0,1,0,0,0,0,0,0,0,0,0,0,0,8,1
7733,1239,"第93回全国競技かるた学生選手権大会(B,C)",2022-05-05,C1,C,31,31,61,5,5,1,0,0,1,1,0,0,0,1,0,0,0,0,0,0,0,0,0,0,0,8,1
7734,1239,"第93回全国競技かるた学生選手権大会(B,C)",2022-05-05,C2,C,32,32,62,5,5,1,0,0,0,0,0,0,0,0,0,0,0,0,0,0,0,0,0,0,0,8,1
7735,1240,第17回全国競技かるた兵庫大会,2022-04-29,A,A,62,62,124,6,6,1,0,2,2,2,0,0,0,0,0,2,0,0,0,0,0,0,0,0,0,0,1
7736,1240,第17回全国競技かるた兵庫大会,2022-04-29,B,B,140,140,290,5,5,1,0,20,20,20,0,0,0,2,0,20,0,0,0,0,0,0,0,0,0,0,0
7737,1240,第17回全国競技かるた兵庫大会,2022-04-29,C,C,89,89,179,5,5,1,0,7,7,7,0,0,0,4,0,7,0,0,0,0,0,0,0,0,0,0,0
7738,1240,第17回全国競技かるた兵庫大会,2022-04-29,D,D,219,219,459,5,5,1,0,38,39,39,0,0,0,1,0,38,0,0,0,0,0,0,0,0,0,0,0
7739,1240,第17回全国競技かるた兵庫大会,2022-04-29,E,E,214,214,410,4,4,1,0,10,10,10,0,0,0,12,0,12,0,0,0,0,0,0,0,0,0,0,0
7740,1241,第40回全国競技かるた東京吉野会大会(D),2022-05-03,D1,D,32,32,62,5,5,1,0,0,0,0,0,0,0,0,0,0,0,0,0,0,0,0,0,0,0,8,1
7741,1241,第40回全国競技かるた東京吉野会大会(D),2022-05-03,D2,D,31,31,61,5,5,1,0,0,1,1,0,0,0,1,0,0,0,0,0,0,0,0,0,0,0,8,1
7742,1241,第40回全国競技かるた東京吉野会大会(D),2022-05-03,D3,D,32,32,62,5,5,1,0,0,0,0,0,0,0,0,0,0,0,0,0,0,0,0,0,0,0,8,1
7743,1241,第40回全国競技かるた東京吉野会大会(D),2022-05-03,D4,D,32,32,62,5,5,1,0,0,0,0,0,0,0,0,0,0,0,0,0,0,0,0,0,0,0,8,1
7744,1241,第40回全国競技かるた東京吉野会大会(D),2022-05-03,D5,D,32,32,62,5,5,1,0,0,0,0,0,0,0,0,0,0,0,0,0,0,0,0,0,0,0,8,1
7745,1241,第40回全国競技かるた東京吉野会大会(D),2022-05-03,D6,D,30,30,58,5,5,1,0,0,0,0,0,0,0,0,0,0,0,0,0,0,0,0,0,0,0,8,1
7746,1241,第40回全国競技かるた東京吉野会大会(D),2022-05-03,D7,D,32,32,62,5,5,1,0,0,0,0,0,0,0,0,0,0,0,0,0,0,0,0,0,0,0,8,1
7747,1241,第40回全国競技かるた東京吉野会大会(D),2022-05-03,D8,D,32,32,62,5,5,1,0,0,0,0,0,0,0,0,0,0,0,0,0,0,0,0,0,0,0,8,1
7748,1242,第40回全国競技かるた東京吉野会大会(E),2022-05-04,E1,E,30,30,60,5,5,1,0,0,2,2,0,0,0,2,0,2,0,0,0,0,0,0,0,0,0,8,1
7749,1242,第40回全国競技かるた東京吉野会大会(E),2022-05-04,E2,E,30,30,60,5,5,1,0,0,2,2,0,0,0,2,0,0,0,0,0,0,0,0,0,0,0,8,1
7750,1242,第40回全国競技かるた東京吉野会大会(E),2022-05-04,E3,E,32,32,62,5,5,1,0,0,0,0,0,0,0,0,0,0,0,0,0,0,0,0,0,0,0,8,1
7751,1242,第40回全国競技かるた東京吉野会大会(E),2022-05-04,E4,E,31,31,61,5,5,1,0,0,1,1,0,0,0,1,0,0,0,0,0,0,0,0,0,0,0,8,1
7752,1242,第40回全国競技かるた東京吉野会大会(E),2022-05-04,E5,E,31,31,61,5,5,1,0,0,1,1,0,0,0,1,0,0,0,0,0,0,0,0,0,0,0,8,1
7753,1242,第40回全国競技かるた東京吉野会大会(E),2022-05-04,E6,E,31,31,61,5,5,1,0,0,1,1,0,0,0,1,0,0,0,0,0,0,0,0,0,0,0,8,1
7754,1242,第40回全国競技かるた東京吉野会大会(E),2022-05-04,E7,E,31,31,61,5,5,1,0,0,1,1,0,0,0,1,0,0,0,0,0,0,0,0,0,0,0,8,1
7755,1242,第40回全国競技かるた東京吉野会大会(E),2022-05-04,E8,E,32,32,62,5,5,1,0,0,0,0,0,0,0,0,0,0,0,0,0,0,0,0,0,0,0,8,1
7756,1243,小倉百人一首競技かるた 第61回全日本選手権大会,2022-04-24,A,A,61,61,123,6,6,1,0,0,3,3,0,0,0,3,0,0,0,0,0,0,0,0,0,0,0,8,1
7757,1244,第1回競技かるた初段認定山口大会,2022-04-17,結果詳細,,33,33,99,3,3,1,0,0,3,3,0,0,0,3,0,2,0,0,0,0,0,0,0,0,0,0,0
7759,1246,第36回全国競技かるたさがみ野大会(E),2022-04-29,E1,E,32,32,62,5,5,1,0,0,0,0,0,0,0,0,0,0,0,0,0,0,0,0,0,0,0,4,1
7760,1246,第36回全国競技かるたさがみ野大会(E),2022-04-29,E2,E,32,32,62,5,5,1,0,0,0,0,0,0,0,0,0,0,0,0,0,0,0,0,0,0,0,4,1
7761,1246,第36回全国競技かるたさがみ野大会(E),2022-04-29,E3,E,32,32,62,5,5,1,0,0,0,0,0,0,0,2,0,2,0,0,0,0,0,0,0,0,0,4,1
7762,1246,第36回全国競技かるたさがみ野大会(E),2022-04-29,E4,E,31,31,61,5,5,1,0,0,1,1,0,0,0,1,0,0,0,0,0,0,0,0,0,0,0,4,1
7769,1248,"第29回全国競技かるた多摩大会(A,B,C)",2022-05-01,A,A,63,63,125,6,6,1,0,0,1,1,0,0,0,1,0,0,0,0,0,0,0,0,0,0,0,8,1
7770,1248,"第29回全国競技かるた多摩大会(A,B,C)",2022-05-01,B1,B,26,26,56,5,5,1,0,1,8,7,0,0,0,7,0,0,0,0,0,0,0,0,0,0,0,4,1
7771,1248,"第29回全国競技かるた多摩大会(A,B,C)",2022-05-01,B2,B,30,30,60,5,5,1,0,1,4,3,0,0,0,3,0,0,0,0,0,0,0,0,0,0,0,4,1
7772,1248,"第29回全国競技かるた多摩大会(A,B,C)",2022-05-01,B3,B,28,28,58,5,5,1,0,0,4,4,0,0,0,4,0,0,0,0,0,0,0,0,0,0,0,4,1
7773,1248,"第29回全国競技かるた多摩大会(A,B,C)",2022-05-01,B4,B,29,29,59,5,5,1,0,0,3,3,0,0,0,3,0,0,0,0,0,0,0,0,0,0,0,4,1
7774,1248,"第29回全国競技かるた多摩大会(A,B,C)",2022-05-01,B5,B,25,25,55,5,5,1,0,0,7,7,0,0,0,9,0,0,0,0,0,0,0,0,0,0,0,4,1
7775,1248,"第29回全国競技かるた多摩大会(A,B,C)",2022-05-01,B6,B,26,26,56,5,5,1,0,1,6,5,0,0,0,5,0,0,0,0,0,0,0,0,0,0,0,4,1
7776,1248,"第29回全国競技かるた多摩大会(A,B,C)",2022-05-01,C1,C,30,30,58,4,4,1,0,0,2,2,0,0,0,2,0,0,0,0,0,0,0,0,0,0,0,4,0
7777,1248,"第29回全国競技かるた多摩大会(A,B,C)",2022-05-01,C2,C,30,30,58,4,4,1,0,0,2,2,0,0,0,2,0,0,0,0,0,0,0,0,0,0,0,4,0
7778,1248,"第29回全国競技かるた多摩大会(A,B,C)",2022-05-01,C3,C,30,30,58,4,4,1,0,0,2,0,0,2,0,4,0,0,0,0,0,0,0,0,0,0,0,4,0
7779,1248,"第29回全国競技かるた多摩大会(A,B,C)",2022-05-01,C4,C,27,27,55,4,4,1,0,0,5,5,0,0,0,7,0,0,0,0,0,0,0,0,0,0,0,4,0
7780,1248,"第29回全国競技かるた多摩大会(A,B,C)",2022-05-01,C5,C,28,28,56,4,4,1,0,0,4,4,0,0,0,4,0,0,0,0,0,0,0,0,0,0,0,4,0
7781,1248,"第29回全国競技かるた多摩大会(A,B,C)",2022-05-01,C6,C,29,29,57,4,4,1,0,0,3,3,0,0,0,3,0,0,0,0,0,0,0,0,0,0,0,4,0
7782,1249,第2回小倉百人一首競技かるた近江勧学館フロンティア大会(B),2022-05-03,B1,B,27,27,57,5,5,1,0,0,5,5,0,0,0,5,0,0,0,0,0,0,0,0,0,0,0,8,1
7783,1249,第2回小倉百人一首競技かるた近江勧学館フロンティア大会(B),2022-05-03,B2,B,25,25,55,5,5,1,0,0,7,7,0,0,0,7,0,0,0,0,0,0,0,0,0,0,0,8,1
7784,1249,第2回小倉百人一首競技かるた近江勧学館フロンティア大会(B),2022-05-03,B3,B,26,26,56,5,5,1,0,0,6,6,0,0,0,6,0,0,0,0,0,0,0,0,0,0,0,8,1
7785,1249,第2回小倉百人一首競技かるた近江勧学館フロンティア大会(B),2022-05-03,B4,B,27,27,57,5,5,1,0,0,5,5,0,0,0,5,0,0,0,0,0,0,0,0,0,0,0,8,1
7786,1250,第17回全国競技かるた香川大会,2022-05-08,C,C,10,10,24,4,4,1,0,0,6,6,0,0,0,6,0,0,0,0,0,0,0,0,0,0,0,8,1
7787,1250,第17回全国競技かるた香川大会,2022-05-08,D,D,31,31,61,5,5,1,0,0,1,1,0,0,0,1,0,0,0,0,0,0,0,0,0,0,0,8,1
7788,1251,第10回奥の細道むすびの地全国競技かるた大垣大会,2022-05-03,Ａ級,A,55,55,63,6,6,1,0,1,10,9,0,0,0,9,0,1,0,53,0,0,23,0,0,0,0,0,0
7789,1251,第10回奥の細道むすびの地全国競技かるた大垣大会,2022-05-03,Ｂ級,B,89,89,93,5,5,1,0,1,8,7,0,0,0,7,0,1,0,85,0,0,41,0,0,0,0,0,0
7790,1251,第10回奥の細道むすびの地全国競技かるた大垣大会,2022-05-03,Ｃ級,C,99,99,219,5,5,1,0,0,29,29,0,0,0,29,0,0,0,0,0,0,0,0,0,0,0,0,0
7791,1251,第10回奥の細道むすびの地全国競技かるた大垣大会,2022-05-03,Ｄ級,D,159,159,339,5,5,1,0,0,33,33,0,0,0,35,0,2,0,2,0,0,0,0,0,0,0,0,0
7792,1251,第10回奥の細道むすびの地全国競技かるた大垣大会,2022-05-03,E,E,116,116,228,4,4,1,0,0,12,12,0,0,0,14,0,2,0,0,0,0,0,0,0,0,0,0,0
7793,1252,第86回椿杯争奪全国競技かるた大会,2022-05-14,A,A,16,16,30,4,4,1,0,0,0,0,0,0,0,0,0,0,0,0,0,0,0,0,0,0,0,8,1
7794,1252,第86回椿杯争奪全国競技かるた大会,2022-05-14,B1,B,18,18,48,5,5,1,0,0,14,14,0,0,0,14,0,0,0,0,0,0,0,0,0,0,0,8,1
7795,1252,第86回椿杯争奪全国競技かるた大会,2022-05-14,B2,B,18,18,48,5,5,1,0,0,14,14,0,0,0,14,0,0,0,0,0,0,0,0,0,0,0,8,1
7796,1252,第86回椿杯争奪全国競技かるた大会,2022-05-14,C,C,32,32,62,5,5,1,0,0,0,0,0,0,0,2,0,0,0,0,0,0,0,0,0,0,0,8,1
7797,1252,第86回椿杯争奪全国競技かるた大会,2022-05-14,D1,D,23,23,53,5,5,1,0,0,9,9,0,0,0,9,0,0,0,0,0,0,0,0,0,0,0,8,1
7798,1252,第86回椿杯争奪全国競技かるた大会,2022-05-14,D2,D,21,21,51,5,5,1,0,0,11,11,0,0,0,13,0,0,0,0,0,0,0,0,0,0,0,8,1
7799,1252,第86回椿杯争奪全国競技かるた大会,2022-05-14,E1,E,22,22,52,5,5,1,0,0,10,10,0,0,0,10,0,2,0,0,0,0,0,0,0,0,0,8,1
7800,1252,第86回椿杯争奪全国競技かるた大会,2022-05-14,E2,E,22,22,52,5,5,1,0,0,10,10,0,0,0,12,0,0,0,0,0,0,0,0,0,0,0,8,1
7801,1252,第86回椿杯争奪全国競技かるた大会,2022-05-14,E3,E,23,23,53,5,5,1,0,0,9,9,0,0,0,11,0,0,0,0,0,0,0,0,0,0,0,8,1
7802,1253,第49回全国競技かるた大分大会,2022-05-15,B1,B,23,23,53,5,5,1,0,0,9,9,0,0,0,9,0,0,0,0,0,0,0,0,0,0,0,8,1
7803,1253,第49回全国競技かるた大分大会,2022-05-15,B2,B,24,24,54,5,5,1,0,0,8,8,0,0,0,8,0,0,0,0,0,0,0,0,0,0,0,8,1
7804,1253,第49回全国競技かるた大分大会,2022-05-15,C1,C,23,23,53,5,5,1,0,0,9,9,0,0,0,9,0,0,0,0,0,0,0,0,0,0,0,8,1
7805,1253,第49回全国競技かるた大分大会,2022-05-15,C2,C,23,23,53,5,5,1,0,0,9,9,0,0,0,9,0,0,0,0,0,0,0,0,0,0,0,8,1
7806,1254,第1回全国競技かるた山梨大会(D),2022-05-29,D級,D,30,30,60,5,5,1,0,2,2,0,0,0,0,0,0,2,0,0,0,0,0,0,0,0,0,8,1
7807,1255,第2回競技かるた初段認定東京都大会,2022-05-22,対戦成績,,48,48,144,3,3,1,0,0,0,0,0,0,0,0,0,144,0,0,0,0,0,0,0,0,0,0,0
7808,1256,第74回全国競技かるた京都大会,2022-05-22,A,A,64,64,126,6,6,1,0,0,0,0,0,0,0,0,0,0,0,0,0,0,0,0,0,0,0,8,1
7809,1256,第74回全国競技かるた京都大会,2022-05-22,B1,B,23,23,53,5,5,1,0,0,9,9,0,0,0,9,0,0,0,0,0,0,0,0,0,0,0,4,1
7810,1256,第74回全国競技かるた京都大会,2022-05-22,B2,B,28,28,58,5,5,1,0,0,4,4,0,0,0,4,0,0,0,0,0,0,0,0,0,0,0,4,1
7811,1256,第74回全国競技かるた京都大会,2022-05-22,B3,B,24,24,54,5,5,1,0,0,8,8,0,0,0,8,0,0,0,0,0,0,0,0,0,0,0,4,1
7812,1256,第74回全国競技かるた京都大会,2022-05-22,B4,B,29,29,59,5,5,1,0,0,3,3,0,0,0,3,0,0,0,0,0,0,0,0,0,0,0,4,1
7813,1256,第74回全国競技かるた京都大会,2022-05-22,B5,B,28,28,58,5,5,1,0,0,4,4,0,0,0,4,0,0,0,0,0,0,0,0,0,0,0,4,1
7814,1257,第4回競技かるた初段認定宇都宮大会,2022-06-05,対戦表,,24,24,72,3,3,1,0,1,1,0,0,0,0,0,0,36,0,1,0,0,0,0,0,0,0,0,0
7815,1258,"第38回全国競技かるた宮崎大会(A,B,C)",2022-06-05,A,A,30,30,60,5,5,1,0,0,2,2,0,0,0,2,0,0,0,0,0,0,0,0,0,0,0,8,1
7816,1258,"第38回全国競技かるた宮崎大会(A,B,C)",2022-06-05,B1,B,16,16,30,4,4,1,0,0,0,0,0,0,0,0,0,0,0,0,0,0,0,0,0,0,0,8,1
7817,1258,"第38回全国競技かるた宮崎大会(A,B,C)",2022-06-05,B2,B,17,17,47,5,5,1,0,0,15,15,0,0,0,15,0,0,0,0,0,0,0,0,0,0,0,8,1
7818,1258,"第38回全国競技かるた宮崎大会(A,B,C)",2022-06-05,C,C,24,24,54,5,5,1,0,0,8,8,0,0,0,8,0,0,0,0,0,0,0,0,0,0,0,8,1
7819,1259,第54回全国女流選手権大会,2022-06-05,A,A,62,62,124,6,6,1,0,0,2,2,0,0,0,2,0,0,0,0,0,0,0,0,0,0,0,8,1
7820,1259,第54回全国女流選手権大会,2022-06-05,B1,B,31,31,61,5,5,1,0,0,1,1,0,0,0,1,0,0,0,0,0,0,0,0,0,0,0,8,1
7821,1259,第54回全国女流選手権大会,2022-06-05,B2,B,29,29,59,5,5,1,0,0,3,3,0,0,0,3,0,0,0,0,0,0,0,0,0,0,0,8,1
7822,1259,第54回全国女流選手権大会,2022-06-05,C1,C,32,32,62,5,5,1,0,0,0,0,0,0,0,0,0,0,0,0,0,0,0,0,0,0,0,8,1
7823,1259,第54回全国女流選手権大会,2022-06-05,C2,C,31,31,61,5,5,1,0,0,1,1,0,0,0,1,0,0,0,0,0,0,0,0,0,0,0,8,1
7824,1260,第34回全日本シニア選手権大会,2022-06-11,G級,,11,11,25,4,4,1,0,0,5,5,0,0,0,5,0,0,0,0,0,0,0,0,0,0,0,4,1
7825,1260,第34回全日本シニア選手権大会,2022-06-11,A,A,15,15,29,4,4,1,0,0,1,1,0,0,0,1,0,0,0,0,0,0,0,0,0,0,0,4,1
7826,1260,第34回全日本シニア選手権大会,2022-06-11,B,B,21,21,51,5,5,1,0,0,11,11,0,0,0,11,0,0,0,0,0,0,0,0,0,0,0,4,1
7827,1260,第34回全日本シニア選手権大会,2022-06-11,C,C,18,18,48,5,5,1,0,0,14,14,0,0,0,14,0,0,0,0,0,0,0,0,0,0,0,4,1
7828,1260,第34回全日本シニア選手権大会,2022-06-11,D,D,21,21,51,5,5,1,0,0,11,11,0,0,0,11,0,0,0,0,0,0,0,0,0,0,0,4,1
7829,1261,第23回こばえちゃ山形全国競技かるた酒田大会,2022-06-12,A,A,17,17,47,5,5,1,0,0,15,15,0,0,0,15,0,0,0,0,0,0,0,0,0,0,0,8,1
7830,1261,第23回こばえちゃ山形全国競技かるた酒田大会,2022-06-12,B1,B,18,18,48,5,5,1,0,0,14,14,0,0,0,14,0,0,0,0,0,0,0,0,0,0,0,4,1
7831,1261,第23回こばえちゃ山形全国競技かるた酒田大会,2022-06-12,B2,B,17,17,47,5,5,1,0,0,15,15,0,0,0,15,0,0,0,0,0,0,0,0,0,0,0,4,1
7832,1261,第23回こばえちゃ山形全国競技かるた酒田大会,2022-06-12,C1,C,18,18,48,5,5,1,0,0,14,14,0,0,0,14,0,0,0,0,0,0,0,0,0,0,0,4,1
7833,1261,第23回こばえちゃ山形全国競技かるた酒田大会,2022-06-12,C2,C,18,18,48,5,5,1,0,0,14,14,0,0,0,14,0,0,0,0,0,0,0,0,0,0,0,4,1
7834,1261,第23回こばえちゃ山形全国競技かるた酒田大会,2022-06-12,D1,D,24,24,54,5,5,1,0,0,8,8,0,0,0,10,0,0,0,0,0,0,0,0,0,0,0,4,1
7835,1261,第23回こばえちゃ山形全国競技かるた酒田大会,2022-06-12,D2,D,24,24,54,5,5,1,0,0,8,8,0,0,0,8,0,0,0,0,0,0,0,0,0,0,0,4,1
7836,1261,第23回こばえちゃ山形全国競技かるた酒田大会,2022-06-12,E1,E,14,14,28,4,4,1,0,0,2,2,0,0,0,2,0,0,0,0,0,0,0,0,0,0,0,4,1
7837,1261,第23回こばえちゃ山形全国競技かるた酒田大会,2022-06-12,E2,E,14,14,28,4,4,1,0,0,2,2,0,0,0,2,0,0,0,0,0,0,0,0,0,0,0,4,1
7838,1261,第23回こばえちゃ山形全国競技かるた酒田大会,2022-06-12,E3,E,14,14,28,4,4,1,0,0,2,2,0,0,0,4,0,0,0,0,0,0,0,0,0,0,0,4,1
7839,1261,第23回こばえちゃ山形全国競技かるた酒田大会,2022-06-12,E4,E,13,13,27,4,4,1,0,0,3,3,0,0,0,3,0,2,0,0,0,0,0,0,0,0,0,4,1
7840,1261,第23回こばえちゃ山形全国競技かるた酒田大会,2022-06-12,E5,E,13,13,27,4,4,1,0,0,3,3,0,0,0,3,0,0,0,0,0,0,0,0,0,0,0,4,1
7841,1262,第3回競技かるた初段認定杉並大会(1日目),2022-06-19,19日午前,,16,16,45,3,3,1,0,0,3,3,0,0,0,3,0,0,0,0,0,0,1,0,0,0,0,0,0
7842,1262,第3回競技かるた初段認定杉並大会(1日目),2022-06-19,19日午後,,16,16,45,3,3,1,0,0,3,3,0,0,0,3,0,0,0,0,0,0,1,0,0,0,0,0,0
7843,1262,第3回競技かるた初段認定杉並大会(1日目),2022-06-19,26日午前,,16,16,45,3,3,1,0,0,3,3,0,0,0,3,0,0,0,2,0,0,1,0,0,0,0,0,0
7844,1262,第3回競技かるた初段認定杉並大会(1日目),2022-06-19,26日午後,,16,16,48,3,3,1,0,0,0,0,0,0,0,0,0,0,0,0,0,0,0,0,0,0,0,0,0
7845,1263,第3回競技かるた初段認定米国大会,2022-06-26,対戦結果,,8,8,18,3,3,1,0,0,0,0,0,0,0,2,0,0,0,6,0,1,1,0,0,0,0,0,1
7846,1264,"第75回全国競技かるた福井大会(A,B,C,D)",2022-06-25,A,A,54,54,116,6,6,1,0,0,10,10,0,0,0,10,0,0,0,0,0,0,0,0,0,0,0,8,1
7847,1264,"第75回全国競技かるた福井大会(A,B,C,D)",2022-06-25,B1,B,23,23,53,5,5,1,0,0,9,9,0,0,0,9,0,0,0,0,0,0,0,0,0,0,0,8,1
7848,1264,"第75回全国競技かるた福井大会(A,B,C,D)",2022-06-25,B2,B,23,23,53,5,5,1,0,0,9,9,0,0,0,9,0,0,0,0,0,0,0,0,0,0,0,8,1
7849,1264,"第75回全国競技かるた福井大会(A,B,C,D)",2022-06-25,B3,B,21,21,51,5,5,1,0,0,11,11,0,0,0,11,0,0,0,0,0,0,0,0,0,0,0,8,1
7850,1264,"第75回全国競技かるた福井大会(A,B,C,D)",2022-06-25,C1,C,24,24,54,5,5,1,0,0,8,8,0,0,0,8,0,0,0,0,0,0,0,0,0,0,0,8,1
7851,1264,"第75回全国競技かるた福井大会(A,B,C,D)",2022-06-25,C2,C,21,21,51,5,5,1,0,0,11,11,0,0,0,11,0,0,0,0,0,0,0,0,0,0,0,8,1
7852,1264,"第75回全国競技かるた福井大会(A,B,C,D)",2022-06-25,D1,D,23,23,53,5,5,1,0,0,9,9,0,0,0,9,0,0,0,0,0,0,0,0,0,0,0,8,1
7853,1264,"第75回全国競技かるた福井大会(A,B,C,D)",2022-06-25,D2,D,19,19,49,5,5,1,0,0,13,13,0,0,0,13,0,0,0,0,0,0,0,0,0,0,0,8,1
7854,1264,"第75回全国競技かるた福井大会(A,B,C,D)",2022-06-25,D3,D,21,21,51,5,5,1,0,0,11,11,0,0,0,11,0,0,0,0,0,0,0,0,0,0,0,8,1
7855,1265,第1回競技かるた初段認定シンガポール大会,2022-06-19,詳細,,16,16,48,3,3,1,0,0,0,0,0,0,0,0,0,0,0,0,0,0,0,0,0,0,0,0,0
7856,1266,第36回全国かるたさがみ野大会,2022-06-18,D1,D,32,32,62,5,5,1,0,0,0,0,0,0,0,0,0,0,0,0,0,0,0,0,0,0,0,8,1
7857,1266,第36回全国かるたさがみ野大会,2022-06-18,D2,D,32,32,62,5,5,1,0,0,0,0,0,0,0,0,0,0,0,0,0,0,0,0,0,0,0,8,1
7858,1266,第36回全国かるたさがみ野大会,2022-06-18,D3,D,32,32,62,5,5,1,0,0,0,0,0,0,0,0,0,0,0,0,0,0,0,0,0,0,0,8,1
7859,1266,第36回全国かるたさがみ野大会,2022-06-18,D4,D,31,31,61,5,5,1,0,0,1,1,0,0,0,1,0,0,0,0,0,0,0,0,0,0,0,8,1
7860,1267,第3回競技かるた初段認定湘南大会,2022-06-19,大会結果,,64,64,186,3,3,1,0,0,0,0,0,0,0,0,0,2,0,0,0,0,2,0,0,0,0,0,0
7861,1268,第2回競技かるた初段認定大分大会,2022-06-19,詳細,,42,42,126,3,3,1,0,0,0,0,0,0,0,0,0,2,0,0,0,0,0,0,0,0,0,0,0
7862,1269,第8回白瀧杯 女流かるた高校選手権大会,2022-07-03,白瀧杯級,,24,24,56,5,5,1,0,0,8,8,0,0,0,8,0,0,0,0,0,0,0,0,0,0,0,3,0
7863,1270,第5回全国競技かるた福島大会(E),2022-07-03,E級,E,33,33,75,4,4,1,0,15,15,0,0,0,0,0,0,15,0,0,0,0,0,0,0,0,0,12,0
7864,1271,第1回全国競技かるた兵庫県ステップアップ大会,2022-07-10,D,D,29,29,59,5,5,1,0,0,3,3,0,0,0,3,0,0,0,0,0,0,0,0,0,0,0,0,1
7865,1271,第1回全国競技かるた兵庫県ステップアップ大会,2022-07-10,E,E,65,65,135,4,4,1,0,0,15,15,0,0,0,15,0,2,0,0,0,0,0,0,0,0,0,0,0
7866,1272,第2回競技かるた初段認定石川大会,2022-07-10,結果詳報,,59,59,177,3,3,1,0,0,3,0,0,0,0,3,0,0,0,0,0,0,0,0,0,0,0,0,0
7867,1273,第2回全国競技かるた初段認定山口大会,2022-07-17,結果詳細,,50,50,150,3,3,1,0,0,0,0,0,0,0,0,0,2,0,0,0,0,0,0,0,0,0,0,0
7868,1274,第44回全国高等学校選手権大会(個人戦),2022-07-24,A,A,44,44,106,6,6,1,0,0,20,20,0,0,0,20,0,0,0,0,0,0,0,0,0,0,0,0,1
7869,1274,第44回全国高等学校選手権大会(個人戦),2022-07-24,B1,B,30,30,60,5,5,1,0,0,2,2,0,0,0,2,0,0,0,0,0,0,0,0,0,0,0,0,1
7870,1274,第44回全国高等学校選手権大会(個人戦),2022-07-24,B2,B,29,29,59,5,5,1,0,0,3,3,0,0,0,3,0,0,0,0,0,0,0,0,0,0,0,0,1
7871,1274,第44回全国高等学校選手権大会(個人戦),2022-07-24,B3,B,29,29,59,5,5,1,0,0,3,3,0,0,0,3,0,0,0,0,0,0,0,0,0,0,0,0,1
7872,1274,第44回全国高等学校選手権大会(個人戦),2022-07-24,B4,B,29,29,59,5,5,1,0,0,3,3,0,0,0,3,0,0,0,0,0,0,0,0,0,0,0,0,1
7873,1274,第44回全国高等学校選手権大会(個人戦),2022-07-24,B5,B,28,28,58,5,5,1,0,0,4,4,0,0,0,4,0,0,0,0,0,0,0,0,0,0,0,0,1
7874,1274,第44回全国高等学校選手権大会(個人戦),2022-07-24,B6,B,28,28,58,5,5,1,0,0,4,4,0,0,0,4,0,0,0,0,0,0,0,0,0,0,0,8,1
7875,1274,第44回全国高等学校選手権大会(個人戦),2022-07-24,B7,B,28,28,58,5,5,1,0,0,4,4,0,0,0,4,0,0,0,0,0,0,0,0,0,0,0,8,1
7876,1274,第44回全国高等学校選手権大会(個人戦),2022-07-24,C1,C,28,28,58,5,5,1,0,0,4,4,0,0,0,4,0,0,0,0,0,0,0,0,0,0,0,4,1
7877,1274,第44回全国高等学校選手権大会(個人戦),2022-07-24,C10,C,30,30,60,5,5,1,0,0,2,2,0,0,0,2,0,0,0,0,0,0,0,0,0,0,0,0,1
7878,1274,第44回全国高等学校選手権大会(個人戦),2022-07-24,C11,C,29,29,59,5,5,1,0,0,3,3,0,0,0,3,0,0,0,0,0,0,0,0,0,0,0,0,1
7879,1274,第44回全国高等学校選手権大会(個人戦),2022-07-24,C2,C,31,31,61,5,5,1,0,0,1,1,0,0,0,1,0,0,0,0,0,0,0,0,0,0,0,4,1
7880,1274,第44回全国高等学校選手権大会(個人戦),2022-07-24,C3,C,30,30,60,5,5,1,0,0,2,2,0,0,0,2,0,0,0,0,0,0,0,0,0,0,0,4,1
7881,1274,第44回全国高等学校選手権大会(個人戦),2022-07-24,C4,C,29,29,59,5,5,1,0,0,3,3,0,0,0,3,0,0,0,0,0,0,0,0,0,0,0,4,1
7882,1274,第44回全国高等学校選手権大会(個人戦),2022-07-24,C5,C,30,30,60,5,5,1,0,0,2,2,0,0,0,2,0,0,0,0,0,0,0,0,0,0,0,4,1
7883,1274,第44回全国高等学校選手権大会(個人戦),2022-07-24,C6,C,31,31,61,5,5,1,0,0,1,1,0,0,0,1,0,0,0,0,0,0,0,0,0,0,0,4,1
7884,1274,第44回全国高等学校選手権大会(個人戦),2022-07-24,C7,C,31,31,61,5,5,1,0,0,1,1,0,0,0,1,0,0,0,0,0,0,0,0,0,0,0,0,1
7885,1274,第44回全国高等学校選手権大会(個人戦),2022-07-24,C8,C,28,28,58,5,5,1,0,0,4,4,0,0,0,4,0,0,0,0,0,0,0,0,0,0,0,0,1
7886,1274,第44回全国高等学校選手権大会(個人戦),2022-07-24,C9,C,32,32,62,5,5,1,0,0,0,0,0,0,0,0,0,0,0,0,0,0,0,0,0,0,0,0,1
7887,1274,第44回全国高等学校選手権大会(個人戦),2022-07-24,D1,D,22,22,52,5,5,1,0,8,10,2,0,0,0,2,0,0,0,0,0,0,0,0,0,0,0,0,1
7888,1275,第76回全国競技かるた東京東会大会,2022-08-11,E,E,62,62,122,5,5,1,0,0,2,2,0,0,0,2,0,0,0,0,0,0,0,0,0,0,0,16,0
7889,1276,第29回全国競技かるた多摩大会(D),2022-08-13,D1,D,28,28,58,5,5,1,0,0,4,4,0,0,0,4,0,0,0,0,0,0,0,0,0,0,0,0,1
7890,1276,第29回全国競技かるた多摩大会(D),2022-08-13,D2,D,32,32,62,5,5,1,0,0,0,0,0,0,0,0,0,0,0,0,0,0,0,0,0,0,0,0,1
7891,1276,第29回全国競技かるた多摩大会(D),2022-08-13,D3,D,27,27,57,5,5,1,0,0,5,5,0,0,0,5,0,0,0,0,0,0,0,0,0,0,0,0,1
7892,1276,第29回全国競技かるた多摩大会(D),2022-08-13,D4,D,31,31,61,5,5,1,0,0,1,1,0,0,0,2,0,1,0,0,0,0,0,0,0,0,0,0,1
7893,1276,第29回全国競技かるた多摩大会(D),2022-08-13,D5,D,29,29,59,5,5,1,0,0,3,3,0,0,0,3,0,0,0,0,0,0,0,0,0,0,0,0,1
7894,1276,第29回全国競技かるた多摩大会(D),2022-08-13,D6,D,27,27,57,5,5,1,0,0,5,5,0,0,0,6,0,1,0,0,0,0,0,0,0,0,0,0,1
7895,1276,第29回全国競技かるた多摩大会(D),2022-08-13,D7,D,30,30,60,5,5,1,0,0,2,2,0,0,0,2,0,0,0,0,0,0,0,0,0,0,0,0,1
7896,1276,第29回全国競技かるた多摩大会(D),2022-08-13,D8,D,30,30,60,5,5,1,0,0,2,2,0,0,0,3,0,1,0,0,0,0,0,0,0,0,0,0,1
7897,1276,第29回全国競技かるた多摩大会(D),2022-08-13,D9,D,28,28,58,5,5,1,0,0,4,4,0,0,0,5,0,1,0,0,0,0,0,0,0,0,0,0,1
7898,1276,第29回全国競技かるた多摩大会(D),2022-08-13,D10,D,31,31,61,5,5,1,0,0,1,1,0,0,0,1,0,0,0,0,0,0,0,0,0,0,0,0,1
7899,1277,第29回全国競技かるた多摩大会(E),2022-08-14,E1,E,27,27,57,5,5,1,0,0,5,5,0,0,0,5,0,0,0,0,0,0,0,0,0,0,0,0,1
7900,1277,第29回全国競技かるた多摩大会(E),2022-08-14,E2,E,31,31,61,5,5,1,0,0,1,1,0,0,0,1,0,4,0,0,0,0,0,0,0,0,0,0,1
7901,1277,第29回全国競技かるた多摩大会(E),2022-08-14,E3,E,30,30,60,5,5,1,0,0,2,2,0,0,0,2,0,0,0,0,0,0,0,0,0,0,0,0,1
7902,1277,第29回全国競技かるた多摩大会(E),2022-08-14,E4,E,31,31,61,5,5,1,0,0,1,1,0,0,0,1,0,0,0,0,0,0,0,0,0,0,0,0,1
7903,1277,第29回全国競技かるた多摩大会(E),2022-08-14,E5,E,31,31,61,5,5,1,0,0,1,1,0,0,0,1,0,2,0,0,0,0,0,0,0,0,0,0,1
7904,1277,第29回全国競技かるた多摩大会(E),2022-08-14,E6,E,31,31,61,5,5,1,0,0,1,1,0,0,0,1,0,0,0,0,0,0,0,0,0,0,0,0,1
7905,1277,第29回全国競技かるた多摩大会(E),2022-08-14,E7,E,29,29,59,5,5,1,0,0,3,3,0,0,0,3,0,0,0,0,0,0,0,0,0,0,0,0,1
7906,1277,第29回全国競技かるた多摩大会(E),2022-08-14,E8,E,30,30,60,5,5,1,0,0,2,2,0,0,0,2,0,0,0,0,0,0,0,0,0,0,0,0,1
7907,1277,第29回全国競技かるた多摩大会(E),2022-08-14,E9,E,30,30,60,5,5,1,0,0,2,2,0,0,0,2,0,0,0,0,0,0,0,0,0,0,0,0,1
7908,1277,第29回全国競技かるた多摩大会(E),2022-08-14,E10 級,E,30,30,60,5,5,1,0,0,2,2,0,0,0,2,0,0,0,0,0,0,0,0,0,0,0,0,1
7909,1278,"第93回全国競技かるた学生選手権大会(D,E)",2022-08-27,D1,D,29,29,59,5,5,1,0,0,3,3,0,0,0,3,0,0,0,0,0,0,0,0,0,0,0,8,1
7910,1278,"第93回全国競技かるた学生選手権大会(D,E)",2022-08-27,D2,D,32,32,62,5,5,1,0,0,0,0,0,0,0,0,0,2,0,0,0,0,0,0,0,0,0,8,1
7911,1278,"第93回全国競技かるた学生選手権大会(D,E)",2022-08-27,D3,D,30,30,60,5,5,1,0,0,2,2,0,0,0,2,0,0,0,0,0,0,0,0,0,0,0,8,1
7912,1278,"第93回全国競技かるた学生選手権大会(D,E)",2022-08-27,D4,D,28,28,58,5,5,1,0,0,4,4,0,0,0,4,0,2,0,0,0,0,0,0,0,0,0,8,1
7913,1278,"第93回全国競技かるた学生選手権大会(D,E)",2022-08-27,E1,E,32,32,62,5,5,1,0,0,0,0,0,0,0,0,0,2,0,0,0,0,0,0,0,0,0,8,1
7914,1278,"第93回全国競技かるた学生選手権大会(D,E)",2022-08-27,E2,E,32,32,62,5,5,1,0,0,0,0,0,0,0,0,0,2,0,0,0,0,0,0,0,0,0,8,1
7915,1278,"第93回全国競技かるた学生選手権大会(D,E)",2022-08-27,E3,E,31,31,61,5,5,1,0,0,1,1,0,0,0,1,0,0,0,0,0,0,0,0,0,0,0,8,1
7916,1278,"第93回全国競技かるた学生選手権大会(D,E)",2022-08-27,E4,E,30,30,60,5,5,1,0,0,2,2,0,0,0,2,0,2,0,0,0,0,0,0,0,0,0,8,1
7917,1279,第5回競技かるた初段認定宇都宮大会,2022-08-28,対戦表,,24,24,72,3,3,1,0,0,0,0,0,0,0,0,0,37,0,0,0,0,0,0,0,0,0,0,0
7918,1280,"第1回全国競技かるた山梨大会(B,C,E)",2022-09-04,B級,B,28,28,58,5,5,1,0,0,4,4,0,0,0,4,0,0,0,0,0,0,0,0,0,0,0,8,1
7919,1280,"第1回全国競技かるた山梨大会(B,C,E)",2022-09-04,C級,C,26,26,56,5,5,1,0,0,6,6,0,0,0,6,0,0,0,0,0,0,0,0,0,0,0,8,1
7920,1280,"第1回全国競技かるた山梨大会(B,C,E)",2022-09-04,E1級,E,21,21,51,5,5,1,0,0,11,11,0,0,0,13,0,0,0,0,0,0,0,0,0,0,0,4,1
7921,1280,"第1回全国競技かるた山梨大会(B,C,E)",2022-09-04,E2級,E,21,21,51,5,5,1,0,0,11,11,0,0,0,11,0,0,0,0,0,0,0,0,0,0,0,4,1
7922,1281,第2回全国競技かるた初段認定青森大会,2022-09-04,結果詳細,,23,23,69,3,3,1,0,3,3,0,0,0,0,0,0,3,0,0,0,0,0,0,0,0,0,0,0
7923,1282,第3回全国競技かるた初段認定静岡大会,2022-09-04,詳細,,130,130,366,3,3,1,0,0,0,0,0,0,0,0,0,2,0,6,2,0,8,0,0,0,0,0,0
7924,1283,第75回全国競技かるた福井大会(E),2022-09-04,E1,E,26,26,56,5,5,1,0,0,6,6,0,0,0,6,0,0,0,0,0,0,0,0,0,0,0,4,1
7925,1283,第75回全国競技かるた福井大会(E),2022-09-04,E2,E,25,25,55,5,5,1,0,0,7,7,0,0,0,7,0,0,0,0,0,0,0,0,0,0,0,4,1
7926,1284,第6回米国かるた大会,2022-09-05,D,D,4,4,12,3,3,1,0,6,6,0,0,0,0,0,0,5,0,4,0,0,0,0,0,0,0,0,0
7927,1284,第6回米国かるた大会,2022-09-05,F1級,,2,2,4,2,2,1,0,0,0,0,0,0,0,0,0,0,0,0,0,0,0,0,0,0,0,0,0
7928,1284,第6回米国かるた大会,2022-09-05,F2級,,2,2,4,2,2,1,0,0,0,0,0,0,0,0,0,0,0,0,0,0,0,0,0,0,0,0,0
7929,1285,第1回全国競技かるた大阪暁会大会,2022-09-18,E1,E,15,15,29,4,4,1,0,0,1,1,0,0,0,1,0,0,0,0,0,0,0,0,0,0,0,4,1
7930,1285,第1回全国競技かるた大阪暁会大会,2022-09-18,E2,E,16,16,30,4,4,1,0,0,0,0,0,0,0,0,0,0,0,0,0,0,0,0,0,0,0,4,1
7931,1285,第1回全国競技かるた大阪暁会大会,2022-09-18,E3,E,16,16,30,4,4,1,0,0,0,0,0,0,0,0,0,0,0,0,0,0,0,0,0,0,0,4,1
7932,1285,第1回全国競技かるた大阪暁会大会,2022-09-18,E4,E,15,15,29,4,4,1,0,0,1,1,0,0,0,1,0,0,0,0,0,0,0,0,0,0,0,4,1
7933,1285,第1回全国競技かるた大阪暁会大会,2022-09-18,E5,E,16,16,30,4,4,1,0,0,0,0,0,0,0,0,0,0,0,0,0,0,0,0,0,0,0,4,1
7934,1285,第1回全国競技かるた大阪暁会大会,2022-09-18,E6,E,15,15,29,4,4,1,0,0,1,1,0,0,0,1,0,0,0,0,0,0,0,0,0,0,0,4,1
7935,1285,第1回全国競技かるた大阪暁会大会,2022-09-18,E7,E,14,14,28,4,4,1,0,0,2,2,0,0,0,2,0,0,0,0,0,0,0,0,0,0,0,4,1
7936,1285,第1回全国競技かるた大阪暁会大会,2022-09-18,E8,E,16,16,30,4,4,1,0,0,0,0,0,0,0,0,0,0,0,0,0,0,0,0,0,0,0,4,1
7937,1285,第1回全国競技かるた大阪暁会大会,2022-09-18,D1,D,28,28,58,5,5,1,0,0,4,4,0,0,0,4,0,0,0,0,0,0,0,0,0,0,0,4,1
7938,1285,第1回全国競技かるた大阪暁会大会,2022-09-18,D2,D,27,27,57,5,5,1,0,0,5,5,0,0,0,5,0,0,0,0,0,0,0,0,0,0,0,4,1
7939,1285,第1回全国競技かるた大阪暁会大会,2022-09-18,D3,D,27,27,57,5,5,1,0,0,5,5,0,0,0,5,0,0,0,0,0,0,0,0,0,0,0,4,1
7940,1285,第1回全国競技かるた大阪暁会大会,2022-09-18,E9,E,15,15,29,4,4,1,0,0,1,1,0,0,0,1,0,0,0,0,0,0,0,0,0,0,0,4,1
7941,1285,第1回全国競技かるた大阪暁会大会,2022-09-18,E10,E,15,15,29,4,4,1,0,0,1,1,0,0,0,1,0,0,0,0,0,0,0,0,0,0,0,4,1
7942,1286,"第79回全国競技かるた桑名大会(A,B,C)",2022-08-21,A,A,24,24,54,5,5,1,0,0,8,8,0,0,0,8,0,0,0,0,0,0,0,0,0,0,0,8,1
7943,1286,"第79回全国競技かるた桑名大会(A,B,C)",2022-08-21,B1,B,26,26,56,5,5,1,0,0,6,6,0,0,0,6,0,0,0,0,0,0,0,0,0,0,0,8,1
7944,1286,"第79回全国競技かるた桑名大会(A,B,C)",2022-08-21,B2,B,26,26,56,5,5,1,0,0,6,6,0,0,0,6,0,0,0,0,0,0,0,0,0,0,0,8,1
7945,1286,"第79回全国競技かるた桑名大会(A,B,C)",2022-08-21,C1,C,24,24,54,5,5,1,0,0,8,8,0,0,0,10,0,0,0,0,0,0,0,0,0,0,0,8,1
7946,1286,"第79回全国競技かるた桑名大会(A,B,C)",2022-08-21,C2,C,24,24,54,5,5,1,0,0,8,8,0,0,0,8,0,0,0,0,0,0,0,0,0,0,0,8,1
7947,1286,"第79回全国競技かるた桑名大会(A,B,C)",2022-08-21,C3,C,22,22,52,5,5,1,0,0,10,10,0,0,0,14,0,0,0,0,0,0,0,0,0,0,0,8,1
7948,1287,第2回全国競技かるた初段認定徳島大会,2022-08-21,結果詳細,,39,39,117,3,3,1,0,114,117,3,0,0,0,3,0,0,0,0,0,0,0,0,0,0,0,0,0
7949,1288,第34回全国中学生選手権大会(個人戦),2022-08-07,選抜_3年級,,13,13,27,4,4,1,0,0,3,3,0,0,0,3,0,0,0,0,0,0,0,0,0,0,0,4,1
7950,1288,第34回全国中学生選手権大会(個人戦),2022-08-07,選抜_2年級,,18,18,48,5,5,1,0,0,14,14,0,0,0,14,0,0,0,0,0,0,0,0,0,0,0,4,1
7951,1288,第34回全国中学生選手権大会(個人戦),2022-08-07,選抜_1年級,,10,10,24,4,4,1,0,0,6,6,0,0,0,6,0,0,0,0,0,0,0,0,0,0,0,4,1
7952,1288,第34回全国中学生選手権大会(個人戦),2022-08-07,D,D,111,111,298,6,6,1,0,144,158,14,0,0,0,16,0,0,0,0,0,0,0,0,0,0,0,17,0
7953,1288,第34回全国中学生選手権大会(個人戦),2022-08-07,C,C,18,18,47,5,5,1,0,36,39,3,0,0,0,3,0,0,0,0,0,0,0,0,0,0,0,2,0
7954,1288,第34回全国中学生選手権大会(個人戦),2022-08-07,E,E,148,148,242,6,6,1,0,126,152,26,0,0,0,26,0,0,0,0,0,0,0,0,0,0,0,1,0
7955,1289,第22回全国競技かるた富山大会,2022-09-17,B,B,32,32,62,5,5,1,0,0,0,0,0,0,0,0,0,0,0,0,0,0,0,0,0,0,0,8,1
7956,1289,第22回全国競技かるた富山大会,2022-09-17,C,C,32,32,62,5,5,1,0,0,0,0,0,0,0,0,0,0,0,0,0,0,0,0,0,0,0,8,1
7957,1289,第22回全国競技かるた富山大会,2022-09-17,D,D,30,30,60,5,5,1,0,0,2,2,0,0,0,2,0,0,0,0,0,0,0,0,0,0,0,8,1
7958,1289,第22回全国競技かるた富山大会,2022-09-17,E,E,31,31,61,5,5,1,0,0,1,1,0,0,0,1,0,0,0,0,0,0,0,0,0,0,0,8,1
7959,1290,第29回全国競技かるた多摩大会(09/24),2022-09-24,F,,76,76,304,4,4,1,0,0,4,4,0,0,0,6,0,0,0,0,0,0,0,0,0,0,0,0,0
7961,1290,第29回全国競技かるた多摩大会(09/24),2022-09-24,小,,11,11,39,4,4,1,0,0,9,9,0,0,0,15,0,0,0,0,0,0,0,0,0,0,0,0,0
7962,1290,第29回全国競技かるた多摩大会(09/24),2022-09-24,中,,5,5,20,4,4,1,0,0,6,6,0,0,0,6,0,0,0,0,0,0,0,0,0,0,0,0,0
7963,1291,"第22回全国競技かるた愛知大会(D,E)",2022-09-24,D1,D,19,19,49,5,5,1,0,0,13,13,0,0,0,15,0,0,0,0,0,0,0,0,0,0,0,4,1
7964,1291,"第22回全国競技かるた愛知大会(D,E)",2022-09-24,D2,D,19,19,49,5,5,1,0,0,13,13,0,0,0,13,0,0,0,0,0,0,0,0,0,0,0,4,1
7965,1291,"第22回全国競技かるた愛知大会(D,E)",2022-09-24,D3,D,26,26,56,5,5,1,0,0,6,6,0,0,0,6,0,0,0,0,0,0,0,0,0,0,0,4,1
7966,1291,"第22回全国競技かるた愛知大会(D,E)",2022-09-24,D4,D,22,22,52,5,5,1,0,0,10,10,0,0,0,10,0,0,0,0,0,0,0,0,0,0,0,4,1
7967,1291,"第22回全国競技かるた愛知大会(D,E)",2022-09-24,E1,E,15,15,29,4,4,1,0,0,1,1,0,0,0,1,0,0,0,0,0,0,0,0,0,0,0,2,1
7968,1291,"第22回全国競技かるた愛知大会(D,E)",2022-09-24,E10,E,14,14,28,4,4,1,0,0,2,2,0,0,0,2,0,0,0,0,0,0,0,0,0,0,0,2,1
7969,1291,"第22回全国競技かるた愛知大会(D,E)",2022-09-24,E11,E,14,14,28,4,4,1,0,0,2,2,0,0,0,2,0,0,0,0,0,0,0,0,0,0,0,2,1
7970,1291,"第22回全国競技かるた愛知大会(D,E)",2022-09-24,E2,E,14,14,28,4,4,1,0,0,2,2,0,0,0,2,0,0,0,0,0,0,0,0,0,0,0,2,1
7971,1291,"第22回全国競技かるた愛知大会(D,E)",2022-09-24,E3,E,15,15,29,4,4,1,0,0,1,1,0,0,0,1,0,0,0,0,0,0,0,0,0,0,0,2,1
7972,1291,"第22回全国競技かるた愛知大会(D,E)",2022-09-24,E4,E,15,15,29,4,4,1,0,0,1,1,0,0,0,1,0,0,0,0,0,0,0,0,0,0,0,2,1
7973,1291,"第22回全国競技かるた愛知大会(D,E)",2022-09-24,E5,E,14,14,28,4,4,1,0,0,2,2,0,0,0,2,0,0,0,0,0,0,0,0,0,0,0,2,1
7974,1291,"第22回全国競技かるた愛知大会(D,E)",2022-09-24,E6,E,14,14,28,4,4,1,0,0,2,2,0,0,0,2,0,0,0,0,0,0,0,0,0,0,0,2,1
7975,1291,"第22回全国競技かるた愛知大会(D,E)",2022-09-24,E7,E,14,14,28,4,4,1,0,0,2,2,0,0,0,2,0,0,0,0,0,0,0,0,0,0,0,2,1
7976,1291,"第22回全国競技かるた愛知大会(D,E)",2022-09-24,E8,E,14,14,28,4,4,1,0,0,2,2,0,0,0,2,0,0,0,0,0,0,0,0,0,0,0,2,1
7977,1291,"第22回全国競技かるた愛知大会(D,E)",2022-09-24,E9,E,14,14,28,4,4,1,0,0,2,2,0,0,0,2,0,0,0,0,0,0,0,0,0,0,0,2,1
7978,1292,第93回全国競技かるた学生選手権大会(A),2022-09-25,A,A,64,64,126,6,6,1,0,0,0,0,0,0,0,0,0,0,0,0,0,0,0,0,0,0,0,8,1
7979,1293,第25回神奈川県かるた選手権大会,2022-09-25,D1,D,31,31,61,5,5,1,0,0,1,1,0,0,0,1,0,2,0,0,0,0,0,0,0,0,0,8,1
7980,1293,第25回神奈川県かるた選手権大会,2022-09-25,D2,D,32,32,62,5,5,1,0,0,0,0,0,0,0,0,0,0,0,0,0,0,0,0,0,0,0,8,1
7981,1293,第25回神奈川県かるた選手権大会,2022-09-25,E1,E,32,32,62,5,5,1,0,0,0,0,0,0,0,0,0,0,0,0,0,0,0,0,0,0,0,8,1
7982,1293,第25回神奈川県かるた選手権大会,2022-09-25,E2,E,32,32,62,5,5,1,0,0,0,0,0,0,0,0,0,0,0,0,0,0,0,0,0,0,0,8,1
7983,1293,第25回神奈川県かるた選手権大会,2022-09-25,E3,E,32,32,62,5,5,1,0,0,0,0,0,0,0,0,0,0,0,0,0,0,0,0,0,0,0,8,1
7984,1293,第25回神奈川県かるた選手権大会,2022-09-25,E4,E,32,32,62,5,5,1,0,0,0,0,0,0,0,0,0,0,0,0,0,0,0,0,0,0,0,8,1
7985,1294,第34回全国競技かるた東大阪大会(A),2022-09-25,A,A,62,62,124,6,6,1,0,0,2,2,0,0,0,2,0,0,0,0,0,0,0,0,0,0,0,8,1
7986,1295,第6回全国競技かるた信州大会(B),2022-09-23,B,B,64,64,126,6,6,1,0,0,0,0,0,0,0,0,0,0,0,0,0,0,0,0,0,0,0,8,1
7987,1295,第6回全国競技かるた信州大会(B),2022-09-23,1,,83,83,205,6,6,1,0,0,45,45,0,0,0,47,0,0,0,0,0,0,0,0,0,0,0,24,0
7988,1295,第6回全国競技かるた信州大会(B),2022-09-23,2,,80,80,202,6,6,1,0,0,48,48,0,0,0,48,0,2,0,0,0,0,0,0,0,0,0,24,0
7989,1295,第6回全国競技かるた信州大会(B),2022-09-23,3,,44,44,104,5,5,1,0,0,20,20,0,0,0,20,0,0,0,0,0,0,0,0,0,0,0,16,0
7990,1295,第6回全国競技かるた信州大会(B),2022-09-23,4,,23,23,53,5,5,1,0,0,9,9,0,0,0,9,0,0,0,0,0,0,0,0,0,0,0,8,1
7991,1296,第29回埼玉県百人一首大会,2022-09-25,E1,E,15,15,29,4,4,1,0,0,1,1,0,0,0,1,0,0,0,0,0,0,0,0,0,0,0,4,1
7992,1296,第29回埼玉県百人一首大会,2022-09-25,E2,E,15,15,29,4,4,1,0,0,1,1,0,0,0,1,0,0,0,0,0,0,0,0,0,0,0,4,1
7993,1296,第29回埼玉県百人一首大会,2022-09-25,E3,E,15,15,29,4,4,1,0,0,1,1,0,0,0,1,0,2,0,0,0,0,0,0,0,0,0,4,1
7994,1296,第29回埼玉県百人一首大会,2022-09-25,E4,E,15,15,29,4,4,1,0,0,1,1,0,0,0,1,0,0,0,0,0,0,0,0,0,0,0,4,1
7995,1296,第29回埼玉県百人一首大会,2022-09-25,入門1級,,16,16,30,4,4,1,0,0,0,0,0,0,0,0,0,0,0,0,0,0,0,0,0,0,0,4,1
7996,1296,第29回埼玉県百人一首大会,2022-09-25,入門2級,,16,16,30,4,4,1,0,0,0,0,0,0,0,0,0,2,0,0,0,0,0,0,0,0,0,4,1
7997,1296,第29回埼玉県百人一首大会,2022-09-25,入門3級,,15,15,29,4,4,1,0,0,1,1,0,0,0,1,0,0,0,0,0,0,0,0,0,0,0,4,1
7998,1297,第1回競技かるた湘南大会,2022-09-23,C1,C,24,24,54,5,5,1,0,0,8,8,0,0,0,8,0,0,0,0,0,0,0,0,0,0,0,8,1
7999,1297,第1回競技かるた湘南大会,2022-09-23,C2,C,22,22,52,5,5,1,0,0,10,10,0,0,0,10,0,0,0,0,0,0,0,0,0,0,0,8,1
8000,1298,第36回全国競技かるたさがみ野大会(B),2022-10-01,B1,B,62,62,124,6,6,1,0,0,2,2,0,0,0,2,0,0,0,0,0,0,0,0,0,0,0,8,1
8001,1298,第36回全国競技かるたさがみ野大会(B),2022-10-01,B2,B,64,64,126,6,6,1,0,0,0,0,0,0,0,0,0,0,0,0,0,0,0,0,0,0,0,8,1
8002,1299,第2回競技かるた初段認定鳥取大会,2022-10-02,Sheet1,,27,27,81,3,3,1,0,81,81,81,0,0,0,0,0,3,0,0,0,0,0,0,0,0,0,0,0
8003,1300,第5回全国競技かるた秋田大会,2022-10-02,記録,,187,187,407,5,5,1,0,2,55,53,0,0,0,53,0,0,0,2,0,0,0,0,0,0,0,64,0
8004,1301,第69期名人戦東日本予選,2022-10-16,名人位の部,,31,31,61,5,5,1,0,0,1,1,0,0,0,1,0,0,0,0,0,0,0,0,0,0,0,8,1
8005,1541,第67期クイーン戦東日本予選,2022-10-16,クイーン位級,,32,32,62,5,5,1,0,0,0,0,0,0,0,0,0,0,0,0,0,0,0,0,0,0,0,0,1
8006,1302,第69期名人戦西日本予選,2022-10-16,名人位の部,,32,32,62,5,5,1,0,0,0,0,0,0,0,0,0,0,0,0,0,0,0,0,0,0,0,0,1
8007,1542,第67期クイーン戦西日本予選,2022-10-16,クイーン位の部,,31,31,61,5,5,1,0,0,1,1,0,0,0,1,0,0,0,0,0,0,0,0,0,0,0,0,1
8008,1303,"第104回全国競技かるた大阪大会(B,C)",2022-10-23,B1,B,48,48,110,6,6,1,0,0,16,16,0,0,0,16,0,0,0,0,0,0,0,0,0,0,0,8,1
8009,1303,"第104回全国競技かるた大阪大会(B,C)",2022-10-23,B2,B,46,46,108,6,6,1,0,0,18,18,0,0,0,18,0,0,0,0,0,0,0,0,0,0,0,8,1
8010,1303,"第104回全国競技かるた大阪大会(B,C)",2022-10-23,C1,C,45,45,107,6,6,1,0,0,19,19,0,0,0,19,0,0,0,0,0,0,0,0,0,0,0,8,1
8011,1303,"第104回全国競技かるた大阪大会(B,C)",2022-10-23,C2,C,43,43,105,6,6,1,0,0,21,21,0,0,0,21,0,0,0,0,0,0,0,0,0,0,0,8,1
8012,1304,第41回全国競技かるた東京吉野会大会(A),2022-10-10,A1,A,64,64,126,6,6,1,0,0,0,0,0,0,0,0,0,0,0,0,0,0,0,0,0,0,0,8,1
8013,1304,第41回全国競技かるた東京吉野会大会(A),2022-10-10,A2,A,64,64,126,6,6,1,0,0,0,0,0,0,0,0,0,0,0,0,0,0,0,0,0,0,0,8,1
8014,1305,第2回競技かるた初段認定島根大会,2022-10-16,E,E,24,24,72,3,3,1,0,0,0,0,0,0,0,0,0,0,0,0,0,0,0,0,0,0,0,0,0
8015,1306,第5回全国競技かるた福島大会(D),2022-06-26,D級,D,18,18,48,5,5,1,0,14,14,0,0,0,0,2,0,14,0,0,0,0,0,0,0,0,0,4,1
8016,1307,第2回全国競技かるた初段認定熊本大会,2022-10-23,詳細,,45,45,135,3,3,1,0,0,3,3,0,0,0,3,0,0,0,0,0,0,0,0,0,0,0,0,0
8017,1308,第3回競技かるた初段認定福岡大会,2022-10-23,詳報,,110,110,330,3,3,1,0,0,0,0,0,0,0,0,0,2,0,0,0,0,0,0,0,0,0,0,0
8018,1309,第2回全国競技かるた会津大会,2022-10-23,D1,D,17,17,47,5,5,1,0,15,15,0,0,0,0,2,0,15,0,0,0,0,0,0,0,0,0,4,1
8019,1309,第2回全国競技かるた会津大会,2022-10-23,D2,D,17,17,47,5,5,1,0,15,15,0,0,0,0,0,0,15,0,0,0,0,0,0,0,0,0,4,1
8020,1309,第2回全国競技かるた会津大会,2022-10-23,E1,E,17,17,47,5,5,1,0,15,15,0,0,0,0,0,0,15,0,0,0,0,0,0,0,0,0,4,1
8021,1309,第2回全国競技かるた会津大会,2022-10-23,E2,E,16,16,30,4,4,1,0,0,0,0,0,0,0,0,0,0,0,0,0,0,0,0,0,0,0,4,1
8022,1310,第6回競技かるた初段認定宇都宮大会,2022-10-09,対戦表,,24,24,72,3,3,1,0,0,0,0,0,0,0,0,0,36,0,0,0,0,0,0,0,0,0,0,0
8023,1311,第82回全国競技かるた北國大会,2022-10-01,A,A,23,23,53,5,5,1,0,0,9,9,0,0,0,9,0,8,0,0,0,0,0,0,0,0,0,8,1
8024,1311,第82回全国競技かるた北國大会,2022-10-01,B,B,26,26,56,5,5,1,0,0,6,6,0,0,0,6,0,2,0,0,0,0,0,0,0,0,0,8,1
8025,1311,第82回全国競技かるた北國大会,2022-10-01,C,C,35,35,97,6,6,1,0,0,29,29,0,0,0,29,0,0,0,0,0,0,0,0,0,0,0,8,1
8026,1311,第82回全国競技かるた北國大会,2022-10-01,D,D,53,53,113,5,5,1,0,0,11,11,0,0,0,11,0,0,0,0,0,0,0,0,0,0,0,8,0
8027,1311,第82回全国競技かるた北國大会,2022-10-01,E,E,60,60,120,5,5,1,0,4,8,4,0,0,0,4,0,0,0,0,0,0,0,0,0,0,0,8,0
8028,1312,第2回競技かるた初段認定大垣大会,2022-10-09,E,E,43,43,129,3,3,1,0,0,3,0,0,0,0,3,0,0,0,0,0,0,0,0,0,0,0,0,0
8029,1313,第4回全国競技かるた新潟大会,2022-10-09,A,A,22,22,52,5,5,1,0,10,10,0,0,0,0,0,0,10,0,0,0,0,0,0,0,0,0,0,1
8030,1313,第4回全国競技かるた新潟大会,2022-10-09,B,B,35,35,97,6,6,1,0,29,29,0,0,0,0,0,0,29,0,0,0,0,0,0,0,0,0,0,1
8031,1313,第4回全国競技かるた新潟大会,2022-10-09,C,C,30,30,60,5,5,1,0,4,4,0,0,0,0,0,0,4,0,0,0,0,0,0,0,0,0,0,1
8032,1313,第4回全国競技かるた新潟大会,2022-10-09,D,D,33,33,95,6,6,1,0,33,33,0,0,0,0,0,0,33,0,0,0,0,0,0,0,0,0,0,1
8033,1313,第4回全国競技かるた新潟大会,2022-10-09,E1,E,19,19,36,5,5,1,0,0,0,0,0,0,0,0,0,2,0,0,0,1,0,0,0,0,0,0,1
8034,1313,第4回全国競技かるた新潟大会,2022-10-09,E2,E,20,20,38,5,5,1,0,0,0,0,0,0,0,0,0,0,0,0,0,1,0,0,0,0,0,0,1
8035,1313,第4回全国競技かるた新潟大会,2022-10-09,E3,E,20,20,38,5,5,1,0,2,2,0,0,0,0,0,0,2,0,0,0,1,0,0,0,0,0,0,1
8036,1314,"第38回全国競技かるた宮崎大会(D,E)",2022-10-30,D1,D,29,29,59,5,5,1,0,0,3,3,0,0,0,3,0,0,0,0,0,0,0,0,0,0,0,8,1
8037,1314,"第38回全国競技かるた宮崎大会(D,E)",2022-10-30,D2,D,27,27,57,5,5,1,0,0,5,5,0,0,0,5,0,0,0,0,0,0,0,0,0,0,0,8,1
8038,1314,"第38回全国競技かるた宮崎大会(D,E)",2022-10-30,E1,E,26,26,56,5,5,1,0,0,6,6,0,0,0,6,0,0,0,0,0,0,0,0,0,0,0,8,1
8039,1314,"第38回全国競技かるた宮崎大会(D,E)",2022-10-30,E2,E,26,26,56,5,5,1,0,0,6,6,0,0,0,6,0,0,0,0,0,0,0,0,0,0,0,8,1
8040,1314,"第38回全国競技かるた宮崎大会(D,E)",2022-10-30,E3,E,27,27,57,5,5,1,0,0,5,5,0,0,0,5,0,0,0,0,0,0,0,0,0,0,0,8,1
8041,1314,"第38回全国競技かるた宮崎大会(D,E)",2022-10-30,E4,E,23,23,53,5,5,1,0,0,9,9,0,0,0,9,0,0,0,0,0,0,0,0,0,0,0,8,1
8042,1315,第45回全国小・中学生競技かるた選手権福井大会,2022-11-06,小学２年生以下級,,11,11,25,4,4,1,0,0,5,5,0,0,0,5,0,0,0,0,0,0,0,0,0,0,0,4,1
8043,1315,第45回全国小・中学生競技かるた選手権福井大会,2022-11-06,小学３年生級,,17,17,47,5,5,1,0,0,15,15,0,0,0,15,0,0,0,0,0,0,0,0,0,0,0,8,1
8044,1315,第45回全国小・中学生競技かるた選手権福井大会,2022-11-06,小学４年生級,,14,14,28,4,4,1,0,0,2,2,0,0,0,2,0,0,0,0,0,0,0,0,0,0,0,4,1
8045,1315,第45回全国小・中学生競技かるた選手権福井大会,2022-11-06,小学５年生級,,24,24,54,5,5,1,0,0,8,8,0,0,0,8,0,2,0,0,0,0,0,0,0,0,0,8,1
8046,1315,第45回全国小・中学生競技かるた選手権福井大会,2022-11-06,小学６年生級,,25,25,55,5,5,1,0,0,7,7,0,0,0,7,0,0,0,0,0,0,0,0,0,0,0,8,1
8047,1315,第45回全国小・中学生競技かるた選手権福井大会,2022-11-06,中学１年生級,,13,13,27,4,4,1,0,0,3,3,0,0,0,3,0,0,0,0,0,0,0,0,0,0,0,4,1
8048,1315,第45回全国小・中学生競技かるた選手権福井大会,2022-11-06,中学２・３年生級,,25,25,55,5,5,1,0,0,7,7,0,0,0,7,0,0,0,0,0,0,0,0,0,0,0,8,1
8049,1315,第45回全国小・中学生競技かるた選手権福井大会,2022-11-06,高校生級,,8,8,14,3,3,1,0,0,0,0,0,0,0,0,0,0,0,0,0,0,0,0,0,0,0,4,1
8050,1316,"第38回全国競技かるた熊本大会(C,D)",2022-11-13,C,C,32,32,62,5,5,1,0,0,0,0,0,0,0,0,0,0,0,0,0,0,0,0,0,0,0,4,1
8051,1316,"第38回全国競技かるた熊本大会(C,D)",2022-11-13,D,D,20,20,50,5,5,1,0,0,12,12,0,0,0,12,0,0,0,0,0,0,0,0,0,0,0,4,1
8052,1317,第2回競技かるた初段認定長崎大会,2022-11-13,詳細,,25,25,75,3,3,1,0,3,3,3,0,0,0,0,0,0,0,0,0,0,0,0,0,0,0,0,0
8053,1318,第1回フランス大会,2022-11-12,結果,,29,29,66,5,6,2,0,66,66,0,0,0,0,0,0,2,0,0,0,0,3,3,0,0,0,8,0
8054,1319,蓮生記念第9回全国競技かるた宇都宮大会,2022-11-19,A,A,64,64,126,6,6,1,0,0,0,0,0,0,0,0,0,0,0,0,0,0,0,0,0,0,0,8,1
8055,1319,蓮生記念第9回全国競技かるた宇都宮大会,2022-11-19,B1,B,63,63,125,6,6,1,0,0,1,1,0,0,0,1,0,0,0,0,0,0,0,0,0,0,0,8,1
8056,1319,蓮生記念第9回全国競技かるた宇都宮大会,2022-11-19,B2,B,63,63,125,6,6,1,0,0,1,1,0,0,0,1,0,0,0,0,0,0,0,0,0,0,0,8,1
8057,1319,蓮生記念第9回全国競技かるた宇都宮大会,2022-11-19,C1,C,64,64,126,6,6,1,0,0,0,0,0,0,0,0,0,0,0,0,0,0,0,0,0,0,0,8,1
8058,1319,蓮生記念第9回全国競技かるた宇都宮大会,2022-11-19,C2,C,62,62,124,6,6,1,0,0,2,2,0,0,0,2,0,0,0,0,0,0,0,0,0,0,0,8,1
8059,1319,蓮生記念第9回全国競技かるた宇都宮大会,2022-11-19,D1,D,32,32,62,5,5,1,0,0,0,0,0,0,0,0,0,0,0,0,0,0,0,0,0,0,0,4,1
8060,1319,蓮生記念第9回全国競技かるた宇都宮大会,2022-11-19,D2,D,31,31,61,5,5,1,0,0,1,1,0,0,0,1,0,0,0,0,0,0,0,0,0,0,0,4,1
8061,1319,蓮生記念第9回全国競技かるた宇都宮大会,2022-11-19,D3,D,31,31,61,5,5,1,0,0,1,1,0,0,0,1,0,0,0,0,0,0,0,0,0,0,0,4,1
8062,1319,蓮生記念第9回全国競技かるた宇都宮大会,2022-11-19,D4,D,31,31,61,5,5,1,0,0,1,1,0,0,0,1,0,0,0,0,0,0,0,0,0,0,0,4,1
8063,1320,第2回競技かるた初段認定秋田大会,2022-11-20,初段認定 (成績表) (2),,18,18,51,3,3,1,0,0,7,4,0,0,0,7,0,0,0,0,0,0,1,0,0,0,0,0,0
8064,1321,第12回全国競技かるた岡山大会,2022-11-26,A,A,31,31,61,5,5,1,0,0,1,1,0,0,0,1,0,0,0,0,0,0,0,0,0,0,0,8,1
8065,1321,第12回全国競技かるた岡山大会,2022-11-26,B,B,53,53,115,6,6,1,0,0,11,11,0,0,0,11,0,0,0,0,0,0,0,0,0,0,0,8,1
8066,1321,第12回全国競技かるた岡山大会,2022-11-26,C,C,35,35,97,6,6,1,0,0,29,29,0,0,0,29,0,0,0,0,0,0,0,0,0,0,0,8,1
8067,1321,第12回全国競技かるた岡山大会,2022-11-26,D,D,55,55,115,5,5,1,0,0,9,9,0,0,0,9,0,0,0,0,0,0,0,0,0,0,0,16,0
8068,1322,第31回全国競技かるた奈良大会(11/23),2022-11-23,-,,78,78,202,6,6,1,0,0,50,50,0,0,0,50,0,0,0,0,0,0,0,0,0,0,0,8,0
8069,1323,第62回全国競技かるた和歌山大会,2022-11-20,-,,310,310,616,6,6,1,0,0,10,10,0,0,0,12,0,0,0,0,0,0,0,0,0,0,0,32,0
8070,1324,第3回競技かるた初段認定東京都大会,2022-11-27,対戦成績,,96,96,288,3,3,1,0,0,0,0,0,0,0,0,0,288,0,0,0,0,0,0,0,0,0,0,0
8071,1325,第7回初段認定宇都宮大会,2022-12-04,対戦表,,20,20,60,3,3,1,0,0,0,0,0,0,0,0,0,30,0,0,0,0,0,0,0,0,0,0,0
8072,1326,第41回全国競技かるた東京吉野会大会(B),2022-12-03,B1,B,64,64,126,6,6,1,0,0,0,0,0,0,0,0,0,0,0,0,0,0,0,0,0,0,0,8,1
8073,1326,第41回全国競技かるた東京吉野会大会(B),2022-12-03,B2,B,61,61,123,6,6,1,0,0,3,3,0,0,0,3,0,0,0,0,0,0,0,0,0,0,0,8,1
8074,1327,"第22回全国競技かるた愛知大会(B,C・12/10)",2022-12-10,-,,37,37,0,0,,,0,0,0,0,0,0,0,0,0,0,0,0,0,0,37,0,0,0,0,37,0
8075,1327,"第22回全国競技かるた愛知大会(B,C・12/10)",2022-12-10,B1,B,42,42,0,0,,,0,0,0,0,0,0,0,0,0,0,0,0,0,0,42,0,0,0,0,42,0
8076,1327,"第22回全国競技かるた愛知大会(B,C・12/10)",2022-12-10,B2,B,41,41,0,0,,,0,0,0,0,0,0,0,0,0,0,0,0,0,0,41,0,0,0,0,41,0
8077,1327,"第22回全国競技かるた愛知大会(B,C・12/10)",2022-12-10,C1,C,37,37,99,6,6,1,0,0,27,27,0,0,0,27,0,0,0,0,0,0,0,0,0,0,0,8,1
8078,1327,"第22回全国競技かるた愛知大会(B,C・12/10)",2022-12-10,C2,C,36,36,98,6,6,1,0,0,28,28,0,0,0,28,0,0,0,0,0,0,0,0,0,0,0,8,1
8079,1328,"第22回全国競技かるた愛知大会(B,C・12/11)",2022-12-11,-,,36,36,98,6,6,1,0,0,28,28,0,0,0,28,0,0,0,0,0,0,0,0,0,0,0,8,1
8080,1328,"第22回全国競技かるた愛知大会(B,C・12/11)",2022-12-11,B1,B,42,42,104,6,6,1,0,0,22,22,0,0,0,22,0,0,0,0,0,0,0,0,0,0,0,8,1
8081,1328,"第22回全国競技かるた愛知大会(B,C・12/11)",2022-12-11,B2,B,39,39,101,6,6,1,0,0,25,25,0,0,0,25,0,0,0,0,0,0,0,0,0,0,0,8,1
8082,1328,"第22回全国競技かるた愛知大会(B,C・12/11)",2022-12-11,C1,C,37,37,99,6,6,1,0,0,27,27,0,0,0,27,0,0,0,0,0,0,0,0,0,0,0,4,1
8083,1328,"第22回全国競技かるた愛知大会(B,C・12/11)",2022-12-11,C2,C,36,36,98,6,6,1,0,0,28,28,0,0,0,28,0,0,0,0,0,0,0,0,0,0,0,4,1
8084,1329,"第74回全国競技かるた京都大会(C,D,E級)",2022-12-10,C1,C,54,54,116,6,6,1,0,0,10,10,0,0,0,10,0,0,0,0,0,0,0,0,0,0,0,4,1
8085,1329,"第74回全国競技かるた京都大会(C,D,E級)",2022-12-10,C2,C,50,50,112,6,6,1,0,0,14,14,0,0,0,14,0,0,0,0,0,0,0,0,0,0,0,4,1
8086,1329,"第74回全国競技かるた京都大会(C,D,E級)",2022-12-10,D1,D,26,26,56,5,5,1,0,0,6,6,0,0,0,6,0,0,0,0,0,0,0,0,0,0,0,4,1
8087,1329,"第74回全国競技かるた京都大会(C,D,E級)",2022-12-10,D2,D,30,30,60,5,5,1,0,0,2,2,0,0,0,2,0,0,0,0,0,0,0,0,0,0,0,4,1
8088,1329,"第74回全国競技かるた京都大会(C,D,E級)",2022-12-10,D3,D,24,24,54,5,5,1,0,0,8,8,0,0,0,8,0,0,0,0,0,0,0,0,0,0,0,4,1
8089,1329,"第74回全国競技かるた京都大会(C,D,E級)",2022-12-10,D4,D,25,25,55,5,5,1,0,0,7,7,0,0,0,7,0,0,0,0,0,0,0,0,0,0,0,4,1
8090,1329,"第74回全国競技かるた京都大会(C,D,E級)",2022-12-10,D5,D,27,27,57,5,5,1,0,0,5,5,0,0,0,5,0,0,0,0,0,0,0,0,0,0,0,4,1
8091,1329,"第74回全国競技かるた京都大会(C,D,E級)",2022-12-10,D6,D,25,25,55,5,5,1,0,0,7,7,0,0,0,7,0,0,0,0,0,0,0,0,0,0,0,4,1
8092,1329,"第74回全国競技かるた京都大会(C,D,E級)",2022-12-10,D7,D,23,23,53,5,5,1,0,0,9,9,0,0,0,9,0,0,0,0,0,0,0,0,0,0,0,4,1
8093,1329,"第74回全国競技かるた京都大会(C,D,E級)",2022-12-10,E1,E,30,30,60,5,5,1,0,0,2,2,0,0,0,2,0,0,0,0,0,0,0,0,0,0,0,4,1
8094,1329,"第74回全国競技かるた京都大会(C,D,E級)",2022-12-10,E2,E,28,28,58,5,5,1,0,0,4,4,0,0,0,4,0,2,0,0,0,0,0,0,0,0,0,4,1
8095,1329,"第74回全国競技かるた京都大会(C,D,E級)",2022-12-10,E3,E,31,31,60,5,5,1,0,1,3,2,0,0,0,2,0,0,0,1,0,0,1,0,0,0,0,4,1
8096,1329,"第74回全国競技かるた京都大会(C,D,E級)",2022-12-10,E4,E,29,29,59,5,5,1,0,0,3,3,0,0,0,3,0,0,0,0,0,0,0,0,0,0,0,4,1
8097,1329,"第74回全国競技かるた京都大会(C,D,E級)",2022-12-10,E5,E,31,31,61,5,5,1,0,0,1,1,0,0,0,1,0,0,0,0,0,0,0,0,0,0,0,4,1
8098,1329,"第74回全国競技かるた京都大会(C,D,E級)",2022-12-10,E6,E,30,30,60,5,5,1,0,0,2,2,0,0,0,2,0,0,0,0,0,0,0,0,0,0,0,4,1
8099,1329,"第74回全国競技かるた京都大会(C,D,E級)",2022-12-10,E7,E,29,29,59,5,5,1,0,0,3,3,0,0,0,5,0,0,0,0,0,0,0,0,0,0,0,4,1
8100,1329,"第74回全国競技かるた京都大会(C,D,E級)",2022-12-10,E8,E,30,30,60,5,5,1,0,0,2,2,0,0,0,2,0,2,0,0,0,0,0,0,0,0,0,4,1
8101,1329,"第74回全国競技かるた京都大会(C,D,E級)",2022-12-10,E9,E,31,31,61,5,5,1,0,0,1,1,0,0,0,1,0,0,0,0,0,0,0,0,0,0,0,4,1
8102,1329,"第74回全国競技かるた京都大会(C,D,E級)",2022-12-10,E10,E,30,30,60,5,5,1,0,0,2,2,0,0,0,2,0,0,0,0,0,0,0,0,0,0,0,4,1
8103,1330,第2回競技かるた初段認定愛媛大会,2022-10-16,初段認定級,,41,41,123,3,3,1,0,0,3,3,0,0,0,3,0,0,0,0,0,0,0,0,0,0,0,0,0
8104,1330,第2回競技かるた初段認定愛媛大会,2022-10-16,初段認定級元,,79,79,234,3,3,1,0,6,6,0,0,0,0,0,0,6,0,2,0,0,1,0,0,0,0,0,0
8105,1331,第4回競技かるた初段認定静岡大会,2022-12-11,詳細,,92,92,246,3,3,1,0,0,0,0,0,0,0,0,0,0,0,0,0,0,10,0,0,0,0,0,0
8106,1332,第6回全国競技かるた大阪なにはえ大会(D),2022-12-18,D1,D,23,23,53,5,5,1,0,0,9,9,0,0,0,9,0,0,0,0,0,0,0,0,0,0,0,4,1
8107,1332,第6回全国競技かるた大阪なにはえ大会(D),2022-12-18,D2,D,24,24,54,5,5,1,0,0,8,8,0,0,0,8,0,0,0,0,0,0,0,0,0,0,0,4,1
8108,1333,第50回全国競技かるた大分大会,2022-12-18,C1,C,35,35,97,6,6,1,0,0,29,29,0,0,0,29,0,0,0,0,0,0,0,0,0,0,0,8,1
8109,1333,第50回全国競技かるた大分大会,2022-12-18,D1,D,27,27,57,5,5,1,0,0,5,5,0,0,0,5,0,0,0,0,0,0,0,0,0,0,0,8,1
8110,1333,第50回全国競技かるた大分大会,2022-12-18,D2,D,30,30,60,5,5,1,0,0,2,2,0,0,0,4,0,0,0,0,0,0,0,0,0,0,0,8,1
8111,1333,第50回全国競技かるた大分大会,2022-12-18,D3,D,31,31,61,5,5,1,0,0,1,1,0,0,0,1,0,0,0,0,2,0,0,0,0,0,0,8,0
8112,1334,第72回高松宮記念杯近江神宮全国競技かるた大会(C),2022-12-18,C1,C,32,32,62,5,5,1,0,0,0,0,0,0,0,0,0,0,0,0,0,0,0,0,0,0,0,8,1
8113,1334,第72回高松宮記念杯近江神宮全国競技かるた大会(C),2022-12-18,C2,C,31,31,61,5,5,1,0,0,1,1,0,0,0,3,0,0,0,0,0,0,0,0,0,0,0,8,1
8114,1334,第72回高松宮記念杯近江神宮全国競技かるた大会(C),2022-12-18,C3,C,31,31,61,5,5,1,0,0,1,1,0,0,0,1,0,0,0,0,0,0,0,0,0,0,0,8,1
8115,1335,第2回初段認定香川大会,2022-12-18,詳報,,39,39,115,3,3,1,0,3,3,0,0,0,0,0,0,3,0,0,0,0,0,0,0,0,0,0,0
8116,1336,第3回競技かるた初段認定三重大会,2022-12-18,E,E,16,16,48,3,3,1,0,0,0,0,0,0,0,0,0,0,0,0,0,0,0,0,0,0,0,8,0
8117,1337,第2回競技かるた初段認定岡山大会,2022-12-25,E,E,37,37,111,3,3,1,0,0,3,3,0,0,0,3,0,0,0,0,0,0,0,0,0,0,0,19,0
8118,1338,第6回全国競技かるた信州大会(E),2022-12-25,Entry,E,28,28,58,5,5,1,0,0,4,4,0,0,0,4,0,0,0,0,0,0,0,0,0,0,0,0,1
8119,1339,第76回全国競技かるた東京東会大会(B),2023-01-08,B,B,64,64,126,6,6,1,0,0,0,0,0,0,0,0,0,0,0,0,0,0,0,0,0,0,0,8,1
8120,1340,"第72回高松宮記念杯近江神宮全国競技かるた大会(A,B)",2023-01-08,A,A,63,63,125,6,6,1,0,0,1,1,0,0,0,3,0,0,0,0,0,0,0,0,0,0,0,8,1
8121,1340,"第72回高松宮記念杯近江神宮全国競技かるた大会(A,B)",2023-01-08,B1,B,42,42,104,6,6,1,0,0,22,22,0,0,0,22,0,0,0,0,0,0,0,0,0,0,0,8,1
8122,1340,"第72回高松宮記念杯近江神宮全国競技かるた大会(A,B)",2023-01-08,B2,B,42,42,104,6,6,1,0,0,22,22,0,0,0,22,0,0,0,0,0,0,0,0,0,0,0,8,1
8123,1340,"第72回高松宮記念杯近江神宮全国競技かるた大会(A,B)",2023-01-08,B3,B,44,44,106,6,6,1,0,0,20,20,0,0,0,20,0,2,0,0,0,0,0,0,0,0,0,8,1
8124,1341,第52回太宰府小倉百人一首競技かるた大会,2023-01-08,A,A,39,39,101,6,6,1,0,0,25,25,0,0,0,25,0,0,0,0,0,0,0,0,0,0,0,8,1
8125,1341,第52回太宰府小倉百人一首競技かるた大会,2023-01-08,B,B,52,52,114,6,6,1,0,0,12,12,0,0,0,12,0,0,0,0,0,0,0,0,0,0,0,8,1
8126,1341,第52回太宰府小倉百人一首競技かるた大会,2023-01-08,C,C,42,42,93,6,6,1,0,0,11,11,0,0,0,11,0,0,0,0,0,0,0,0,0,0,0,8,1
8127,1341,第52回太宰府小倉百人一首競技かるた大会,2023-01-08,D,D,97,97,217,5,5,1,0,0,31,31,0,0,0,31,0,0,0,0,0,0,0,0,0,0,0,32,0
8128,1342,"小倉百人一首競技かるた第68回新春全国大会(C,E)",2023-01-07,C1,C,63,63,125,6,6,1,0,0,1,1,0,0,0,1,0,0,0,0,0,0,0,0,0,0,0,8,1
8129,1342,"小倉百人一首競技かるた第68回新春全国大会(C,E)",2023-01-07,C2,C,63,63,125,6,6,1,0,0,1,1,0,0,0,1,0,0,0,0,0,0,0,0,0,0,0,8,1
8130,1342,"小倉百人一首競技かるた第68回新春全国大会(C,E)",2023-01-07,C3,C,63,63,125,6,6,1,0,0,1,1,0,0,0,1,0,0,0,0,0,0,0,0,0,0,0,8,1
8131,1342,"小倉百人一首競技かるた第68回新春全国大会(C,E)",2023-01-07,E1,E,30,30,60,5,5,1,0,0,2,2,0,0,0,2,0,0,0,0,0,0,0,0,0,0,0,8,1
8132,1342,"小倉百人一首競技かるた第68回新春全国大会(C,E)",2023-01-07,E2,E,28,28,58,5,5,1,0,0,4,4,0,0,0,4,0,0,0,0,0,0,0,0,0,0,0,8,1
8133,1342,"小倉百人一首競技かるた第68回新春全国大会(C,E)",2023-01-07,E3,E,30,30,60,5,5,1,0,0,2,2,0,0,0,2,0,0,0,0,0,0,0,0,0,0,0,8,1
8134,1342,"小倉百人一首競技かるた第68回新春全国大会(C,E)",2023-01-07,E4,E,31,31,61,5,5,1,0,0,1,1,0,0,0,1,0,2,0,0,0,0,0,0,0,0,0,8,1
8135,1342,"小倉百人一首競技かるた第68回新春全国大会(C,E)",2023-01-07,E5,E,32,32,62,5,5,1,0,0,0,0,0,0,0,0,0,0,0,0,0,0,0,0,0,0,0,8,1
8136,1342,"小倉百人一首競技かるた第68回新春全国大会(C,E)",2023-01-07,E6,E,31,31,61,5,5,1,0,0,1,1,0,0,0,1,0,0,0,0,0,0,0,0,0,0,0,8,1
8137,1342,"小倉百人一首競技かるた第68回新春全国大会(C,E)",2023-01-07,E7,E,32,32,62,5,5,1,0,0,0,0,0,0,0,0,0,0,0,0,0,0,0,0,0,0,0,8,1
8138,1342,"小倉百人一首競技かるた第68回新春全国大会(C,E)",2023-01-07,E8,E,31,31,61,5,5,1,0,0,1,1,0,0,0,1,0,0,0,0,0,0,0,0,0,0,0,8,1
8139,1342,"小倉百人一首競技かるた第68回新春全国大会(C,E)",2023-01-07,E9,E,32,32,62,5,5,1,0,0,0,0,0,0,0,0,0,0,0,0,0,0,0,0,0,0,0,8,1
8140,1343,小倉百人一首競技かるた第68回新春全国大会(D),2023-01-08,D1,D,28,28,58,5,5,1,0,0,4,4,0,0,0,4,0,0,0,0,0,0,0,0,0,0,0,8,1
8141,1343,小倉百人一首競技かるた第68回新春全国大会(D),2023-01-08,D2,D,29,29,59,5,5,1,0,0,3,3,0,0,0,3,0,0,0,0,0,0,0,0,0,0,0,8,1
8142,1343,小倉百人一首競技かるた第68回新春全国大会(D),2023-01-08,D3,D,28,28,58,5,5,1,0,0,4,4,0,0,0,4,0,0,0,0,0,0,0,0,0,0,0,8,1
8143,1343,小倉百人一首競技かるた第68回新春全国大会(D),2023-01-08,D4,D,30,30,60,5,5,1,0,0,2,2,0,0,0,2,0,0,0,0,0,0,0,0,0,0,0,8,1
8144,1343,小倉百人一首競技かるた第68回新春全国大会(D),2023-01-08,D5,D,28,28,58,5,5,1,0,0,4,4,0,0,0,4,0,0,0,0,0,0,0,0,0,0,0,8,1
8145,1343,小倉百人一首競技かるた第68回新春全国大会(D),2023-01-08,D6,D,27,27,57,5,5,1,0,0,5,5,0,0,0,5,0,0,0,0,0,0,0,0,0,0,0,8,1
8146,1343,小倉百人一首競技かるた第68回新春全国大会(D),2023-01-08,D7,D,28,28,58,5,5,1,0,0,4,4,0,0,0,4,0,0,0,0,0,0,0,0,0,0,0,8,1
8147,1343,小倉百人一首競技かるた第68回新春全国大会(D),2023-01-08,D8,D,29,29,59,5,5,1,0,0,3,3,0,0,0,3,0,0,0,0,0,0,0,0,0,0,0,8,1
8148,1343,小倉百人一首競技かるた第68回新春全国大会(D),2023-01-08,D9,D,29,29,59,5,5,1,0,0,3,3,0,0,0,3,0,0,0,0,0,0,0,0,0,0,0,8,1
8149,1343,小倉百人一首競技かるた第68回新春全国大会(D),2023-01-08,D10,D,27,27,57,5,5,1,0,0,5,5,0,0,0,5,0,0,0,0,0,0,0,0,0,0,0,8,1
8150,1343,小倉百人一首競技かるた第68回新春全国大会(D),2023-01-08,D11,D,29,29,59,5,5,1,0,0,3,3,0,0,0,3,0,0,0,0,0,0,0,0,0,0,0,8,1
8151,1343,小倉百人一首競技かるた第68回新春全国大会(D),2023-01-08,D12,D,29,29,59,5,5,1,0,0,3,3,0,0,0,3,0,0,0,0,0,0,0,0,0,0,0,8,1
8152,1343,小倉百人一首競技かるた第68回新春全国大会(D),2023-01-08,D13,D,28,28,58,5,5,1,0,0,4,4,0,0,0,4,0,0,0,0,0,0,0,0,0,0,0,8,1
8153,1343,小倉百人一首競技かるた第68回新春全国大会(D),2023-01-08,D14,D,30,30,60,5,5,1,0,0,2,2,0,0,0,2,0,0,0,0,0,0,0,0,0,0,0,8,1
8154,1344,第76回全国競技かるた東京東会大会(A),2023-01-15,A1,A,62,62,124,6,6,1,0,0,2,2,0,0,0,2,0,0,0,0,0,0,0,0,0,0,0,8,1
8155,1345,第76回全国競技かるた東京東会大会(C),2023-01-15,C1,C,63,63,125,6,6,1,0,0,1,1,0,0,0,1,0,0,0,0,0,0,0,0,0,0,0,8,1
8156,1345,第76回全国競技かるた東京東会大会(C),2023-01-15,C2,C,63,63,125,6,6,1,0,0,1,1,0,0,0,1,0,0,0,0,0,0,0,0,0,0,0,8,1
8157,1346,第6回全国競技かるた大阪なにはえ大会(C),2023-01-15,C1,C,34,34,96,6,6,1,0,0,30,30,0,0,0,30,0,0,0,0,0,0,0,0,0,0,0,4,1
8158,1346,第6回全国競技かるた大阪なにはえ大会(C),2023-01-15,C2,C,35,35,97,6,6,1,0,0,29,29,0,0,0,29,0,0,0,0,0,0,0,0,0,0,0,4,1
8159,1347,第3回小倉百人一首競技かるた近江勧学館フロンティア大会,2023-01-15,D1,D,27,27,57,5,5,1,0,0,5,5,0,0,0,5,0,0,0,0,0,0,0,0,0,0,0,8,1
8160,1347,第3回小倉百人一首競技かるた近江勧学館フロンティア大会,2023-01-15,D2,D,27,27,57,5,5,1,0,0,5,5,0,0,0,5,0,0,0,0,0,0,0,0,0,0,0,8,1
8161,1347,第3回小倉百人一首競技かるた近江勧学館フロンティア大会,2023-01-15,D3,D,24,24,54,5,5,1,0,0,8,8,0,0,0,8,0,0,0,0,0,0,0,0,0,0,0,8,1
8162,1347,第3回小倉百人一首競技かるた近江勧学館フロンティア大会,2023-01-15,D4,D,27,27,57,5,5,1,0,0,5,5,0,0,0,5,0,0,0,0,0,0,0,0,0,0,0,8,1
8163,1347,第3回小倉百人一首競技かるた近江勧学館フロンティア大会,2023-01-15,D5,D,29,29,59,5,5,1,0,0,3,3,0,0,0,3,0,0,0,0,0,0,0,0,0,0,0,8,1
8164,1348,第3回競技かるた初段認定滋賀大会,2023-01-15,E,E,53,53,159,3,3,1,0,0,3,3,0,0,0,3,0,0,0,0,0,0,0,0,0,0,0,0,0
8165,1349,第1回競技かるた初段認定広島大会,2023-01-15,詳細結果,,40,40,117,3,3,1,0,0,9,9,0,0,0,9,0,0,0,0,0,0,1,0,0,0,0,0,0
8166,1350,小倉百人一首競技かるた第68回新春全国大会(B),2023-01-14,B1,B,47,47,109,6,6,1,0,0,17,17,0,0,0,17,0,0,0,0,0,0,0,0,0,0,0,8,1
8167,1350,小倉百人一首競技かるた第68回新春全国大会(B),2023-01-14,B2,B,47,47,109,6,6,1,0,0,17,17,0,0,0,17,0,0,0,0,0,0,0,0,0,0,0,8,1
8168,1350,小倉百人一首競技かるた第68回新春全国大会(B),2023-01-14,B3,B,45,45,107,6,6,1,0,0,19,19,0,0,0,19,0,0,0,0,0,0,0,0,0,0,0,8,1
8169,1350,小倉百人一首競技かるた第68回新春全国大会(B),2023-01-14,B4,B,46,46,108,6,6,1,0,0,18,18,0,0,0,18,0,0,0,0,0,0,0,0,0,0,0,8,1
8170,1351,第104回全国競技かるた大阪大会(A),2023-01-29,A1,A,43,43,105,6,6,1,0,0,21,21,0,0,0,21,0,0,0,0,0,0,0,0,0,0,0,8,1
8171,1351,第104回全国競技かるた大阪大会(A),2023-01-29,A2,A,44,44,106,6,6,1,0,0,20,20,0,0,0,20,0,0,0,0,0,0,0,0,0,0,0,8,1
8172,1352,第102回全国競技かるた横浜大会(A),2023-02-05,A1,A,43,43,105,6,6,1,0,0,21,21,0,0,0,21,0,0,0,0,0,0,0,0,0,0,0,8,1
8173,1352,第102回全国競技かるた横浜大会(A),2023-02-05,A2,A,45,45,107,6,6,1,0,0,19,19,0,0,0,19,0,0,0,0,0,0,0,0,0,0,0,8,1
8174,1352,第102回全国競技かるた横浜大会(A),2023-02-05,A3,A,42,42,104,6,6,1,0,0,22,22,0,0,0,22,0,0,0,0,0,0,0,0,0,0,0,8,1
8175,1353,第2回競技かるた初段認定シンガポール大会,2023-02-05,詳細,,10,10,30,3,3,1,0,0,0,0,0,0,0,0,0,0,0,0,0,0,0,0,0,0,0,0,0
8176,1354,第18回全国競技かるた香川大会,2023-02-05,A,A,37,37,99,6,6,1,0,0,27,27,0,0,0,27,0,0,0,0,0,0,0,0,0,0,0,8,1
8177,1354,第18回全国競技かるた香川大会,2023-02-05,B,B,52,52,114,6,6,1,0,0,12,12,0,0,0,12,0,0,0,0,0,0,0,0,0,0,0,4,1
8178,1354,第18回全国競技かるた香川大会,2023-02-05,C,C,26,26,56,5,5,1,0,0,6,6,0,0,0,6,0,0,0,0,0,0,0,0,0,0,0,4,1
8179,1354,第18回全国競技かるた香川大会,2023-02-05,D1,D,23,23,53,5,5,1,0,0,9,9,0,0,0,9,0,0,0,0,0,0,0,0,0,0,0,4,1
8180,1354,第18回全国競技かるた香川大会,2023-02-05,D2,D,23,23,53,5,5,1,0,0,9,9,0,0,0,9,0,0,0,0,0,0,0,0,0,0,0,4,1
8181,1355,第24回稲城市民かるた大会,2023-02-05,一般,,35,35,140,4,4,1,0,0,4,4,0,0,0,4,0,2,0,0,0,0,0,0,0,0,0,0,0
8182,1355,第24回稲城市民かるた大会,2023-02-05,初心者A,A,36,36,144,4,4,1,0,0,6,6,0,0,0,6,0,0,0,0,0,0,0,0,0,0,0,0,0
8183,1355,第24回稲城市民かるた大会,2023-02-05,初心者B,B,30,30,117,4,4,1,0,1,10,9,0,0,0,9,0,0,0,3,0,0,0,0,0,0,0,0,0
8184,1356,第56回全国競技かるた静岡大会(D),2023-02-11,D1,D,29,29,59,5,5,1,0,0,3,3,0,0,0,5,0,0,0,0,0,0,0,0,0,0,0,8,1
8185,1356,第56回全国競技かるた静岡大会(D),2023-02-11,D2,D,26,26,56,5,5,1,0,0,6,6,0,0,0,6,0,0,0,0,0,0,0,0,0,0,0,8,1
8186,1356,第56回全国競技かるた静岡大会(D),2023-02-11,D3,D,30,30,60,5,5,1,0,0,2,2,0,0,0,2,0,0,0,0,0,0,0,0,0,0,0,8,1
8187,1356,第56回全国競技かるた静岡大会(D),2023-02-11,D4,D,28,28,58,5,5,1,0,0,4,4,0,0,0,4,0,0,0,0,0,0,0,0,0,0,0,8,1
8188,1356,第56回全国競技かるた静岡大会(D),2023-02-11,D5,D,27,27,57,5,5,1,0,0,5,5,0,0,0,5,0,0,0,0,0,0,0,0,0,0,0,8,1
8189,1357,"第31回全国競技かるた奈良大会(B,C,D)",2023-02-11,B1,B,41,41,103,6,6,1,0,0,23,23,0,0,0,23,0,0,0,0,0,0,0,0,0,0,0,8,1
8190,1357,"第31回全国競技かるた奈良大会(B,C,D)",2023-02-11,B2,B,42,42,104,6,6,1,0,0,22,22,0,0,0,22,0,0,0,0,0,0,0,0,0,0,0,8,1
8191,1357,"第31回全国競技かるた奈良大会(B,C,D)",2023-02-11,B3,B,43,43,105,6,6,1,0,0,21,21,0,0,0,21,0,0,0,0,0,0,0,0,0,0,0,8,1
8192,1357,"第31回全国競技かるた奈良大会(B,C,D)",2023-02-11,C1,C,43,43,105,6,6,1,0,0,21,21,0,0,0,21,0,0,0,0,0,0,0,0,0,0,0,8,1
8193,1357,"第31回全国競技かるた奈良大会(B,C,D)",2023-02-11,C2,C,43,43,105,6,6,1,0,0,21,21,0,0,0,21,0,0,0,0,0,0,0,0,0,0,0,8,1
8194,1357,"第31回全国競技かるた奈良大会(B,C,D)",2023-02-11,D1,D,28,28,58,5,5,1,0,0,4,4,0,0,0,4,0,0,0,0,0,0,0,0,0,0,0,8,1
8195,1357,"第31回全国競技かるた奈良大会(B,C,D)",2023-02-11,D2,D,27,27,57,5,5,1,0,0,5,5,0,0,0,5,0,0,0,0,0,0,0,0,0,0,0,8,1
8196,1357,"第31回全国競技かるた奈良大会(B,C,D)",2023-02-11,D3,D,28,28,58,5,5,1,0,0,4,4,0,0,0,4,0,0,0,0,0,0,0,0,0,0,0,8,1
8197,1357,"第31回全国競技かるた奈良大会(B,C,D)",2023-02-11,D4,D,27,27,57,5,5,1,0,0,5,5,0,0,0,5,0,0,0,0,0,0,0,0,0,0,0,8,1
8198,1358,第71回全国競技かるた東京白妙大会,2023-02-12,A,A,64,64,126,6,6,1,0,0,0,0,0,0,0,0,0,0,0,0,0,0,0,0,0,0,0,8,1
8199,1359,"第56回全国競技かるた静岡大会(C,E)",2023-02-19,C,C,41,41,103,6,6,1,0,0,23,23,0,0,0,23,0,0,0,0,0,0,0,0,0,0,0,8,1
8200,1359,"第56回全国競技かるた静岡大会(C,E)",2023-02-19,E1,E,11,11,25,4,4,1,0,0,5,5,0,0,0,5,0,0,0,0,0,0,0,0,0,0,0,8,1
8201,1359,"第56回全国競技かるた静岡大会(C,E)",2023-02-19,E2,E,10,10,24,4,4,1,0,0,6,6,0,0,0,6,0,0,0,0,0,0,0,0,0,0,0,8,1
8202,1359,"第56回全国競技かるた静岡大会(C,E)",2023-02-19,E3,E,12,12,26,4,4,1,0,0,4,4,0,0,0,4,0,0,0,0,0,0,0,0,0,0,0,8,1
8203,1359,"第56回全国競技かるた静岡大会(C,E)",2023-02-19,F1級,,10,10,24,4,4,1,0,0,6,6,0,0,0,6,0,0,0,0,0,0,0,0,0,0,0,8,1
8204,1359,"第56回全国競技かるた静岡大会(C,E)",2023-02-19,F2級,,9,9,23,4,4,1,0,0,7,7,0,0,0,7,0,0,0,0,0,0,0,0,0,0,0,8,1
8205,1360,第36回 全国競技かるた小学生選手権大会 結果報告表,2023-01-22,C,C,4,4,10,4,4,1,0,7,8,1,0,0,0,1,0,0,0,0,0,0,0,0,0,0,0,2,1
8206,1360,第36回 全国競技かるた小学生選手権大会 結果報告表,2023-01-22,D,D,29,29,57,4,4,1,0,10,16,6,0,0,0,6,0,0,0,3,0,0,0,0,0,0,0,10,0
8207,1361,"第80回全国競技かるた桑名大会(C,E)",2023-01-28,C,C,58,58,120,6,6,1,0,0,6,6,0,0,0,6,0,0,0,0,0,0,0,0,0,0,0,8,1
8208,1361,"第80回全国競技かるた桑名大会(C,E)",2023-01-28,E1,E,28,28,58,5,5,1,0,0,4,4,0,0,0,4,0,0,0,0,0,0,0,0,0,0,0,7,1
8209,1361,"第80回全国競技かるた桑名大会(C,E)",2023-01-28,E2,E,28,28,58,5,5,1,0,0,4,4,0,0,0,4,0,0,0,0,0,0,0,0,0,0,0,7,1
8210,1361,"第80回全国競技かるた桑名大会(C,E)",2023-01-28,E3,E,28,28,58,5,5,1,0,0,4,4,0,0,0,4,0,0,0,0,0,0,0,0,0,0,0,7,1
8211,1361,"第80回全国競技かるた桑名大会(C,E)",2023-01-28,E4,E,28,28,58,5,5,1,0,0,4,4,0,0,0,4,0,0,0,0,0,0,0,0,0,0,0,7,1
8213,1362,第31回全国競技かるた広島大会,2023-01-29,A,A,14,14,28,4,4,1,0,0,2,2,0,0,0,2,0,0,0,0,0,0,0,0,0,0,0,8,1
8214,1362,第31回全国競技かるた広島大会,2023-01-29,B,B,23,23,53,5,5,1,0,0,9,9,0,0,0,9,0,0,0,0,0,0,0,0,0,0,0,4,1
8215,1362,第31回全国競技かるた広島大会,2023-01-29,C,C,26,26,56,5,5,1,0,0,6,6,0,0,0,6,0,0,0,0,0,0,0,0,0,0,0,4,1
8216,1362,第31回全国競技かるた広島大会,2023-01-29,D,D,17,17,47,5,5,1,0,0,15,15,0,0,0,15,0,0,0,0,0,0,0,0,0,0,0,4,1
8217,1363,小倉百人一首競技かるた第68回新春全国大会(A),2023-01-29,A1,A,59,59,121,6,6,1,0,0,5,5,0,0,0,5,0,0,0,0,0,0,0,0,0,0,0,8,1
8218,1363,小倉百人一首競技かるた第68回新春全国大会(A),2023-01-29,A2,A,57,57,119,6,6,1,0,0,7,7,0,0,0,7,0,0,0,0,0,0,0,0,0,0,0,8,1
8219,1363,小倉百人一首競技かるた第68回新春全国大会(A),2023-01-29,A3,A,60,60,122,6,6,1,0,0,4,4,0,0,0,4,0,0,0,0,0,0,0,0,0,0,0,8,1
8220,1364,"第41回全国競技かるた東京吉野会大会(A,C)",2023-02-26,A1,A,64,64,126,6,6,1,0,0,0,0,0,0,0,0,0,0,0,0,0,0,0,0,0,0,0,8,1
8221,1364,"第41回全国競技かるた東京吉野会大会(A,C)",2023-02-26,C,C,64,64,126,6,6,1,0,0,0,0,0,0,0,2,0,0,0,0,0,0,0,0,0,0,0,8,1
8222,1365,第38回全国選抜かるた大会,2023-03-05,A,A,32,32,72,5,5,1,0,0,0,0,0,0,0,4,0,0,0,0,0,0,0,0,0,0,0,8,0
8223,1366,"第56回全国競技かるた静岡大会(A,B)",2023-02-23,A,A,34,34,96,6,6,1,0,0,30,30,0,0,0,30,0,0,0,0,0,0,0,0,0,0,0,8,1
8224,1366,"第56回全国競技かるた静岡大会(A,B)",2023-02-23,B1,B,32,32,62,5,5,1,0,0,0,0,0,0,0,0,0,0,0,0,0,0,0,0,0,0,0,8,1
8225,1366,"第56回全国競技かるた静岡大会(A,B)",2023-02-23,B2,B,31,31,61,5,5,1,0,0,1,1,0,0,0,1,0,0,0,0,0,0,0,0,0,0,0,8,1
8226,1367,第53回全国小・中学生選手権大会,2023-03-26,中三級,,48,48,110,6,6,1,0,0,16,16,0,0,0,16,0,2,0,0,0,0,0,0,0,0,0,8,1
8227,1367,第53回全国小・中学生選手権大会,2023-03-26,中二級,,53,53,115,6,6,1,0,0,11,11,0,0,0,11,0,0,0,0,0,0,0,0,0,0,0,8,1
8228,1367,第53回全国小・中学生選手権大会,2023-03-26,中一級,,56,56,118,6,6,1,0,0,8,8,0,0,0,8,0,0,0,0,0,0,0,0,0,0,0,8,1
8229,1367,第53回全国小・中学生選手権大会,2023-03-26,小六級,,51,51,113,6,6,1,0,0,13,13,0,0,0,13,0,0,0,0,0,0,0,0,0,0,0,8,1
8230,1367,第53回全国小・中学生選手権大会,2023-03-26,小五級,,42,42,104,6,6,1,0,0,22,22,0,0,0,22,0,0,0,6,0,0,0,0,0,0,0,8,1
8231,1367,第53回全国小・中学生選手権大会,2023-03-26,小四級,,35,35,97,6,6,1,0,13,29,29,0,0,0,16,0,13,0,0,0,0,0,0,0,0,0,8,1
8232,1367,第53回全国小・中学生選手権大会,2023-03-26,小三級,,22,22,52,5,5,1,0,0,10,10,0,0,0,10,0,0,0,0,0,0,0,0,0,0,0,8,1
8233,1367,第53回全国小・中学生選手権大会,2023-03-26,小二以下級,,13,13,27,4,4,1,0,0,3,3,0,0,0,3,0,2,0,0,0,0,0,0,0,0,0,8,1
8234,1368,第3回競技かるた初段認定島根大会,2023-03-19,E,E,18,18,54,3,3,1,0,0,0,0,0,0,0,0,0,0,0,0,0,0,0,0,0,0,0,0,0
8235,1369,第1回初段認定和歌山大会,2023-03-19,対戦結果詳細,,26,26,76,3,3,1,0,0,0,0,0,0,0,0,0,0,0,0,2,0,0,0,0,0,0,0,0
8236,1370,"第80回全国競技かるた桑名大会(A,B,C,D,E)",2023-03-18,A,A,63,63,125,6,6,1,0,0,1,1,0,0,0,1,0,0,0,0,0,0,0,0,0,0,0,8,1
8237,1370,"第80回全国競技かるた桑名大会(A,B,C,D,E)",2023-03-18,B1,B,36,36,98,6,6,1,0,0,28,28,0,0,0,28,0,2,0,0,0,0,0,0,0,0,0,8,1
8238,1370,"第80回全国競技かるた桑名大会(A,B,C,D,E)",2023-03-18,B2,B,36,36,98,6,6,1,0,0,28,28,0,0,0,28,0,0,0,0,0,0,0,0,0,0,0,8,1
8239,1370,"第80回全国競技かるた桑名大会(A,B,C,D,E)",2023-03-18,D1,D,25,25,55,5,5,1,0,0,7,7,0,0,0,7,0,0,0,0,0,0,0,0,0,0,0,4,1
8240,1370,"第80回全国競技かるた桑名大会(A,B,C,D,E)",2023-03-18,D2,D,26,26,56,5,5,1,0,0,6,6,0,0,0,8,0,0,0,0,0,0,0,0,0,0,0,4,1
8241,1370,"第80回全国競技かるた桑名大会(A,B,C,D,E)",2023-03-18,D3,D,27,27,57,5,5,1,0,0,5,5,0,0,0,5,0,0,0,0,0,0,0,0,0,0,0,4,1
8242,1370,"第80回全国競技かるた桑名大会(A,B,C,D,E)",2023-03-18,D4,D,27,27,57,5,5,1,0,0,5,5,0,0,0,5,0,0,0,0,0,0,0,0,0,0,0,4,1
8243,1370,"第80回全国競技かるた桑名大会(A,B,C,D,E)",2023-03-18,D5,D,26,26,56,5,5,1,0,0,6,6,0,0,0,8,0,0,0,0,0,0,0,0,0,0,0,4,1
8244,1370,"第80回全国競技かるた桑名大会(A,B,C,D,E)",2023-03-18,D6,D,26,26,56,5,5,1,0,0,6,6,0,0,0,6,0,0,0,0,0,0,0,0,0,0,0,4,1
8245,1370,"第80回全国競技かるた桑名大会(A,B,C,D,E)",2023-03-18,C,C,58,58,120,6,6,1,0,0,6,6,0,0,0,6,0,0,0,0,0,0,0,0,0,0,0,8,1
8246,1370,"第80回全国競技かるた桑名大会(A,B,C,D,E)",2023-03-18,E1,E,28,28,58,5,5,1,0,0,4,4,0,0,0,4,0,0,0,0,0,0,0,0,0,0,0,3,1
8247,1370,"第80回全国競技かるた桑名大会(A,B,C,D,E)",2023-03-18,E2,E,28,28,58,5,5,1,0,0,4,4,0,0,0,4,0,0,0,0,0,0,0,0,0,0,0,3,1
8248,1370,"第80回全国競技かるた桑名大会(A,B,C,D,E)",2023-03-18,E3,E,28,28,58,5,5,1,0,0,4,4,0,0,0,4,0,0,0,0,0,0,0,0,0,0,0,4,1
8249,1370,"第80回全国競技かるた桑名大会(A,B,C,D,E)",2023-03-18,E4,E,28,28,58,5,5,1,0,0,4,4,0,0,0,4,0,0,0,0,0,0,0,0,0,0,0,4,1
8250,1371,第2回競技かるた初段認定福井大会,2023-03-19,E1,E,24,24,72,3,3,1,0,1,1,0,0,0,0,0,0,0,0,1,0,0,0,0,0,0,0,0,0
8251,1372,第42回全国競技かるた鹿児島大会,2023-03-19,A,A,40,40,102,6,6,1,0,0,24,24,0,0,0,24,0,2,0,0,0,0,0,0,0,0,0,8,1
8252,1372,第42回全国競技かるた鹿児島大会,2023-03-19,B,B,53,53,115,6,6,1,0,0,11,11,0,0,0,11,0,0,0,0,0,0,0,0,0,0,0,8,1
8253,1372,第42回全国競技かるた鹿児島大会,2023-03-19,C,C,41,41,103,6,6,1,0,0,23,23,0,0,0,23,0,0,0,0,0,0,0,0,0,0,0,8,1
8254,1372,第42回全国競技かるた鹿児島大会,2023-03-19,D,D,30,30,60,5,5,1,0,0,2,2,0,0,0,2,0,0,0,0,0,0,0,0,0,0,0,8,1
8255,1372,第42回全国競技かるた鹿児島大会,2023-03-19,E,E,39,39,81,4,4,1,0,1,10,9,0,0,0,9,0,0,0,1,0,0,0,0,0,0,0,12,0
8256,1373,第52回全国競技かるた松山大会,2023-03-21,A,A,29,29,59,5,5,1,0,0,3,3,0,0,0,3,0,0,0,0,0,0,0,0,0,0,0,8,1
8257,1373,第52回全国競技かるた松山大会,2023-03-21,B,B,33,33,95,6,6,1,0,0,31,31,0,0,0,31,0,0,0,0,0,0,0,0,0,0,0,8,1
8258,1373,第52回全国競技かるた松山大会,2023-03-21,C,C,41,41,103,6,6,1,0,0,23,23,0,0,0,25,0,0,0,0,0,0,0,0,0,0,0,8,1
8259,1373,第52回全国競技かるた松山大会,2023-03-21,D1,D,31,31,61,5,5,1,0,0,1,1,0,0,0,1,0,0,0,0,0,0,0,0,0,0,0,8,1
8260,1373,第52回全国競技かるた松山大会,2023-03-21,D2,D,29,29,59,5,5,1,0,0,3,3,0,0,0,3,0,0,0,0,0,0,0,0,0,0,0,8,1
8261,1373,第52回全国競技かるた松山大会,2023-03-21,D3,D,29,29,59,5,5,1,0,0,3,3,0,0,0,7,0,0,0,0,0,0,0,0,0,0,0,8,1
8262,1373,第52回全国競技かるた松山大会,2023-03-21,D4,D,31,31,61,5,5,1,0,0,1,1,0,0,0,1,0,0,0,0,0,0,0,0,0,0,0,8,1
8263,1373,第52回全国競技かるた松山大会,2023-03-21,E1,E,30,30,60,5,5,1,0,0,2,2,0,0,0,2,0,0,0,0,0,0,0,0,0,0,0,8,1
8264,1373,第52回全国競技かるた松山大会,2023-03-21,E2,E,28,28,58,5,5,1,0,0,4,4,0,0,0,4,0,0,0,0,0,0,0,0,0,0,0,8,1
8265,1373,第52回全国競技かるた松山大会,2023-03-21,E3,E,29,29,59,5,5,1,0,0,3,3,0,0,0,3,0,0,0,0,0,0,0,0,0,0,0,8,1
8266,1374,第76回全国競技かるた東京東会大会(D),2023-02-25,D1,D,32,32,62,5,5,1,0,0,0,0,0,0,0,0,0,0,0,0,0,0,0,0,0,0,0,4,1
8267,1374,第76回全国競技かるた東京東会大会(D),2023-02-25,D2,D,32,32,62,5,5,1,0,0,0,0,0,0,0,0,0,0,0,0,0,0,0,0,0,0,0,4,1
8268,1374,第76回全国競技かるた東京東会大会(D),2023-02-25,D3,D,32,32,62,5,5,1,0,0,0,0,0,0,0,0,0,0,0,0,0,0,0,0,0,0,0,4,1
8269,1374,第76回全国競技かるた東京東会大会(D),2023-02-25,D4,D,32,32,62,5,5,1,0,0,0,0,0,0,0,0,0,2,0,0,0,0,0,0,0,0,0,4,1
8270,1374,第76回全国競技かるた東京東会大会(D),2023-02-25,D5,D,32,32,62,5,5,1,0,0,0,0,0,0,0,2,0,0,0,0,0,0,0,0,0,0,0,4,1
8271,1374,第76回全国競技かるた東京東会大会(D),2023-02-25,D6,D,32,32,62,5,5,1,0,0,0,0,0,0,0,0,0,0,0,0,0,0,0,0,0,0,0,4,1
8272,1374,第76回全国競技かるた東京東会大会(D),2023-02-25,D7,D,32,32,62,5,5,1,0,0,0,0,0,0,0,0,0,0,0,0,0,0,0,0,0,0,0,4,1
8273,1374,第76回全国競技かるた東京東会大会(D),2023-02-25,D8,D,32,32,62,5,5,1,0,0,0,0,0,0,0,0,0,0,0,0,0,0,0,0,0,0,0,4,1
8274,1375,第8回競技かるた初段認定宇都宮大会,2023-02-18,対戦表,,14,14,42,3,3,1,0,0,0,0,0,0,0,0,0,21,0,0,0,0,0,0,0,0,0,0,0
8275,1376,"第34回全国競技かるた東大阪大会(B,C,D,E)",2023-02-26,B1,B,32,32,62,5,5,1,0,0,0,0,0,0,0,0,0,0,0,0,0,0,0,0,0,0,0,8,1
8276,1376,"第34回全国競技かるた東大阪大会(B,C,D,E)",2023-02-26,B2,B,32,32,62,5,5,1,0,0,0,0,0,0,0,0,0,0,0,0,0,0,0,0,0,0,0,8,1
8277,1376,"第34回全国競技かるた東大阪大会(B,C,D,E)",2023-02-26,B3,B,32,32,62,5,5,1,0,0,0,0,0,0,0,0,0,0,0,0,0,0,0,0,0,0,0,8,1
8278,1376,"第34回全国競技かるた東大阪大会(B,C,D,E)",2023-02-26,C1,C,30,30,60,5,5,1,0,0,2,2,0,0,0,2,0,0,0,0,0,0,0,0,0,0,0,8,1
8279,1376,"第34回全国競技かるた東大阪大会(B,C,D,E)",2023-02-26,C2,C,28,28,58,5,5,1,0,0,4,4,0,0,0,4,0,0,0,0,0,0,0,0,0,0,0,8,1
8280,1376,"第34回全国競技かるた東大阪大会(B,C,D,E)",2023-02-26,C3,C,28,28,58,5,5,1,0,0,4,4,0,0,0,4,0,0,0,0,0,0,0,0,0,0,0,8,1
8281,1376,"第34回全国競技かるた東大阪大会(B,C,D,E)",2023-02-26,D1,D,29,29,59,5,5,1,0,0,3,3,0,0,0,3,0,0,0,0,0,0,0,0,0,0,0,4,1
8282,1376,"第34回全国競技かるた東大阪大会(B,C,D,E)",2023-02-26,D2,D,30,30,60,5,5,1,0,0,2,2,0,0,0,2,0,0,0,0,0,0,0,0,0,0,0,8,1
8283,1376,"第34回全国競技かるた東大阪大会(B,C,D,E)",2023-02-26,D3,D,30,30,59,5,5,1,0,0,3,3,0,0,0,3,0,0,0,0,0,0,1,0,0,0,0,7,1
8284,1376,"第34回全国競技かるた東大阪大会(B,C,D,E)",2023-02-26,E1,E,31,31,61,5,5,1,0,0,1,1,0,0,0,1,0,0,0,0,0,0,0,0,0,0,0,8,1
8285,1376,"第34回全国競技かるた東大阪大会(B,C,D,E)",2023-02-26,E2,E,32,32,62,5,5,1,0,0,0,0,0,0,0,0,0,0,0,0,0,0,0,0,0,0,0,8,1
8286,1376,"第34回全国競技かるた東大阪大会(B,C,D,E)",2023-02-26,E3,E,31,31,61,5,5,1,0,0,1,1,0,0,0,1,0,0,0,0,0,0,0,0,0,0,0,8,1
8287,1377,第102回全国競技かるた横浜大会(B),2023-02-26,B1,B,52,52,108,6,6,1,0,0,6,6,0,0,0,6,0,0,0,0,0,0,0,0,0,0,0,8,1
8288,1377,第102回全国競技かるた横浜大会(B),2023-02-26,B2,B,51,51,107,6,6,1,0,0,7,7,0,0,0,7,0,0,0,0,0,0,0,0,0,0,0,8,1
8289,1377,第102回全国競技かるた横浜大会(B),2023-02-26,B3,B,54,54,111,6,6,1,0,0,5,5,0,0,0,5,0,0,0,0,0,0,0,0,0,0,0,8,1
8290,1377,第102回全国競技かるた横浜大会(B),2023-02-26,B4,B,52,52,108,6,6,1,0,0,6,6,0,0,0,6,0,2,0,0,0,0,0,0,0,0,0,8,1
8291,1378,第102回全国競技かるた横浜大会(C),2023-02-25,C1,C,47,47,101,6,6,1,0,0,9,9,0,0,0,9,0,0,0,0,0,0,0,0,0,0,0,8,1
8292,1378,第102回全国競技かるた横浜大会(C),2023-02-25,C2,C,48,48,103,6,6,1,0,0,9,9,0,0,0,9,0,0,0,0,0,0,0,0,0,0,0,8,1
8293,1378,第102回全国競技かるた横浜大会(C),2023-02-25,C3,C,50,50,105,6,6,1,0,0,7,7,0,0,0,7,0,0,0,0,0,0,0,0,0,0,0,8,1
8294,1378,第102回全国競技かるた横浜大会(C),2023-02-25,C4,C,47,47,102,6,6,1,0,0,10,10,0,0,0,10,0,0,0,0,0,0,0,0,0,0,0,8,1
8295,1379,第1回競技かるた初段認定四国支部大会,2023-04-02,詳報,,48,48,144,3,3,1,0,2,2,0,0,0,0,0,0,2,0,0,0,0,0,0,0,0,0,0,0
8296,1380,第13回全国競技かるた岡山大会,2023-04-15,A,A,34,34,96,6,6,1,0,0,30,30,0,0,0,30,0,2,0,0,0,0,0,0,0,0,0,8,1
8297,1380,第13回全国競技かるた岡山大会,2023-04-15,B,B,59,59,121,6,6,1,0,0,5,5,0,0,0,5,0,2,0,0,0,0,0,0,0,0,0,8,1
8298,1380,第13回全国競技かるた岡山大会,2023-04-15,C,C,61,61,123,6,6,1,0,0,3,3,0,0,0,3,0,0,0,0,0,0,0,0,0,0,0,2,1
8299,1380,第13回全国競技かるた岡山大会,2023-04-15,D,D,96,96,188,6,7,1,0,2,2,2,0,0,0,0,0,2,0,0,0,0,0,0,0,0,0,12,0
8300,1381,第62回全日本選手権大会,2023-04-23,A,A,63,63,125,6,6,1,0,0,1,1,0,0,0,1,0,0,0,0,0,0,0,0,0,0,0,8,1
8301,1382,第24回こばえちゃ山形全国競技かるた酒田大会,2023-04-23,A,A,63,63,125,6,6,1,0,0,1,1,0,0,0,3,0,0,0,0,0,0,0,0,0,0,0,8,1
8302,1382,第24回こばえちゃ山形全国競技かるた酒田大会,2023-04-23,B,B,79,79,179,6,6,1,0,0,25,25,0,0,0,27,0,0,0,0,0,0,0,0,0,0,0,16,0
8303,1382,第24回こばえちゃ山形全国競技かるた酒田大会,2023-04-23,C,C,73,73,197,6,6,1,0,0,55,55,0,0,0,57,0,0,0,0,0,0,0,0,0,0,0,16,0
8304,1382,第24回こばえちゃ山形全国競技かるた酒田大会,2023-04-23,D,D,69,69,193,6,6,1,0,0,59,59,0,0,0,67,0,0,0,0,0,0,0,0,0,0,0,16,0
8305,1382,第24回こばえちゃ山形全国競技かるた酒田大会,2023-04-23,E,E,57,57,117,5,5,1,0,0,7,7,0,0,0,9,0,0,0,0,0,0,0,0,0,0,0,16,0
8306,1383,"第39回全国競技かるた熊本大会(A,B)",2023-04-29,A,A,50,50,112,6,6,1,0,0,14,14,0,0,0,14,0,0,0,0,0,0,0,0,0,0,0,8,1
8307,1383,"第39回全国競技かるた熊本大会(A,B)",2023-04-29,B,B,62,62,124,6,6,1,0,0,2,2,0,0,0,2,0,0,0,0,0,0,0,0,0,0,0,8,1
8308,1384,"第37回全国競技かるたさがみ野大会(B,C)",2023-04-30,B1,B,63,63,125,6,6,1,0,0,1,1,0,0,0,1,0,0,0,0,0,0,0,0,0,0,0,8,1
8309,1384,"第37回全国競技かるたさがみ野大会(B,C)",2023-04-30,B2,B,62,62,124,6,6,1,0,0,2,2,0,0,0,2,0,0,0,0,0,0,0,0,0,0,0,8,1
8310,1384,"第37回全国競技かるたさがみ野大会(B,C)",2023-04-30,C1,C,64,64,126,6,6,1,0,0,0,0,0,0,0,0,0,0,0,0,0,0,0,0,0,0,0,8,1
8311,1384,"第37回全国競技かるたさがみ野大会(B,C)",2023-04-30,C2,C,64,64,126,6,6,1,0,0,0,0,0,0,0,0,0,0,0,0,0,0,0,0,0,0,0,8,1
8312,1385,第18回全国競技かるた兵庫大会,2023-04-29,A,A,162,162,348,6,6,1,0,30,30,30,0,0,0,2,0,30,0,0,0,0,0,0,0,0,0,0,0
8313,1385,第18回全国競技かるた兵庫大会,2023-04-29,B,B,200,200,448,6,6,1,0,56,56,56,0,0,0,8,0,56,0,0,0,0,0,0,0,0,0,0,0
8314,1385,第18回全国競技かるた兵庫大会,2023-04-29,C,C,205,205,453,6,6,1,0,51,51,51,0,0,0,6,0,51,0,0,0,0,0,0,0,0,0,0,0
8315,1385,第18回全国競技かるた兵庫大会,2023-04-29,D,D,267,267,567,5,5,1,0,52,52,52,0,0,0,8,0,52,0,1,0,0,0,0,0,0,0,0,0
8316,1385,第18回全国競技かるた兵庫大会,2023-04-29,E,E,242,242,466,4,4,1,0,14,14,14,0,0,0,10,0,14,0,0,0,0,0,0,0,0,0,0,0
8317,1386,第41回全国競技かるた東京吉野会大会(D),2023-05-03,D1,D,30,30,60,5,5,1,0,0,2,2,0,0,0,4,0,0,0,0,0,0,0,0,0,0,0,8,1
8318,1386,第41回全国競技かるた東京吉野会大会(D),2023-05-03,D2,D,29,29,59,5,5,1,0,0,3,3,0,0,0,3,0,0,0,0,0,0,0,0,0,0,0,8,1
8319,1386,第41回全国競技かるた東京吉野会大会(D),2023-05-03,D3,D,32,32,62,5,5,1,0,0,0,0,0,0,0,0,0,0,0,0,0,0,0,0,0,0,0,8,0
8320,1386,第41回全国競技かるた東京吉野会大会(D),2023-05-03,D4,D,30,30,60,5,5,1,0,0,2,2,0,0,0,2,0,0,0,0,0,0,0,0,0,0,0,8,1
8321,1386,第41回全国競技かるた東京吉野会大会(D),2023-05-03,D5,D,30,30,60,5,5,1,0,0,2,2,0,0,0,2,0,2,0,0,0,0,0,0,0,0,0,8,1
8322,1386,第41回全国競技かるた東京吉野会大会(D),2023-05-03,D6,D,32,32,62,5,5,1,0,0,0,0,0,0,0,0,0,0,0,0,0,0,0,0,0,0,0,8,1
8323,1386,第41回全国競技かるた東京吉野会大会(D),2023-05-03,D7,D,32,32,62,5,5,1,0,0,0,0,0,0,0,0,0,0,0,0,0,0,0,0,0,0,0,8,1
8324,1386,第41回全国競技かるた東京吉野会大会(D),2023-05-03,D8,D,32,32,62,5,5,1,0,0,0,0,0,0,0,0,0,0,0,0,0,0,0,0,0,0,0,8,1
8325,1386,第41回全国競技かるた東京吉野会大会(D),2023-05-03,D9,D,32,32,62,5,5,1,0,0,0,0,0,0,0,0,0,0,0,0,0,0,0,0,0,0,0,8,1
8326,1386,第41回全国競技かるた東京吉野会大会(D),2023-05-03,D10,D,31,31,61,5,5,1,0,0,1,1,0,0,0,1,0,0,0,0,0,0,0,0,0,0,0,8,1
8327,1387,第41回全国競技かるた東京吉野会大会(E),2023-05-04,E1,E,31,31,61,5,5,1,0,0,1,1,0,0,0,1,0,0,0,0,0,0,0,0,0,0,0,8,1
8328,1387,第41回全国競技かるた東京吉野会大会(E),2023-05-04,E2,E,32,32,62,5,5,1,0,0,0,0,0,0,0,0,0,2,0,0,0,0,0,0,0,0,0,8,1
8329,1387,第41回全国競技かるた東京吉野会大会(E),2023-05-04,E3,E,32,32,62,5,5,1,0,0,0,0,0,0,0,0,0,0,0,0,0,0,0,0,0,0,0,8,1
8330,1387,第41回全国競技かるた東京吉野会大会(E),2023-05-04,E4,E,31,31,61,5,5,1,0,0,1,1,0,0,0,1,0,0,0,0,0,0,0,0,0,0,0,8,1
8331,1387,第41回全国競技かるた東京吉野会大会(E),2023-05-04,E5,E,32,32,62,5,5,1,0,0,0,0,0,0,0,0,0,0,0,0,0,0,0,0,0,0,0,8,1
8332,1387,第41回全国競技かるた東京吉野会大会(E),2023-05-04,E6,E,32,32,62,5,5,1,0,0,0,0,0,0,0,0,0,0,0,0,0,0,0,0,0,0,0,8,1
8333,1387,第41回全国競技かるた東京吉野会大会(E),2023-05-04,E7,E,32,32,62,5,5,1,0,0,0,0,0,0,0,0,0,0,0,0,0,0,0,0,0,0,0,8,1
8334,1387,第41回全国競技かるた東京吉野会大会(E),2023-05-04,E8,E,31,31,61,5,5,1,0,0,1,1,0,0,0,1,0,0,0,0,0,0,0,0,0,0,0,8,1
8335,1387,第41回全国競技かるた東京吉野会大会(E),2023-05-04,E9,E,32,32,62,5,5,1,0,0,0,0,0,0,0,0,0,0,0,0,0,0,0,0,0,0,0,8,1
8336,1387,第41回全国競技かるた東京吉野会大会(E),2023-05-04,E10,E,31,31,61,5,5,1,0,0,1,1,0,0,0,1,0,2,0,0,0,0,0,0,0,0,0,8,1
8337,1388,第11回 奥の細道むすびの地 全国競技かるた大垣大会,2023-05-04,A級,A,131,131,317,6,6,1,0,0,61,61,0,0,0,61,0,0,0,0,0,0,0,0,0,0,0,24,0
8338,1388,第11回 奥の細道むすびの地 全国競技かるた大垣大会,2023-05-04,B1,B,52,52,114,6,6,1,0,0,12,12,0,0,0,12,0,0,0,0,0,0,0,0,0,0,0,8,1
8339,1388,第11回 奥の細道むすびの地 全国競技かるた大垣大会,2023-05-04,B2,B,55,55,117,6,6,1,0,54,63,9,0,0,0,9,0,0,0,54,0,0,0,0,0,0,0,8,1
8340,1388,第11回 奥の細道むすびの地 全国競技かるた大垣大会,2023-05-04,B3,B,53,53,115,6,6,1,0,0,11,11,0,0,0,13,0,0,0,0,0,0,0,0,0,0,0,8,1
8341,1388,第11回 奥の細道むすびの地 全国競技かるた大垣大会,2023-05-04,B4,B,48,48,110,6,6,1,0,0,16,16,0,0,0,16,0,0,0,0,0,0,0,0,0,0,0,8,1
8342,1388,第11回 奥の細道むすびの地 全国競技かるた大垣大会,2023-05-04,C1,C,53,53,115,6,6,1,0,0,11,11,0,0,0,13,0,0,0,0,0,0,0,0,0,0,0,8,1
8343,1388,第11回 奥の細道むすびの地 全国競技かるた大垣大会,2023-05-04,C2,C,54,54,116,6,6,1,0,0,10,10,0,0,0,14,0,2,0,0,0,0,0,0,0,0,0,8,1
8344,1388,第11回 奥の細道むすびの地 全国競技かるた大垣大会,2023-05-04,C3,C,52,52,114,6,6,1,0,0,12,12,0,0,0,14,0,0,0,0,0,0,0,0,0,0,0,8,1
8345,1388,第11回 奥の細道むすびの地 全国競技かるた大垣大会,2023-05-04,C4,C,53,53,115,6,6,1,0,0,11,11,0,0,0,11,0,0,0,0,0,0,0,0,0,0,0,8,1
8346,1388,第11回 奥の細道むすびの地 全国競技かるた大垣大会,2023-05-04,Ｄ級,D,210,210,450,5,5,1,0,5,51,46,0,0,0,52,0,0,0,9,0,0,0,0,0,0,0,32,0
8347,1388,第11回 奥の細道むすびの地 全国競技かるた大垣大会,2023-05-04,Ｅ級,E,111,111,223,4,4,1,0,0,17,17,0,0,0,17,0,0,0,0,0,0,0,0,0,0,0,32,0
8348,1389,"第75回全国競技かるた京都大会(A,B)",2023-05-20,A,A,64,64,126,6,6,1,0,0,0,0,0,0,0,0,0,0,0,0,0,0,0,0,0,0,0,8,1
8349,1389,"第75回全国競技かるた京都大会(A,B)",2023-05-20,B1,B,60,60,122,6,6,1,0,0,4,4,0,0,0,4,0,0,0,0,0,0,0,0,0,0,0,4,1
8350,1389,"第75回全国競技かるた京都大会(A,B)",2023-05-20,B2,B,64,64,126,6,6,1,0,0,0,0,0,0,0,0,0,0,0,0,0,0,0,0,0,0,0,4,1
8351,1389,"第75回全国競技かるた京都大会(A,B)",2023-05-20,B3,B,64,64,126,6,6,1,0,0,0,0,0,0,0,0,0,0,0,0,0,0,0,0,0,0,0,4,1
8352,1390,第4回競技かるた初段認定島根大会,2023-05-28,E,E,30,30,89,3,3,1,0,3,3,0,0,0,0,0,0,0,0,6,0,1,0,0,0,0,0,0,0
8353,1391,第87回椿杯争奪全国競技かるた大会,2023-05-27,A1,A,61,61,123,6,6,1,0,0,3,3,0,0,0,7,0,0,0,0,0,0,0,0,0,0,0,8,1
8354,1391,第87回椿杯争奪全国競技かるた大会,2023-05-27,A2,A,61,61,123,6,6,1,0,0,3,3,0,0,0,9,0,0,0,0,0,0,0,0,0,0,0,8,1
8355,1391,第87回椿杯争奪全国競技かるた大会,2023-05-27,B1,B,64,64,126,6,6,1,0,0,0,0,0,0,0,8,0,0,0,0,0,0,0,0,0,0,0,8,1
8356,1391,第87回椿杯争奪全国競技かるた大会,2023-05-27,B2,B,63,63,125,6,6,1,0,2,3,1,0,0,0,11,0,0,0,0,0,0,0,0,0,0,0,8,1
8357,1391,第87回椿杯争奪全国競技かるた大会,2023-05-27,C1,C,59,59,121,6,6,1,0,0,5,5,0,0,0,19,0,0,0,0,0,0,0,0,0,0,0,8,1
8358,1391,第87回椿杯争奪全国競技かるた大会,2023-05-27,C2,C,59,59,121,6,6,1,0,0,5,5,0,0,0,9,0,0,0,0,0,0,0,0,0,0,0,8,1
8359,1391,第87回椿杯争奪全国競技かるた大会,2023-05-27,D1,D,38,38,100,6,6,1,0,0,26,26,0,0,0,28,0,0,0,0,0,0,0,0,0,0,0,8,1
8360,1391,第87回椿杯争奪全国競技かるた大会,2023-05-27,D2,D,37,37,99,6,6,1,0,0,27,27,0,0,0,33,0,0,0,0,0,0,0,0,0,0,0,8,1
8361,1391,第87回椿杯争奪全国競技かるた大会,2023-05-27,D3,D,37,37,99,6,6,1,0,0,27,27,0,0,0,33,0,0,0,0,0,0,0,0,0,0,0,8,1
8362,1391,第87回椿杯争奪全国競技かるた大会,2023-05-27,E1,E,32,32,62,5,5,1,0,0,0,0,0,0,0,8,0,0,0,0,0,0,0,0,0,0,0,8,1
8363,1391,第87回椿杯争奪全国競技かるた大会,2023-05-27,E2,E,31,31,61,5,5,1,0,0,1,1,0,0,0,7,0,2,0,0,0,0,0,0,0,0,0,8,1
8364,1391,第87回椿杯争奪全国競技かるた大会,2023-05-27,E3,E,31,31,61,5,5,1,0,0,1,1,0,0,0,5,0,0,0,0,0,0,0,0,0,0,0,8,1
8365,1391,第87回椿杯争奪全国競技かるた大会,2023-05-27,E4,E,31,31,61,5,5,1,0,0,1,1,0,0,0,13,0,0,0,0,0,0,0,0,0,0,0,8,1
8366,1392,"第37回全国競技かるたさがみ野大会(D,E)",2023-06-04,D1,D,32,32,62,5,5,1,0,0,0,0,0,0,0,0,0,0,0,0,0,0,0,0,0,0,0,4,1
8367,1392,"第37回全国競技かるたさがみ野大会(D,E)",2023-06-04,D2,D,30,30,60,5,5,1,0,0,2,2,0,0,0,2,0,0,0,0,0,0,0,0,0,0,0,4,1
8368,1392,"第37回全国競技かるたさがみ野大会(D,E)",2023-06-04,D3,D,31,31,61,5,5,1,0,0,1,1,0,0,0,3,0,0,0,0,0,0,0,0,0,0,0,4,1
8369,1392,"第37回全国競技かるたさがみ野大会(D,E)",2023-06-04,D4,D,32,32,62,5,5,1,0,0,0,0,0,0,0,0,0,0,0,0,0,0,0,0,0,0,0,4,1
8370,1392,"第37回全国競技かるたさがみ野大会(D,E)",2023-06-04,E1,E,32,32,62,5,5,1,0,0,0,0,0,0,0,0,0,0,0,0,0,0,0,0,0,0,0,4,1
8371,1392,"第37回全国競技かるたさがみ野大会(D,E)",2023-06-04,E2,E,30,30,60,5,5,1,0,0,2,2,0,0,0,2,0,0,0,0,0,0,0,0,0,0,0,4,1
8372,1392,"第37回全国競技かるたさがみ野大会(D,E)",2023-06-04,E3,E,32,32,62,5,5,1,0,0,0,0,0,0,0,0,0,0,0,0,0,0,0,0,0,0,0,4,1
8373,1392,"第37回全国競技かるたさがみ野大会(D,E)",2023-06-04,E4,E,32,32,62,5,5,1,0,0,0,0,0,0,0,0,0,0,0,0,0,0,0,0,0,0,0,4,1
8374,1393,小倉百人一首競技かるた 第55回全国女流選手権大会,2023-06-03,A,A,62,62,124,6,6,1,0,0,2,2,0,0,0,2,0,0,0,0,0,0,0,0,0,0,0,8,1
8375,1393,小倉百人一首競技かるた 第55回全国女流選手権大会,2023-06-03,B,B,112,112,236,6,6,1,0,0,16,16,0,0,0,16,0,0,0,0,0,0,0,0,0,0,0,16,0
8376,1393,小倉百人一首競技かるた 第55回全国女流選手権大会,2023-06-03,C,C,92,92,216,6,6,1,0,0,36,36,0,0,0,36,0,2,0,0,0,0,0,0,0,0,0,16,0
8377,1394,"第23回全国競技かるた愛知大会(D,E)",2023-06-03,D1,D,26,26,56,5,5,1,0,6,6,6,0,0,0,0,0,6,0,0,0,0,0,0,0,0,0,4,1
8378,1394,"第23回全国競技かるた愛知大会(D,E)",2023-06-03,D2,D,26,26,56,5,5,1,0,6,6,6,0,0,0,0,0,6,0,0,0,0,0,0,0,0,0,4,1
8379,1394,"第23回全国競技かるた愛知大会(D,E)",2023-06-03,D3,D,26,26,56,5,5,1,0,6,6,6,0,0,0,0,0,6,0,0,0,0,0,0,0,0,0,4,1
8380,1394,"第23回全国競技かるた愛知大会(D,E)",2023-06-03,D4,D,26,26,56,5,5,1,0,6,6,6,0,0,0,0,0,6,0,0,2,0,0,0,0,0,0,4,0
8381,1394,"第23回全国競技かるた愛知大会(D,E)",2023-06-03,E1,E,16,16,30,4,4,1,0,0,0,0,0,0,0,0,0,0,0,0,0,0,0,0,0,0,0,2,1
8382,1394,"第23回全国競技かるた愛知大会(D,E)",2023-06-03,E10,E,15,15,28,4,4,1,0,1,1,1,0,0,0,0,0,1,0,1,0,0,0,0,0,0,0,2,0
8383,1394,"第23回全国競技かるた愛知大会(D,E)",2023-06-03,E2,E,16,16,30,4,4,1,0,0,0,0,0,0,0,0,0,0,0,0,0,0,0,0,0,0,0,2,1
8384,1394,"第23回全国競技かるた愛知大会(D,E)",2023-06-03,E3,E,16,16,30,4,4,1,0,0,0,0,0,0,0,0,0,2,0,0,0,0,0,0,0,0,0,2,1
8385,1394,"第23回全国競技かるた愛知大会(D,E)",2023-06-03,E4,E,16,16,30,4,4,1,0,0,0,0,0,0,0,0,0,0,0,0,0,0,0,0,0,0,0,2,1
8386,1394,"第23回全国競技かるた愛知大会(D,E)",2023-06-03,E5,E,15,15,29,4,4,1,0,1,1,1,0,0,0,0,0,3,0,0,0,0,0,0,0,0,0,2,1
8387,1394,"第23回全国競技かるた愛知大会(D,E)",2023-06-03,E6,E,15,15,29,4,4,1,0,1,1,1,0,0,0,0,0,3,0,0,0,0,0,0,0,0,0,2,1
8388,1394,"第23回全国競技かるた愛知大会(D,E)",2023-06-03,E7,E,15,15,29,4,4,1,0,1,1,1,0,0,0,0,0,3,0,0,0,0,0,0,0,0,0,2,1
8389,1394,"第23回全国競技かるた愛知大会(D,E)",2023-06-03,E8,E,15,15,29,4,4,1,0,1,1,1,0,0,0,0,0,3,0,0,0,0,0,0,0,0,0,2,1
8390,1394,"第23回全国競技かるた愛知大会(D,E)",2023-06-03,E9,E,16,16,30,4,4,1,0,0,0,0,0,0,0,0,0,2,0,0,0,0,0,0,0,0,0,2,1
8391,1395,第3回競技かるた初段認定石川大会,2023-06-11,結果詳報,,69,69,207,3,3,1,0,1,4,3,0,0,0,3,0,0,0,1,0,0,0,0,0,0,0,0,0
8392,1396,第35回全日本シニア選手権大会,2023-06-10,G級,,14,14,28,4,4,1,0,0,2,2,0,0,0,2,0,0,0,0,0,0,0,0,0,0,0,4,1
8393,1396,第35回全日本シニア選手権大会,2023-06-10,A,A,21,21,51,5,5,1,0,0,11,11,0,0,0,11,0,0,0,0,0,0,0,0,0,0,0,4,1
8394,1396,第35回全日本シニア選手権大会,2023-06-10,B,B,20,20,50,5,5,1,0,0,12,12,0,0,0,12,0,0,0,0,0,0,0,0,0,0,0,4,1
8395,1396,第35回全日本シニア選手権大会,2023-06-10,C,C,29,29,59,5,5,1,0,0,3,3,0,0,0,3,0,0,0,0,0,0,0,0,0,0,0,4,1
8396,1396,第35回全日本シニア選手権大会,2023-06-10,D,D,19,19,49,5,5,1,0,0,13,13,0,0,0,13,0,0,0,0,0,0,0,0,0,0,0,4,1
8397,1397,第4回競技かるた初段認定東京都大会,2023-06-25,対戦成績,,96,96,288,3,3,1,0,0,0,0,0,0,0,0,0,288,0,0,0,0,0,0,0,0,0,0,0
8398,1398,"第76回全国競技かるた福井大会(A,B,C,D)",2023-06-24,A,A,63,63,125,6,6,1,0,0,1,1,0,0,0,1,0,0,0,0,0,0,0,0,0,0,0,8,1
8399,1398,"第76回全国競技かるた福井大会(A,B,C,D)",2023-06-24,B,B,118,118,242,6,6,1,0,0,10,10,0,0,0,10,0,0,0,0,0,0,0,0,0,0,0,16,0
8400,1398,"第76回全国競技かるた福井大会(A,B,C,D)",2023-06-24,C,C,76,76,200,6,6,1,0,0,52,52,0,0,0,52,0,2,0,0,0,0,0,0,0,0,0,16,0
8401,1398,"第76回全国競技かるた福井大会(A,B,C,D)",2023-06-24,D,D,73,73,197,6,6,1,0,0,55,55,0,0,0,55,0,0,0,0,0,0,0,0,0,0,0,8,0
8402,1399,第77回全国競技かるた東京東会大会(B),2023-06-25,B,B,243,243,491,6,6,1,0,0,13,13,0,0,0,13,0,0,0,0,0,0,0,0,0,0,0,32,0
8403,1400,第77回全国競技かるた東京東会大会(C),2023-06-24,C,C,183,183,365,6,6,1,0,0,5,5,0,0,0,5,0,0,0,0,0,0,0,0,0,0,0,24,0
8404,1401,"第1回全国競技かるた千葉大会(C,D)",2023-06-18,C1,C,48,48,110,6,6,1,0,0,16,16,0,0,0,16,0,0,0,0,0,0,0,0,0,0,0,4,1
8405,1401,"第1回全国競技かるた千葉大会(C,D)",2023-06-18,C2,C,47,47,109,6,6,1,0,0,17,17,0,0,0,19,0,0,0,0,0,0,0,0,0,0,0,4,1
8406,1401,"第1回全国競技かるた千葉大会(C,D)",2023-06-18,C3,C,46,46,108,6,6,1,0,0,18,18,0,0,0,18,0,0,0,0,0,0,0,0,0,0,0,4,1
8407,1401,"第1回全国競技かるた千葉大会(C,D)",2023-06-18,C4,C,47,47,109,6,6,1,0,0,17,17,0,0,0,17,0,0,0,0,0,0,0,0,0,0,0,4,1
8408,1401,"第1回全国競技かるた千葉大会(C,D)",2023-06-18,D1,D,27,27,57,5,5,1,0,0,5,5,0,0,0,5,0,0,0,0,0,0,0,0,0,0,0,4,1
8409,1401,"第1回全国競技かるた千葉大会(C,D)",2023-06-18,D2,D,27,27,57,5,5,1,0,0,5,5,0,0,0,5,0,0,0,0,0,0,0,0,0,0,0,4,1
8410,1401,"第1回全国競技かるた千葉大会(C,D)",2023-06-18,D3,D,28,28,58,5,5,1,0,0,4,4,0,0,0,4,0,0,0,0,0,0,0,0,0,0,0,4,1
8411,1401,"第1回全国競技かるた千葉大会(C,D)",2023-06-18,D4,D,27,27,57,5,5,1,0,0,5,5,0,0,0,5,0,0,0,0,0,0,0,0,0,0,0,4,1
8412,1401,"第1回全国競技かるた千葉大会(C,D)",2023-06-18,D5,D,26,26,56,5,5,1,0,0,6,6,0,0,0,6,0,0,0,0,0,0,0,0,0,0,0,4,1
8413,1401,"第1回全国競技かるた千葉大会(C,D)",2023-06-18,D6,D,25,25,55,5,5,1,0,0,7,7,0,0,0,9,0,0,0,0,0,0,0,0,0,0,0,4,1
8414,1401,"第1回全国競技かるた千葉大会(C,D)",2023-06-18,D7,D,24,24,54,5,5,1,0,0,8,8,0,0,0,10,0,0,0,0,0,0,0,0,0,0,0,4,1
8415,1402,"第103回全国競技かるた横浜大会(C,D)",2023-07-08,C1,C,51,51,107,6,6,1,0,0,7,7,0,0,0,7,0,0,0,0,0,0,0,0,0,0,0,8,1
8416,1402,"第103回全国競技かるた横浜大会(C,D)",2023-07-08,C2,C,51,51,107,6,6,1,0,0,7,7,0,0,0,7,0,0,0,0,0,0,0,0,0,0,0,8,1
8417,1402,"第103回全国競技かるた横浜大会(C,D)",2023-07-08,C3,C,52,52,108,6,6,1,0,0,6,6,0,0,0,6,0,0,0,0,0,0,0,0,0,0,0,8,1
8418,1402,"第103回全国競技かるた横浜大会(C,D)",2023-07-08,C4,C,49,49,105,6,6,1,0,0,9,9,0,0,0,9,0,0,0,0,0,0,0,0,0,0,0,8,1
8419,1402,"第103回全国競技かるた横浜大会(C,D)",2023-07-08,D1,D,29,29,59,5,5,1,0,0,3,3,0,0,0,3,0,0,0,0,0,0,0,0,0,0,0,4,1
8420,1402,"第103回全国競技かるた横浜大会(C,D)",2023-07-08,D2,D,29,29,58,5,5,1,0,0,2,2,0,0,0,2,0,0,0,0,0,0,0,0,0,0,0,4,1
8421,1402,"第103回全国競技かるた横浜大会(C,D)",2023-07-08,D3,D,30,30,60,5,5,1,0,0,2,2,0,0,0,2,0,0,0,0,0,0,0,0,0,0,0,4,1
8422,1402,"第103回全国競技かるた横浜大会(C,D)",2023-07-08,D4,D,29,29,58,5,5,1,0,0,2,2,0,0,0,4,0,0,0,0,0,0,0,0,0,0,0,4,1
8423,1402,"第103回全国競技かるた横浜大会(C,D)",2023-07-08,D5,D,29,29,58,5,5,1,0,0,2,2,0,0,0,4,0,0,0,0,0,0,0,0,0,0,0,4,1
8424,1402,"第103回全国競技かるた横浜大会(C,D)",2023-07-08,D6,D,28,28,57,5,5,1,0,0,3,3,0,0,0,3,0,0,0,0,0,0,0,0,0,0,0,4,1
8425,1402,"第103回全国競技かるた横浜大会(C,D)",2023-07-08,D7,D,29,29,58,5,5,1,0,0,2,2,0,0,0,2,0,2,0,0,0,0,0,0,0,0,0,4,1
8426,1402,"第103回全国競技かるた横浜大会(C,D)",2023-07-08,D8,D,32,32,62,5,5,1,0,0,0,0,0,0,0,0,0,0,0,0,0,0,0,0,0,0,0,4,1
8427,1403,"第1回全国競技かるた千葉大会(A,B)",2023-07-08,A1,A,53,53,115,6,6,1,0,0,11,11,0,0,0,11,0,0,0,0,0,0,0,0,0,0,0,8,1
8428,1403,"第1回全国競技かるた千葉大会(A,B)",2023-07-08,A2,A,46,46,108,6,6,1,0,0,18,18,0,0,0,18,0,0,0,0,0,0,0,0,0,0,0,8,1
8429,1403,"第1回全国競技かるた千葉大会(A,B)",2023-07-08,A3,A,51,51,113,6,6,1,0,0,13,13,0,0,0,13,0,0,0,0,0,0,0,0,0,0,0,8,1
8430,1403,"第1回全国競技かるた千葉大会(A,B)",2023-07-08,B1,B,52,52,114,6,6,1,0,0,12,12,0,0,0,12,0,0,0,0,0,0,0,0,0,0,0,8,1
8431,1403,"第1回全国競技かるた千葉大会(A,B)",2023-07-08,B2,B,56,56,118,6,6,1,0,0,8,8,0,0,0,8,0,0,0,0,0,0,0,0,0,0,0,8,1
8432,1403,"第1回全国競技かるた千葉大会(A,B)",2023-07-08,B3,B,53,53,115,6,6,1,0,0,11,11,0,0,0,11,0,0,0,0,0,0,0,0,0,0,0,8,1
8433,1404,第3回競技かるた初段認定愛媛大会,2023-07-16,初段認定級,,54,54,162,3,3,1,0,0,4,4,0,0,0,4,0,2,0,0,0,0,0,0,0,0,0,0,0
8434,1405,"第39回全国競技かるた宮崎大会(A,B,C)",2023-07-17,A,A,55,55,117,6,6,1,0,0,9,9,0,0,0,9,0,0,0,0,0,0,0,0,0,0,0,8,1
8435,1405,"第39回全国競技かるた宮崎大会(A,B,C)",2023-07-17,B,B,49,49,111,6,6,1,0,0,15,15,0,0,0,15,0,0,0,0,0,0,0,0,0,0,0,8,1
8436,1405,"第39回全国競技かるた宮崎大会(A,B,C)",2023-07-17,C,C,39,39,101,6,6,1,0,0,25,25,0,0,0,25,0,0,0,0,0,0,0,0,0,0,0,8,1
8437,1406,第4回競技かるた初段認定山口大会,2023-07-17,初段結果,,42,42,126,3,3,1,0,124,126,0,0,0,0,2,0,0,0,0,0,0,0,0,0,0,0,0,0
8438,1407,第30回全国競技かるた多摩大会(C),2023-07-22,C1,C,40,40,102,6,6,1,0,0,24,24,0,0,0,24,0,0,0,0,0,0,0,0,0,0,0,0,1
8439,1407,第30回全国競技かるた多摩大会(C),2023-07-22,C2,C,41,41,103,6,6,1,0,0,23,23,0,0,0,23,0,0,0,0,0,0,0,0,0,0,0,41,1
8440,1407,第30回全国競技かるた多摩大会(C),2023-07-22,C3,C,50,50,112,6,6,1,0,0,14,14,0,0,0,16,0,0,0,0,0,0,0,0,0,0,0,50,1
8441,1408,第30回全国競技かるた多摩大会(D),2023-07-23,D1,D,27,27,57,5,5,1,0,0,5,5,0,0,0,5,0,0,0,0,0,0,0,0,0,0,0,26,1
8442,1408,第30回全国競技かるた多摩大会(D),2023-07-23,D2,D,27,27,57,5,5,1,0,0,5,5,0,0,0,7,0,0,0,0,0,0,0,0,0,0,0,26,1
8443,1408,第30回全国競技かるた多摩大会(D),2023-07-23,D3,D,26,26,56,5,5,1,0,0,6,6,0,0,0,8,0,0,0,0,0,0,0,0,0,0,0,26,1
8444,1408,第30回全国競技かるた多摩大会(D),2023-07-23,D4,D,25,25,55,5,5,1,0,0,7,7,0,0,0,9,0,0,0,0,0,0,0,0,0,0,0,25,1
8445,1408,第30回全国競技かるた多摩大会(D),2023-07-23,D5,D,25,25,55,5,5,1,0,0,7,7,0,0,0,9,0,0,0,0,0,0,0,0,0,0,0,25,1
8446,1408,第30回全国競技かるた多摩大会(D),2023-07-23,D6,D,24,24,54,5,5,1,0,0,8,8,0,0,0,10,0,0,0,0,0,0,0,0,0,0,0,24,1
8447,1408,第30回全国競技かるた多摩大会(D),2023-07-23,D7,D,26,26,56,5,5,1,0,0,6,6,0,0,0,10,0,0,0,0,0,0,0,0,0,0,0,26,1
8448,1409,第45回全国高等学校選手権大会(個人戦),2023-07-23,A,A,53,53,115,6,6,1,0,0,11,11,0,0,0,11,0,0,0,0,0,0,0,0,0,0,0,8,1
8449,1409,第45回全国高等学校選手権大会(個人戦),2023-07-23,B1,B,51,51,113,6,6,1,0,0,13,13,0,0,0,13,0,0,0,0,0,0,0,0,0,0,0,8,1
8450,1409,第45回全国高等学校選手権大会(個人戦),2023-07-23,B2,B,51,51,113,6,6,1,0,0,13,13,0,0,0,13,0,0,0,0,0,0,0,0,0,0,0,8,1
8451,1409,第45回全国高等学校選手権大会(個人戦),2023-07-23,B3,B,48,48,110,6,6,1,0,0,16,16,0,0,0,16,0,0,0,0,0,0,0,0,0,0,0,8,1
8452,1409,第45回全国高等学校選手権大会(個人戦),2023-07-23,B4,B,50,50,112,6,6,1,0,0,14,14,0,0,0,14,0,0,0,0,0,0,0,0,0,0,0,8,1
8453,1409,第45回全国高等学校選手権大会(個人戦),2023-07-23,B5,B,49,49,111,6,6,1,0,0,15,15,0,0,0,15,0,0,0,0,0,0,0,0,0,0,0,8,1
8454,1409,第45回全国高等学校選手権大会(個人戦),2023-07-23,C1,C,54,54,116,6,6,1,0,0,10,10,0,0,0,12,0,0,0,0,0,0,0,0,0,0,0,8,1
8455,1409,第45回全国高等学校選手権大会(個人戦),2023-07-23,C2,C,55,55,117,6,6,1,0,0,9,9,0,0,0,9,0,0,0,0,0,0,0,0,0,0,0,8,1
8456,1409,第45回全国高等学校選手権大会(個人戦),2023-07-23,C3,C,54,54,116,6,6,1,0,0,10,10,0,0,0,10,0,0,0,0,0,0,0,0,0,0,0,8,1
8457,1409,第45回全国高等学校選手権大会(個人戦),2023-07-23,C4,C,55,55,117,6,6,1,0,0,9,9,0,0,0,9,0,0,0,0,0,0,0,0,0,0,0,8,1
8458,1409,第45回全国高等学校選手権大会(個人戦),2023-07-23,C5,C,54,54,116,6,6,1,0,0,10,10,0,0,0,10,0,0,0,0,0,0,0,0,0,0,0,8,1
8459,1409,第45回全国高等学校選手権大会(個人戦),2023-07-23,C6,C,54,54,116,6,6,1,0,0,10,10,0,0,0,12,0,0,0,0,0,0,0,0,0,0,0,8,1
8460,1409,第45回全国高等学校選手権大会(個人戦),2023-07-23,C7,C,54,54,116,6,6,1,0,0,10,10,0,0,0,10,0,0,0,0,0,0,0,0,0,0,0,8,1
8461,1409,第45回全国高等学校選手権大会(個人戦),2023-07-23,C8,C,53,53,115,6,6,1,0,0,11,11,0,0,0,11,0,0,0,0,0,0,0,0,0,0,0,8,1
8462,1409,第45回全国高等学校選手権大会(個人戦),2023-07-23,D1,D,31,31,61,5,5,1,0,0,1,1,0,0,0,1,0,0,0,0,0,0,0,0,0,0,0,8,1
8463,1409,第45回全国高等学校選手権大会(個人戦),2023-07-23,D2,D,29,29,59,5,5,1,0,0,3,3,0,0,0,3,0,0,0,0,0,0,0,0,0,0,0,8,1
8464,1409,第45回全国高等学校選手権大会(個人戦),2023-07-23,D3,D,31,31,61,5,5,1,0,0,1,1,0,0,0,1,0,0,0,0,0,0,0,0,0,0,0,8,1
8465,1409,第45回全国高等学校選手権大会(個人戦),2023-07-23,D4,D,30,30,60,5,5,1,0,0,2,2,0,0,0,2,0,0,0,0,0,0,0,0,0,0,0,8,1
8466,1409,第45回全国高等学校選手権大会(個人戦),2023-07-23,D5,D,28,28,58,5,5,1,0,0,4,4,0,0,0,4,0,0,0,0,0,0,0,0,0,0,0,8,1
8467,1409,第45回全国高等学校選手権大会(個人戦),2023-07-23,D6,D,28,28,58,5,5,1,0,0,4,4,0,0,0,4,0,0,0,0,0,0,0,0,0,0,0,8,1
8468,1409,第45回全国高等学校選手権大会(個人戦),2023-07-23,D7,D,32,32,62,5,5,1,0,0,0,0,0,0,0,2,0,0,0,0,0,0,0,0,0,0,0,8,1
8469,1409,第45回全国高等学校選手権大会(個人戦),2023-07-23,D8,D,31,31,61,5,5,1,0,0,1,1,0,0,0,1,0,0,0,0,0,0,0,0,0,0,0,8,1
8470,1409,第45回全国高等学校選手権大会(個人戦),2023-07-23,D9,D,30,30,60,5,5,1,0,0,2,2,0,0,0,2,0,0,0,0,0,0,0,0,0,0,0,8,1
8471,1409,第45回全国高等学校選手権大会(個人戦),2023-07-23,D10,D,29,29,59,5,5,1,0,0,3,3,0,0,0,5,0,0,0,0,0,0,0,0,0,0,0,8,1
8472,1409,第45回全国高等学校選手権大会(個人戦),2023-07-23,D11,D,29,29,59,5,5,1,0,0,3,3,0,0,0,3,0,0,0,0,0,0,0,0,0,0,0,8,1
8473,1409,第45回全国高等学校選手権大会(個人戦),2023-07-23,D12,D,32,32,62,5,5,1,0,0,0,0,0,0,0,0,0,0,0,0,0,0,0,0,0,0,0,8,1
8474,1409,第45回全国高等学校選手権大会(個人戦),2023-07-23,D13,D,31,31,61,5,5,1,0,0,1,1,0,0,0,1,0,0,0,0,0,0,0,0,0,0,0,8,1
8475,1409,第45回全国高等学校選手権大会(個人戦),2023-07-23,D14,D,30,30,60,5,5,1,0,0,2,2,0,0,0,2,0,0,0,0,0,0,0,0,0,0,0,8,1
8476,1409,第45回全国高等学校選手権大会(個人戦),2023-07-23,D15,D,29,29,59,5,5,1,0,0,3,3,0,0,0,3,0,0,0,0,0,0,0,0,0,0,0,8,1
8477,1409,第45回全国高等学校選手権大会(個人戦),2023-07-23,D16,D,31,31,61,5,5,1,0,0,1,1,0,0,0,1,0,0,0,0,0,0,0,0,0,0,0,8,1
8478,1409,第45回全国高等学校選手権大会(個人戦),2023-07-23,D17,D,30,30,60,5,5,1,0,0,2,2,0,0,0,2,0,0,0,0,0,0,0,0,0,0,0,8,1
8479,1409,第45回全国高等学校選手権大会(個人戦),2023-07-23,D18,D,30,30,60,5,5,1,0,0,2,2,0,0,0,2,0,2,0,0,0,0,0,0,0,0,0,8,1
8480,1409,第45回全国高等学校選手権大会(個人戦),2023-07-23,D19,D,30,30,60,5,5,1,0,0,2,2,0,0,0,2,0,0,0,0,0,0,0,0,0,0,0,8,1
8481,1409,第45回全国高等学校選手権大会(個人戦),2023-07-23,D20,D,29,29,59,5,5,1,0,0,3,3,0,0,0,3,0,0,0,0,0,0,0,0,0,0,0,8,1
8482,1409,第45回全国高等学校選手権大会(個人戦),2023-07-23,D21,D,31,31,61,5,5,1,0,0,1,1,0,0,0,1,0,0,0,0,0,0,0,0,0,0,0,8,1
8483,1409,第45回全国高等学校選手権大会(個人戦),2023-07-23,D22,D,31,31,61,5,5,1,0,0,1,1,0,0,0,1,0,0,0,0,0,0,0,0,0,0,0,8,1
8484,1409,第45回全国高等学校選手権大会(個人戦),2023-07-23,D23,D,31,31,61,5,5,1,0,0,1,1,0,0,0,1,0,0,0,0,0,0,0,0,0,0,0,8,1
8485,1409,第45回全国高等学校選手権大会(個人戦),2023-07-23,D24,D,30,30,60,5,5,1,0,0,2,2,0,0,0,2,0,0,0,0,0,0,0,0,0,0,0,8,1
8486,1409,第45回全国高等学校選手権大会(個人戦),2023-07-23,D25,D,30,30,60,5,5,1,0,0,2,2,0,0,0,2,0,0,0,0,0,0,0,0,0,0,0,8,1
8487,1409,第45回全国高等学校選手権大会(個人戦),2023-07-23,D26,D,30,30,60,5,5,1,0,0,2,2,0,0,0,2,0,0,0,0,0,0,0,0,0,0,0,8,1
8488,1410,第30回全国競技かるた多摩大会(E),2023-07-29,E1,E,31,31,61,5,5,1,0,0,1,1,0,0,0,1,0,0,0,0,0,0,0,0,0,0,0,0,1
8489,1410,第30回全国競技かるた多摩大会(E),2023-07-29,E2,E,29,29,59,5,5,1,0,0,3,3,0,0,0,3,0,0,0,0,0,0,0,0,0,0,0,0,1
8490,1410,第30回全国競技かるた多摩大会(E),2023-07-29,E3,E,29,29,59,5,5,1,0,0,3,3,0,0,0,3,0,0,0,0,0,0,0,0,0,0,0,0,1
8491,1410,第30回全国競技かるた多摩大会(E),2023-07-29,E4,E,29,29,59,5,5,1,0,0,3,3,0,0,0,3,0,0,0,0,0,0,0,0,0,0,0,0,1
8492,1410,第30回全国競技かるた多摩大会(E),2023-07-29,E5,E,32,32,62,5,5,1,0,0,0,0,0,0,0,0,0,0,0,0,0,0,0,0,0,0,0,0,1
8493,1410,第30回全国競技かるた多摩大会(E),2023-07-29,E6,E,32,32,62,5,5,1,0,0,0,0,0,0,0,0,0,0,0,0,0,0,0,0,0,0,0,0,1
8494,1410,第30回全国競技かるた多摩大会(E),2023-07-29,E7,E,31,31,61,5,5,1,0,0,1,1,0,0,0,1,0,0,0,0,0,0,0,0,0,0,0,0,1
8495,1410,第30回全国競技かるた多摩大会(E),2023-07-29,E8,E,30,30,60,5,5,1,0,0,2,2,0,0,0,2,0,0,0,0,0,0,0,0,0,0,0,0,1
8496,1410,第30回全国競技かるた多摩大会(E),2023-07-29,E9,E,32,32,62,5,5,1,0,0,0,0,0,0,0,0,0,0,0,0,0,0,0,0,0,0,0,0,1
8497,1410,第30回全国競技かるた多摩大会(E),2023-07-29,E10,E,31,31,61,5,5,1,0,0,1,1,0,0,0,1,0,0,0,0,0,0,0,0,0,0,0,0,1
8498,1410,第30回全国競技かるた多摩大会(E),2023-07-29,E11,E,31,31,61,5,5,1,0,0,1,1,0,0,0,1,0,0,0,0,0,0,0,0,0,0,0,0,1
8499,1410,第30回全国競技かるた多摩大会(E),2023-07-29,E12,E,31,31,61,5,5,1,0,0,1,1,0,0,0,1,0,0,0,0,0,0,0,0,0,0,0,0,1
8500,1411,"第30回全国競技かるた多摩大会(A,B)",2023-07-30,A1,A,60,60,122,6,6,1,0,0,4,4,0,0,0,6,0,0,0,0,0,0,0,0,0,0,0,60,1
8501,1411,"第30回全国競技かるた多摩大会(A,B)",2023-07-30,A2,A,63,63,125,6,6,1,0,0,1,1,0,0,0,3,0,0,0,0,0,0,0,0,0,0,0,63,1
8502,1411,"第30回全国競技かるた多摩大会(A,B)",2023-07-30,B1,B,51,51,113,6,6,1,0,0,13,13,0,0,0,13,0,0,0,0,0,0,0,0,0,0,0,51,1
8503,1411,"第30回全国競技かるた多摩大会(A,B)",2023-07-30,B2,B,52,52,114,6,6,1,0,0,12,12,0,0,0,12,0,0,0,0,0,0,0,0,0,0,0,52,1
8504,1411,"第30回全国競技かるた多摩大会(A,B)",2023-07-30,B3,B,50,50,112,6,6,1,0,0,14,14,0,0,0,16,0,0,0,0,0,0,0,0,0,0,0,50,1
8505,1412,"第28回人麿の里・全国競技かるた益田大会(C,D,E)",2023-08-05,C,C,30,30,60,5,5,1,0,0,2,2,0,0,0,2,0,0,0,0,0,0,0,0,0,0,0,8,1
8506,1412,"第28回人麿の里・全国競技かるた益田大会(C,D,E)",2023-08-05,D1,D,23,23,53,5,5,1,0,0,9,9,0,0,0,9,0,0,0,0,0,0,0,0,0,0,0,8,1
8507,1412,"第28回人麿の里・全国競技かるた益田大会(C,D,E)",2023-08-05,D2,D,21,21,51,5,5,1,0,0,11,11,0,0,0,11,0,0,0,0,0,0,0,0,0,0,0,8,1
8508,1412,"第28回人麿の里・全国競技かるた益田大会(C,D,E)",2023-08-05,E1,E,11,11,25,4,4,1,0,0,5,5,0,0,0,5,0,0,0,0,0,0,0,0,0,0,0,8,1
8509,1412,"第28回人麿の里・全国競技かるた益田大会(C,D,E)",2023-08-05,E2,E,12,12,26,4,4,1,0,0,4,4,0,0,0,4,0,0,0,0,0,0,0,0,0,0,0,8,1
8510,1413,"第105回全国競技かるた大阪大会(B,C)",2023-08-05,B1,B,54,54,116,6,6,1,0,0,10,10,0,0,0,10,0,0,0,0,0,0,0,0,0,0,0,8,1
8511,1413,"第105回全国競技かるた大阪大会(B,C)",2023-08-05,B2,B,47,47,109,6,6,1,0,0,17,17,0,0,0,17,0,0,0,0,0,0,0,0,0,0,0,8,1
8512,1413,"第105回全国競技かるた大阪大会(B,C)",2023-08-05,B3,B,46,46,108,6,6,1,0,0,18,18,0,0,0,18,0,0,0,0,0,0,0,0,0,0,0,8,1
8513,1413,"第105回全国競技かるた大阪大会(B,C)",2023-08-05,C1,C,37,37,99,6,6,1,0,0,27,27,0,0,0,27,0,0,0,0,0,0,0,0,0,0,0,8,1
8514,1413,"第105回全国競技かるた大阪大会(B,C)",2023-08-05,C2,C,42,42,104,6,6,1,0,0,22,22,0,0,0,22,0,2,0,0,0,0,0,0,0,0,0,8,1
8515,1413,"第105回全国競技かるた大阪大会(B,C)",2023-08-05,C3,C,40,40,102,6,6,1,0,0,24,24,0,0,0,24,0,0,0,0,0,0,0,0,0,0,0,8,1
8516,1414,"第28回人麿の里・全国競技かるた益田大会(A,B)",2023-08-06,A1,A,48,48,110,6,6,1,0,0,16,16,0,0,0,16,0,0,0,0,0,0,0,0,0,0,0,8,1
8517,1414,"第28回人麿の里・全国競技かるた益田大会(A,B)",2023-08-06,A2,A,45,45,107,6,6,1,0,0,19,19,0,0,0,19,0,0,0,0,0,0,0,0,0,0,0,8,1
8518,1414,"第28回人麿の里・全国競技かるた益田大会(A,B)",2023-08-06,B1,B,33,33,95,6,6,1,0,0,31,31,0,0,0,31,0,0,0,0,0,0,0,0,0,0,0,8,1
8519,1414,"第28回人麿の里・全国競技かるた益田大会(A,B)",2023-08-06,B2,B,32,32,62,5,5,1,0,0,0,0,0,0,0,0,0,0,0,0,0,0,0,0,0,0,0,8,1
8520,1415,第3回競技かるた初段認定大垣大会,2023-08-11,E,E,31,31,93,3,3,1,0,0,3,0,0,0,0,3,0,0,0,0,0,0,0,0,0,0,0,0,0
8521,1416,第35回全国中学生選手権大会(個人戦),2023-08-11,A,A,8,8,29,5,5,1,0,19,21,2,0,0,0,2,0,0,0,0,0,0,0,0,0,0,0,6,0
8522,1416,第35回全国中学生選手権大会(個人戦),2023-08-11,B,B,31,31,58,4,4,1,0,25,38,13,0,0,0,13,0,0,0,0,0,0,0,0,0,0,0,3,1
8523,1416,第35回全国中学生選手権大会(個人戦),2023-08-11,C,C,66,66,228,6,6,1,0,112,148,36,0,0,0,36,0,0,0,0,0,0,0,0,0,0,0,32,0
8524,1416,第35回全国中学生選手権大会(個人戦),2023-08-11,D,D,126,126,294,6,6,1,0,144,190,46,0,0,0,46,0,0,0,0,0,0,0,0,0,0,0,21,0
8525,1416,第35回全国中学生選手権大会(個人戦),2023-08-11,E,E,107,107,186,5,5,1,0,100,142,42,0,0,0,42,0,0,0,0,0,0,0,0,0,0,0,6,0
8526,1417,第4回競技かるた初段認定鹿児島大会,2023-08-11,詳　報,,39,39,114,3,3,1,0,0,0,0,0,0,0,0,0,0,0,0,0,0,1,0,0,0,0,0,0
8527,1418,第77回全国競技かるた東京東会大会(E),2023-08-20,E1,E,27,27,57,5,5,1,0,0,5,5,0,0,0,5,0,0,0,0,0,0,0,0,0,0,0,4,1
8528,1418,第77回全国競技かるた東京東会大会(E),2023-08-20,E2,E,30,30,60,5,5,1,0,0,2,2,0,0,0,4,0,0,0,0,0,0,0,0,0,0,0,4,1
8529,1418,第77回全国競技かるた東京東会大会(E),2023-08-20,E3,E,32,32,62,5,5,1,0,0,0,0,0,0,0,0,0,0,0,0,0,0,0,0,0,0,0,4,1
8530,1418,第77回全国競技かるた東京東会大会(E),2023-08-20,E4,E,29,29,59,5,5,1,0,0,3,3,0,0,0,3,0,0,0,0,0,0,0,0,0,0,0,4,1
8531,1418,第77回全国競技かるた東京東会大会(E),2023-08-20,E5,E,25,25,55,5,5,1,0,0,7,7,0,0,0,7,0,0,0,0,0,0,0,0,0,0,0,4,1
8532,1418,第77回全国競技かるた東京東会大会(E),2023-08-20,E6,E,29,29,59,5,5,1,0,0,3,3,0,0,0,3,0,0,0,0,0,0,0,0,0,0,0,4,1
8533,1418,第77回全国競技かるた東京東会大会(E),2023-08-20,E7,E,28,28,58,5,5,1,0,0,4,4,0,0,0,4,0,2,0,0,0,0,0,0,0,0,0,4,1
8534,1418,第77回全国競技かるた東京東会大会(E),2023-08-20,E8,E,30,30,60,5,5,1,0,0,2,2,0,0,0,2,0,0,0,0,0,0,0,0,0,0,0,4,1
8535,1418,第77回全国競技かるた東京東会大会(E),2023-08-20,E9,E,28,28,58,5,5,1,0,0,4,4,0,0,0,4,0,0,0,0,0,0,0,0,0,0,0,4,1
8536,1418,第77回全国競技かるた東京東会大会(E),2023-08-20,E10,E,27,27,57,5,5,1,0,0,5,5,0,0,0,5,0,0,0,0,0,0,0,0,0,0,0,4,1
8537,1418,第77回全国競技かるた東京東会大会(E),2023-08-20,E11,E,28,28,58,5,5,1,0,0,4,4,0,0,0,4,0,0,0,0,0,0,0,0,0,0,0,4,1
8538,1418,第77回全国競技かるた東京東会大会(E),2023-08-20,E12,E,29,29,59,5,5,1,0,0,3,3,0,0,0,3,0,0,0,0,0,0,0,0,0,0,0,4,1
8539,1418,第77回全国競技かるた東京東会大会(E),2023-08-20,E13,E,30,30,60,5,5,1,0,0,2,2,0,0,0,2,0,0,0,0,0,0,0,0,0,0,0,4,1
8540,1418,第77回全国競技かるた東京東会大会(E),2023-08-20,E14,E,29,29,59,5,5,1,0,0,3,3,0,0,0,3,0,0,0,0,0,0,0,0,0,0,0,4,1
8541,1418,第77回全国競技かるた東京東会大会(E),2023-08-20,E15,E,27,27,57,5,5,1,0,0,5,5,0,0,0,5,0,0,0,0,0,0,0,0,0,0,0,4,1
8542,1418,第77回全国競技かるた東京東会大会(E),2023-08-20,E16,E,27,27,57,5,5,1,0,0,5,5,0,0,0,7,0,0,0,0,0,0,0,0,0,0,0,4,1
8543,1418,第77回全国競技かるた東京東会大会(E),2023-08-20,E17,E,27,27,57,5,5,1,0,0,5,5,0,0,0,5,0,0,0,0,0,0,0,0,0,0,0,4,1
8544,1418,第77回全国競技かるた東京東会大会(E),2023-08-20,E18,E,29,29,59,5,5,1,0,0,3,3,0,0,0,5,0,0,0,0,0,0,0,0,0,0,0,4,1
8545,1418,第77回全国競技かるた東京東会大会(E),2023-08-20,E19,E,28,28,58,5,5,1,0,0,4,4,0,0,0,4,0,0,0,0,0,0,0,0,0,0,0,4,1
8546,1418,第77回全国競技かるた東京東会大会(E),2023-08-20,E20,E,27,27,57,5,5,1,0,0,5,5,0,0,0,5,0,0,0,0,0,0,0,0,0,0,0,4,1
8547,1419,"第94回全国競技かるた学生選手権大会(B,C,D,E)",2023-08-26,B1,B,63,63,125,6,6,1,0,0,1,1,0,0,0,1,0,0,0,0,0,0,0,0,0,0,0,0,1
8548,1419,"第94回全国競技かるた学生選手権大会(B,C,D,E)",2023-08-26,B2,B,62,62,124,6,6,1,0,0,2,2,0,0,0,2,0,0,0,0,0,0,0,0,0,0,0,0,1
8549,1419,"第94回全国競技かるた学生選手権大会(B,C,D,E)",2023-08-26,C1,C,61,61,123,6,6,1,0,0,3,3,0,0,0,3,0,0,0,0,0,0,0,0,0,0,0,0,1
8550,1419,"第94回全国競技かるた学生選手権大会(B,C,D,E)",2023-08-26,C2,C,58,58,120,6,6,1,0,0,6,6,0,0,0,6,0,0,0,0,0,0,0,0,0,0,0,0,1
8551,1419,"第94回全国競技かるた学生選手権大会(B,C,D,E)",2023-08-26,D1,D,27,27,30,4,4,1,0,1,1,0,0,0,0,0,0,0,0,1,0,0,11,0,0,0,0,0,1
8552,1419,"第94回全国競技かるた学生選手権大会(B,C,D,E)",2023-08-26,D2,D,26,26,56,5,5,1,0,0,6,6,0,0,0,6,0,0,0,0,0,0,0,0,0,0,0,0,1
8553,1419,"第94回全国競技かるた学生選手権大会(B,C,D,E)",2023-08-26,D3,D,28,28,58,5,5,1,0,0,4,4,0,0,0,4,0,0,0,0,0,0,0,0,0,0,0,0,1
8554,1419,"第94回全国競技かるた学生選手権大会(B,C,D,E)",2023-08-26,D4,D,27,27,57,5,5,1,0,0,5,5,0,0,0,5,0,0,0,0,0,0,0,0,0,0,0,0,1
8555,1419,"第94回全国競技かるた学生選手権大会(B,C,D,E)",2023-08-26,D5,D,27,27,56,5,5,1,0,0,4,4,0,0,0,4,0,0,0,0,0,0,0,0,0,0,0,0,1
8556,1419,"第94回全国競技かるた学生選手権大会(B,C,D,E)",2023-08-26,D6,D,30,30,60,5,5,1,0,0,2,2,0,0,0,2,0,0,0,0,0,0,0,0,0,0,0,0,1
8557,1419,"第94回全国競技かるた学生選手権大会(B,C,D,E)",2023-08-26,D7,D,27,27,57,5,5,1,0,0,5,5,0,0,0,5,0,0,0,0,0,0,0,0,0,0,0,0,1
8558,1419,"第94回全国競技かるた学生選手権大会(B,C,D,E)",2023-08-26,E1,E,31,31,61,5,5,1,0,0,1,1,0,0,0,3,0,2,0,0,0,0,0,0,0,0,0,0,1
8559,1419,"第94回全国競技かるた学生選手権大会(B,C,D,E)",2023-08-26,E2,E,30,30,60,5,5,1,0,0,2,2,0,0,0,2,0,0,0,0,0,0,0,0,0,0,0,0,1
8560,1419,"第94回全国競技かるた学生選手権大会(B,C,D,E)",2023-08-26,E3,E,32,32,62,5,5,1,0,0,0,0,0,0,0,0,0,0,0,0,0,0,0,0,0,0,0,0,1
8561,1419,"第94回全国競技かるた学生選手権大会(B,C,D,E)",2023-08-26,E4,E,32,32,62,5,5,1,0,0,0,0,0,0,0,0,0,0,0,0,0,0,0,0,0,0,0,0,1
8562,1419,"第94回全国競技かるた学生選手権大会(B,C,D,E)",2023-08-26,E5,E,31,31,61,5,5,1,0,0,1,1,0,0,0,5,0,0,0,0,0,0,0,0,0,0,0,0,1
8563,1419,"第94回全国競技かるた学生選手権大会(B,C,D,E)",2023-08-26,E6,E,32,32,62,5,5,1,0,0,0,0,0,0,0,0,0,0,0,0,0,0,0,0,0,0,0,0,1
8564,1419,"第94回全国競技かるた学生選手権大会(B,C,D,E)",2023-08-26,E7,E,32,32,62,5,5,1,0,0,0,0,0,0,0,0,0,0,0,0,0,0,0,0,0,0,0,0,1
8565,1419,"第94回全国競技かるた学生選手権大会(B,C,D,E)",2023-08-26,E8,E,31,31,61,5,5,1,0,0,1,1,0,0,0,1,0,0,0,0,0,0,0,0,0,0,0,0,1
8566,1419,"第94回全国競技かるた学生選手権大会(B,C,D,E)",2023-08-26,E9,E,31,31,61,5,5,1,0,0,1,1,0,0,0,3,0,0,0,0,0,0,0,0,0,0,0,0,1
8567,1420,"第51回全国競技かるた大分大会(A,B)",2023-08-27,A,A,64,64,126,6,6,1,0,0,0,0,0,0,0,0,0,0,0,0,0,0,0,0,0,0,0,8,1
8568,1420,"第51回全国競技かるた大分大会(A,B)",2023-08-27,B1,B,36,36,98,6,6,1,0,0,28,28,0,0,0,28,0,0,0,0,0,0,0,0,0,0,0,8,1
8569,1420,"第51回全国競技かるた大分大会(A,B)",2023-08-27,B2,B,34,34,96,6,6,1,0,0,30,30,0,0,0,30,0,0,0,0,0,0,0,0,0,0,0,8,1
8570,1421,"第32回全国競技かるた奈良大会(C,D,E)",2023-09-02,C1,C,51,51,113,6,6,1,0,0,13,13,0,0,0,13,0,0,0,0,0,0,0,0,0,0,0,4,1
8571,1421,"第32回全国競技かるた奈良大会(C,D,E)",2023-09-02,C2,C,52,52,114,6,6,1,0,0,12,12,0,0,0,12,0,0,0,0,0,0,0,0,0,0,0,4,1
8572,1421,"第32回全国競技かるた奈良大会(C,D,E)",2023-09-02,D1,D,43,43,105,6,6,1,0,0,21,21,0,0,0,21,0,0,0,0,0,0,0,0,0,0,0,4,1
8573,1421,"第32回全国競技かるた奈良大会(C,D,E)",2023-09-02,D2,D,39,39,101,6,6,1,0,0,25,25,0,0,0,25,0,0,0,0,0,0,0,0,0,0,0,4,1
8574,1421,"第32回全国競技かるた奈良大会(C,D,E)",2023-09-02,D3,D,41,41,103,6,6,1,0,0,23,23,0,0,0,23,0,0,0,0,0,0,0,0,0,0,0,4,1
8575,1421,"第32回全国競技かるた奈良大会(C,D,E)",2023-09-02,E1,E,27,27,57,5,5,1,0,0,5,5,0,0,0,5,0,0,0,0,0,0,0,0,0,0,0,4,1
8576,1421,"第32回全国競技かるた奈良大会(C,D,E)",2023-09-02,E2,E,28,28,58,5,5,1,0,0,4,4,0,0,0,4,0,0,0,0,0,0,0,0,0,0,0,4,1
8577,1421,"第32回全国競技かるた奈良大会(C,D,E)",2023-09-02,E3,E,30,30,60,5,5,1,0,0,2,2,0,0,0,2,0,0,0,0,0,0,0,0,0,0,0,4,1
8578,1421,"第32回全国競技かるた奈良大会(C,D,E)",2023-09-02,E4,E,30,30,60,5,5,1,0,0,2,2,0,0,0,2,0,0,0,0,0,0,0,0,0,0,0,4,1
8579,1421,"第32回全国競技かるた奈良大会(C,D,E)",2023-09-02,E5,E,29,29,59,5,5,1,0,0,3,3,0,0,0,3,0,0,0,0,0,0,0,0,0,0,0,4,1
8580,1421,"第32回全国競技かるた奈良大会(C,D,E)",2023-09-02,E6,E,27,27,57,5,5,1,0,0,5,5,0,0,0,5,0,0,0,0,0,0,0,0,0,0,0,4,1
8581,1421,"第32回全国競技かるた奈良大会(C,D,E)",2023-09-02,E7,E,29,29,59,5,5,1,0,0,3,3,0,0,0,3,0,0,0,0,0,0,0,0,0,0,0,4,1
8582,1421,"第32回全国競技かるた奈良大会(C,D,E)",2023-09-02,E8,E,29,29,59,5,5,1,0,0,3,3,0,0,0,3,0,0,0,0,0,0,0,0,0,0,0,4,1
8583,1422,"第76回全国競技かるた福井大会(B,E)",2023-09-03,E,E,54,54,114,5,5,1,0,0,10,10,0,0,0,10,0,0,0,0,0,0,0,0,0,0,0,8,0
8584,1422,"第76回全国競技かるた福井大会(B,E)",2023-09-03,B,B,27,27,57,5,5,1,0,0,5,5,0,0,0,5,0,0,0,0,0,0,0,0,0,0,0,4,1
8585,1423,第5回競技かるた初段認定静岡大会,2023-09-03,詳細,,123,123,339,3,3,1,0,4,7,0,0,0,0,3,0,4,0,0,0,0,10,0,0,0,0,0,0
8586,1424,第3回競技かるた初段認定青森大会,2023-09-03,結果詳細,,17,17,51,3,3,1,0,3,3,0,0,0,0,0,0,3,0,0,0,0,0,0,0,0,0,0,0
8587,1425,第37回全国競技かるたさがみ野大会(A),2023-09-09,A1,A,60,60,122,6,6,1,0,0,4,4,0,0,0,4,0,0,0,0,0,0,0,0,0,0,0,8,1
8588,1425,第37回全国競技かるたさがみ野大会(A),2023-09-09,A2,A,62,62,124,6,6,1,0,0,2,2,0,0,0,2,0,0,0,0,0,0,0,0,0,0,0,8,1
8589,1426,第31回全国競技かるた水沢大会,2023-09-10,A,A,46,46,108,6,6,1,0,0,18,18,0,0,0,18,0,0,0,0,0,0,0,0,0,0,0,7,1
8590,1426,第31回全国競技かるた水沢大会,2023-09-10,B,B,59,59,121,6,6,1,0,0,5,5,0,0,0,5,0,0,0,0,0,0,0,0,0,0,0,8,1
8591,1426,第31回全国競技かるた水沢大会,2023-09-10,C,C,53,53,115,6,6,1,0,0,11,11,0,0,0,11,0,0,0,0,0,0,0,0,0,0,0,8,1
8592,1427,第23回全国競技かるた富山大会,2023-09-17,A,A,113,113,237,6,6,1,0,0,15,15,0,0,0,15,0,0,0,0,0,0,0,0,0,0,0,16,0
8593,1427,第23回全国競技かるた富山大会,2023-09-17,B,B,80,80,204,6,6,1,0,0,48,48,0,0,0,48,0,0,0,0,0,0,0,0,0,0,0,16,0
8594,1427,第23回全国競技かるた富山大会,2023-09-17,C,C,59,59,121,6,6,1,0,0,5,5,0,0,0,7,0,0,0,0,0,0,0,0,0,0,0,4,1
8595,1427,第23回全国競技かるた富山大会,2023-09-17,D,D,40,40,100,5,5,1,0,0,24,24,0,0,0,24,0,0,0,0,0,0,0,0,0,0,0,8,0
8596,1427,第23回全国競技かるた富山大会,2023-09-17,E,E,21,21,49,4,4,1,0,0,11,11,0,0,0,11,0,0,0,0,0,0,0,0,0,0,0,8,0
8597,1428,蓮生記念第10回全国競技かるた宇都宮大会E級,2023-09-23,E1,E,24,24,54,5,5,1,0,0,8,8,0,0,0,8,0,0,0,0,0,0,0,0,0,0,0,4,1
8598,1428,蓮生記念第10回全国競技かるた宇都宮大会E級,2023-09-23,E2,E,27,27,57,5,5,1,0,0,5,5,0,0,0,5,0,0,0,0,0,0,0,0,0,0,0,4,1
8599,1428,蓮生記念第10回全国競技かるた宇都宮大会E級,2023-09-23,E3,E,22,22,52,5,5,1,0,0,10,10,0,0,0,10,0,2,0,0,0,0,0,0,0,0,0,4,1
8600,1428,蓮生記念第10回全国競技かるた宇都宮大会E級,2023-09-23,E4,E,27,27,57,5,5,1,0,0,5,5,0,0,0,5,0,0,0,0,0,0,0,0,0,0,0,4,1
8601,1428,蓮生記念第10回全国競技かるた宇都宮大会E級,2023-09-23,E5,E,26,26,56,5,5,1,0,0,6,6,0,0,0,6,0,0,0,0,0,0,0,0,0,0,0,4,1
8602,1429,第35回全国競技かるた東大阪大会(A),2023-09-24,A,A,62,62,124,6,6,1,0,0,2,2,0,0,0,2,0,0,0,0,0,0,0,0,0,0,0,8,1
8603,1430,第5回全国競技かるた新潟大会,2023-10-08,A,A,59,59,121,6,6,1,0,5,5,0,0,0,0,0,0,5,0,0,0,0,0,0,0,0,0,0,1
8604,1430,第5回全国競技かるた新潟大会,2023-10-08,B,B,91,91,215,6,6,1,0,37,37,0,0,0,0,0,0,37,0,0,0,0,0,0,0,0,0,0,0
8605,1430,第5回全国競技かるた新潟大会,2023-10-08,C,C,74,74,198,6,6,1,0,58,58,0,0,0,0,0,0,58,0,0,0,0,0,0,0,0,0,0,0
8606,1430,第5回全国競技かるた新潟大会,2023-10-08,D,D,58,58,118,5,5,1,0,8,8,0,0,0,0,0,0,8,0,0,0,0,0,0,0,0,0,0,0
8607,1430,第5回全国競技かるた新潟大会,2023-10-08,E,E,62,62,152,5,5,1,0,34,34,0,0,0,0,0,0,36,0,0,0,0,0,0,0,0,0,0,0
8608,1431,東京大学かるた会創立40周年記念全国大会,2023-10-08,A,A,151,151,405,8,8,1,0,0,105,105,0,0,0,107,0,0,0,0,0,0,0,0,0,0,0,8,1
8609,1432,第6回全国競技かるた秋田大会,2023-10-01,A,A,49,49,110,6,6,1,0,0,16,16,0,0,0,16,0,0,0,0,0,0,1,0,0,0,0,8,1
8610,1432,第6回全国競技かるた秋田大会,2023-10-01,B,B,55,55,131,6,6,1,0,0,9,9,0,0,0,9,0,0,12,0,0,0,0,0,0,0,0,8,0
8611,1432,第6回全国競技かるた秋田大会,2023-10-01,C,C,41,41,113,6,6,1,0,0,33,33,0,0,0,43,0,0,10,0,0,0,0,0,0,0,0,8,0
8612,1432,第6回全国競技かるた秋田大会,2023-10-01,D,D,72,72,166,5,5,1,0,0,32,32,0,0,0,36,0,0,4,0,0,0,0,0,0,0,0,24,1
8613,1432,第6回全国競技かるた秋田大会,2023-10-01,E,E,92,92,175,4,4,1,0,0,7,7,0,0,0,7,0,0,0,0,0,0,1,0,0,0,0,24,0
8614,1433,第4回競技かるた初段認定大垣大会,2023-10-08,対戦結果,,16,16,45,3,3,1,0,0,3,3,0,0,0,3,0,0,0,0,0,0,1,0,0,0,0,16,0
8615,1434,第42回全国競技かるた東京吉野会大会(A),2023-10-09,A1,A,64,64,126,6,6,1,0,0,0,0,0,0,0,2,0,0,0,0,0,0,0,0,0,0,0,8,1
8616,1434,第42回全国競技かるた東京吉野会大会(A),2023-10-09,A2,A,64,64,126,6,6,1,0,0,0,0,0,0,0,0,0,0,0,0,0,0,0,0,0,0,0,8,1
8617,1435,第76回全国競技かるた桑名大会,2017-03-20,A,A,114,114,240,7,7,1,0,0,14,14,0,0,0,14,0,0,0,0,0,0,0,0,0,0,0,8,1
8618,1435,第76回全国競技かるた桑名大会,2017-03-20,B1,B,55,55,117,6,6,1,0,0,9,9,0,0,0,11,0,0,0,0,0,0,0,0,0,0,0,8,1
8619,1435,第76回全国競技かるた桑名大会,2017-03-20,B2,B,54,54,116,6,6,1,0,0,10,10,0,0,0,10,0,0,0,0,0,0,0,0,0,0,0,8,1
8620,1435,第76回全国競技かるた桑名大会,2017-03-20,B3,B,52,52,114,6,6,1,0,0,12,12,0,0,0,12,0,0,0,0,0,0,0,0,0,0,0,8,1
8621,1435,第76回全国競技かるた桑名大会,2017-03-20,C1,C,62,62,124,6,6,1,0,0,2,2,0,0,0,2,0,0,0,0,0,0,0,0,0,0,0,8,1
8622,1435,第76回全国競技かるた桑名大会,2017-03-20,C2,C,59,59,121,6,6,1,0,0,5,5,0,0,0,7,0,0,0,0,0,0,0,0,0,0,0,8,1
8623,1435,第76回全国競技かるた桑名大会,2017-03-20,C3,C,63,63,125,6,6,1,0,0,1,1,0,0,0,1,0,0,0,0,0,0,0,0,0,0,0,8,1
8624,1435,第76回全国競技かるた桑名大会,2017-03-20,D1,D,27,27,57,5,5,1,0,0,5,5,0,0,0,5,0,0,0,0,0,0,0,0,0,0,0,8,1
8625,1435,第76回全国競技かるた桑名大会,2017-03-20,D2,D,24,24,54,5,5,1,0,0,8,8,0,0,0,8,0,0,0,0,0,0,0,0,0,0,0,8,1
8626,1435,第76回全国競技かるた桑名大会,2017-03-20,D3,D,28,28,58,5,5,1,0,0,4,4,0,0,0,4,0,0,0,0,0,0,0,0,0,0,0,8,1
8627,1435,第76回全国競技かるた桑名大会,2017-03-20,D4,D,28,28,58,5,5,1,0,0,4,4,0,0,0,4,0,0,0,0,0,0,0,0,0,0,0,8,1
8628,1435,第76回全国競技かるた桑名大会,2017-03-20,D5,D,27,27,57,5,5,1,0,0,5,5,0,0,0,5,0,0,0,0,0,0,0,0,0,0,0,8,1
8629,1435,第76回全国競技かるた桑名大会,2017-03-20,D6,D,24,24,54,5,5,1,0,0,8,8,0,0,0,8,0,0,0,0,0,0,0,0,0,0,0,8,1
8630,1435,第76回全国競技かるた桑名大会,2017-03-20,D7,D,25,25,55,5,5,1,0,2,9,7,0,0,0,7,0,0,0,2,0,0,0,0,0,0,0,8,1
8631,1435,第76回全国競技かるた桑名大会,2017-03-20,E1,E,16,16,30,4,4,1,0,0,0,0,0,0,0,0,0,0,0,0,0,0,0,0,0,0,0,4,1
8632,1435,第76回全国競技かるた桑名大会,2017-03-20,E2,E,14,14,28,4,4,1,0,0,2,2,0,0,0,2,0,0,0,0,0,0,0,0,0,0,0,4,1
8633,1435,第76回全国競技かるた桑名大会,2017-03-20,E3,E,15,15,29,4,4,1,0,0,1,1,0,0,0,1,0,0,0,0,0,0,0,0,0,0,0,4,1
8634,1435,第76回全国競技かるた桑名大会,2017-03-20,E4,E,14,14,28,4,4,1,0,0,2,2,0,0,0,2,0,0,0,0,0,0,0,0,0,0,0,4,1
8635,1435,第76回全国競技かるた桑名大会,2017-03-20,E5,E,16,16,30,4,4,1,0,0,0,0,0,0,0,0,0,0,0,0,0,0,0,0,0,0,0,4,1
8636,1435,第76回全国競技かるた桑名大会,2017-03-20,E6,E,15,15,29,4,4,1,0,0,1,1,0,0,0,1,0,0,0,0,0,0,0,0,0,0,0,4,1
8637,1435,第76回全国競技かるた桑名大会,2017-03-20,E7,E,14,14,28,4,4,1,0,0,2,2,0,0,0,2,0,0,0,0,0,0,0,0,0,0,0,4,1
8638,1435,第76回全国競技かるた桑名大会,2017-03-20,E8,E,15,15,29,4,4,1,0,0,1,1,0,0,0,1,0,0,0,0,0,0,0,0,0,0,0,4,1
8639,1435,第76回全国競技かるた桑名大会,2017-03-20,もみじの部級,,2,2,5,3,3,1,0,2,2,2,0,0,0,0,0,2,0,1,0,1,0,0,0,0,0,2,0
8640,1436,"第38回全国かるたさがみ野大会(B,C)",2024-04-29,B1,B,63,63,125,6,6,1,0,0,1,1,0,0,0,1,0,2,0,0,0,0,0,0,0,0,0,8,1
8641,1436,"第38回全国かるたさがみ野大会(B,C)",2024-04-29,B2,B,63,63,125,6,6,1,0,0,1,1,0,0,0,1,0,0,0,0,0,0,0,0,0,0,0,8,1
8642,1436,"第38回全国かるたさがみ野大会(B,C)",2024-04-29,C1,C,31,31,61,5,5,1,0,0,1,1,0,0,0,1,0,0,0,0,0,0,0,0,0,0,0,4,1
8643,1436,"第38回全国かるたさがみ野大会(B,C)",2024-04-29,C2,C,32,32,62,5,5,1,0,0,0,0,0,0,0,0,0,0,0,0,0,0,0,0,0,0,0,4,1
8644,1436,"第38回全国かるたさがみ野大会(B,C)",2024-04-29,C3,C,32,32,62,5,5,1,0,0,0,0,0,0,0,0,0,0,0,0,0,0,0,0,0,0,0,4,1
8645,1436,"第38回全国かるたさがみ野大会(B,C)",2024-04-29,C4,C,32,32,62,5,5,1,0,0,0,0,0,0,0,0,0,0,0,0,0,0,0,0,0,0,0,4,1
8646,1437,小倉百人一首競技かるた第76回東京東会大会,2023-01-21,A2,A,48,48,110,6,6,1,0,0,16,16,0,0,0,16,0,0,0,0,0,0,0,0,0,0,0,8,1
8647,1437,小倉百人一首競技かるた第76回東京東会大会,2023-01-21,A3,A,49,49,111,6,6,1,0,0,15,15,0,0,0,15,0,0,0,0,0,0,0,0,0,0,0,8,1
8648,1438,第14回神奈川県かるた選手権大会,2011-11-26,対戦結果,,37,37,148,4,4,1,0,132,148,16,0,0,0,16,0,2,0,0,0,0,0,0,0,0,0,0,0
8649,1439,第10回全国競技かるた兵庫大会,2013-06-30,第１０回A12,,78,78,203,7,7,1,0,0,50,50,0,0,0,50,0,0,0,3,0,0,0,0,0,0,0,0,0
8650,1439,第10回全国競技かるた兵庫大会,2013-06-30,B123,B,92,92,218,7,7,1,0,0,36,36,0,0,0,36,0,2,0,6,2,0,0,0,0,0,0,0,0
8651,1439,第10回全国競技かるた兵庫大会,2013-06-30,C12,C,68,68,192,6,6,1,0,0,60,60,0,0,0,60,0,0,0,0,0,0,0,0,0,0,0,0,0
8652,1439,第10回全国競技かるた兵庫大会,2013-06-30,D1234,D,117,117,237,5,5,1,0,0,11,11,0,0,0,11,0,2,0,0,0,0,0,0,0,0,0,0,0
8653,1439,第10回全国競技かるた兵庫大会,2013-06-30,En12345,E,91,91,209,5,5,1,0,0,37,37,0,0,0,37,0,0,0,2,0,0,0,0,0,0,0,0,0
8654,1440,第11回全国競技かるた兵庫大会,2014-04-29,第11AA,,69,69,195,7,7,1,0,14,73,59,0,0,0,59,0,0,0,0,0,0,0,0,0,0,0,0,1
8655,1440,第11回全国競技かるた兵庫大会,2014-04-29,BB,B,97,97,223,7,7,1,0,15,46,31,0,0,0,31,0,0,0,3,0,0,0,0,0,0,0,0,1
8656,1440,第11回全国競技かるた兵庫大会,2014-04-29,C1.C2.,C,82,82,206,6,6,1,0,12,58,46,0,0,0,46,0,0,0,2,0,0,0,0,0,0,0,0,0
8657,1440,第11回全国競技かるた兵庫大会,2014-04-29,D1～6,D,167,167,347,5,5,1,0,0,25,25,0,0,0,25,0,0,0,0,0,0,0,0,0,0,0,0,0
8658,1440,第11回全国競技かるた兵庫大会,2014-04-29,E1.23.45.,E,110,110,245,5,5,1,0,6,52,46,0,0,0,46,0,3,0,17,0,0,0,0,0,0,0,0,0
8659,1441,第12回全国競技かるた兵庫大会,2015-04-29,AA,A,70,70,196,7,7,1,0,0,58,58,0,0,0,58,0,0,0,0,0,0,0,0,0,0,0,0,1
8660,1441,第12回全国競技かるた兵庫大会,2015-04-29,BB,B,109,109,235,7,7,1,0,2,21,19,0,0,0,19,0,0,0,2,0,0,0,0,0,0,0,0,1
8661,1441,第12回全国競技かるた兵庫大会,2015-04-29,CC,C,61,61,181,7,9,1,0,67,76,17,0,0,0,9,0,52,0,1,0,1,0,0,0,0,0,0,0
8662,1441,第12回全国競技かるた兵庫大会,2015-04-29,DDD,D,80,80,342,7,8,1,0,143,194,91,0,0,0,51,0,2,0,42,28,1,0,0,0,0,0,0,0
8663,1441,第12回全国競技かるた兵庫大会,2015-04-29,EE,E,70,70,156,5,5,1,0,0,26,26,0,0,0,26,0,0,0,0,0,0,0,0,0,0,0,0,0
8664,1442,第13回全国競技かるた兵庫大会,2016-04-29,A,A,70,70,196,7,7,1,0,30,88,58,0,0,0,58,0,0,0,0,0,0,0,0,0,0,0,0,1
8665,1442,第13回全国競技かるた兵庫大会,2016-04-29,B 1～2,B,102,102,389,7,7,1,0,109,227,127,0,0,0,118,0,26,0,30,0,2,0,0,0,0,0,0,0
8666,1442,第13回全国競技かるた兵庫大会,2016-04-29,C 1～3,C,162,162,348,6,6,1,0,43,73,30,0,0,0,30,0,0,0,1,0,0,0,0,0,0,0,0,0
8667,1442,第13回全国競技かるた兵庫大会,2016-04-29,D　1～2,D,112,112,235,6,6,1,0,28,44,16,0,0,0,16,0,0,0,1,0,0,0,0,0,0,0,0,0
8668,1442,第13回全国競技かるた兵庫大会,2016-04-29,D　3～4,D,110,110,234,6,6,1,0,29,47,18,0,0,0,18,0,1,0,1,0,0,0,0,0,0,0,0,0
8669,1443,ミュンヘン競技かるた大会,,結果 Result,,25,25,119,5,5,1,0,1,4,3,0,0,0,3,0,0,0,1,4,0,0,0,0,0,0,0,0
8670,1444,第1回競技かるた初段認定東京都高等学校大会,2021-12-28,ＩＤ順,,137,137,411,3,3,1,0,1,3,2,0,0,0,2,0,11,0,0,0,0,0,0,0,0,0,0,0
8671,1445,第3回競技かるた初段認定東京都高等学校大会,2023-11-03,ID順,,114,114,339,3,3,1,0,0,3,3,0,0,0,3,0,0,0,2,0,0,0,0,0,0,0,0,0
8672,1446,第4回全国競技かるた札幌大会,2023-11-26,A級,A,53,53,115,6,6,1,0,0,11,11,0,0,0,11,0,2,0,0,0,0,0,0,0,0,0,0,1
8673,1446,第4回全国競技かるた札幌大会,2023-11-26,B級,B,39,39,101,6,6,1,0,0,25,25,0,0,0,25,0,0,0,0,0,0,0,0,0,0,0,0,1
8674,1446,第4回全国競技かるた札幌大会,2023-11-26,C級,C,24,24,54,5,5,1,0,0,8,8,0,0,0,8,0,2,0,0,0,0,0,0,0,0,0,0,1
8675,1446,第4回全国競技かるた札幌大会,2023-11-26,D級,D,26,26,56,5,5,1,0,0,6,6,0,0,0,6,0,0,0,0,0,0,0,0,0,0,0,0,1
8676,1446,第4回全国競技かるた札幌大会,2023-11-26,E級,E,39,39,101,6,6,1,0,0,25,25,0,0,0,25,0,0,0,0,0,0,0,0,0,0,0,0,1
8677,1447,第12回全国競技かるた大垣大会,2024-05-04,A級,A,149,149,335,6,6,1,0,292,335,43,0,0,0,43,0,1,0,0,0,0,0,0,0,0,0,0,0
8678,1447,第12回全国競技かるた大垣大会,2024-05-04,B級,B,179,179,365,6,6,1,0,352,365,13,0,0,0,13,0,0,0,0,0,0,0,0,0,0,0,0,0
8679,1447,第12回全国競技かるた大垣大会,2024-05-04,C級,C,191,191,400,5,5,1,0,367,400,33,0,0,0,33,0,2,0,0,0,0,0,0,0,0,0,0,0
8680,1447,第12回全国競技かるた大垣大会,2024-05-04,D級,D,127,127,277,5,5,1,0,244,277,33,0,0,0,33,0,2,0,0,0,0,0,0,0,0,0,0,0
8681,1447,第12回全国競技かるた大垣大会,2024-05-04,E級,E,91,91,174,4,4,1,0,170,174,4,0,0,0,4,0,0,0,0,0,0,0,0,0,0,0,0,0
8682,1448,第83回全国競技かるた北國大会,2024-10-05,A級,A,65,65,189,6,6,1,0,0,63,63,0,0,0,63,0,0,0,0,0,0,0,0,0,0,0,0,0
8683,1448,第83回全国競技かるた北國大会,2024-10-05,B級,B,56,56,118,6,6,1,0,0,8,8,0,0,0,8,0,0,0,0,0,0,0,0,0,0,0,0,1
8684,1448,第83回全国競技かるた北國大会,2024-10-05,C級,C,48,48,108,5,5,1,0,0,16,16,0,0,0,16,0,0,0,0,0,0,0,0,0,0,0,0,0
8685,1448,第83回全国競技かるた北國大会,2024-10-05,D級,D,45,45,105,5,5,1,0,0,19,19,0,0,0,19,0,0,0,0,0,0,0,0,0,0,0,0,0
8686,1448,第83回全国競技かるた北國大会,2024-10-05,E級,E,77,77,147,4,4,1,0,0,4,4,0,0,0,4,0,2,0,1,0,0,0,0,0,0,0,0,0
8687,1449,第5回全国競技かるた札幌大会,2024-11-03,A級,A,39,39,101,6,6,1,0,0,25,25,0,0,0,25,0,0,0,0,0,0,0,0,0,0,0,0,1
8688,1449,第5回全国競技かるた札幌大会,2024-11-03,B級,B,46,46,108,6,6,1,0,0,18,18,0,0,0,18,0,0,0,0,0,0,0,0,0,0,0,0,1
8689,1449,第5回全国競技かるた札幌大会,2024-11-03,C級,C,34,34,96,6,6,1,0,0,30,30,0,0,0,30,0,0,0,0,0,0,0,0,0,0,0,0,1
8690,1449,第5回全国競技かるた札幌大会,2024-11-03,D級,D,32,32,62,5,5,1,0,0,0,0,0,0,0,0,0,0,0,0,0,0,0,0,0,0,0,0,1
8691,1449,第5回全国競技かるた札幌大会,2024-11-03,E級,E,56,56,118,6,6,1,0,0,8,8,0,0,0,8,0,6,0,0,0,0,0,0,0,0,0,0,1
8692,1450,第13回奥の細道むすびの地全国競技かるた大垣大会,2025-05-03,A級,A,151,151,337,6,6,1,0,296,337,41,0,0,0,41,0,0,0,0,0,0,0,0,0,0,0,0,0
8693,1450,第13回奥の細道むすびの地全国競技かるた大垣大会,2025-05-03,B級,B,205,205,453,6,6,1,0,401,453,52,0,0,0,52,0,2,0,0,0,0,0,0,0,0,0,0,0
8694,1450,第13回奥の細道むすびの地全国競技かるた大垣大会,2025-05-03,C級,C,205,205,415,5,5,1,0,396,415,19,0,0,0,19,0,0,0,0,0,0,0,0,0,0,0,0,0
8695,1450,第13回奥の細道むすびの地全国競技かるた大垣大会,2025-05-03,D級,D,208,208,418,5,5,1,0,402,418,16,0,0,0,16,0,0,0,0,0,0,0,0,0,0,0,0,0
8696,1450,第13回奥の細道むすびの地全国競技かるた大垣大会,2025-05-03,E級,E,115,115,227,4,4,1,0,214,227,13,0,0,0,13,0,0,0,0,0,0,0,0,0,0,0,0,0
8697,1451,第1回競技かるた初段認定佐賀大会,2022-03-19,詳細,,21,21,63,3,3,1,0,1,4,3,0,0,0,3,0,0,0,1,0,0,0,0,0,0,0,0,0
8698,1452,第1回競技かるた初段認定福井大会,2022-03-20,詳細,,11,11,33,3,3,1,0,0,3,3,0,0,0,3,0,0,0,0,0,0,0,0,0,0,0,0,0
8699,1453,第3回全国競技かるた初段認定鹿児島大会,2022-08-11,詳細,,40,40,120,3,3,1,0,1,2,1,0,0,0,1,0,1,0,0,0,0,0,0,0,0,0,0,0
8700,1454,第22回多摩百人一首かるた大会,,F級,,47,47,186,4,4,1,0,0,2,2,0,0,0,2,0,0,0,0,0,0,0,0,0,0,0,4,0
8701,1454,第22回多摩百人一首かるた大会,,シニア,,4,4,12,3,3,1,0,0,0,0,0,0,0,0,0,0,0,0,0,0,0,0,0,0,0,4,0
8702,1456,第22回多摩百人一首かるた大会 初心者の部(八王子市大会),2014-10-12,F級,,47,47,186,4,4,1,0,0,2,2,0,0,0,2,0,0,0,0,0,0,0,0,0,0,0,4,0
8704,1458,第79回全国競技かるた北國大会,2017-10-08,A級,A,64,64,153,5,5,1,0,65,96,93,0,0,0,31,0,64,0,53,0,0,0,0,0,0,0,0,0
8705,1458,第79回全国競技かるた北國大会,2017-10-08,Ａ級,,454,454,1012,6,6,1,0,463,585,575,0,0,0,124,0,453,0,407,0,0,0,0,0,0,0,0,0
8706,1459,第20回埼玉県百人一首大会,2011-09-23,A級,A,196,196,392,9,9,1,0,364,364,0,0,0,0,0,0,0,0,22,0,0,0,0,0,0,0,0,0
8707,1459,第20回埼玉県百人一首大会,2011-09-23,入門級-1,,19,19,31,4,4,1,0,31,31,0,0,0,0,0,0,0,0,0,0,0,0,0,0,0,0,0,0
8708,1459,第20回埼玉県百人一首大会,2011-09-23,入門級-2,,23,23,34,4,4,1,0,30,30,0,0,0,0,0,0,0,0,2,0,0,0,0,0,0,0,0,0
8709,1459,第20回埼玉県百人一首大会,2011-09-23,入門級-3,,22,22,28,4,4,1,0,28,28,0,0,0,0,0,0,0,0,0,0,0,0,0,0,0,0,0,0
8710,1460,第24回埼玉県百人一首大会,2015-09-23,C 級,C,174,174,346,6,6,1,0,14,14,14,0,0,0,0,0,0,0,104,8,0,0,0,0,0,0,0,2
8711,1460,第24回埼玉県百人一首大会,2015-09-23,入門級（一般,,52,52,104,6,6,1,0,4,4,3,0,0,0,0,0,0,0,32,0,0,0,0,0,0,0,0,0
8712,1460,第24回埼玉県百人一首大会,2015-09-23,入門級（戸田,,10,10,20,4,4,1,0,1,1,1,0,0,0,0,0,0,0,5,0,0,0,0,0,0,0,0,0
8713,1461,第32回埼玉県百人一首大会,2014-09-23,C 級,C,158,158,370,10,10,1,0,72,72,17,0,0,0,0,0,0,0,110,4,0,0,0,0,0,0,0,0
8714,1461,第32回埼玉県百人一首大会,2014-09-23,入門級（一般,,30,30,68,11,11,1,0,16,16,6,0,0,0,0,0,0,0,18,0,0,0,0,0,0,0,0,0
8715,1461,第32回埼玉県百人一首大会,2014-09-23,入門級（戸田,,14,14,30,6,6,1,0,4,4,0,0,0,0,0,0,0,0,4,0,0,0,0,0,0,0,0,0
8716,1462,第48回太宰府小倉百人一首競技かるた大会,2018-01-21,A級,A,177,177,431,7,7,1,0,86,86,8,0,0,0,0,0,422,0,29,0,0,0,0,0,0,0,0,0
8717,1462,第48回太宰府小倉百人一首競技かるた大会,2018-01-21,A級_2,A,43,43,113,13,13,1,0,55,55,24,0,0,0,0,0,94,0,46,0,0,0,0,0,0,0,0,0
8718,1462,第48回太宰府小倉百人一首競技かるた大会,2018-01-21,A級_3,A,108,108,239,6,6,1,0,21,21,4,0,0,0,0,0,230,0,26,0,0,0,0,0,0,0,0,0
8719,1462,第48回太宰府小倉百人一首競技かるた大会,2018-01-21,A級_4,A,165,165,369,10,10,1,0,88,88,41,0,0,0,0,0,349,0,89,0,0,0,0,0,0,0,0,0
8720,1463,第2回全国競技かるた山梨大会,2024-06-02,A級,A,68,68,169,7,7,1,0,41,42,19,0,0,0,2,0,153,0,51,0,0,0,0,0,0,0,0,0
8721,1464,第1回全国競技かるた札幌大会,2017-09-17,A級,A,33,33,100,13,13,1,0,13,39,26,0,0,0,26,0,0,0,11,0,0,0,0,0,0,0,0,0
8722,1464,第1回全国競技かるた札幌大会,2017-09-17,B級,B,47,47,119,11,11,1,0,23,30,7,0,0,0,7,0,0,0,19,0,0,0,0,0,0,0,0,0
8723,1464,第1回全国競技かるた札幌大会,2017-09-17,C級,C,37,37,101,12,12,1,0,23,42,19,0,0,0,19,0,0,0,17,0,0,0,0,0,0,0,0,0
8724,1464,第1回全国競技かるた札幌大会,2017-09-17,D級,D,53,53,117,9,9,1,0,18,21,16,0,0,0,3,0,0,0,24,0,0,0,0,0,0,0,0,0
8725,1464,第1回全国競技かるた札幌大会,2017-09-17,E級,E,26,26,54,9,9,1,0,8,10,7,0,0,0,2,0,0,0,6,0,0,0,0,0,0,0,0,0
8726,1465,第2回全国競技かるた札幌大会,2018-11-24,C級,C,14,14,30,7,7,1,0,4,4,0,0,0,0,2,0,0,0,4,0,0,0,0,0,0,0,0,0
8727,1465,第2回全国競技かるた札幌大会,2018-11-24,D級,D,14,14,30,7,7,1,0,5,5,5,0,0,0,0,0,0,0,5,0,0,0,0,0,0,0,0,0
8728,1465,第2回全国競技かるた札幌大会,2018-11-24,E級,E,15,15,49,6,6,1,0,5,18,13,0,0,0,13,0,4,0,3,0,0,0,0,0,0,0,0,0
8729,1465,第2回全国競技かるた札幌大会,2018-11-24,A級,A,23,23,53,5,5,1,0,0,9,9,0,0,0,9,0,0,0,0,0,0,0,0,0,0,0,0,1
8730,1465,第2回全国競技かるた札幌大会,2018-11-24,B級,B,19,19,50,6,6,1,0,2,14,12,0,0,0,12,0,0,0,2,0,0,0,0,0,0,0,0,0
8731,1466,第6回全国競技かるた札幌大会,2025-10-19,D級,D,20,20,52,6,6,1,0,4,14,14,0,0,0,10,0,0,0,8,0,0,0,0,0,0,0,0,0
8732,1466,第6回全国競技かるた札幌大会,2025-10-19,E1級,E,36,36,98,6,6,1,0,0,28,28,0,0,0,28,0,0,0,0,0,0,0,0,0,0,0,0,1
8733,1466,第6回全国競技かるた札幌大会,2025-10-19,E2級,E,34,34,97,10,10,1,0,5,34,34,0,0,0,29,0,0,0,7,0,0,0,0,0,0,0,0,0
8734,1466,第6回全国競技かるた札幌大会,2025-10-19,A級,A,28,28,60,5,5,1,0,2,4,4,0,0,0,2,0,0,0,12,0,0,0,0,0,0,0,0,0
8735,1466,第6回全国競技かるた札幌大会,2025-10-19,B級,B,38,38,102,6,6,1,0,3,27,25,0,0,0,24,0,0,0,5,0,0,0,0,0,0,0,0,0
8736,1466,第6回全国競技かるた札幌大会,2025-10-19,C級,C,26,26,54,5,5,1,0,6,10,10,0,0,0,5,0,0,0,8,0,0,0,0,0,0,0,0,0
8737,1467,第4回白瀧杯女流かるた高校選手権大会,2016-08-21,A級,A,26,26,63,6,6,1,0,12,12,4,0,0,0,0,0,56,0,17,0,0,0,0,0,0,0,0,0
8738,1468,第5回白瀧杯女流かるた高校選手権大会,2017-08-20,A級,A,30,30,64,5,5,1,0,4,4,4,0,0,0,0,0,52,0,20,4,0,0,0,0,0,0,0,0
8823,1495,第1回競技かるた初段認定沖縄大会,2022-02-27,A級,A,30,30,90,3,3,1,0,31,31,30,0,0,0,0,0,5,0,1,26,0,0,0,0,0,0,0,0
8850,1501,第2回競技かるた初段認定沖縄大会,2023-06-02,A級,A,55,55,165,3,3,1,0,9,14,9,0,0,0,5,0,0,0,3,0,0,0,0,0,0,0,27,0
8851,1502,第5回競技かるた初段認定山口大会,2024-03-10,A級,A,16,16,48,3,3,1,0,45,48,3,0,0,0,3,0,0,0,0,0,0,0,0,0,0,0,8,0
8852,1503,第3回競技かるた初段認定山口大会,2023-03-05,A級,A,38,38,114,3,3,1,0,112,114,9,0,0,0,2,0,39,0,0,0,0,0,0,0,0,0,19,0
8853,1504,第2回競技かるた初段認定茨城大会,2022-11-13,A級,A,66,66,199,4,4,1,0,15,17,12,0,0,0,2,0,62,0,38,0,0,0,0,0,0,0,0,0
8854,1505,第1回競技かるた初段認定長野大会,2022-03-13,初段認定,,48,48,116,3,3,1,0,24,24,22,0,0,0,0,0,0,0,28,0,0,0,0,0,0,0,0,0
8855,1506,第1回競技かるた初段認定台湾大会,2023-12-09,初段認定,,16,16,48,3,3,1,0,0,0,0,0,0,0,0,0,2,0,0,0,0,0,0,0,0,0,8,0
8866,1512,第3回競技かるた初段認定徳島大会,2023-06-04,対戦結果,,49,49,147,3,3,1,0,0,3,3,0,0,0,3,0,0,0,0,0,0,0,0,0,0,0,25,0
8868,1143,"第41回全国競技かるた熊本大会(C,D)",2025-10-19,Ｄ級,D,93,93,183,5,5,1,0,0,3,3,0,0,0,5,0,0,0,0,0,0,0,0,0,0,0,0,0
